// GENERATED by make_icon_header.sh from ../namebreak-cuda.png - do not edit.
//
// Embedded application icon for gui_win32.cpp (window, taskbar and tray
// icons): a crop of the fish's head (eye, goggle lens and a few teeth - the
// part that still reads at small sizes), pre-rendered at each size Windows may
// ask for as a 24-bit bottom-up BMP with its BITMAPFILEHEADER. Embedded as
// bytes (no .rc / resource compiler, no image-decoder dependency); the GUI
// picks the smallest one that is at least as large as the size requested.
#ifndef NAMEBREAK_CUDA_ICON_BMP_H
#define NAMEBREAK_CUDA_ICON_BMP_H

static const unsigned char kIconBmp16[] = {
  0x42, 0x4d, 0x36, 0x03, 0x00, 0x00, 0x00, 0x00, 0x00, 0x00, 0x36, 0x00,
  0x00, 0x00, 0x28, 0x00, 0x00, 0x00, 0x10, 0x00, 0x00, 0x00, 0x10, 0x00,
  0x00, 0x00, 0x01, 0x00, 0x18, 0x00, 0x00, 0x00, 0x00, 0x00, 0x00, 0x03,
  0x00, 0x00, 0x00, 0x00, 0x00, 0x00, 0x00, 0x00, 0x00, 0x00, 0x00, 0x00,
  0x00, 0x00, 0x00, 0x00, 0x00, 0x00, 0x00, 0x0f, 0x25, 0x00, 0x12, 0x27,
  0x01, 0x14, 0x28, 0x02, 0x1d, 0x39, 0x01, 0x17, 0x2e, 0x02, 0x23, 0x45,
  0x01, 0x1e, 0x3b, 0x09, 0x51, 0x98, 0x0a, 0x51, 0x96, 0x09, 0x50, 0x96,
  0x0c, 0x5a, 0xa5, 0x0e, 0x5d, 0xa8, 0x0e, 0x5b, 0xa3, 0x0d, 0x59, 0xa0,
  0x0c, 0x58, 0xa1, 0x0d, 0x59, 0xa1, 0x02, 0x13, 0x22, 0x02, 0x14, 0x24,
  0x02, 0x10, 0x1d, 0x02, 0x0d, 0x18, 0x01, 0x0a, 0x13, 0x01, 0x07, 0x0e,
  0x01, 0x0e, 0x1b, 0x00, 0x07, 0x10, 0x00, 0x05, 0x0b, 0x00, 0x0b, 0x1a,
  0x00, 0x0e, 0x22, 0x00, 0x1f, 0x3e, 0x01, 0x27, 0x4e, 0x00, 0x2d, 0x5b,
  0x01, 0x3b, 0x75, 0x08, 0x49, 0x89, 0x01, 0x19, 0x31, 0x01, 0x1c, 0x38,
  0x00, 0x12, 0x2c, 0x00, 0x21, 0x47, 0x04, 0x2e, 0x58, 0x03, 0x24, 0x44,
  0x01, 0x1a, 0x34, 0x00, 0x19, 0x35, 0x00, 0x1f, 0x3e, 0x00, 0x1f, 0x43,
  0x01, 0x21, 0x42, 0x00, 0x17, 0x2f, 0x05, 0x1e, 0x35, 0x0d, 0x22, 0x30,
  0x14, 0x31, 0x45, 0x05, 0x1a, 0x2c, 0x02, 0x1a, 0x2f, 0x01, 0x1d, 0x39,
  0x00, 0x20, 0x4a, 0x00, 0x1c, 0x3e, 0x02, 0x28, 0x4f, 0x0a, 0x3c, 0x6e,
  0x0c, 0x42, 0x76, 0x06, 0x3b, 0x71, 0x0f, 0x3e, 0x6a, 0x14, 0x41, 0x67,
  0x14, 0x43, 0x6b, 0x15, 0x40, 0x65, 0x0d, 0x37, 0x5e, 0x0c, 0x35, 0x5c,
  0x0e, 0x32, 0x52, 0x00, 0x1a, 0x35, 0x11, 0x2e, 0x42, 0x01, 0x1a, 0x38,
  0x00, 0x15, 0x2d, 0x00, 0x28, 0x56, 0x00, 0x24, 0x50, 0x01, 0x12, 0x22,
  0x00, 0x20, 0x44, 0x06, 0x2f, 0x57, 0x0b, 0x2f, 0x4f, 0x0a, 0x30, 0x54,
  0x06, 0x27, 0x47, 0x00, 0x18, 0x33, 0x00, 0x00, 0x00, 0x00, 0x02, 0x0d,
  0x00, 0x0e, 0x23, 0x04, 0x27, 0x4a, 0x08, 0x10, 0x0c, 0x00, 0x0f, 0x25,
  0x01, 0x1d, 0x3d, 0x09, 0x16, 0x1a, 0x00, 0x3c, 0x7c, 0x00, 0x25, 0x4d,
  0x03, 0x00, 0x00, 0x00, 0x00, 0x02, 0x00, 0x00, 0x00, 0x00, 0x00, 0x00,
  0x02, 0x00, 0x00, 0x00, 0x09, 0x12, 0x0a, 0x4f, 0x90, 0x11, 0x64, 0xb0,
  0x10, 0x5c, 0xa2, 0x10, 0x65, 0xb2, 0x00, 0x25, 0x54, 0x00, 0x2a, 0x5c,
  0x00, 0x1e, 0x4a, 0x06, 0x07, 0x00, 0x05, 0x0d, 0x10, 0x00, 0x26, 0x53,
  0x00, 0x15, 0x2e, 0x01, 0x09, 0x12, 0x00, 0x11, 0x27, 0x00, 0x21, 0x52,
  0x00, 0x1d, 0x45, 0x00, 0x00, 0x00, 0x02, 0x2e, 0x56, 0x13, 0x6f, 0xc2,
  0x15, 0x74, 0xc8, 0x14, 0x68, 0xb2, 0x00, 0x10, 0x23, 0x00, 0x20, 0x3f,
  0x00, 0x34, 0x71, 0x00, 0x21, 0x4a, 0x01, 0x18, 0x33, 0x01, 0x03, 0x08,
  0x00, 0x16, 0x30, 0x00, 0x11, 0x2a, 0x00, 0x2b, 0x61, 0x02, 0x22, 0x47,
  0x00, 0x3a, 0x77, 0x02, 0x52, 0x9b, 0x00, 0x00, 0x00, 0x00, 0x00, 0x02,
  0x07, 0x35, 0x60, 0x15, 0x63, 0xa8, 0x14, 0x3d, 0x5d, 0x1a, 0x3d, 0x53,
  0x00, 0x20, 0x41, 0x00, 0x37, 0x6f, 0x02, 0x1e, 0x3a, 0x00, 0x20, 0x45,
  0x00, 0x10, 0x28, 0x00, 0x25, 0x56, 0x07, 0x1c, 0x30, 0x12, 0x1d, 0x17,
  0x1f, 0x4d, 0x6d, 0x0e, 0x71, 0xc4, 0x00, 0x3a, 0x71, 0x07, 0x11, 0x16,
  0x00, 0x0e, 0x20, 0x00, 0x00, 0x06, 0x19, 0x43, 0x64, 0x12, 0x33, 0x4d,
  0x0a, 0x24, 0x36, 0x01, 0x1e, 0x3e, 0x00, 0x15, 0x2b, 0x00, 0x0f, 0x22,
  0x00, 0x1f, 0x4b, 0x00, 0x27, 0x57, 0x0a, 0x09, 0x00, 0x0e, 0x1f, 0x29,
  0x18, 0x37, 0x49, 0x04, 0x2f, 0x5a, 0x00, 0x3c, 0x7f, 0x09, 0x21, 0x33,
  0x1e, 0x5a, 0x8a, 0x17, 0x45, 0x6a, 0x11, 0x35, 0x51, 0x00, 0x09, 0x1a,
  0x00, 0x1e, 0x44, 0x01, 0x0e, 0x1a, 0x00, 0x15, 0x34, 0x00, 0x1f, 0x3d,
  0x00, 0x26, 0x59, 0x00, 0x1e, 0x49, 0x06, 0x00, 0x00, 0x04, 0x0b, 0x10,
  0x10, 0x23, 0x2b, 0x02, 0x17, 0x2c, 0x00, 0x22, 0x59, 0x00, 0x0b, 0x16,
  0x13, 0x30, 0x42, 0x0f, 0x23, 0x2f, 0x0c, 0x26, 0x37, 0x00, 0x15, 0x32,
  0x0d, 0x49, 0x82, 0x05, 0x15, 0x20, 0x00, 0x23, 0x52, 0x00, 0x36, 0x6f,
  0x00, 0x38, 0x7c, 0x00, 0x16, 0x40, 0x1c, 0x30, 0x32, 0x13, 0x2f, 0x45,
  0x02, 0x04, 0x00, 0x03, 0x14, 0x23, 0x00, 0x1a, 0x48, 0x01, 0x00, 0x00,
  0x02, 0x1a, 0x2f, 0x09, 0x3f, 0x74, 0x07, 0x11, 0x12, 0x05, 0x17, 0x23,
  0x05, 0x2b, 0x4e, 0x00, 0x1f, 0x4a, 0x1a, 0x3c, 0x4e, 0x10, 0x45, 0x84,
  0x00, 0x6b, 0xcd, 0x00, 0x3a, 0x78, 0x1f, 0x21, 0x12, 0x1e, 0x40, 0x56,
  0x04, 0x03, 0x00, 0x01, 0x0f, 0x20, 0x00, 0x08, 0x20, 0x13, 0x60, 0xa3,
  0x12, 0x6d, 0xc1, 0x10, 0x67, 0xb6, 0x00, 0x0d, 0x22, 0x04, 0x03, 0x00,
  0x01, 0x19, 0x34, 0x00, 0x19, 0x4b, 0x1c, 0x3c, 0x4b, 0x24, 0x50, 0x78,
  0x00, 0x65, 0xc3, 0x1f, 0x9d, 0xf8, 0x00, 0x03, 0x1d, 0x0b, 0x00, 0x00,
  0x06, 0x14, 0x1b, 0x00, 0x00, 0x00, 0x02, 0x32, 0x64, 0x19, 0x7c, 0xd0,
  0x11, 0x5d, 0xa2, 0x0b, 0x4b, 0x88, 0x00, 0x33, 0x6a, 0x00, 0x35, 0x70,
  0x00, 0x24, 0x4c, 0x00, 0x23, 0x4b, 0x00, 0x15, 0x3b, 0x05, 0x08, 0x04,
  0x00, 0x27, 0x57, 0x03, 0x57, 0xa6, 0x01, 0x53, 0x9d, 0x00, 0x00, 0x0f,
  0x00, 0x00, 0x00, 0x02, 0x2a, 0x51, 0x13, 0x6b, 0xb9, 0x0f, 0x59, 0x9c,
  0x0e, 0x59, 0x9f, 0x0b, 0x57, 0xa0, 0x06, 0x0b, 0x08, 0x05, 0x15, 0x21,
  0x01, 0x2f, 0x5c, 0x00, 0x27, 0x57, 0x08, 0x47, 0x81, 0x01, 0x30, 0x5e,
  0x00, 0x12, 0x34, 0x00, 0x00, 0x15, 0x08, 0x43, 0x7b, 0x13, 0x68, 0xb2,
  0x13, 0x63, 0xaa, 0x16, 0x6d, 0xb9, 0x0d, 0x58, 0x9f, 0x06, 0x3e, 0x74,
  0x05, 0x41, 0x7d, 0x05, 0x41, 0x7d
};

static const unsigned char kIconBmp24[] = {
  0x42, 0x4d, 0xf6, 0x06, 0x00, 0x00, 0x00, 0x00, 0x00, 0x00, 0x36, 0x00,
  0x00, 0x00, 0x28, 0x00, 0x00, 0x00, 0x18, 0x00, 0x00, 0x00, 0x18, 0x00,
  0x00, 0x00, 0x01, 0x00, 0x18, 0x00, 0x00, 0x00, 0x00, 0x00, 0xc0, 0x06,
  0x00, 0x00, 0x00, 0x00, 0x00, 0x00, 0x00, 0x00, 0x00, 0x00, 0x00, 0x00,
  0x00, 0x00, 0x00, 0x00, 0x00, 0x00, 0x02, 0x30, 0x61, 0x02, 0x38, 0x6f,
  0x00, 0x04, 0x0f, 0x01, 0x13, 0x29, 0x00, 0x07, 0x13, 0x07, 0x58, 0xa7,
  0x01, 0x2a, 0x55, 0x00, 0x0b, 0x21, 0x09, 0x52, 0x9a, 0x08, 0x48, 0x86,
  0x0b, 0x50, 0x92, 0x00, 0x19, 0x35, 0x01, 0x29, 0x52, 0x0a, 0x54, 0x9b,
  0x07, 0x42, 0x7d, 0x05, 0x3d, 0x75, 0x07, 0x49, 0x89, 0x05, 0x46, 0x88,
  0x04, 0x3f, 0x7c, 0x03, 0x44, 0x87, 0x03, 0x3d, 0x78, 0x05, 0x39, 0x6d,
  0x04, 0x37, 0x6b, 0x02, 0x2f, 0x5d, 0x02, 0x31, 0x61, 0x03, 0x42, 0x81,
  0x00, 0x00, 0x04, 0x01, 0x11, 0x22, 0x00, 0x00, 0x01, 0x05, 0x51, 0x9a,
  0x00, 0x21, 0x43, 0x00, 0x00, 0x00, 0x0b, 0x57, 0xa1, 0x0c, 0x5b, 0xa7,
  0x0c, 0x62, 0xb5, 0x08, 0x3f, 0x76, 0x00, 0x15, 0x30, 0x09, 0x53, 0x9d,
  0x08, 0x49, 0x88, 0x07, 0x48, 0x88, 0x06, 0x47, 0x88, 0x08, 0x4c, 0x8f,
  0x09, 0x4e, 0x91, 0x06, 0x49, 0x8c, 0x07, 0x43, 0x7e, 0x04, 0x37, 0x6c,
  0x05, 0x3f, 0x79, 0x05, 0x47, 0x8a, 0x00, 0x0b, 0x1d, 0x02, 0x32, 0x63,
  0x00, 0x15, 0x2c, 0x01, 0x04, 0x08, 0x00, 0x0c, 0x1e, 0x00, 0x15, 0x32,
  0x00, 0x0a, 0x15, 0x00, 0x01, 0x04, 0x03, 0x2f, 0x5b, 0x02, 0x2e, 0x5a,
  0x01, 0x33, 0x66, 0x06, 0x3f, 0x77, 0x00, 0x19, 0x34, 0x0c, 0x5d, 0xad,
  0x0b, 0x59, 0xa5, 0x0c, 0x5a, 0xa5, 0x0a, 0x59, 0xa5, 0x0f, 0x63, 0xb1,
  0x0e, 0x5e, 0xa8, 0x0b, 0x53, 0x98, 0x0f, 0x59, 0x9c, 0x0b, 0x53, 0x98,
  0x0d, 0x56, 0x9c, 0x09, 0x51, 0x97, 0x00, 0x0f, 0x24, 0x00, 0x00, 0x05,
  0x00, 0x11, 0x29, 0x00, 0x10, 0x29, 0x00, 0x11, 0x25, 0x01, 0x0e, 0x1c,
  0x01, 0x1b, 0x33, 0x01, 0x1a, 0x31, 0x02, 0x03, 0x03, 0x02, 0x00, 0x00,
  0x02, 0x00, 0x00, 0x01, 0x00, 0x00, 0x01, 0x10, 0x1e, 0x02, 0x25, 0x45,
  0x02, 0x26, 0x49, 0x02, 0x25, 0x48, 0x03, 0x2d, 0x56, 0x04, 0x36, 0x67,
  0x0a, 0x48, 0x83, 0x0c, 0x4f, 0x90, 0x0c, 0x52, 0x95, 0x09, 0x53, 0x9b,
  0x0e, 0x5c, 0xa8, 0x10, 0x60, 0xab, 0x02, 0x0a, 0x14, 0x00, 0x11, 0x29,
  0x00, 0x0a, 0x1d, 0x00, 0x13, 0x26, 0x02, 0x19, 0x2d, 0x03, 0x13, 0x21,
  0x02, 0x0f, 0x1c, 0x02, 0x0a, 0x13, 0x01, 0x15, 0x2b, 0x00, 0x17, 0x31,
  0x00, 0x17, 0x2f, 0x01, 0x1c, 0x37, 0x01, 0x14, 0x28, 0x00, 0x08, 0x13,
  0x00, 0x02, 0x05, 0x00, 0x0d, 0x1a, 0x00, 0x09, 0x1b, 0x00, 0x07, 0x16,
  0x00, 0x04, 0x11, 0x00, 0x06, 0x17, 0x00, 0x0b, 0x1c, 0x00, 0x16, 0x31,
  0x00, 0x21, 0x46, 0x01, 0x2b, 0x56, 0x00, 0x10, 0x28, 0x00, 0x16, 0x36,
  0x02, 0x27, 0x49, 0x04, 0x22, 0x3d, 0x02, 0x15, 0x27, 0x00, 0x20, 0x40,
  0x01, 0x20, 0x3f, 0x00, 0x17, 0x37, 0x00, 0x1f, 0x43, 0x02, 0x2f, 0x5c,
  0x07, 0x2f, 0x55, 0x01, 0x1e, 0x3b, 0x01, 0x1d, 0x39, 0x00, 0x1f, 0x41,
  0x00, 0x24, 0x48, 0x00, 0x27, 0x4d, 0x00, 0x24, 0x4c, 0x04, 0x2a, 0x4e,
  0x01, 0x22, 0x42, 0x0a, 0x30, 0x54, 0x0b, 0x29, 0x42, 0x1a, 0x3f, 0x5b,
  0x15, 0x38, 0x53, 0x08, 0x22, 0x37, 0x00, 0x17, 0x3a, 0x02, 0x21, 0x3f,
  0x08, 0x28, 0x45, 0x03, 0x12, 0x1d, 0x00, 0x0b, 0x1e, 0x04, 0x1d, 0x32,
  0x00, 0x1a, 0x36, 0x00, 0x22, 0x4e, 0x00, 0x19, 0x38, 0x00, 0x1e, 0x41,
  0x06, 0x37, 0x66, 0x0c, 0x3e, 0x6f, 0x0f, 0x45, 0x79, 0x03, 0x36, 0x6b,
  0x0e, 0x3f, 0x6d, 0x0e, 0x35, 0x58, 0x19, 0x48, 0x6f, 0x13, 0x3e, 0x63,
  0x19, 0x42, 0x64, 0x0f, 0x39, 0x5e, 0x09, 0x32, 0x59, 0x0e, 0x38, 0x5e,
  0x09, 0x2f, 0x53, 0x00, 0x1b, 0x3a, 0x02, 0x15, 0x28, 0x0a, 0x26, 0x3d,
  0x05, 0x1d, 0x31, 0x13, 0x3b, 0x5e, 0x1e, 0x4b, 0x70, 0x07, 0x16, 0x1b,
  0x00, 0x1e, 0x42, 0x00, 0x13, 0x29, 0x00, 0x26, 0x51, 0x00, 0x26, 0x55,
  0x00, 0x0c, 0x1f, 0x01, 0x26, 0x4b, 0x00, 0x28, 0x52, 0x03, 0x2f, 0x5b,
  0x15, 0x45, 0x6e, 0x08, 0x2b, 0x4b, 0x12, 0x42, 0x6c, 0x02, 0x20, 0x3c,
  0x00, 0x24, 0x48, 0x00, 0x03, 0x0d, 0x00, 0x05, 0x10, 0x00, 0x00, 0x00,
  0x00, 0x0c, 0x1d, 0x00, 0x13, 0x28, 0x08, 0x25, 0x3e, 0x0a, 0x2c, 0x49,
  0x03, 0x16, 0x25, 0x0a, 0x2d, 0x4c, 0x13, 0x38, 0x56, 0x0a, 0x17, 0x17,
  0x00, 0x1b, 0x40, 0x02, 0x1c, 0x3a, 0x05, 0x15, 0x1f, 0x00, 0x38, 0x75,
  0x01, 0x36, 0x6f, 0x04, 0x00, 0x00, 0x01, 0x05, 0x09, 0x00, 0x0c, 0x1a,
  0x00, 0x00, 0x05, 0x00, 0x00, 0x04, 0x00, 0x0d, 0x1b, 0x01, 0x08, 0x0e,
  0x00, 0x09, 0x12, 0x03, 0x22, 0x3f, 0x05, 0x30, 0x5a, 0x0c, 0x4a, 0x83,
  0x0b, 0x47, 0x7f, 0x10, 0x5e, 0xa6, 0x12, 0x3c, 0x60, 0x0a, 0x29, 0x42,
  0x00, 0x03, 0x11, 0x00, 0x00, 0x04, 0x00, 0x02, 0x13, 0x01, 0x04, 0x08,
  0x00, 0x14, 0x32, 0x00, 0x22, 0x4e, 0x0b, 0x0e, 0x00, 0x06, 0x19, 0x27,
  0x00, 0x34, 0x72, 0x00, 0x2c, 0x5b, 0x02, 0x05, 0x08, 0x03, 0x07, 0x09,
  0x04, 0x07, 0x04, 0x04, 0x01, 0x00, 0x02, 0x03, 0x03, 0x03, 0x01, 0x00,
  0x00, 0x02, 0x06, 0x09, 0x53, 0x99, 0x12, 0x71, 0xc8, 0x15, 0x72, 0xc5,
  0x0f, 0x61, 0xac, 0x0f, 0x66, 0xb3, 0x11, 0x3a, 0x5a, 0x01, 0x14, 0x27,
  0x00, 0x0f, 0x2b, 0x00, 0x2f, 0x65, 0x00, 0x38, 0x73, 0x00, 0x33, 0x68,
  0x00, 0x31, 0x69, 0x00, 0x22, 0x52, 0x00, 0x0c, 0x1f, 0x05, 0x0d, 0x10,
  0x04, 0x07, 0x03, 0x00, 0x1b, 0x3c, 0x00, 0x14, 0x2d, 0x00, 0x0d, 0x20,
  0x00, 0x10, 0x27, 0x00, 0x24, 0x59, 0x00, 0x2c, 0x67, 0x00, 0x27, 0x5a,
  0x00, 0x00, 0x00, 0x00, 0x00, 0x00, 0x06, 0x3a, 0x6d, 0x14, 0x6f, 0xc0,
  0x13, 0x69, 0xb6, 0x16, 0x66, 0xad, 0x0a, 0x2e, 0x4b, 0x00, 0x0d, 0x20,
  0x00, 0x2a, 0x5b, 0x00, 0x1b, 0x3b, 0x00, 0x12, 0x28, 0x01, 0x05, 0x03,
  0x00, 0x21, 0x3f, 0x00, 0x38, 0x78, 0x00, 0x23, 0x4b, 0x00, 0x25, 0x50,
  0x00, 0x0f, 0x23, 0x01, 0x0a, 0x17, 0x00, 0x18, 0x35, 0x00, 0x0b, 0x1b,
  0x00, 0x2a, 0x5e, 0x02, 0x27, 0x50, 0x04, 0x1f, 0x3b, 0x00, 0x3d, 0x7e,
  0x05, 0x5c, 0xab, 0x00, 0x07, 0x1b, 0x00, 0x00, 0x00, 0x00, 0x06, 0x13,
  0x0a, 0x3a, 0x67, 0x16, 0x67, 0xaf, 0x06, 0x20, 0x34, 0x01, 0x1a, 0x35,
  0x00, 0x26, 0x50, 0x00, 0x0d, 0x27, 0x00, 0x1f, 0x3f, 0x1b, 0x4b, 0x72,
  0x14, 0x31, 0x44, 0x00, 0x1c, 0x3c, 0x00, 0x40, 0x7f, 0x03, 0x18, 0x2e,
  0x02, 0x26, 0x4a, 0x00, 0x17, 0x39, 0x00, 0x0f, 0x24, 0x00, 0x21, 0x4f,
  0x01, 0x26, 0x4f, 0x0e, 0x14, 0x05, 0x14, 0x2f, 0x3d, 0x1f, 0x52, 0x76,
  0x0e, 0x73, 0xc7, 0x00, 0x43, 0x83, 0x07, 0x0e, 0x12, 0x01, 0x19, 0x31,
  0x00, 0x00, 0x09, 0x00, 0x00, 0x00, 0x0d, 0x2f, 0x49, 0x00, 0x15, 0x2e,
  0x00, 0x16, 0x31, 0x08, 0x22, 0x36, 0x08, 0x25, 0x3c, 0x26, 0x59, 0x7f,
  0x11, 0x33, 0x4e, 0x0e, 0x22, 0x2b, 0x03, 0x23, 0x43, 0x00, 0x27, 0x57,
  0x03, 0x0e, 0x14, 0x00, 0x22, 0x4c, 0x00, 0x17, 0x37, 0x00, 0x2d, 0x61,
  0x09, 0x10, 0x11, 0x0a, 0x14, 0x15, 0x12, 0x2a, 0x39, 0x19, 0x41, 0x5c,
  0x05, 0x34, 0x61, 0x00, 0x4f, 0x9b, 0x05, 0x19, 0x2d, 0x11, 0x42, 0x69,
  0x1a, 0x4e, 0x79, 0x0e, 0x2f, 0x4b, 0x05, 0x15, 0x1e, 0x01, 0x24, 0x4a,
  0x00, 0x22, 0x50, 0x0d, 0x2d, 0x42, 0x16, 0x45, 0x6d, 0x0d, 0x2a, 0x40,
  0x00, 0x0c, 0x18, 0x02, 0x2f, 0x5e, 0x02, 0x0c, 0x15, 0x00, 0x1a, 0x37,
  0x01, 0x04, 0x0c, 0x00, 0x10, 0x29, 0x00, 0x22, 0x51, 0x00, 0x26, 0x5e,
  0x0b, 0x0b, 0x00, 0x04, 0x0e, 0x14, 0x11, 0x20, 0x24, 0x10, 0x2a, 0x3b,
  0x02, 0x1b, 0x32, 0x00, 0x2c, 0x69, 0x00, 0x13, 0x30, 0x0e, 0x28, 0x3a,
  0x20, 0x57, 0x82, 0x15, 0x42, 0x67, 0x07, 0x15, 0x18, 0x03, 0x19, 0x30,
  0x00, 0x16, 0x3b, 0x0c, 0x22, 0x2e, 0x10, 0x33, 0x51, 0x0e, 0x2b, 0x3e,
  0x00, 0x0f, 0x2c, 0x04, 0x26, 0x4a, 0x02, 0x10, 0x1d, 0x00, 0x17, 0x37,
  0x00, 0x24, 0x52, 0x02, 0x36, 0x66, 0x00, 0x27, 0x5c, 0x00, 0x23, 0x50,
  0x09, 0x07, 0x00, 0x03, 0x0b, 0x10, 0x07, 0x10, 0x15, 0x0c, 0x1e, 0x26,
  0x03, 0x15, 0x23, 0x00, 0x20, 0x53, 0x00, 0x1a, 0x39, 0x04, 0x05, 0x00,
  0x07, 0x14, 0x1b, 0x04, 0x07, 0x05, 0x02, 0x0d, 0x17, 0x04, 0x0b, 0x0e,
  0x00, 0x29, 0x5b, 0x05, 0x10, 0x16, 0x0f, 0x2b, 0x40, 0x05, 0x15, 0x1e,
  0x00, 0x15, 0x34, 0x0f, 0x5a, 0xa0, 0x08, 0x16, 0x1e, 0x00, 0x28, 0x52,
  0x00, 0x28, 0x54, 0x00, 0x38, 0x76, 0x00, 0x3b, 0x82, 0x00, 0x2a, 0x62,
  0x11, 0x15, 0x09, 0x27, 0x57, 0x76, 0x03, 0x0d, 0x12, 0x07, 0x0f, 0x0e,
  0x02, 0x0e, 0x18, 0x00, 0x1d, 0x48, 0x00, 0x00, 0x0b, 0x05, 0x0c, 0x0c,
  0x08, 0x3a, 0x6c, 0x0e, 0x57, 0x9c, 0x00, 0x2a, 0x5e, 0x04, 0x05, 0x03,
  0x00, 0x20, 0x44, 0x00, 0x17, 0x38, 0x06, 0x07, 0x00, 0x08, 0x1a, 0x29,
  0x04, 0x19, 0x29, 0x04, 0x1b, 0x30, 0x00, 0x1f, 0x42, 0x02, 0x25, 0x48,
  0x22, 0x45, 0x57, 0x00, 0x44, 0x98, 0x05, 0x6d, 0xc8, 0x00, 0x47, 0x8e,
  0x0a, 0x00, 0x00, 0x2c, 0x59, 0x70, 0x0b, 0x15, 0x15, 0x09, 0x10, 0x0e,
  0x01, 0x0f, 0x1e, 0x00, 0x00, 0x18, 0x0c, 0x43, 0x72, 0x15, 0x73, 0xc5,
  0x0f, 0x69, 0xbb, 0x10, 0x65, 0xb4, 0x00, 0x2d, 0x66, 0x00, 0x2d, 0x59,
  0x00, 0x0c, 0x1d, 0x00, 0x34, 0x72, 0x00, 0x13, 0x31, 0x04, 0x00, 0x00,
  0x06, 0x0b, 0x07, 0x01, 0x29, 0x51, 0x00, 0x2f, 0x6d, 0x06, 0x29, 0x4a,
  0x30, 0x5e, 0x73, 0x16, 0x4e, 0x90, 0x00, 0x64, 0xc0, 0x23, 0xa3, 0xfb,
  0x00, 0x0d, 0x2f, 0x04, 0x00, 0x00, 0x0f, 0x1c, 0x1c, 0x03, 0x0f, 0x18,
  0x00, 0x08, 0x10, 0x00, 0x00, 0x14, 0x15, 0x73, 0xc4, 0x16, 0x6f, 0xbc,
  0x0d, 0x53, 0x93, 0x0a, 0x48, 0x83, 0x00, 0x1b, 0x3f, 0x00, 0x3b, 0x80,
  0x02, 0x17, 0x2b, 0x05, 0x0e, 0x15, 0x00, 0x3b, 0x7f, 0x00, 0x2c, 0x63,
  0x00, 0x23, 0x4f, 0x00, 0x04, 0x10, 0x00, 0x09, 0x1d, 0x00, 0x0a, 0x2a,
  0x07, 0x19, 0x26, 0x12, 0x2a, 0x34, 0x00, 0x3e, 0x86, 0x0d, 0x77, 0xd1,
  0x10, 0x79, 0xce, 0x00, 0x02, 0x20, 0x01, 0x00, 0x00, 0x00, 0x00, 0x00,
  0x00, 0x00, 0x00, 0x0a, 0x4f, 0x90, 0x12, 0x66, 0xb1, 0x13, 0x5d, 0x9f,
  0x0e, 0x5b, 0xa2, 0x0d, 0x59, 0xa0, 0x09, 0x0a, 0x00, 0x01, 0x2b, 0x58,
  0x00, 0x40, 0x86, 0x03, 0x0a, 0x0d, 0x09, 0x0a, 0x00, 0x03, 0x2f, 0x5e,
  0x02, 0x3c, 0x74, 0x00, 0x40, 0x7e, 0x00, 0x40, 0x80, 0x01, 0x3c, 0x74,
  0x00, 0x29, 0x54, 0x00, 0x02, 0x16, 0x00, 0x20, 0x44, 0x00, 0x06, 0x2d,
  0x00, 0x26, 0x5e, 0x00, 0x2f, 0x6a, 0x00, 0x1f, 0x4c, 0x01, 0x2a, 0x57,
  0x13, 0x61, 0xa7, 0x16, 0x75, 0xc7, 0x0a, 0x51, 0x94, 0x0c, 0x4e, 0x8d,
  0x09, 0x53, 0x9c, 0x07, 0x4d, 0x92, 0x05, 0x22, 0x3e, 0x0a, 0x0e, 0x03,
  0x03, 0x1e, 0x3b, 0x00, 0x32, 0x6d, 0x01, 0x0f, 0x1e, 0x05, 0x00, 0x00,
  0x01, 0x00, 0x00, 0x00, 0x03, 0x10, 0x00, 0x15, 0x33, 0x00, 0x1f, 0x46,
  0x0c, 0x50, 0x89, 0x00, 0x27, 0x52, 0x00, 0x12, 0x39, 0x00, 0x13, 0x2f,
  0x0f, 0x49, 0x7e, 0x17, 0x6d, 0xb5, 0x1b, 0x7b, 0xca, 0x16, 0x6c, 0xb8,
  0x13, 0x63, 0xa9, 0x0a, 0x4f, 0x91, 0x08, 0x44, 0x7d, 0x05, 0x3a, 0x6e,
  0x02, 0x3b, 0x76, 0x05, 0x3d, 0x74, 0x00, 0x19, 0x41, 0x00, 0x01, 0x0f,
  0x04, 0x00, 0x00, 0x02, 0x08, 0x0e, 0x00, 0x1e, 0x41, 0x00, 0x2d, 0x5c,
  0x10, 0x54, 0x92, 0x15, 0x67, 0xae, 0x02, 0x1a, 0x32, 0x00, 0x07, 0x1e,
  0x00, 0x2a, 0x56, 0x04, 0x3f, 0x74, 0x00, 0x00, 0x00, 0x14, 0x63, 0xa7,
  0x1b, 0x7e, 0xd0, 0x13, 0x67, 0xaf, 0x11, 0x5d, 0xa0, 0x0e, 0x52, 0x92,
  0x0b, 0x48, 0x82, 0x07, 0x43, 0x7d, 0x06, 0x40, 0x78, 0x04, 0x3e, 0x79,
  0x02, 0x3a, 0x74, 0x05, 0x3e, 0x76, 0x09, 0x4a, 0x88, 0x10, 0x66, 0xb5,
  0x0d, 0x54, 0x96, 0x00, 0x00, 0x08, 0x06, 0x39, 0x68, 0x18, 0x79, 0xcd,
  0x14, 0x71, 0xc2, 0x12, 0x6c, 0xbb, 0x10, 0x59, 0x9c, 0x0d, 0x47, 0x7d,
  0x00, 0x27, 0x4f, 0x03, 0x2a, 0x4e, 0x10, 0x59, 0x9a, 0x0e, 0x5c, 0xa4,
  0x0c, 0x5c, 0xa5, 0x0e, 0x55, 0x97, 0x0b, 0x43, 0x78, 0x0e, 0x4b, 0x82,
  0x0c, 0x52, 0x93, 0x07, 0x46, 0x84, 0x05, 0x3b, 0x72, 0x04, 0x3a, 0x72,
  0x04, 0x37, 0x6b, 0x06, 0x38, 0x68
};

static const unsigned char kIconBmp32[] = {
  0x42, 0x4d, 0x36, 0x0c, 0x00, 0x00, 0x00, 0x00, 0x00, 0x00, 0x36, 0x00,
  0x00, 0x00, 0x28, 0x00, 0x00, 0x00, 0x20, 0x00, 0x00, 0x00, 0x20, 0x00,
  0x00, 0x00, 0x01, 0x00, 0x18, 0x00, 0x00, 0x00, 0x00, 0x00, 0x00, 0x0c,
  0x00, 0x00, 0x00, 0x00, 0x00, 0x00, 0x00, 0x00, 0x00, 0x00, 0x00, 0x00,
  0x00, 0x00, 0x00, 0x00, 0x00, 0x00, 0x00, 0x1b, 0x3b, 0x05, 0x4f, 0x98,
  0x00, 0x1c, 0x3c, 0x00, 0x10, 0x26, 0x01, 0x15, 0x2a, 0x01, 0x05, 0x0d,
  0x00, 0x20, 0x42, 0x08, 0x5a, 0xab, 0x02, 0x35, 0x66, 0x00, 0x00, 0x04,
  0x01, 0x33, 0x65, 0x0a, 0x53, 0x9b, 0x07, 0x45, 0x80, 0x09, 0x48, 0x86,
  0x0a, 0x4d, 0x8e, 0x00, 0x0f, 0x25, 0x00, 0x20, 0x43, 0x0a, 0x54, 0x9c,
  0x09, 0x48, 0x87, 0x07, 0x43, 0x7e, 0x04, 0x3a, 0x71, 0x08, 0x46, 0x83,
  0x05, 0x47, 0x8a, 0x05, 0x46, 0x89, 0x04, 0x41, 0x7f, 0x03, 0x3c, 0x77,
  0x04, 0x47, 0x8d, 0x04, 0x3a, 0x72, 0x06, 0x3c, 0x72, 0x06, 0x3e, 0x77,
  0x03, 0x34, 0x66, 0x01, 0x2e, 0x5d, 0x02, 0x2a, 0x54, 0x05, 0x46, 0x87,
  0x00, 0x01, 0x0d, 0x01, 0x0e, 0x1d, 0x00, 0x13, 0x2b, 0x01, 0x0c, 0x1b,
  0x00, 0x0f, 0x23, 0x09, 0x5f, 0xb2, 0x01, 0x27, 0x4e, 0x00, 0x00, 0x00,
  0x01, 0x29, 0x50, 0x0a, 0x54, 0x9b, 0x0a, 0x4d, 0x8d, 0x0a, 0x4d, 0x8e,
  0x0b, 0x52, 0x97, 0x00, 0x1c, 0x3a, 0x01, 0x1e, 0x3c, 0x05, 0x45, 0x86,
  0x0a, 0x51, 0x96, 0x07, 0x43, 0x7f, 0x07, 0x45, 0x82, 0x08, 0x49, 0x89,
  0x08, 0x4b, 0x8b, 0x06, 0x46, 0x87, 0x08, 0x4a, 0x8c, 0x06, 0x49, 0x8b,
  0x05, 0x49, 0x8d, 0x05, 0x3d, 0x75, 0x03, 0x35, 0x68, 0x03, 0x37, 0x6c,
  0x05, 0x39, 0x6e, 0x05, 0x3f, 0x79, 0x00, 0x0f, 0x24, 0x06, 0x51, 0x9d,
  0x02, 0x39, 0x71, 0x01, 0x00, 0x00, 0x01, 0x0e, 0x1b, 0x02, 0x0b, 0x15,
  0x00, 0x0c, 0x1b, 0x04, 0x4c, 0x93, 0x00, 0x1b, 0x36, 0x00, 0x00, 0x00,
  0x00, 0x17, 0x31, 0x0c, 0x5b, 0xa9, 0x0c, 0x59, 0xa2, 0x08, 0x55, 0xa0,
  0x0d, 0x67, 0xbc, 0x0a, 0x4a, 0x87, 0x00, 0x00, 0x00, 0x08, 0x4d, 0x93,
  0x08, 0x4e, 0x93, 0x07, 0x47, 0x87, 0x08, 0x4c, 0x8e, 0x05, 0x46, 0x87,
  0x06, 0x48, 0x8a, 0x0a, 0x53, 0x98, 0x0c, 0x54, 0x98, 0x07, 0x4a, 0x8d,
  0x09, 0x4a, 0x8a, 0x0b, 0x4a, 0x87, 0x07, 0x42, 0x7e, 0x07, 0x43, 0x7f,
  0x08, 0x4f, 0x95, 0x04, 0x4c, 0x94, 0x00, 0x0b, 0x1d, 0x00, 0x0d, 0x1f,
  0x01, 0x2a, 0x54, 0x00, 0x0b, 0x1b, 0x01, 0x09, 0x11, 0x00, 0x0d, 0x1e,
  0x00, 0x10, 0x2a, 0x00, 0x07, 0x18, 0x00, 0x07, 0x10, 0x01, 0x08, 0x10,
  0x01, 0x0d, 0x19, 0x01, 0x24, 0x48, 0x00, 0x17, 0x30, 0x00, 0x13, 0x2a,
  0x00, 0x23, 0x49, 0x06, 0x3f, 0x76, 0x00, 0x04, 0x11, 0x0b, 0x56, 0x9d,
  0x0b, 0x59, 0xa5, 0x0b, 0x58, 0xa2, 0x0d, 0x5a, 0xa4, 0x0a, 0x57, 0xa2,
  0x0d, 0x5e, 0xa9, 0x0f, 0x5f, 0xaa, 0x0e, 0x5c, 0xa4, 0x09, 0x4d, 0x90,
  0x0d, 0x52, 0x94, 0x0f, 0x56, 0x97, 0x0a, 0x50, 0x92, 0x0e, 0x59, 0x9e,
  0x0b, 0x4f, 0x91, 0x0b, 0x50, 0x93, 0x00, 0x13, 0x2b, 0x00, 0x0e, 0x23,
  0x00, 0x05, 0x0f, 0x00, 0x12, 0x2a, 0x00, 0x13, 0x2f, 0x00, 0x10, 0x26,
  0x00, 0x0e, 0x1f, 0x01, 0x0d, 0x19, 0x01, 0x1c, 0x37, 0x01, 0x20, 0x3f,
  0x01, 0x17, 0x2d, 0x02, 0x06, 0x0a, 0x03, 0x0e, 0x18, 0x02, 0x0b, 0x13,
  0x01, 0x06, 0x0a, 0x01, 0x00, 0x00, 0x01, 0x10, 0x1e, 0x01, 0x1e, 0x3a,
  0x04, 0x31, 0x5c, 0x03, 0x2b, 0x52, 0x03, 0x2e, 0x59, 0x03, 0x34, 0x65,
  0x04, 0x3b, 0x71, 0x07, 0x45, 0x82, 0x0b, 0x54, 0x98, 0x0f, 0x5c, 0xa4,
  0x0e, 0x59, 0xa1, 0x0e, 0x5b, 0xa3, 0x09, 0x51, 0x99, 0x0a, 0x56, 0x9f,
  0x0e, 0x5a, 0xa2, 0x0e, 0x5c, 0xa4, 0x01, 0x0d, 0x1c, 0x00, 0x0d, 0x1e,
  0x00, 0x11, 0x24, 0x00, 0x13, 0x30, 0x00, 0x08, 0x18, 0x01, 0x18, 0x2c,
  0x02, 0x17, 0x2a, 0x02, 0x1c, 0x37, 0x02, 0x15, 0x26, 0x02, 0x0d, 0x16,
  0x02, 0x10, 0x1d, 0x02, 0x13, 0x24, 0x02, 0x12, 0x23, 0x02, 0x10, 0x1d,
  0x02, 0x09, 0x11, 0x02, 0x12, 0x22, 0x02, 0x16, 0x2a, 0x02, 0x0f, 0x1c,
  0x00, 0x03, 0x09, 0x00, 0x00, 0x03, 0x00, 0x00, 0x04, 0x00, 0x00, 0x04,
  0x00, 0x00, 0x00, 0x00, 0x00, 0x01, 0x00, 0x02, 0x0a, 0x00, 0x0d, 0x1f,
  0x00, 0x16, 0x30, 0x01, 0x1f, 0x3e, 0x04, 0x33, 0x62, 0x08, 0x41, 0x7a,
  0x0a, 0x4a, 0x89, 0x0a, 0x4d, 0x8e, 0x02, 0x08, 0x0e, 0x00, 0x12, 0x2c,
  0x00, 0x0f, 0x2b, 0x00, 0x09, 0x14, 0x02, 0x1c, 0x34, 0x02, 0x19, 0x30,
  0x03, 0x15, 0x26, 0x03, 0x0a, 0x0f, 0x02, 0x11, 0x21, 0x00, 0x13, 0x28,
  0x00, 0x0c, 0x1d, 0x00, 0x18, 0x33, 0x00, 0x1e, 0x3f, 0x00, 0x17, 0x33,
  0x02, 0x28, 0x4e, 0x01, 0x22, 0x43, 0x01, 0x19, 0x32, 0x00, 0x1a, 0x36,
  0x01, 0x18, 0x30, 0x02, 0x1a, 0x30, 0x02, 0x25, 0x46, 0x00, 0x27, 0x50,
  0x00, 0x25, 0x4c, 0x02, 0x2b, 0x53, 0x00, 0x23, 0x47, 0x00, 0x1f, 0x41,
  0x00, 0x1a, 0x37, 0x00, 0x15, 0x2b, 0x00, 0x0f, 0x1e, 0x00, 0x07, 0x15,
  0x00, 0x07, 0x14, 0x00, 0x0e, 0x20, 0x00, 0x14, 0x2c, 0x00, 0x12, 0x31,
  0x01, 0x1d, 0x38, 0x03, 0x31, 0x5b, 0x04, 0x22, 0x3e, 0x05, 0x19, 0x2a,
  0x00, 0x15, 0x2b, 0x00, 0x27, 0x50, 0x01, 0x29, 0x4f, 0x00, 0x11, 0x26,
  0x00, 0x22, 0x4b, 0x00, 0x1f, 0x43, 0x03, 0x33, 0x63, 0x07, 0x2e, 0x53,
  0x05, 0x26, 0x46, 0x00, 0x13, 0x2a, 0x01, 0x1d, 0x37, 0x00, 0x1b, 0x38,
  0x02, 0x23, 0x45, 0x03, 0x2a, 0x51, 0x03, 0x29, 0x4f, 0x00, 0x1b, 0x3c,
  0x03, 0x29, 0x4f, 0x02, 0x1f, 0x3c, 0x00, 0x18, 0x31, 0x03, 0x24, 0x46,
  0x12, 0x36, 0x56, 0x0b, 0x29, 0x42, 0x18, 0x41, 0x5f, 0x26, 0x5d, 0x87,
  0x0a, 0x2d, 0x4b, 0x11, 0x39, 0x5b, 0x00, 0x16, 0x39, 0x02, 0x1f, 0x3c,
  0x01, 0x27, 0x4b, 0x06, 0x22, 0x3a, 0x06, 0x18, 0x26, 0x00, 0x0a, 0x1d,
  0x00, 0x18, 0x31, 0x04, 0x21, 0x3a, 0x02, 0x14, 0x26, 0x00, 0x25, 0x57,
  0x00, 0x1f, 0x43, 0x00, 0x15, 0x2f, 0x00, 0x1d, 0x3f, 0x03, 0x34, 0x64,
  0x0d, 0x42, 0x75, 0x0d, 0x39, 0x62, 0x12, 0x49, 0x7b, 0x09, 0x3e, 0x71,
  0x00, 0x2b, 0x5c, 0x05, 0x2d, 0x54, 0x09, 0x31, 0x56, 0x0f, 0x2f, 0x4a,
  0x14, 0x47, 0x73, 0x13, 0x3a, 0x59, 0x1a, 0x41, 0x5d, 0x1b, 0x4d, 0x78,
  0x07, 0x25, 0x40, 0x0d, 0x38, 0x60, 0x0d, 0x35, 0x5b, 0x10, 0x35, 0x55,
  0x03, 0x32, 0x5f, 0x01, 0x1d, 0x3b, 0x00, 0x16, 0x33, 0x03, 0x1d, 0x32,
  0x07, 0x1f, 0x33, 0x0b, 0x27, 0x3d, 0x06, 0x1d, 0x31, 0x0f, 0x2b, 0x42,
  0x08, 0x21, 0x36, 0x06, 0x12, 0x16, 0x00, 0x13, 0x2b, 0x00, 0x24, 0x4c,
  0x01, 0x10, 0x20, 0x00, 0x29, 0x5b, 0x00, 0x1f, 0x45, 0x00, 0x0b, 0x1b,
  0x00, 0x22, 0x4f, 0x03, 0x38, 0x6d, 0x06, 0x35, 0x65, 0x00, 0x29, 0x56,
  0x0f, 0x42, 0x72, 0x22, 0x5a, 0x87, 0x09, 0x2f, 0x52, 0x1e, 0x50, 0x7a,
  0x16, 0x47, 0x71, 0x06, 0x29, 0x4a, 0x07, 0x36, 0x65, 0x00, 0x1a, 0x34,
  0x00, 0x25, 0x4c, 0x01, 0x1e, 0x3b, 0x00, 0x20, 0x45, 0x00, 0x00, 0x01,
  0x00, 0x12, 0x29, 0x00, 0x00, 0x0d, 0x03, 0x10, 0x1a, 0x0d, 0x30, 0x4d,
  0x07, 0x23, 0x3a, 0x04, 0x1b, 0x30, 0x0d, 0x39, 0x60, 0x27, 0x60, 0x8e,
  0x15, 0x3c, 0x5e, 0x09, 0x1c, 0x26, 0x01, 0x1a, 0x39, 0x00, 0x23, 0x51,
  0x03, 0x05, 0x04, 0x00, 0x30, 0x62, 0x00, 0x29, 0x5c, 0x00, 0x2e, 0x5f,
  0x03, 0x00, 0x00, 0x03, 0x1a, 0x30, 0x01, 0x1a, 0x33, 0x00, 0x1c, 0x3b,
  0x03, 0x27, 0x4a, 0x00, 0x16, 0x2e, 0x00, 0x1b, 0x39, 0x00, 0x11, 0x26,
  0x04, 0x32, 0x5e, 0x00, 0x00, 0x00, 0x02, 0x2d, 0x55, 0x01, 0x00, 0x00,
  0x00, 0x02, 0x05, 0x00, 0x00, 0x00, 0x03, 0x18, 0x2c, 0x00, 0x00, 0x07,
  0x0e, 0x48, 0x7c, 0x04, 0x25, 0x45, 0x06, 0x22, 0x3b, 0x0a, 0x31, 0x55,
  0x06, 0x1e, 0x30, 0x06, 0x1a, 0x2a, 0x04, 0x1e, 0x36, 0x03, 0x20, 0x38,
  0x0b, 0x2b, 0x45, 0x07, 0x16, 0x1b, 0x01, 0x17, 0x31, 0x00, 0x27, 0x5c,
  0x09, 0x16, 0x18, 0x03, 0x0d, 0x17, 0x00, 0x35, 0x6b, 0x00, 0x3c, 0x7b,
  0x02, 0x2e, 0x5a, 0x03, 0x00, 0x00, 0x02, 0x08, 0x0e, 0x01, 0x0a, 0x15,
  0x00, 0x09, 0x16, 0x01, 0x05, 0x09, 0x02, 0x08, 0x0e, 0x02, 0x08, 0x0e,
  0x04, 0x15, 0x23, 0x02, 0x0d, 0x18, 0x01, 0x08, 0x0d, 0x00, 0x12, 0x26,
  0x07, 0x36, 0x61, 0x04, 0x32, 0x60, 0x12, 0x63, 0xae, 0x0a, 0x3e, 0x6f,
  0x0f, 0x5c, 0xa3, 0x0f, 0x5d, 0xa4, 0x10, 0x36, 0x55, 0x12, 0x3e, 0x62,
  0x01, 0x0b, 0x13, 0x00, 0x12, 0x2a, 0x00, 0x07, 0x14, 0x00, 0x00, 0x00,
  0x00, 0x00, 0x00, 0x04, 0x00, 0x00, 0x02, 0x04, 0x0b, 0x00, 0x2d, 0x66,
  0x02, 0x11, 0x1d, 0x0c, 0x21, 0x2c, 0x05, 0x13, 0x1d, 0x00, 0x27, 0x58,
  0x00, 0x3b, 0x7c, 0x01, 0x1c, 0x37, 0x01, 0x0d, 0x1d, 0x03, 0x06, 0x05,
  0x03, 0x07, 0x05, 0x03, 0x08, 0x0b, 0x04, 0x04, 0x00, 0x04, 0x01, 0x00,
  0x02, 0x00, 0x00, 0x04, 0x09, 0x06, 0x00, 0x00, 0x04, 0x04, 0x3c, 0x72,
  0x12, 0x6d, 0xc1, 0x0f, 0x64, 0xb1, 0x11, 0x66, 0xb3, 0x10, 0x5e, 0xa6,
  0x0d, 0x5d, 0xa5, 0x10, 0x67, 0xb3, 0x10, 0x35, 0x53, 0x0d, 0x32, 0x4e,
  0x00, 0x0a, 0x22, 0x00, 0x0f, 0x21, 0x00, 0x10, 0x29, 0x00, 0x33, 0x69,
  0x00, 0x2d, 0x61, 0x00, 0x34, 0x6f, 0x00, 0x22, 0x49, 0x00, 0x29, 0x61,
  0x00, 0x10, 0x28, 0x05, 0x00, 0x00, 0x09, 0x18, 0x1c, 0x04, 0x0e, 0x11,
  0x00, 0x24, 0x4f, 0x00, 0x2a, 0x5a, 0x01, 0x0d, 0x19, 0x01, 0x0e, 0x21,
  0x00, 0x0f, 0x24, 0x01, 0x07, 0x0e, 0x00, 0x10, 0x28, 0x00, 0x1e, 0x49,
  0x00, 0x1f, 0x44, 0x00, 0x10, 0x28, 0x02, 0x05, 0x06, 0x00, 0x03, 0x09,
  0x00, 0x26, 0x4c, 0x0f, 0x5f, 0xaa, 0x17, 0x73, 0xc4, 0x10, 0x67, 0xb5,
  0x11, 0x60, 0xa7, 0x11, 0x5d, 0xa2, 0x12, 0x3c, 0x5e, 0x04, 0x1f, 0x38,
  0x00, 0x01, 0x0e, 0x00, 0x24, 0x4e, 0x00, 0x37, 0x77, 0x00, 0x2c, 0x5c,
  0x00, 0x2d, 0x5b, 0x04, 0x26, 0x49, 0x00, 0x30, 0x62, 0x00, 0x32, 0x6c,
  0x00, 0x1c, 0x40, 0x00, 0x22, 0x4f, 0x00, 0x13, 0x30, 0x04, 0x05, 0x01,
  0x04, 0x00, 0x00, 0x00, 0x09, 0x18, 0x00, 0x17, 0x35, 0x00, 0x14, 0x30,
  0x00, 0x08, 0x14, 0x00, 0x1e, 0x47, 0x00, 0x2e, 0x67, 0x00, 0x28, 0x63,
  0x00, 0x32, 0x6c, 0x00, 0x33, 0x72, 0x00, 0x13, 0x3b, 0x01, 0x00, 0x00,
  0x01, 0x00, 0x00, 0x00, 0x14, 0x2a, 0x0c, 0x4e, 0x8c, 0x11, 0x60, 0xa7,
  0x14, 0x60, 0xa4, 0x17, 0x69, 0xb0, 0x0a, 0x30, 0x51, 0x01, 0x13, 0x25,
  0x00, 0x17, 0x35, 0x00, 0x2e, 0x62, 0x02, 0x09, 0x11, 0x00, 0x0a, 0x1c,
  0x02, 0x0b, 0x13, 0x02, 0x08, 0x05, 0x01, 0x0c, 0x13, 0x00, 0x3d, 0x79,
  0x00, 0x2e, 0x68, 0x01, 0x1c, 0x37, 0x00, 0x2e, 0x61, 0x00, 0x23, 0x50,
  0x00, 0x0d, 0x1e, 0x00, 0x14, 0x2d, 0x00, 0x1f, 0x42, 0x00, 0x04, 0x0b,
  0x00, 0x1a, 0x3a, 0x00, 0x2b, 0x60, 0x03, 0x23, 0x45, 0x09, 0x1d, 0x2a,
  0x02, 0x1f, 0x3c, 0x00, 0x3b, 0x78, 0x0b, 0x6c, 0xc0, 0x00, 0x29, 0x5c,
  0x01, 0x04, 0x0b, 0x00, 0x00, 0x00, 0x00, 0x00, 0x00, 0x00, 0x00, 0x01,
  0x0f, 0x51, 0x8e, 0x13, 0x5e, 0xa1, 0x01, 0x1e, 0x3a, 0x04, 0x0c, 0x0e,
  0x00, 0x30, 0x64, 0x00, 0x25, 0x4e, 0x00, 0x14, 0x2f, 0x00, 0x28, 0x59,
  0x07, 0x28, 0x44, 0x11, 0x41, 0x68, 0x16, 0x3d, 0x5b, 0x00, 0x04, 0x0b,
  0x00, 0x3d, 0x77, 0x00, 0x3b, 0x76, 0x05, 0x02, 0x00, 0x03, 0x28, 0x4d,
  0x00, 0x18, 0x32, 0x00, 0x15, 0x36, 0x00, 0x14, 0x30, 0x00, 0x0d, 0x21,
  0x00, 0x2e, 0x6b, 0x03, 0x23, 0x44, 0x0e, 0x17, 0x10, 0x0d, 0x22, 0x2d,
  0x1a, 0x40, 0x59, 0x19, 0x4b, 0x70, 0x0f, 0x6f, 0xbd, 0x05, 0x63, 0xb4,
  0x01, 0x02, 0x10, 0x06, 0x1d, 0x2e, 0x00, 0x1c, 0x3a, 0x00, 0x00, 0x06,
  0x00, 0x09, 0x1a, 0x00, 0x06, 0x12, 0x11, 0x3c, 0x61, 0x04, 0x10, 0x15,
  0x00, 0x1b, 0x40, 0x02, 0x0f, 0x1e, 0x01, 0x1a, 0x34, 0x00, 0x06, 0x15,
  0x11, 0x34, 0x4f, 0x2c, 0x66, 0x93, 0x12, 0x37, 0x55, 0x0a, 0x20, 0x30,
  0x05, 0x17, 0x25, 0x00, 0x40, 0x83, 0x00, 0x26, 0x5a, 0x03, 0x1f, 0x38,
  0x01, 0x1d, 0x3b, 0x00, 0x20, 0x4a, 0x00, 0x10, 0x29, 0x00, 0x1f, 0x46,
  0x00, 0x28, 0x5a, 0x09, 0x0e, 0x09, 0x0a, 0x17, 0x1e, 0x0e, 0x1f, 0x25,
  0x12, 0x38, 0x57, 0x23, 0x53, 0x74, 0x06, 0x37, 0x63, 0x02, 0x59, 0xa7,
  0x02, 0x38, 0x6a, 0x0b, 0x1a, 0x23, 0x0c, 0x37, 0x5c, 0x12, 0x40, 0x68,
  0x07, 0x25, 0x42, 0x00, 0x00, 0x07, 0x06, 0x26, 0x42, 0x04, 0x14, 0x20,
  0x00, 0x27, 0x57, 0x00, 0x17, 0x31, 0x0e, 0x2f, 0x45, 0x0f, 0x37, 0x57,
  0x0e, 0x30, 0x4c, 0x1c, 0x46, 0x67, 0x04, 0x1a, 0x2c, 0x12, 0x38, 0x56,
  0x0c, 0x23, 0x31, 0x05, 0x03, 0x00, 0x00, 0x2a, 0x5a, 0x01, 0x08, 0x14,
  0x02, 0x09, 0x12, 0x00, 0x29, 0x5a, 0x00, 0x10, 0x2a, 0x00, 0x2f, 0x66,
  0x01, 0x22, 0x48, 0x0c, 0x0e, 0x00, 0x05, 0x11, 0x1a, 0x0e, 0x21, 0x2a,
  0x15, 0x2c, 0x38, 0x0b, 0x2e, 0x4a, 0x06, 0x26, 0x43, 0x00, 0x36, 0x74,
  0x00, 0x44, 0x86, 0x04, 0x08, 0x0e, 0x0b, 0x38, 0x5c, 0x1a, 0x4f, 0x7a,
  0x1e, 0x51, 0x78, 0x18, 0x48, 0x70, 0x04, 0x17, 0x28, 0x06, 0x15, 0x1a,
  0x00, 0x2e, 0x68, 0x00, 0x19, 0x39, 0x0b, 0x28, 0x3c, 0x0f, 0x39, 0x5d,
  0x1a, 0x48, 0x6e, 0x03, 0x1b, 0x2c, 0x00, 0x0b, 0x13, 0x00, 0x26, 0x50,
  0x00, 0x35, 0x70, 0x03, 0x0b, 0x11, 0x00, 0x1a, 0x39, 0x00, 0x17, 0x33,
  0x01, 0x04, 0x08, 0x00, 0x16, 0x36, 0x00, 0x1b, 0x41, 0x00, 0x2d, 0x6d,
  0x00, 0x13, 0x33, 0x0b, 0x0e, 0x00, 0x07, 0x13, 0x1b, 0x03, 0x0d, 0x14,
  0x18, 0x2a, 0x2f, 0x0c, 0x2a, 0x41, 0x09, 0x22, 0x33, 0x00, 0x16, 0x3f,
  0x00, 0x30, 0x6c, 0x01, 0x0a, 0x17, 0x06, 0x15, 0x1e, 0x1d, 0x4b, 0x6f,
  0x18, 0x43, 0x65, 0x0d, 0x31, 0x4d, 0x07, 0x1d, 0x31, 0x07, 0x10, 0x0d,
  0x00, 0x25, 0x54, 0x00, 0x16, 0x38, 0x0d, 0x25, 0x31, 0x07, 0x21, 0x38,
  0x11, 0x35, 0x51, 0x0c, 0x29, 0x3f, 0x00, 0x11, 0x23, 0x00, 0x10, 0x2e,
  0x01, 0x03, 0x07, 0x01, 0x12, 0x25, 0x01, 0x1d, 0x3b, 0x00, 0x1a, 0x45,
  0x00, 0x26, 0x4e, 0x01, 0x33, 0x61, 0x00, 0x22, 0x50, 0x00, 0x2f, 0x68,
  0x02, 0x0e, 0x22, 0x0b, 0x0f, 0x05, 0x0b, 0x19, 0x1f, 0x04, 0x0f, 0x16,
  0x0c, 0x18, 0x1a, 0x0b, 0x20, 0x2d, 0x06, 0x1c, 0x2b, 0x00, 0x14, 0x39,
  0x00, 0x2d, 0x64, 0x02, 0x10, 0x23, 0x03, 0x0b, 0x10, 0x09, 0x2e, 0x50,
  0x0b, 0x27, 0x40, 0x09, 0x17, 0x1f, 0x03, 0x08, 0x07, 0x06, 0x11, 0x14,
  0x01, 0x13, 0x26, 0x00, 0x17, 0x3b, 0x09, 0x1b, 0x25, 0x12, 0x33, 0x4c,
  0x10, 0x31, 0x4b, 0x03, 0x16, 0x21, 0x00, 0x0e, 0x28, 0x0a, 0x4f, 0x93,
  0x17, 0x58, 0x92, 0x00, 0x00, 0x00, 0x05, 0x26, 0x47, 0x00, 0x21, 0x4f,
  0x03, 0x3d, 0x72, 0x01, 0x41, 0x7f, 0x00, 0x21, 0x57, 0x00, 0x3f, 0x7c,
  0x00, 0x10, 0x28, 0x0e, 0x16, 0x0c, 0x0d, 0x24, 0x32, 0x09, 0x1a, 0x26,
  0x04, 0x0c, 0x0f, 0x08, 0x14, 0x1a, 0x05, 0x13, 0x1b, 0x00, 0x11, 0x2e,
  0x00, 0x23, 0x56, 0x01, 0x14, 0x2a, 0x06, 0x01, 0x00, 0x01, 0x00, 0x00,
  0x00, 0x0a, 0x13, 0x08, 0x31, 0x58, 0x00, 0x1d, 0x43, 0x04, 0x05, 0x00,
  0x02, 0x19, 0x33, 0x00, 0x3d, 0x7e, 0x00, 0x00, 0x00, 0x05, 0x11, 0x14,
  0x09, 0x22, 0x35, 0x03, 0x12, 0x1c, 0x02, 0x06, 0x0a, 0x00, 0x31, 0x61,
  0x04, 0x3a, 0x6c, 0x0a, 0x0d, 0x02, 0x00, 0x33, 0x6b, 0x03, 0x2d, 0x50,
  0x03, 0x23, 0x4b, 0x00, 0x39, 0x7b, 0x00, 0x44, 0x8d, 0x01, 0x50, 0x9b,
  0x00, 0x07, 0x29, 0x12, 0x1a, 0x11, 0x3b, 0x7e, 0xaa, 0x0d, 0x21, 0x2c,
  0x05, 0x0b, 0x0b, 0x08, 0x12, 0x12, 0x03, 0x10, 0x1c, 0x00, 0x12, 0x2c,
  0x00, 0x1e, 0x4a, 0x00, 0x00, 0x00, 0x0a, 0x2f, 0x51, 0x0e, 0x58, 0x9f,
  0x13, 0x6d, 0xbf, 0x13, 0x6d, 0xbe, 0x00, 0x2f, 0x66, 0x00, 0x1b, 0x3e,
  0x07, 0x00, 0x00, 0x00, 0x19, 0x39, 0x00, 0x27, 0x53, 0x02, 0x00, 0x00,
  0x0a, 0x1f, 0x2d, 0x06, 0x17, 0x24, 0x05, 0x1e, 0x32, 0x06, 0x19, 0x26,
  0x08, 0x17, 0x22, 0x00, 0x23, 0x4e, 0x00, 0x13, 0x32, 0x1d, 0x41, 0x56,
  0x1e, 0x46, 0x66, 0x00, 0x4c, 0xad, 0x05, 0x63, 0xb9, 0x0e, 0x70, 0xc1,
  0x00, 0x13, 0x45, 0x09, 0x0d, 0x07, 0x26, 0x49, 0x59, 0x0f, 0x1c, 0x1e,
  0x0c, 0x17, 0x1a, 0x08, 0x0f, 0x0d, 0x01, 0x0b, 0x17, 0x00, 0x12, 0x29,
  0x00, 0x07, 0x20, 0x14, 0x5c, 0x9a, 0x17, 0x79, 0xcf, 0x0e, 0x65, 0xb4,
  0x0d, 0x59, 0xa1, 0x0d, 0x5b, 0xa4, 0x00, 0x20, 0x4e, 0x00, 0x36, 0x6d,
  0x01, 0x12, 0x25, 0x00, 0x17, 0x35, 0x00, 0x39, 0x78, 0x00, 0x14, 0x35,
  0x04, 0x00, 0x00, 0x03, 0x0b, 0x0d, 0x07, 0x19, 0x23, 0x03, 0x29, 0x4c,
  0x00, 0x38, 0x78, 0x00, 0x3a, 0x7d, 0x05, 0x25, 0x41, 0x23, 0x53, 0x73,
  0x35, 0x64, 0x7c, 0x05, 0x4a, 0x9b, 0x00, 0x42, 0x8f, 0x21, 0x9e, 0xf2,
  0x15, 0x6c, 0xb3, 0x00, 0x00, 0x00, 0x04, 0x0c, 0x00, 0x10, 0x1c, 0x22,
  0x0a, 0x12, 0x11, 0x03, 0x08, 0x0d, 0x01, 0x0f, 0x1b, 0x00, 0x00, 0x0c,
  0x00, 0x23, 0x4a, 0x18, 0x7a, 0xce, 0x14, 0x67, 0xb0, 0x10, 0x59, 0x9c,
  0x0c, 0x4d, 0x8a, 0x0a, 0x48, 0x84, 0x00, 0x22, 0x4f, 0x00, 0x3c, 0x7e,
  0x00, 0x2c, 0x5a, 0x02, 0x0d, 0x19, 0x02, 0x12, 0x29, 0x00, 0x43, 0x90,
  0x00, 0x28, 0x58, 0x00, 0x01, 0x0d, 0x00, 0x00, 0x00, 0x02, 0x00, 0x00,
  0x01, 0x0a, 0x16, 0x00, 0x0e, 0x24, 0x00, 0x1a, 0x46, 0x05, 0x21, 0x3a,
  0x18, 0x3a, 0x50, 0x13, 0x40, 0x67, 0x00, 0x50, 0xab, 0x0c, 0x71, 0xc7,
  0x20, 0xa3, 0xfd, 0x00, 0x31, 0x65, 0x00, 0x00, 0x00, 0x08, 0x0c, 0x00,
  0x04, 0x09, 0x07, 0x02, 0x10, 0x1b, 0x00, 0x13, 0x21, 0x00, 0x00, 0x00,
  0x0b, 0x57, 0x9c, 0x13, 0x65, 0xae, 0x13, 0x5f, 0xa2, 0x0f, 0x5c, 0xa1,
  0x0e, 0x59, 0x9f, 0x0c, 0x52, 0x93, 0x04, 0x05, 0x00, 0x00, 0x26, 0x57,
  0x00, 0x3c, 0x7d, 0x02, 0x1c, 0x36, 0x09, 0x03, 0x00, 0x03, 0x16, 0x2c,
  0x00, 0x39, 0x77, 0x00, 0x3c, 0x7d, 0x00, 0x46, 0x8e, 0x00, 0x26, 0x4f,
  0x00, 0x18, 0x3c, 0x00, 0x19, 0x3b, 0x00, 0x14, 0x2c, 0x00, 0x0d, 0x2c,
  0x09, 0x1f, 0x2d, 0x07, 0x0c, 0x04, 0x04, 0x2f, 0x57, 0x00, 0x2a, 0x68,
  0x00, 0x50, 0x9e, 0x0f, 0x7d, 0xd5, 0x00, 0x28, 0x60, 0x00, 0x0c, 0x26,
  0x00, 0x00, 0x0e, 0x00, 0x00, 0x00, 0x00, 0x00, 0x00, 0x0a, 0x4d, 0x88,
  0x15, 0x6f, 0xbd, 0x0c, 0x54, 0x96, 0x11, 0x59, 0x9b, 0x10, 0x5a, 0x9e,
  0x0a, 0x54, 0x9c, 0x0d, 0x5b, 0xa2, 0x09, 0x1d, 0x2a, 0x06, 0x12, 0x15,
  0x00, 0x3a, 0x76, 0x00, 0x3f, 0x87, 0x00, 0x10, 0x24, 0x09, 0x07, 0x00,
  0x08, 0x12, 0x12, 0x02, 0x1e, 0x3c, 0x02, 0x32, 0x61, 0x00, 0x2d, 0x59,
  0x02, 0x56, 0xa4, 0x01, 0x3d, 0x79, 0x00, 0x3e, 0x7c, 0x06, 0x48, 0x84,
  0x00, 0x00, 0x0d, 0x00, 0x1b, 0x44, 0x00, 0x21, 0x4e, 0x00, 0x27, 0x50,
  0x00, 0x0a, 0x2d, 0x00, 0x0e, 0x3c, 0x00, 0x31, 0x6c, 0x00, 0x1f, 0x4f,
  0x00, 0x28, 0x57, 0x03, 0x34, 0x66, 0x16, 0x68, 0xaf, 0x1a, 0x7c, 0xcd,
  0x0e, 0x5c, 0xa4, 0x0a, 0x50, 0x91, 0x0a, 0x4a, 0x88, 0x0a, 0x52, 0x97,
  0x05, 0x50, 0x99, 0x07, 0x47, 0x86, 0x05, 0x16, 0x22, 0x08, 0x14, 0x15,
  0x08, 0x12, 0x14, 0x00, 0x22, 0x48, 0x00, 0x3b, 0x7f, 0x00, 0x15, 0x32,
  0x05, 0x03, 0x00, 0x08, 0x09, 0x00, 0x08, 0x00, 0x00, 0x00, 0x00, 0x01,
  0x00, 0x08, 0x1c, 0x00, 0x19, 0x3d, 0x00, 0x13, 0x35, 0x0c, 0x55, 0x93,
  0x0f, 0x5e, 0x9d, 0x00, 0x15, 0x36, 0x00, 0x21, 0x49, 0x00, 0x10, 0x36,
  0x00, 0x00, 0x12, 0x0c, 0x45, 0x79, 0x16, 0x63, 0xa5, 0x1a, 0x73, 0xbd,
  0x1d, 0x7c, 0xc9, 0x16, 0x6b, 0xb4, 0x15, 0x69, 0xb1, 0x0c, 0x53, 0x95,
  0x08, 0x4a, 0x8b, 0x07, 0x41, 0x78, 0x08, 0x3f, 0x73, 0x04, 0x37, 0x6b,
  0x05, 0x43, 0x82, 0x07, 0x3e, 0x73, 0x00, 0x36, 0x73, 0x02, 0x17, 0x2d,
  0x05, 0x02, 0x00, 0x08, 0x04, 0x00, 0x03, 0x16, 0x2b, 0x00, 0x22, 0x4b,
  0x00, 0x1f, 0x43, 0x00, 0x00, 0x0e, 0x00, 0x05, 0x13, 0x05, 0x31, 0x5a,
  0x08, 0x3c, 0x6a, 0x01, 0x10, 0x1d, 0x00, 0x0a, 0x22, 0x00, 0x09, 0x21,
  0x00, 0x1d, 0x3c, 0x00, 0x33, 0x67, 0x00, 0x00, 0x13, 0x02, 0x28, 0x4d,
  0x19, 0x74, 0xc0, 0x1b, 0x7d, 0xcd, 0x15, 0x6e, 0xba, 0x14, 0x69, 0xb1,
  0x11, 0x61, 0xa9, 0x0a, 0x4c, 0x8b, 0x0b, 0x43, 0x79, 0x09, 0x46, 0x80,
  0x0a, 0x48, 0x83, 0x08, 0x43, 0x7b, 0x04, 0x3f, 0x79, 0x01, 0x3c, 0x77,
  0x02, 0x38, 0x6f, 0x04, 0x3c, 0x74, 0x00, 0x0b, 0x21, 0x00, 0x15, 0x39,
  0x00, 0x18, 0x35, 0x01, 0x14, 0x27, 0x01, 0x0a, 0x17, 0x01, 0x02, 0x04,
  0x03, 0x37, 0x69, 0x0d, 0x51, 0x91, 0x18, 0x70, 0xbd, 0x1c, 0x80, 0xd4,
  0x13, 0x60, 0xa6, 0x00, 0x13, 0x2d, 0x04, 0x2b, 0x51, 0x00, 0x2f, 0x63,
  0x0b, 0x53, 0x93, 0x06, 0x3e, 0x70, 0x00, 0x17, 0x33, 0x07, 0x36, 0x62,
  0x19, 0x78, 0xc8, 0x0f, 0x5c, 0xa1, 0x10, 0x5c, 0xa0, 0x0f, 0x52, 0x8f,
  0x0e, 0x4f, 0x8c, 0x11, 0x57, 0x96, 0x0f, 0x54, 0x93, 0x0a, 0x4d, 0x8c,
  0x04, 0x3c, 0x74, 0x05, 0x3f, 0x78, 0x05, 0x3e, 0x78, 0x03, 0x3c, 0x76,
  0x04, 0x3d, 0x77, 0x07, 0x41, 0x7a, 0x0c, 0x57, 0x9d, 0x10, 0x61, 0xab,
  0x15, 0x75, 0xca, 0x0c, 0x4d, 0x88, 0x00, 0x13, 0x32, 0x00, 0x0e, 0x2a,
  0x13, 0x65, 0xad, 0x17, 0x77, 0xc9, 0x0f, 0x61, 0xab, 0x0d, 0x62, 0xaf,
  0x0e, 0x5b, 0xa0, 0x12, 0x60, 0xa6, 0x15, 0x65, 0xac, 0x00, 0x00, 0x06,
  0x07, 0x38, 0x68, 0x00, 0x07, 0x17, 0x16, 0x6d, 0xba, 0x10, 0x5f, 0xa7,
  0x09, 0x52, 0x99, 0x0d, 0x5c, 0xa4, 0x10, 0x5b, 0xa0, 0x0a, 0x46, 0x7f,
  0x0d, 0x48, 0x7d, 0x0c, 0x47, 0x7e, 0x0c, 0x4d, 0x8a, 0x09, 0x4e, 0x91,
  0x06, 0x3f, 0x77, 0x06, 0x3e, 0x75, 0x04, 0x3a, 0x71, 0x03, 0x37, 0x6b,
  0x05, 0x36, 0x67, 0x05, 0x34, 0x63
};

static const unsigned char kIconBmp48[] = {
  0x42, 0x4d, 0x36, 0x1b, 0x00, 0x00, 0x00, 0x00, 0x00, 0x00, 0x36, 0x00,
  0x00, 0x00, 0x28, 0x00, 0x00, 0x00, 0x30, 0x00, 0x00, 0x00, 0x30, 0x00,
  0x00, 0x00, 0x01, 0x00, 0x18, 0x00, 0x00, 0x00, 0x00, 0x00, 0x00, 0x1b,
  0x00, 0x00, 0x00, 0x00, 0x00, 0x00, 0x00, 0x00, 0x00, 0x00, 0x00, 0x00,
  0x00, 0x00, 0x00, 0x00, 0x00, 0x00, 0x00, 0x0e, 0x24, 0x05, 0x3c, 0x72,
  0x08, 0x52, 0x99, 0x00, 0x23, 0x48, 0x00, 0x0e, 0x21, 0x00, 0x1c, 0x3b,
  0x01, 0x13, 0x26, 0x01, 0x11, 0x23, 0x01, 0x12, 0x25, 0x00, 0x0f, 0x22,
  0x06, 0x48, 0x88, 0x08, 0x51, 0x97, 0x09, 0x4e, 0x8d, 0x00, 0x0f, 0x23,
  0x00, 0x0a, 0x1f, 0x04, 0x35, 0x63, 0x09, 0x4f, 0x91, 0x0b, 0x50, 0x8f,
  0x0a, 0x46, 0x80, 0x08, 0x42, 0x78, 0x0a, 0x48, 0x83, 0x0e, 0x52, 0x91,
  0x04, 0x34, 0x60, 0x00, 0x0e, 0x24, 0x00, 0x13, 0x2d, 0x09, 0x4b, 0x88,
  0x0b, 0x4e, 0x8d, 0x0b, 0x4a, 0x85, 0x09, 0x44, 0x7b, 0x08, 0x41, 0x77,
  0x05, 0x40, 0x78, 0x06, 0x3c, 0x71, 0x0b, 0x4e, 0x8b, 0x07, 0x49, 0x89,
  0x06, 0x47, 0x87, 0x08, 0x4a, 0x8a, 0x08, 0x4a, 0x88, 0x03, 0x3a, 0x71,
  0x07, 0x40, 0x78, 0x07, 0x4b, 0x8c, 0x06, 0x45, 0x83, 0x07, 0x3e, 0x74,
  0x08, 0x3e, 0x72, 0x06, 0x3f, 0x76, 0x05, 0x39, 0x6c, 0x06, 0x3b, 0x6c,
  0x04, 0x38, 0x6a, 0x02, 0x33, 0x64, 0x00, 0x0e, 0x22, 0x07, 0x47, 0x84,
  0x06, 0x45, 0x81, 0x00, 0x14, 0x2e, 0x01, 0x13, 0x27, 0x01, 0x14, 0x29,
  0x01, 0x12, 0x26, 0x01, 0x12, 0x26, 0x01, 0x15, 0x29, 0x00, 0x00, 0x05,
  0x05, 0x40, 0x77, 0x0c, 0x5b, 0xa4, 0x00, 0x21, 0x42, 0x00, 0x04, 0x16,
  0x00, 0x1d, 0x40, 0x00, 0x00, 0x0f, 0x07, 0x43, 0x7c, 0x0d, 0x50, 0x90,
  0x0d, 0x50, 0x8d, 0x0a, 0x48, 0x82, 0x0d, 0x4d, 0x88, 0x0e, 0x55, 0x96,
  0x07, 0x38, 0x67, 0x00, 0x1a, 0x36, 0x01, 0x1c, 0x38, 0x05, 0x39, 0x69,
  0x0e, 0x58, 0x9c, 0x0a, 0x4a, 0x87, 0x0a, 0x4b, 0x87, 0x0b, 0x4d, 0x8a,
  0x07, 0x40, 0x76, 0x0a, 0x46, 0x7e, 0x0a, 0x4a, 0x86, 0x09, 0x48, 0x83,
  0x0a, 0x4a, 0x86, 0x07, 0x45, 0x81, 0x07, 0x47, 0x85, 0x08, 0x46, 0x81,
  0x05, 0x45, 0x84, 0x05, 0x4a, 0x8c, 0x04, 0x3f, 0x7a, 0x05, 0x38, 0x6a,
  0x06, 0x3a, 0x6d, 0x08, 0x43, 0x7a, 0x09, 0x42, 0x7a, 0x06, 0x39, 0x69,
  0x03, 0x31, 0x5d, 0x04, 0x33, 0x61, 0x00, 0x1a, 0x35, 0x08, 0x4a, 0x88,
  0x03, 0x34, 0x64, 0x00, 0x00, 0x0d, 0x01, 0x16, 0x2e, 0x02, 0x0b, 0x14,
  0x00, 0x12, 0x29, 0x00, 0x17, 0x31, 0x02, 0x14, 0x26, 0x00, 0x00, 0x06,
  0x02, 0x36, 0x67, 0x0c, 0x60, 0xad, 0x04, 0x38, 0x68, 0x00, 0x00, 0x00,
  0x00, 0x0f, 0x25, 0x01, 0x1d, 0x37, 0x0d, 0x57, 0x9a, 0x0a, 0x4b, 0x89,
  0x0c, 0x4e, 0x8b, 0x0a, 0x48, 0x82, 0x0b, 0x49, 0x83, 0x0f, 0x58, 0x9c,
  0x04, 0x35, 0x64, 0x02, 0x23, 0x44, 0x08, 0x3c, 0x6b, 0x00, 0x1e, 0x40,
  0x08, 0x4f, 0x92, 0x0c, 0x4e, 0x8b, 0x0b, 0x4b, 0x88, 0x07, 0x3f, 0x75,
  0x0a, 0x49, 0x83, 0x0b, 0x4e, 0x8c, 0x08, 0x47, 0x84, 0x0c, 0x51, 0x90,
  0x08, 0x4a, 0x89, 0x08, 0x49, 0x86, 0x0b, 0x50, 0x8f, 0x0a, 0x4c, 0x89,
  0x08, 0x4b, 0x8b, 0x08, 0x4c, 0x8d, 0x0a, 0x4b, 0x88, 0x08, 0x41, 0x77,
  0x06, 0x39, 0x6b, 0x05, 0x3a, 0x6e, 0x05, 0x3a, 0x6d, 0x06, 0x39, 0x6b,
  0x09, 0x49, 0x84, 0x08, 0x47, 0x82, 0x00, 0x00, 0x03, 0x04, 0x3b, 0x70,
  0x0c, 0x60, 0xaf, 0x02, 0x32, 0x61, 0x00, 0x06, 0x12, 0x01, 0x11, 0x23,
  0x01, 0x0c, 0x19, 0x01, 0x0f, 0x1f, 0x02, 0x13, 0x25, 0x00, 0x03, 0x0b,
  0x02, 0x30, 0x5d, 0x0a, 0x5d, 0xaa, 0x01, 0x18, 0x30, 0x00, 0x08, 0x15,
  0x00, 0x18, 0x32, 0x00, 0x00, 0x07, 0x04, 0x37, 0x67, 0x0f, 0x5b, 0xa0,
  0x0f, 0x56, 0x97, 0x0d, 0x54, 0x94, 0x0b, 0x59, 0xa0, 0x0d, 0x5e, 0xa7,
  0x11, 0x5e, 0xa3, 0x01, 0x1b, 0x33, 0x00, 0x00, 0x00, 0x01, 0x22, 0x45,
  0x0a, 0x52, 0x96, 0x0c, 0x51, 0x91, 0x0a, 0x4b, 0x89, 0x0b, 0x4b, 0x87,
  0x0c, 0x4e, 0x8a, 0x09, 0x4d, 0x8e, 0x08, 0x47, 0x84, 0x0a, 0x4c, 0x8a,
  0x08, 0x4c, 0x8e, 0x0e, 0x55, 0x97, 0x0e, 0x55, 0x96, 0x0d, 0x51, 0x90,
  0x0b, 0x4e, 0x8d, 0x09, 0x48, 0x83, 0x0c, 0x4d, 0x89, 0x0b, 0x49, 0x82,
  0x07, 0x40, 0x77, 0x05, 0x3c, 0x73, 0x06, 0x3c, 0x72, 0x09, 0x4c, 0x8b,
  0x08, 0x51, 0x97, 0x04, 0x48, 0x88, 0x00, 0x10, 0x26, 0x00, 0x1a, 0x38,
  0x02, 0x32, 0x61, 0x09, 0x52, 0x97, 0x01, 0x1c, 0x38, 0x01, 0x02, 0x03,
  0x02, 0x0c, 0x18, 0x02, 0x0d, 0x18, 0x02, 0x0d, 0x18, 0x01, 0x0a, 0x18,
  0x00, 0x1b, 0x37, 0x01, 0x2d, 0x59, 0x00, 0x0d, 0x1e, 0x01, 0x09, 0x12,
  0x02, 0x11, 0x1f, 0x00, 0x00, 0x00, 0x09, 0x43, 0x79, 0x0c, 0x55, 0x99,
  0x09, 0x4a, 0x86, 0x07, 0x46, 0x80, 0x06, 0x45, 0x80, 0x06, 0x4a, 0x88,
  0x0f, 0x62, 0xad, 0x11, 0x61, 0xa9, 0x00, 0x00, 0x05, 0x06, 0x3d, 0x70,
  0x0f, 0x5c, 0xa2, 0x08, 0x48, 0x85, 0x05, 0x43, 0x80, 0x0c, 0x52, 0x93,
  0x0b, 0x4e, 0x8c, 0x08, 0x48, 0x86, 0x08, 0x49, 0x87, 0x09, 0x4d, 0x8c,
  0x0a, 0x4f, 0x8f, 0x0f, 0x58, 0x9a, 0x0e, 0x56, 0x97, 0x0b, 0x4e, 0x8d,
  0x08, 0x4a, 0x8a, 0x0d, 0x51, 0x8f, 0x0d, 0x4d, 0x88, 0x0f, 0x50, 0x8b,
  0x0d, 0x51, 0x8f, 0x0d, 0x53, 0x93, 0x11, 0x5b, 0x9c, 0x0d, 0x53, 0x93,
  0x08, 0x4c, 0x8d, 0x0b, 0x4f, 0x8f, 0x00, 0x11, 0x26, 0x00, 0x10, 0x26,
  0x01, 0x00, 0x00, 0x00, 0x0f, 0x23, 0x00, 0x17, 0x31, 0x00, 0x0f, 0x22,
  0x01, 0x0d, 0x1b, 0x01, 0x0a, 0x14, 0x00, 0x13, 0x2a, 0x00, 0x17, 0x36,
  0x00, 0x11, 0x2b, 0x00, 0x03, 0x0e, 0x01, 0x09, 0x13, 0x01, 0x0d, 0x1b,
  0x01, 0x0a, 0x16, 0x01, 0x0d, 0x1a, 0x00, 0x0c, 0x19, 0x00, 0x00, 0x03,
  0x00, 0x00, 0x00, 0x00, 0x00, 0x00, 0x00, 0x00, 0x00, 0x00, 0x00, 0x07,
  0x00, 0x0d, 0x1e, 0x04, 0x2e, 0x54, 0x00, 0x07, 0x12, 0x00, 0x1e, 0x3d,
  0x12, 0x60, 0xa8, 0x0f, 0x5a, 0x9f, 0x0d, 0x56, 0x9a, 0x0f, 0x5a, 0x9f,
  0x11, 0x5c, 0xa0, 0x0f, 0x59, 0x9d, 0x0e, 0x59, 0x9f, 0x10, 0x5e, 0xa4,
  0x11, 0x5e, 0xa2, 0x0f, 0x58, 0x9b, 0x11, 0x5b, 0x9c, 0x0e, 0x51, 0x8e,
  0x0a, 0x49, 0x84, 0x0e, 0x51, 0x8d, 0x11, 0x55, 0x91, 0x11, 0x59, 0x97,
  0x0d, 0x51, 0x90, 0x0d, 0x51, 0x8f, 0x11, 0x5a, 0x9a, 0x0e, 0x53, 0x91,
  0x0b, 0x4d, 0x8a, 0x10, 0x59, 0x9b, 0x01, 0x11, 0x25, 0x00, 0x15, 0x30,
  0x00, 0x14, 0x2b, 0x00, 0x14, 0x2c, 0x00, 0x12, 0x28, 0x00, 0x11, 0x26,
  0x00, 0x13, 0x2d, 0x00, 0x14, 0x2f, 0x00, 0x10, 0x28, 0x00, 0x0e, 0x22,
  0x01, 0x05, 0x0b, 0x02, 0x0b, 0x14, 0x02, 0x1c, 0x37, 0x02, 0x20, 0x3c,
  0x02, 0x22, 0x42, 0x02, 0x1a, 0x32, 0x02, 0x11, 0x20, 0x03, 0x1a, 0x30,
  0x03, 0x1e, 0x36, 0x03, 0x1c, 0x33, 0x02, 0x17, 0x2b, 0x01, 0x1e, 0x38,
  0x02, 0x16, 0x29, 0x00, 0x00, 0x00, 0x02, 0x11, 0x21, 0x00, 0x09, 0x16,
  0x03, 0x29, 0x4c, 0x07, 0x3a, 0x69, 0x07, 0x3a, 0x68, 0x07, 0x38, 0x66,
  0x07, 0x3b, 0x6b, 0x07, 0x41, 0x76, 0x08, 0x44, 0x7b, 0x09, 0x49, 0x84,
  0x0a, 0x4d, 0x8b, 0x0e, 0x57, 0x9a, 0x0f, 0x5b, 0xa0, 0x14, 0x64, 0xab,
  0x14, 0x61, 0xa7, 0x10, 0x5a, 0x9d, 0x11, 0x5c, 0x9f, 0x0f, 0x55, 0x94,
  0x08, 0x48, 0x86, 0x07, 0x49, 0x88, 0x0c, 0x51, 0x91, 0x0d, 0x51, 0x90,
  0x0e, 0x53, 0x91, 0x0e, 0x54, 0x93, 0x01, 0x14, 0x2b, 0x00, 0x13, 0x2c,
  0x00, 0x12, 0x29, 0x01, 0x0c, 0x17, 0x01, 0x10, 0x22, 0x00, 0x15, 0x30,
  0x00, 0x15, 0x32, 0x00, 0x0e, 0x1f, 0x02, 0x14, 0x24, 0x02, 0x17, 0x28,
  0x02, 0x1a, 0x2f, 0x02, 0x1d, 0x38, 0x01, 0x1b, 0x34, 0x01, 0x19, 0x30,
  0x02, 0x19, 0x2f, 0x02, 0x1c, 0x35, 0x02, 0x1a, 0x30, 0x03, 0x13, 0x20,
  0x04, 0x17, 0x27, 0x04, 0x1a, 0x2f, 0x04, 0x13, 0x1f, 0x03, 0x0b, 0x0f,
  0x02, 0x13, 0x23, 0x03, 0x1f, 0x38, 0x04, 0x25, 0x42, 0x04, 0x26, 0x45,
  0x01, 0x13, 0x27, 0x00, 0x0c, 0x1c, 0x00, 0x08, 0x14, 0x00, 0x03, 0x0d,
  0x00, 0x05, 0x10, 0x00, 0x04, 0x10, 0x00, 0x03, 0x10, 0x00, 0x0a, 0x1a,
  0x00, 0x0f, 0x23, 0x00, 0x18, 0x32, 0x01, 0x21, 0x40, 0x05, 0x35, 0x61,
  0x06, 0x3c, 0x6f, 0x08, 0x3f, 0x72, 0x0d, 0x4c, 0x86, 0x0d, 0x4f, 0x8b,
  0x0e, 0x56, 0x98, 0x11, 0x5d, 0xa3, 0x0e, 0x57, 0x9c, 0x11, 0x5e, 0xa3,
  0x12, 0x60, 0xa6, 0x10, 0x5c, 0xa0, 0x02, 0x07, 0x0b, 0x01, 0x10, 0x24,
  0x01, 0x0c, 0x18, 0x01, 0x10, 0x22, 0x00, 0x14, 0x2f, 0x00, 0x18, 0x38,
  0x00, 0x0b, 0x19, 0x01, 0x15, 0x27, 0x03, 0x23, 0x40, 0x02, 0x15, 0x29,
  0x02, 0x18, 0x2c, 0x02, 0x1e, 0x39, 0x03, 0x18, 0x2c, 0x03, 0x12, 0x1f,
  0x03, 0x09, 0x0d, 0x03, 0x06, 0x05, 0x03, 0x0b, 0x12, 0x02, 0x10, 0x1e,
  0x01, 0x0b, 0x16, 0x02, 0x09, 0x11, 0x02, 0x0b, 0x12, 0x02, 0x0c, 0x15,
  0x01, 0x08, 0x10, 0x02, 0x09, 0x12, 0x01, 0x08, 0x10, 0x02, 0x0c, 0x17,
  0x03, 0x11, 0x1d, 0x03, 0x13, 0x22, 0x02, 0x15, 0x28, 0x02, 0x12, 0x22,
  0x02, 0x13, 0x24, 0x02, 0x16, 0x29, 0x02, 0x17, 0x2c, 0x02, 0x15, 0x28,
  0x02, 0x12, 0x23, 0x01, 0x10, 0x21, 0x00, 0x0c, 0x1c, 0x00, 0x00, 0x07,
  0x00, 0x06, 0x10, 0x00, 0x07, 0x15, 0x00, 0x04, 0x10, 0x00, 0x08, 0x16,
  0x00, 0x1a, 0x34, 0x03, 0x29, 0x4c, 0x06, 0x36, 0x62, 0x09, 0x40, 0x72,
  0x08, 0x40, 0x74, 0x0b, 0x49, 0x81, 0x01, 0x12, 0x26, 0x02, 0x09, 0x0f,
  0x00, 0x14, 0x30, 0x00, 0x1a, 0x39, 0x00, 0x15, 0x30, 0x01, 0x01, 0x07,
  0x01, 0x0a, 0x15, 0x00, 0x15, 0x2b, 0x01, 0x0f, 0x1e, 0x02, 0x16, 0x2a,
  0x03, 0x14, 0x24, 0x04, 0x08, 0x08, 0x04, 0x07, 0x06, 0x02, 0x0f, 0x1e,
  0x01, 0x16, 0x2e, 0x00, 0x1b, 0x39, 0x00, 0x1c, 0x3c, 0x00, 0x20, 0x41,
  0x00, 0x28, 0x50, 0x01, 0x27, 0x4e, 0x00, 0x21, 0x43, 0x01, 0x26, 0x4b,
  0x02, 0x28, 0x4d, 0x02, 0x26, 0x46, 0x03, 0x22, 0x41, 0x01, 0x1f, 0x3e,
  0x01, 0x20, 0x40, 0x02, 0x20, 0x3e, 0x02, 0x18, 0x2d, 0x03, 0x20, 0x3c,
  0x03, 0x26, 0x46, 0x03, 0x29, 0x4c, 0x00, 0x22, 0x46, 0x00, 0x1e, 0x41,
  0x00, 0x1e, 0x3e, 0x01, 0x24, 0x46, 0x02, 0x25, 0x46, 0x02, 0x24, 0x43,
  0x02, 0x25, 0x47, 0x03, 0x25, 0x46, 0x03, 0x25, 0x46, 0x03, 0x25, 0x45,
  0x03, 0x20, 0x3c, 0x02, 0x18, 0x2d, 0x00, 0x16, 0x2c, 0x00, 0x0f, 0x21,
  0x00, 0x0b, 0x1b, 0x00, 0x0e, 0x22, 0x02, 0x08, 0x0c, 0x00, 0x12, 0x2c,
  0x00, 0x1b, 0x3f, 0x00, 0x0f, 0x29, 0x00, 0x06, 0x10, 0x03, 0x22, 0x3d,
  0x06, 0x33, 0x5b, 0x05, 0x27, 0x46, 0x04, 0x21, 0x3a, 0x05, 0x1c, 0x30,
  0x03, 0x15, 0x24, 0x01, 0x18, 0x30, 0x00, 0x23, 0x47, 0x00, 0x23, 0x46,
  0x00, 0x13, 0x2b, 0x01, 0x09, 0x15, 0x00, 0x0f, 0x21, 0x01, 0x15, 0x2c,
  0x03, 0x20, 0x3c, 0x00, 0x14, 0x2b, 0x02, 0x16, 0x2a, 0x0b, 0x33, 0x59,
  0x02, 0x27, 0x49, 0x02, 0x1f, 0x3a, 0x02, 0x1e, 0x39, 0x01, 0x18, 0x2e,
  0x02, 0x1d, 0x37, 0x01, 0x1c, 0x39, 0x01, 0x12, 0x24, 0x04, 0x21, 0x3d,
  0x03, 0x22, 0x3e, 0x01, 0x21, 0x41, 0x01, 0x2c, 0x56, 0x01, 0x28, 0x50,
  0x0b, 0x37, 0x61, 0x05, 0x30, 0x59, 0x02, 0x29, 0x4e, 0x00, 0x25, 0x4c,
  0x01, 0x2d, 0x57, 0x04, 0x28, 0x49, 0x06, 0x25, 0x41, 0x03, 0x1f, 0x38,
  0x0a, 0x26, 0x3d, 0x0a, 0x2b, 0x47, 0x06, 0x26, 0x42, 0x06, 0x22, 0x3a,
  0x04, 0x27, 0x45, 0x09, 0x30, 0x51, 0x00, 0x15, 0x30, 0x00, 0x1d, 0x3e,
  0x00, 0x11, 0x2d, 0x01, 0x15, 0x28, 0x07, 0x38, 0x62, 0x07, 0x3b, 0x69,
  0x04, 0x1d, 0x35, 0x05, 0x0e, 0x15, 0x03, 0x12, 0x21, 0x01, 0x15, 0x2a,
  0x00, 0x1f, 0x3f, 0x01, 0x2e, 0x59, 0x03, 0x31, 0x5c, 0x01, 0x0d, 0x18,
  0x01, 0x12, 0x26, 0x00, 0x2c, 0x5a, 0x00, 0x2a, 0x59, 0x00, 0x2a, 0x57,
  0x03, 0x3e, 0x76, 0x09, 0x3c, 0x6a, 0x09, 0x31, 0x55, 0x01, 0x24, 0x47,
  0x00, 0x0f, 0x26, 0x00, 0x0f, 0x27, 0x05, 0x24, 0x41, 0x01, 0x20, 0x3e,
  0x00, 0x15, 0x32, 0x04, 0x29, 0x4a, 0x03, 0x2b, 0x52, 0x0a, 0x38, 0x61,
  0x07, 0x34, 0x5d, 0x04, 0x27, 0x4b, 0x04, 0x25, 0x44, 0x07, 0x28, 0x46,
  0x0c, 0x33, 0x55, 0x00, 0x0c, 0x1a, 0x00, 0x12, 0x23, 0x05, 0x21, 0x3a,
  0x00, 0x11, 0x29, 0x1a, 0x40, 0x5e, 0x12, 0x32, 0x4d, 0x10, 0x32, 0x4c,
  0x0f, 0x31, 0x4a, 0x2f, 0x67, 0x8f, 0x2c, 0x63, 0x8b, 0x0e, 0x33, 0x51,
  0x0f, 0x35, 0x53, 0x18, 0x40, 0x5e, 0x00, 0x19, 0x3a, 0x00, 0x16, 0x33,
  0x02, 0x1b, 0x33, 0x05, 0x37, 0x62, 0x04, 0x2b, 0x4e, 0x00, 0x07, 0x10,
  0x05, 0x16, 0x22, 0x07, 0x25, 0x3e, 0x01, 0x1f, 0x3c, 0x00, 0x1a, 0x34,
  0x02, 0x1b, 0x32, 0x05, 0x25, 0x40, 0x06, 0x20, 0x36, 0x00, 0x15, 0x2f,
  0x00, 0x32, 0x6b, 0x00, 0x2d, 0x61, 0x02, 0x0d, 0x18, 0x01, 0x12, 0x24,
  0x00, 0x15, 0x2a, 0x02, 0x33, 0x62, 0x08, 0x38, 0x66, 0x16, 0x48, 0x74,
  0x12, 0x41, 0x6b, 0x0f, 0x3c, 0x63, 0x10, 0x41, 0x6a, 0x0d, 0x44, 0x76,
  0x0c, 0x42, 0x73, 0x08, 0x3b, 0x6a, 0x00, 0x2b, 0x59, 0x00, 0x23, 0x44,
  0x09, 0x2f, 0x52, 0x03, 0x25, 0x43, 0x02, 0x18, 0x29, 0x06, 0x30, 0x56,
  0x0c, 0x3b, 0x64, 0x13, 0x30, 0x45, 0x11, 0x32, 0x4a, 0x25, 0x5a, 0x84,
  0x1b, 0x4a, 0x6e, 0x0c, 0x2e, 0x4b, 0x0c, 0x2d, 0x4a, 0x15, 0x42, 0x68,
  0x0d, 0x34, 0x55, 0x13, 0x38, 0x55, 0x10, 0x39, 0x5c, 0x01, 0x2e, 0x58,
  0x04, 0x1f, 0x38, 0x00, 0x20, 0x43, 0x00, 0x1b, 0x41, 0x01, 0x17, 0x2d,
  0x09, 0x32, 0x56, 0x01, 0x12, 0x24, 0x02, 0x0c, 0x14, 0x15, 0x41, 0x63,
  0x0a, 0x28, 0x42, 0x00, 0x0c, 0x19, 0x00, 0x07, 0x13, 0x04, 0x1c, 0x30,
  0x0a, 0x28, 0x3f, 0x04, 0x12, 0x1b, 0x01, 0x0c, 0x19, 0x00, 0x1d, 0x41,
  0x00, 0x25, 0x52, 0x03, 0x02, 0x00, 0x01, 0x1e, 0x3f, 0x00, 0x2a, 0x5b,
  0x00, 0x22, 0x4a, 0x00, 0x04, 0x11, 0x00, 0x28, 0x52, 0x01, 0x38, 0x6d,
  0x04, 0x31, 0x5e, 0x0a, 0x37, 0x61, 0x13, 0x46, 0x74, 0x12, 0x44, 0x73,
  0x00, 0x27, 0x4f, 0x00, 0x25, 0x4d, 0x05, 0x31, 0x5b, 0x19, 0x41, 0x61,
  0x14, 0x46, 0x6f, 0x08, 0x2b, 0x4a, 0x28, 0x5e, 0x88, 0x25, 0x62, 0x91,
  0x14, 0x44, 0x6c, 0x1e, 0x4f, 0x75, 0x15, 0x3a, 0x59, 0x16, 0x41, 0x65,
  0x0a, 0x31, 0x56, 0x01, 0x2c, 0x54, 0x00, 0x09, 0x18, 0x08, 0x38, 0x65,
  0x02, 0x38, 0x6a, 0x00, 0x00, 0x00, 0x00, 0x12, 0x27, 0x07, 0x42, 0x78,
  0x00, 0x15, 0x2e, 0x01, 0x1a, 0x36, 0x00, 0x17, 0x35, 0x06, 0x21, 0x37,
  0x00, 0x12, 0x23, 0x0a, 0x26, 0x3d, 0x0e, 0x33, 0x51, 0x05, 0x1b, 0x2d,
  0x06, 0x1a, 0x2a, 0x0a, 0x25, 0x3b, 0x17, 0x3b, 0x58, 0x06, 0x1d, 0x30,
  0x07, 0x1e, 0x30, 0x08, 0x19, 0x23, 0x01, 0x06, 0x10, 0x02, 0x33, 0x60,
  0x00, 0x25, 0x4c, 0x02, 0x09, 0x12, 0x00, 0x32, 0x64, 0x00, 0x1b, 0x3e,
  0x01, 0x2a, 0x53, 0x01, 0x27, 0x50, 0x03, 0x01, 0x00, 0x00, 0x1f, 0x44,
  0x00, 0x2c, 0x5d, 0x07, 0x3a, 0x6b, 0x00, 0x27, 0x51, 0x00, 0x23, 0x4e,
  0x02, 0x2f, 0x5b, 0x14, 0x48, 0x75, 0x21, 0x5c, 0x8b, 0x29, 0x61, 0x8d,
  0x03, 0x28, 0x47, 0x0e, 0x30, 0x4f, 0x20, 0x51, 0x79, 0x0c, 0x32, 0x54,
  0x00, 0x1b, 0x34, 0x00, 0x12, 0x2c, 0x00, 0x39, 0x6f, 0x00, 0x13, 0x2c,
  0x00, 0x04, 0x0d, 0x09, 0x41, 0x75, 0x01, 0x0b, 0x16, 0x04, 0x1e, 0x35,
  0x06, 0x36, 0x63, 0x01, 0x11, 0x22, 0x03, 0x16, 0x28, 0x01, 0x12, 0x25,
  0x00, 0x03, 0x12, 0x02, 0x17, 0x2b, 0x05, 0x16, 0x22, 0x04, 0x12, 0x1d,
  0x10, 0x35, 0x54, 0x0f, 0x34, 0x54, 0x00, 0x0f, 0x1d, 0x05, 0x1e, 0x32,
  0x12, 0x40, 0x65, 0x13, 0x3b, 0x5c, 0x34, 0x70, 0x9d, 0x17, 0x3b, 0x59,
  0x05, 0x1e, 0x32, 0x10, 0x2d, 0x42, 0x01, 0x0b, 0x17, 0x00, 0x29, 0x5a,
  0x00, 0x20, 0x45, 0x03, 0x00, 0x00, 0x01, 0x2c, 0x55, 0x02, 0x39, 0x6e,
  0x01, 0x20, 0x44, 0x00, 0x34, 0x68, 0x02, 0x2e, 0x59, 0x03, 0x00, 0x00,
  0x02, 0x18, 0x31, 0x06, 0x29, 0x48, 0x06, 0x28, 0x47, 0x02, 0x23, 0x42,
  0x01, 0x20, 0x3f, 0x02, 0x24, 0x45, 0x01, 0x23, 0x44, 0x00, 0x00, 0x08,
  0x04, 0x2f, 0x58, 0x00, 0x17, 0x33, 0x00, 0x07, 0x18, 0x0d, 0x4e, 0x89,
  0x00, 0x09, 0x14, 0x03, 0x00, 0x00, 0x0a, 0x44, 0x78, 0x04, 0x1d, 0x34,
  0x03, 0x07, 0x09, 0x02, 0x11, 0x21, 0x02, 0x12, 0x22, 0x04, 0x15, 0x25,
  0x02, 0x0a, 0x14, 0x00, 0x00, 0x05, 0x00, 0x07, 0x15, 0x09, 0x35, 0x5b,
  0x0b, 0x3a, 0x64, 0x00, 0x02, 0x13, 0x00, 0x08, 0x0f, 0x11, 0x3b, 0x5e,
  0x0d, 0x31, 0x4f, 0x05, 0x1c, 0x2e, 0x01, 0x0d, 0x17, 0x0e, 0x33, 0x54,
  0x0a, 0x32, 0x56, 0x0e, 0x34, 0x54, 0x16, 0x3f, 0x60, 0x17, 0x40, 0x62,
  0x08, 0x1f, 0x30, 0x0c, 0x24, 0x34, 0x03, 0x0b, 0x11, 0x00, 0x2d, 0x63,
  0x00, 0x20, 0x48, 0x08, 0x15, 0x17, 0x03, 0x00, 0x00, 0x00, 0x2b, 0x5a,
  0x01, 0x37, 0x6c, 0x00, 0x19, 0x41, 0x04, 0x46, 0x85, 0x03, 0x1d, 0x38,
  0x04, 0x00, 0x00, 0x02, 0x05, 0x09, 0x02, 0x06, 0x0b, 0x02, 0x12, 0x20,
  0x01, 0x18, 0x32, 0x01, 0x11, 0x25, 0x00, 0x1c, 0x3a, 0x03, 0x0b, 0x13,
  0x03, 0x1b, 0x30, 0x02, 0x13, 0x21, 0x03, 0x04, 0x00, 0x0d, 0x3e, 0x66,
  0x02, 0x0a, 0x0f, 0x03, 0x09, 0x0e, 0x03, 0x14, 0x23, 0x02, 0x10, 0x1d,
  0x02, 0x0c, 0x1a, 0x01, 0x09, 0x15, 0x01, 0x0f, 0x1f, 0x00, 0x00, 0x05,
  0x09, 0x3b, 0x6a, 0x11, 0x52, 0x8b, 0x00, 0x00, 0x04, 0x12, 0x5b, 0x9a,
  0x1d, 0x77, 0xc1, 0x02, 0x26, 0x47, 0x0a, 0x27, 0x3f, 0x08, 0x2f, 0x51,
  0x07, 0x28, 0x44, 0x0e, 0x35, 0x53, 0x04, 0x13, 0x20, 0x06, 0x1b, 0x2a,
  0x04, 0x11, 0x1b, 0x00, 0x13, 0x26, 0x00, 0x13, 0x25, 0x0a, 0x26, 0x3c,
  0x06, 0x1a, 0x2a, 0x05, 0x17, 0x23, 0x04, 0x0b, 0x0e, 0x00, 0x28, 0x58,
  0x00, 0x25, 0x53, 0x07, 0x18, 0x21, 0x0b, 0x29, 0x40, 0x01, 0x00, 0x00,
  0x04, 0x3c, 0x6e, 0x06, 0x46, 0x80, 0x00, 0x27, 0x56, 0x05, 0x45, 0x80,
  0x02, 0x0a, 0x16, 0x03, 0x07, 0x07, 0x02, 0x10, 0x1f, 0x02, 0x04, 0x06,
  0x02, 0x0b, 0x15, 0x02, 0x13, 0x25, 0x03, 0x05, 0x02, 0x03, 0x0d, 0x15,
  0x02, 0x06, 0x06, 0x02, 0x08, 0x0c, 0x02, 0x0b, 0x14, 0x00, 0x00, 0x01,
  0x02, 0x0e, 0x19, 0x02, 0x11, 0x20, 0x01, 0x0c, 0x18, 0x02, 0x0f, 0x1d,
  0x01, 0x1a, 0x34, 0x03, 0x22, 0x40, 0x15, 0x64, 0xaa, 0x02, 0x2b, 0x53,
  0x12, 0x5e, 0xa2, 0x1c, 0x78, 0xc4, 0x06, 0x2a, 0x4c, 0x0f, 0x53, 0x90,
  0x11, 0x60, 0xa7, 0x11, 0x59, 0x9a, 0x0a, 0x29, 0x43, 0x12, 0x36, 0x53,
  0x11, 0x39, 0x5b, 0x01, 0x0d, 0x16, 0x03, 0x0d, 0x14, 0x00, 0x17, 0x32,
  0x00, 0x10, 0x25, 0x01, 0x12, 0x26, 0x03, 0x0b, 0x0d, 0x00, 0x0a, 0x16,
  0x03, 0x0f, 0x14, 0x05, 0x0f, 0x14, 0x05, 0x06, 0x00, 0x00, 0x21, 0x4b,
  0x00, 0x32, 0x69, 0x01, 0x0d, 0x19, 0x08, 0x1c, 0x27, 0x0e, 0x30, 0x4b,
  0x02, 0x00, 0x00, 0x00, 0x21, 0x42, 0x00, 0x36, 0x6e, 0x00, 0x33, 0x6a,
  0x01, 0x32, 0x62, 0x02, 0x00, 0x00, 0x00, 0x19, 0x34, 0x01, 0x18, 0x31,
  0x03, 0x05, 0x02, 0x03, 0x08, 0x09, 0x03, 0x0a, 0x0d, 0x03, 0x0a, 0x0d,
  0x03, 0x0c, 0x14, 0x03, 0x0c, 0x14, 0x03, 0x0b, 0x11, 0x03, 0x0d, 0x13,
  0x02, 0x0b, 0x14, 0x03, 0x0d, 0x16, 0x02, 0x12, 0x23, 0x00, 0x0d, 0x22,
  0x0e, 0x5a, 0x9e, 0x11, 0x5f, 0xa5, 0x14, 0x64, 0xaa, 0x0f, 0x5a, 0x9d,
  0x12, 0x5f, 0xa4, 0x14, 0x65, 0xaa, 0x11, 0x55, 0x93, 0x12, 0x60, 0xa5,
  0x11, 0x60, 0xa6, 0x15, 0x69, 0xaf, 0x0e, 0x2f, 0x4a, 0x21, 0x57, 0x82,
  0x0b, 0x30, 0x4d, 0x02, 0x0f, 0x1d, 0x00, 0x14, 0x2c, 0x00, 0x1b, 0x3e,
  0x01, 0x0f, 0x1f, 0x01, 0x09, 0x12, 0x00, 0x11, 0x2c, 0x00, 0x0b, 0x1e,
  0x00, 0x01, 0x0e, 0x01, 0x03, 0x0e, 0x02, 0x00, 0x00, 0x00, 0x22, 0x4c,
  0x00, 0x2e, 0x63, 0x01, 0x16, 0x2e, 0x04, 0x00, 0x00, 0x09, 0x24, 0x39,
  0x0c, 0x2f, 0x49, 0x03, 0x01, 0x00, 0x00, 0x1c, 0x39, 0x00, 0x32, 0x67,
  0x02, 0x33, 0x63, 0x03, 0x27, 0x47, 0x01, 0x09, 0x13, 0x03, 0x08, 0x0a,
  0x03, 0x04, 0x00, 0x02, 0x0b, 0x17, 0x02, 0x0c, 0x18, 0x03, 0x0a, 0x12,
  0x03, 0x06, 0x04, 0x04, 0x03, 0x00, 0x03, 0x08, 0x09, 0x02, 0x09, 0x12,
  0x03, 0x06, 0x06, 0x04, 0x03, 0x00, 0x02, 0x0b, 0x13, 0x00, 0x0c, 0x1e,
  0x00, 0x17, 0x31, 0x0f, 0x5d, 0xa3, 0x0f, 0x54, 0x92, 0x11, 0x60, 0xa5,
  0x14, 0x63, 0xa5, 0x14, 0x62, 0xa6, 0x11, 0x5f, 0xa6, 0x11, 0x5e, 0xa1,
  0x14, 0x63, 0xa7, 0x11, 0x5f, 0xa3, 0x0b, 0x25, 0x3a, 0x10, 0x39, 0x5a,
  0x05, 0x1c, 0x2d, 0x00, 0x10, 0x27, 0x00, 0x1c, 0x3f, 0x03, 0x09, 0x0f,
  0x00, 0x12, 0x29, 0x00, 0x1d, 0x44, 0x02, 0x44, 0x7f, 0x00, 0x2a, 0x56,
  0x01, 0x40, 0x7d, 0x00, 0x43, 0x82, 0x00, 0x2d, 0x5a, 0x00, 0x26, 0x4e,
  0x00, 0x2d, 0x66, 0x00, 0x1e, 0x42, 0x03, 0x00, 0x00, 0x03, 0x00, 0x00,
  0x07, 0x13, 0x17, 0x09, 0x26, 0x3d, 0x04, 0x0c, 0x0e, 0x01, 0x18, 0x31,
  0x00, 0x27, 0x56, 0x00, 0x24, 0x50, 0x01, 0x15, 0x2b, 0x02, 0x0c, 0x19,
  0x00, 0x18, 0x36, 0x00, 0x11, 0x28, 0x00, 0x11, 0x27, 0x01, 0x07, 0x0e,
  0x00, 0x13, 0x2f, 0x00, 0x20, 0x4b, 0x00, 0x26, 0x59, 0x00, 0x25, 0x4f,
  0x00, 0x1f, 0x46, 0x00, 0x19, 0x3d, 0x03, 0x0b, 0x12, 0x03, 0x08, 0x0a,
  0x00, 0x00, 0x04, 0x00, 0x0e, 0x20, 0x00, 0x23, 0x44, 0x17, 0x6d, 0xb8,
  0x1a, 0x6f, 0xb7, 0x15, 0x66, 0xab, 0x13, 0x66, 0xac, 0x13, 0x5c, 0x9d,
  0x16, 0x62, 0xa2, 0x14, 0x5e, 0x9e, 0x11, 0x38, 0x56, 0x12, 0x3b, 0x5b,
  0x00, 0x12, 0x22, 0x00, 0x19, 0x39, 0x02, 0x0b, 0x14, 0x00, 0x1c, 0x41,
  0x00, 0x3f, 0x80, 0x00, 0x31, 0x6b, 0x02, 0x41, 0x7a, 0x00, 0x3b, 0x76,
  0x02, 0x27, 0x4e, 0x02, 0x32, 0x64, 0x02, 0x34, 0x65, 0x00, 0x31, 0x65,
  0x00, 0x29, 0x58, 0x00, 0x22, 0x48, 0x00, 0x17, 0x35, 0x00, 0x22, 0x4a,
  0x01, 0x01, 0x07, 0x04, 0x03, 0x00, 0x06, 0x14, 0x1c, 0x05, 0x05, 0x00,
  0x01, 0x09, 0x16, 0x00, 0x0e, 0x22, 0x01, 0x16, 0x30, 0x00, 0x1c, 0x3e,
  0x00, 0x16, 0x31, 0x01, 0x0d, 0x1d, 0x01, 0x0b, 0x18, 0x00, 0x22, 0x4b,
  0x01, 0x2e, 0x5c, 0x00, 0x2c, 0x5f, 0x00, 0x2c, 0x63, 0x02, 0x34, 0x64,
  0x02, 0x38, 0x6c, 0x00, 0x2a, 0x5c, 0x00, 0x19, 0x45, 0x01, 0x0f, 0x20,
  0x03, 0x0a, 0x0c, 0x02, 0x06, 0x0b, 0x00, 0x03, 0x0b, 0x08, 0x38, 0x64,
  0x0a, 0x40, 0x71, 0x19, 0x73, 0xc1, 0x13, 0x5c, 0x99, 0x16, 0x5f, 0x9e,
  0x17, 0x61, 0xa1, 0x15, 0x5e, 0x9e, 0x15, 0x46, 0x6d, 0x0d, 0x2b, 0x42,
  0x02, 0x1d, 0x39, 0x00, 0x10, 0x26, 0x00, 0x03, 0x12, 0x00, 0x43, 0x87,
  0x00, 0x33, 0x68, 0x03, 0x00, 0x00, 0x00, 0x05, 0x15, 0x04, 0x0b, 0x13,
  0x08, 0x12, 0x12, 0x07, 0x0f, 0x0c, 0x04, 0x07, 0x08, 0x01, 0x41, 0x7c,
  0x02, 0x33, 0x64, 0x00, 0x29, 0x5a, 0x01, 0x25, 0x48, 0x00, 0x34, 0x6c,
  0x00, 0x37, 0x71, 0x00, 0x13, 0x30, 0x00, 0x09, 0x1b, 0x03, 0x08, 0x0d,
  0x03, 0x03, 0x00, 0x02, 0x0f, 0x21, 0x00, 0x1c, 0x3d, 0x00, 0x0e, 0x20,
  0x00, 0x10, 0x24, 0x01, 0x08, 0x13, 0x00, 0x20, 0x49, 0x00, 0x25, 0x57,
  0x00, 0x2d, 0x60, 0x00, 0x23, 0x4f, 0x00, 0x1d, 0x45, 0x00, 0x26, 0x55,
  0x00, 0x2f, 0x62, 0x00, 0x3d, 0x7b, 0x02, 0x3d, 0x71, 0x00, 0x1d, 0x4c,
  0x01, 0x0e, 0x22, 0x03, 0x0b, 0x0e, 0x02, 0x11, 0x22, 0x00, 0x00, 0x00,
  0x00, 0x00, 0x00, 0x12, 0x53, 0x8a, 0x05, 0x27, 0x46, 0x12, 0x54, 0x8f,
  0x1c, 0x6f, 0xb5, 0x1a, 0x66, 0xa6, 0x07, 0x2b, 0x4b, 0x04, 0x1e, 0x34,
  0x01, 0x12, 0x25, 0x00, 0x17, 0x35, 0x01, 0x30, 0x5e, 0x00, 0x1c, 0x3f,
  0x03, 0x02, 0x01, 0x02, 0x09, 0x12, 0x00, 0x28, 0x56, 0x03, 0x1a, 0x32,
  0x03, 0x14, 0x21, 0x01, 0x1b, 0x33, 0x03, 0x12, 0x1e, 0x04, 0x1d, 0x2f,
  0x03, 0x49, 0x88, 0x00, 0x2b, 0x62, 0x00, 0x28, 0x50, 0x03, 0x08, 0x0c,
  0x02, 0x28, 0x51, 0x01, 0x38, 0x71, 0x01, 0x31, 0x62, 0x00, 0x1f, 0x44,
  0x01, 0x11, 0x25, 0x00, 0x1b, 0x3f, 0x01, 0x28, 0x4f, 0x01, 0x14, 0x29,
  0x01, 0x06, 0x0f, 0x00, 0x1d, 0x3f, 0x02, 0x26, 0x4a, 0x00, 0x2b, 0x5a,
  0x05, 0x22, 0x3e, 0x0e, 0x20, 0x27, 0x0e, 0x21, 0x2b, 0x0b, 0x23, 0x36,
  0x01, 0x31, 0x5b, 0x01, 0x3a, 0x6e, 0x13, 0x76, 0xc6, 0x0d, 0x62, 0xa4,
  0x00, 0x14, 0x47, 0x03, 0x0d, 0x16, 0x02, 0x17, 0x2d, 0x05, 0x12, 0x1e,
  0x04, 0x10, 0x19, 0x00, 0x00, 0x00, 0x00, 0x00, 0x00, 0x09, 0x3a, 0x68,
  0x17, 0x66, 0xaa, 0x0c, 0x3e, 0x6c, 0x00, 0x19, 0x32, 0x05, 0x28, 0x46,
  0x04, 0x09, 0x08, 0x00, 0x1a, 0x38, 0x05, 0x4e, 0x8f, 0x00, 0x1a, 0x3a,
  0x02, 0x03, 0x0a, 0x00, 0x34, 0x67, 0x00, 0x22, 0x48, 0x05, 0x20, 0x36,
  0x08, 0x2e, 0x4f, 0x10, 0x38, 0x57, 0x19, 0x4d, 0x75, 0x00, 0x00, 0x00,
  0x00, 0x1b, 0x36, 0x02, 0x43, 0x7e, 0x06, 0x37, 0x62, 0x01, 0x38, 0x6c,
  0x07, 0x01, 0x00, 0x05, 0x13, 0x1e, 0x00, 0x0e, 0x23, 0x01, 0x0b, 0x17,
  0x01, 0x0c, 0x1c, 0x00, 0x1c, 0x3f, 0x00, 0x14, 0x2e, 0x00, 0x12, 0x2b,
  0x00, 0x0f, 0x20, 0x00, 0x2a, 0x5e, 0x00, 0x33, 0x69, 0x06, 0x24, 0x40,
  0x0f, 0x1f, 0x1f, 0x0d, 0x21, 0x2d, 0x0e, 0x28, 0x38, 0x1d, 0x49, 0x65,
  0x12, 0x26, 0x33, 0x15, 0x5a, 0x8e, 0x0e, 0x52, 0x8c, 0x12, 0x7f, 0xd1,
  0x01, 0x42, 0x79, 0x00, 0x07, 0x1f, 0x06, 0x1b, 0x28, 0x00, 0x11, 0x26,
  0x01, 0x1d, 0x3a, 0x04, 0x1e, 0x36, 0x06, 0x10, 0x15, 0x03, 0x1a, 0x31,
  0x00, 0x0a, 0x1a, 0x00, 0x19, 0x32, 0x0d, 0x2e, 0x49, 0x05, 0x23, 0x3c,
  0x06, 0x12, 0x13, 0x00, 0x20, 0x45, 0x00, 0x31, 0x69, 0x01, 0x01, 0x04,
  0x00, 0x25, 0x52, 0x00, 0x2b, 0x58, 0x00, 0x18, 0x36, 0x09, 0x27, 0x41,
  0x1d, 0x4d, 0x72, 0x1b, 0x47, 0x68, 0x1d, 0x4c, 0x71, 0x11, 0x34, 0x50,
  0x03, 0x03, 0x00, 0x02, 0x1b, 0x32, 0x03, 0x4c, 0x8e, 0x00, 0x3f, 0x86,
  0x00, 0x14, 0x2e, 0x04, 0x15, 0x20, 0x08, 0x4a, 0x85, 0x02, 0x2c, 0x54,
  0x00, 0x16, 0x34, 0x00, 0x1f, 0x45, 0x00, 0x1a, 0x39, 0x00, 0x0c, 0x1c,
  0x00, 0x1c, 0x3e, 0x00, 0x2b, 0x63, 0x00, 0x27, 0x50, 0x09, 0x0c, 0x00,
  0x08, 0x15, 0x1d, 0x0e, 0x21, 0x2d, 0x0e, 0x1f, 0x27, 0x09, 0x31, 0x52,
  0x2e, 0x68, 0x92, 0x1b, 0x3f, 0x5a, 0x13, 0x5b, 0x8e, 0x04, 0x4a, 0x8b,
  0x0c, 0x6b, 0xb6, 0x00, 0x1a, 0x3e, 0x0c, 0x1e, 0x29, 0x0b, 0x27, 0x3d,
  0x07, 0x29, 0x48, 0x00, 0x1f, 0x40, 0x00, 0x03, 0x1e, 0x02, 0x26, 0x48,
  0x04, 0x0a, 0x0d, 0x03, 0x10, 0x1b, 0x18, 0x4b, 0x73, 0x06, 0x22, 0x3a,
  0x06, 0x12, 0x17, 0x00, 0x18, 0x35, 0x00, 0x21, 0x45, 0x07, 0x0b, 0x03,
  0x02, 0x18, 0x2e, 0x05, 0x18, 0x29, 0x07, 0x18, 0x22, 0x00, 0x13, 0x24,
  0x2f, 0x68, 0x91, 0x2b, 0x5c, 0x81, 0x09, 0x23, 0x36, 0x13, 0x38, 0x55,
  0x07, 0x25, 0x3e, 0x08, 0x19, 0x24, 0x05, 0x17, 0x25, 0x04, 0x43, 0x7c,
  0x00, 0x33, 0x70, 0x00, 0x1c, 0x41, 0x03, 0x0f, 0x18, 0x03, 0x0b, 0x13,
  0x00, 0x23, 0x4c, 0x00, 0x1e, 0x40, 0x00, 0x1b, 0x3d, 0x00, 0x12, 0x2a,
  0x00, 0x2a, 0x57, 0x00, 0x25, 0x50, 0x05, 0x1a, 0x31, 0x0b, 0x12, 0x0a,
  0x0b, 0x1c, 0x26, 0x0b, 0x1c, 0x26, 0x19, 0x38, 0x48, 0x04, 0x07, 0x05,
  0x1d, 0x59, 0x86, 0x20, 0x41, 0x56, 0x09, 0x40, 0x6b, 0x01, 0x30, 0x5e,
  0x06, 0x5a, 0xa1, 0x05, 0x4c, 0x85, 0x01, 0x06, 0x19, 0x0e, 0x30, 0x47,
  0x0e, 0x33, 0x50, 0x19, 0x48, 0x6d, 0x1d, 0x4b, 0x6e, 0x02, 0x23, 0x41,
  0x00, 0x05, 0x1d, 0x00, 0x00, 0x05, 0x05, 0x22, 0x3b, 0x07, 0x26, 0x3e,
  0x04, 0x0e, 0x17, 0x00, 0x1f, 0x45, 0x00, 0x28, 0x55, 0x03, 0x12, 0x1f,
  0x0a, 0x28, 0x3e, 0x09, 0x2e, 0x4d, 0x0b, 0x2d, 0x49, 0x00, 0x10, 0x22,
  0x18, 0x41, 0x60, 0x2a, 0x59, 0x7c, 0x08, 0x23, 0x3a, 0x09, 0x26, 0x3e,
  0x16, 0x3d, 0x5b, 0x0f, 0x31, 0x4d, 0x06, 0x12, 0x1a, 0x06, 0x0d, 0x10,
  0x00, 0x2c, 0x59, 0x00, 0x1d, 0x40, 0x02, 0x05, 0x0a, 0x04, 0x0c, 0x13,
  0x00, 0x23, 0x4d, 0x01, 0x32, 0x61, 0x00, 0x0e, 0x25, 0x00, 0x18, 0x36,
  0x00, 0x36, 0x6c, 0x02, 0x32, 0x60, 0x09, 0x0a, 0x06, 0x0c, 0x18, 0x1d,
  0x0a, 0x1a, 0x21, 0x05, 0x11, 0x18, 0x12, 0x29, 0x35, 0x1b, 0x33, 0x3d,
  0x06, 0x23, 0x3c, 0x13, 0x3d, 0x5d, 0x05, 0x1e, 0x34, 0x04, 0x43, 0x77,
  0x00, 0x2d, 0x66, 0x06, 0x5b, 0x9d, 0x00, 0x09, 0x28, 0x0b, 0x23, 0x31,
  0x06, 0x2d, 0x4e, 0x0a, 0x39, 0x61, 0x1f, 0x53, 0x7c, 0x2b, 0x64, 0x8c,
  0x2a, 0x65, 0x8f, 0x19, 0x48, 0x6c, 0x03, 0x18, 0x2b, 0x09, 0x2b, 0x47,
  0x03, 0x0a, 0x0e, 0x00, 0x2f, 0x61, 0x00, 0x39, 0x72, 0x02, 0x0a, 0x13,
  0x08, 0x2f, 0x4d, 0x21, 0x53, 0x79, 0x13, 0x3c, 0x5d, 0x23, 0x55, 0x7c,
  0x14, 0x37, 0x52, 0x00, 0x0f, 0x21, 0x02, 0x16, 0x26, 0x07, 0x1f, 0x32,
  0x11, 0x37, 0x55, 0x08, 0x26, 0x3f, 0x01, 0x0e, 0x19, 0x06, 0x08, 0x00,
  0x02, 0x19, 0x33, 0x00, 0x31, 0x63, 0x03, 0x09, 0x0e, 0x04, 0x0b, 0x0e,
  0x00, 0x16, 0x35, 0x00, 0x1f, 0x4b, 0x00, 0x19, 0x3c, 0x00, 0x22, 0x49,
  0x00, 0x30, 0x6b, 0x00, 0x1a, 0x46, 0x0a, 0x0c, 0x00, 0x0a, 0x15, 0x1a,
  0x0a, 0x15, 0x19, 0x05, 0x0f, 0x15, 0x05, 0x13, 0x1a, 0x22, 0x42, 0x51,
  0x0c, 0x1c, 0x26, 0x10, 0x3d, 0x60, 0x0d, 0x21, 0x2c, 0x00, 0x25, 0x4c,
  0x00, 0x21, 0x50, 0x01, 0x4a, 0x8c, 0x00, 0x1a, 0x41, 0x05, 0x09, 0x09,
  0x10, 0x36, 0x55, 0x16, 0x3f, 0x5f, 0x1a, 0x45, 0x67, 0x03, 0x1f, 0x37,
  0x0b, 0x2b, 0x46, 0x12, 0x3c, 0x5c, 0x05, 0x16, 0x23, 0x06, 0x1a, 0x2a,
  0x08, 0x1a, 0x20, 0x00, 0x20, 0x45, 0x00, 0x30, 0x6c, 0x03, 0x0b, 0x0c,
  0x03, 0x1d, 0x33, 0x0e, 0x2e, 0x46, 0x08, 0x2d, 0x4c, 0x17, 0x44, 0x68,
  0x15, 0x37, 0x51, 0x09, 0x23, 0x37, 0x06, 0x19, 0x27, 0x00, 0x0e, 0x21,
  0x00, 0x1f, 0x4e, 0x00, 0x3e, 0x7b, 0x00, 0x2a, 0x59, 0x05, 0x0f, 0x12,
  0x02, 0x14, 0x29, 0x00, 0x22, 0x50, 0x02, 0x0d, 0x19, 0x01, 0x09, 0x19,
  0x00, 0x18, 0x31, 0x00, 0x1a, 0x37, 0x00, 0x1b, 0x41, 0x00, 0x27, 0x55,
  0x00, 0x30, 0x6c, 0x00, 0x1d, 0x46, 0x09, 0x09, 0x00, 0x0b, 0x18, 0x20,
  0x0b, 0x17, 0x1c, 0x07, 0x14, 0x1a, 0x00, 0x08, 0x0d, 0x18, 0x2d, 0x36,
  0x10, 0x1d, 0x20, 0x0a, 0x2e, 0x4b, 0x0f, 0x29, 0x38, 0x00, 0x14, 0x31,
  0x00, 0x19, 0x3d, 0x00, 0x2f, 0x62, 0x00, 0x22, 0x4e, 0x05, 0x09, 0x09,
  0x03, 0x0f, 0x17, 0x08, 0x19, 0x25, 0x28, 0x5c, 0x83, 0x27, 0x5a, 0x80,
  0x17, 0x3a, 0x54, 0x0e, 0x2d, 0x44, 0x09, 0x21, 0x33, 0x04, 0x16, 0x25,
  0x06, 0x15, 0x1a, 0x01, 0x1f, 0x3f, 0x00, 0x3a, 0x7b, 0x01, 0x0b, 0x15,
  0x0d, 0x2b, 0x3f, 0x0a, 0x27, 0x3e, 0x00, 0x0c, 0x1b, 0x10, 0x32, 0x4c,
  0x15, 0x38, 0x52, 0x04, 0x20, 0x36, 0x07, 0x1a, 0x28, 0x00, 0x17, 0x37,
  0x02, 0x31, 0x61, 0x02, 0x12, 0x22, 0x00, 0x1d, 0x41, 0x02, 0x12, 0x23,
  0x04, 0x18, 0x29, 0x00, 0x2b, 0x5b, 0x00, 0x1a, 0x3f, 0x00, 0x0f, 0x26,
  0x01, 0x37, 0x6a, 0x01, 0x2a, 0x4f, 0x00, 0x1b, 0x44, 0x00, 0x32, 0x67,
  0x00, 0x27, 0x5c, 0x00, 0x17, 0x39, 0x0a, 0x09, 0x00, 0x09, 0x13, 0x1a,
  0x0b, 0x17, 0x1b, 0x0a, 0x18, 0x1f, 0x04, 0x10, 0x18, 0x0e, 0x1e, 0x25,
  0x10, 0x1d, 0x21, 0x08, 0x25, 0x3b, 0x0c, 0x25, 0x33, 0x00, 0x13, 0x2e,
  0x00, 0x1b, 0x42, 0x00, 0x33, 0x66, 0x00, 0x25, 0x50, 0x05, 0x0c, 0x11,
  0x05, 0x13, 0x1d, 0x03, 0x18, 0x2b, 0x0f, 0x38, 0x5a, 0x07, 0x28, 0x44,
  0x12, 0x37, 0x54, 0x10, 0x36, 0x57, 0x05, 0x18, 0x26, 0x08, 0x1f, 0x30,
  0x06, 0x11, 0x16, 0x03, 0x10, 0x1e, 0x00, 0x28, 0x59, 0x00, 0x03, 0x0b,
  0x05, 0x17, 0x22, 0x1e, 0x4c, 0x70, 0x0f, 0x2a, 0x3f, 0x16, 0x3c, 0x59,
  0x12, 0x36, 0x52, 0x02, 0x17, 0x29, 0x03, 0x12, 0x1c, 0x00, 0x1c, 0x42,
  0x00, 0x0a, 0x1d, 0x10, 0x08, 0x00, 0x00, 0x0a, 0x18, 0x03, 0x11, 0x1d,
  0x06, 0x1e, 0x32, 0x00, 0x2a, 0x5b, 0x00, 0x19, 0x41, 0x02, 0x34, 0x62,
  0x05, 0x41, 0x78, 0x04, 0x3c, 0x6d, 0x00, 0x1f, 0x4c, 0x00, 0x37, 0x6e,
  0x02, 0x35, 0x61, 0x00, 0x17, 0x36, 0x09, 0x0c, 0x03, 0x0d, 0x1c, 0x24,
  0x12, 0x24, 0x2c, 0x0b, 0x19, 0x21, 0x07, 0x15, 0x1e, 0x0a, 0x18, 0x1f,
  0x0a, 0x15, 0x19, 0x08, 0x1b, 0x28, 0x09, 0x1d, 0x27, 0x00, 0x10, 0x29,
  0x00, 0x18, 0x3a, 0x00, 0x28, 0x58, 0x00, 0x22, 0x50, 0x05, 0x09, 0x0c,
  0x06, 0x11, 0x17, 0x09, 0x26, 0x3f, 0x06, 0x1f, 0x34, 0x00, 0x0e, 0x1d,
  0x00, 0x03, 0x07, 0x00, 0x00, 0x00, 0x02, 0x03, 0x00, 0x04, 0x12, 0x1a,
  0x05, 0x17, 0x25, 0x03, 0x04, 0x01, 0x01, 0x24, 0x48, 0x00, 0x20, 0x47,
  0x01, 0x01, 0x00, 0x0e, 0x2d, 0x43, 0x08, 0x1c, 0x2a, 0x15, 0x39, 0x54,
  0x05, 0x19, 0x29, 0x03, 0x13, 0x1f, 0x07, 0x25, 0x3a, 0x00, 0x17, 0x4b,
  0x13, 0x69, 0xb6, 0x2b, 0x88, 0xd2, 0x00, 0x04, 0x32, 0x08, 0x17, 0x1b,
  0x05, 0x1f, 0x37, 0x00, 0x21, 0x50, 0x00, 0x24, 0x4b, 0x05, 0x2f, 0x56,
  0x07, 0x58, 0x9d, 0x01, 0x3c, 0x76, 0x00, 0x24, 0x59, 0x00, 0x3b, 0x77,
  0x02, 0x41, 0x79, 0x00, 0x18, 0x3f, 0x07, 0x0b, 0x03, 0x14, 0x27, 0x2f,
  0x0d, 0x1b, 0x1f, 0x12, 0x2d, 0x3f, 0x08, 0x12, 0x17, 0x07, 0x14, 0x1b,
  0x07, 0x10, 0x14, 0x08, 0x17, 0x20, 0x08, 0x15, 0x19, 0x00, 0x10, 0x28,
  0x00, 0x14, 0x2f, 0x00, 0x22, 0x4b, 0x00, 0x1f, 0x4c, 0x06, 0x0e, 0x12,
  0x07, 0x19, 0x26, 0x04, 0x06, 0x04, 0x02, 0x00, 0x00, 0x05, 0x0d, 0x0f,
  0x0a, 0x2d, 0x4d, 0x12, 0x50, 0x88, 0x00, 0x13, 0x31, 0x02, 0x0b, 0x14,
  0x05, 0x16, 0x20, 0x01, 0x05, 0x0f, 0x02, 0x3a, 0x70, 0x01, 0x39, 0x70,
  0x00, 0x04, 0x14, 0x06, 0x11, 0x13, 0x07, 0x1e, 0x2f, 0x0a, 0x22, 0x35,
  0x03, 0x12, 0x1e, 0x03, 0x11, 0x1b, 0x05, 0x1f, 0x33, 0x00, 0x13, 0x2b,
  0x02, 0x47, 0x84, 0x00, 0x43, 0x84, 0x02, 0x14, 0x25, 0x0d, 0x24, 0x2e,
  0x00, 0x1d, 0x3a, 0x09, 0x5c, 0xa1, 0x08, 0x28, 0x41, 0x08, 0x1f, 0x37,
  0x00, 0x2e, 0x6c, 0x00, 0x25, 0x4d, 0x00, 0x34, 0x74, 0x00, 0x46, 0x8b,
  0x03, 0x4e, 0x8f, 0x00, 0x12, 0x3f, 0x07, 0x10, 0x0e, 0x0c, 0x13, 0x0e,
  0x37, 0x72, 0x99, 0x22, 0x53, 0x75, 0x05, 0x05, 0x00, 0x08, 0x17, 0x1f,
  0x06, 0x0e, 0x11, 0x08, 0x15, 0x1b, 0x06, 0x11, 0x15, 0x00, 0x15, 0x32,
  0x00, 0x10, 0x26, 0x00, 0x24, 0x4e, 0x00, 0x1e, 0x47, 0x05, 0x05, 0x00,
  0x04, 0x05, 0x00, 0x09, 0x2a, 0x47, 0x10, 0x50, 0x8a, 0x14, 0x67, 0xb1,
  0x19, 0x71, 0xbe, 0x15, 0x6a, 0xb4, 0x02, 0x3b, 0x71, 0x00, 0x21, 0x4b,
  0x04, 0x03, 0x00, 0x06, 0x11, 0x13, 0x00, 0x1e, 0x44, 0x00, 0x39, 0x73,
  0x00, 0x09, 0x1c, 0x03, 0x00, 0x00, 0x03, 0x0c, 0x13, 0x0e, 0x2b, 0x3f,
  0x0c, 0x25, 0x37, 0x04, 0x15, 0x22, 0x03, 0x09, 0x0c, 0x03, 0x03, 0x00,
  0x03, 0x00, 0x00, 0x07, 0x0c, 0x09, 0x12, 0x2b, 0x38, 0x04, 0x11, 0x1c,
  0x00, 0x2d, 0x64, 0x00, 0x12, 0x39, 0x0b, 0x26, 0x37, 0x19, 0x40, 0x5c,
  0x00, 0x3c, 0x84, 0x06, 0x5e, 0xad, 0x06, 0x58, 0xa2, 0x08, 0x5c, 0xa6,
  0x0c, 0x5d, 0x9d, 0x00, 0x12, 0x42, 0x06, 0x13, 0x1c, 0x07, 0x0f, 0x0c,
  0x4c, 0x8c, 0xb1, 0x23, 0x46, 0x59, 0x08, 0x0e, 0x0b, 0x0d, 0x1b, 0x20,
  0x0a, 0x14, 0x18, 0x09, 0x12, 0x14, 0x04, 0x0e, 0x16, 0x00, 0x13, 0x2d,
  0x00, 0x10, 0x25, 0x00, 0x26, 0x50, 0x00, 0x01, 0x14, 0x07, 0x1a, 0x2a,
  0x14, 0x5f, 0xa2, 0x17, 0x74, 0xc3, 0x13, 0x6a, 0xb7, 0x11, 0x65, 0xae,
  0x12, 0x5d, 0x9f, 0x0e, 0x57, 0x9a, 0x00, 0x20, 0x47, 0x00, 0x2f, 0x65,
  0x01, 0x18, 0x34, 0x07, 0x08, 0x00, 0x05, 0x07, 0x04, 0x00, 0x0e, 0x22,
  0x01, 0x35, 0x69, 0x00, 0x1d, 0x44, 0x03, 0x03, 0x00, 0x07, 0x18, 0x22,
  0x08, 0x18, 0x23, 0x06, 0x17, 0x24, 0x08, 0x25, 0x3c, 0x06, 0x2f, 0x53,
  0x09, 0x2e, 0x4d, 0x0d, 0x2e, 0x4a, 0x00, 0x14, 0x37, 0x00, 0x2d, 0x63,
  0x00, 0x11, 0x26, 0x0e, 0x2b, 0x3e, 0x23, 0x53, 0x75, 0x27, 0x51, 0x67,
  0x01, 0x33, 0x6c, 0x00, 0x53, 0xaf, 0x07, 0x62, 0xb1, 0x0a, 0x61, 0xac,
  0x15, 0x7a, 0xc6, 0x00, 0x22, 0x54, 0x00, 0x17, 0x38, 0x0b, 0x0d, 0x00,
  0x0c, 0x18, 0x1b, 0x11, 0x21, 0x26, 0x10, 0x1c, 0x1e, 0x0e, 0x1b, 0x1e,
  0x09, 0x14, 0x18, 0x08, 0x0e, 0x0b, 0x01, 0x0e, 0x1d, 0x00, 0x0c, 0x1b,
  0x01, 0x16, 0x2c, 0x00, 0x09, 0x28, 0x08, 0x35, 0x5a, 0x20, 0x7c, 0xc9,
  0x1a, 0x75, 0xc2, 0x10, 0x5d, 0xa1, 0x0e, 0x56, 0x98, 0x10, 0x57, 0x96,
  0x0f, 0x54, 0x94, 0x12, 0x63, 0xa9, 0x00, 0x21, 0x4a, 0x00, 0x2f, 0x63,
  0x01, 0x3a, 0x6e, 0x01, 0x00, 0x04, 0x00, 0x14, 0x2c, 0x00, 0x0d, 0x23,
  0x03, 0x47, 0x83, 0x00, 0x26, 0x50, 0x01, 0x00, 0x00, 0x04, 0x08, 0x0a,
  0x03, 0x08, 0x09, 0x04, 0x0f, 0x13, 0x07, 0x1c, 0x2c, 0x07, 0x27, 0x3f,
  0x01, 0x29, 0x4d, 0x00, 0x34, 0x6d, 0x00, 0x35, 0x6e, 0x04, 0x49, 0x8a,
  0x00, 0x18, 0x2d, 0x1c, 0x43, 0x5d, 0x24, 0x54, 0x78, 0x3b, 0x70, 0x90,
  0x1f, 0x45, 0x64, 0x00, 0x55, 0xb8, 0x00, 0x33, 0x6a, 0x0c, 0x5e, 0xa2,
  0x22, 0x99, 0xec, 0x13, 0x62, 0xa0, 0x00, 0x00, 0x31, 0x04, 0x14, 0x1b,
  0x0b, 0x13, 0x12, 0x0e, 0x1b, 0x20, 0x12, 0x21, 0x26, 0x0c, 0x18, 0x1c,
  0x06, 0x0b, 0x0b, 0x05, 0x0a, 0x0c, 0x00, 0x10, 0x23, 0x02, 0x08, 0x0e,
  0x00, 0x1b, 0x38, 0x00, 0x00, 0x11, 0x10, 0x59, 0x98, 0x1b, 0x77, 0xc2,
  0x16, 0x65, 0xa6, 0x15, 0x5f, 0x9e, 0x13, 0x5c, 0x9b, 0x0f, 0x52, 0x8e,
  0x10, 0x51, 0x8a, 0x0d, 0x50, 0x8d, 0x00, 0x25, 0x53, 0x00, 0x1f, 0x47,
  0x04, 0x43, 0x7a, 0x01, 0x24, 0x47, 0x00, 0x26, 0x4f, 0x00, 0x2b, 0x58,
  0x00, 0x0a, 0x22, 0x00, 0x3c, 0x83, 0x00, 0x25, 0x50, 0x02, 0x00, 0x00,
  0x03, 0x0c, 0x13, 0x02, 0x0c, 0x18, 0x04, 0x06, 0x02, 0x04, 0x00, 0x00,
  0x03, 0x17, 0x29, 0x00, 0x33, 0x68, 0x00, 0x26, 0x51, 0x00, 0x26, 0x54,
  0x00, 0x2a, 0x62, 0x0c, 0x24, 0x33, 0x12, 0x3b, 0x59, 0x21, 0x4e, 0x71,
  0x30, 0x55, 0x67, 0x05, 0x4f, 0x98, 0x00, 0x4d, 0x9c, 0x0e, 0x65, 0xae,
  0x23, 0x90, 0xdb, 0x30, 0xac, 0xf3, 0x00, 0x16, 0x49, 0x00, 0x12, 0x37,
  0x07, 0x06, 0x00, 0x0b, 0x14, 0x17, 0x0c, 0x14, 0x16, 0x08, 0x0d, 0x0b,
  0x05, 0x0a, 0x09, 0x01, 0x0e, 0x1d, 0x02, 0x0b, 0x15, 0x01, 0x10, 0x1f,
  0x00, 0x0b, 0x25, 0x00, 0x1d, 0x3f, 0x15, 0x68, 0xaf, 0x13, 0x61, 0xa5,
  0x14, 0x62, 0xa5, 0x15, 0x62, 0xa4, 0x11, 0x5c, 0x9e, 0x10, 0x56, 0x94,
  0x0c, 0x4c, 0x86, 0x0a, 0x45, 0x7d, 0x00, 0x25, 0x53, 0x00, 0x2f, 0x62,
  0x00, 0x3c, 0x7b, 0x02, 0x3b, 0x72, 0x02, 0x08, 0x0d, 0x03, 0x15, 0x2a,
  0x07, 0x10, 0x0e, 0x01, 0x21, 0x47, 0x00, 0x53, 0xa4, 0x00, 0x36, 0x69,
  0x00, 0x12, 0x31, 0x00, 0x09, 0x17, 0x00, 0x09, 0x18, 0x00, 0x0c, 0x1d,
  0x03, 0x00, 0x00, 0x02, 0x00, 0x00, 0x01, 0x03, 0x0a, 0x00, 0x0c, 0x1c,
  0x00, 0x1e, 0x42, 0x00, 0x21, 0x50, 0x0c, 0x1e, 0x28, 0x0f, 0x34, 0x52,
  0x0a, 0x27, 0x3f, 0x10, 0x3e, 0x62, 0x00, 0x52, 0xa4, 0x00, 0x48, 0x99,
  0x06, 0x5b, 0xa8, 0x17, 0x8f, 0xe8, 0x20, 0x88, 0xcb, 0x00, 0x00, 0x27,
  0x00, 0x1c, 0x40, 0x06, 0x05, 0x00, 0x06, 0x0a, 0x04, 0x04, 0x0b, 0x0e,
  0x02, 0x0c, 0x16, 0x02, 0x0b, 0x14, 0x02, 0x0c, 0x15, 0x00, 0x19, 0x34,
  0x00, 0x00, 0x00, 0x0c, 0x56, 0x96, 0x16, 0x69, 0xb1, 0x15, 0x5c, 0x9a,
  0x16, 0x5f, 0x9e, 0x14, 0x5f, 0x9f, 0x10, 0x58, 0x99, 0x11, 0x5d, 0xa0,
  0x11, 0x5d, 0xa1, 0x12, 0x59, 0x99, 0x06, 0x05, 0x00, 0x03, 0x16, 0x2b,
  0x00, 0x35, 0x75, 0x00, 0x24, 0x50, 0x02, 0x37, 0x68, 0x04, 0x00, 0x00,
  0x09, 0x21, 0x32, 0x08, 0x10, 0x0b, 0x00, 0x16, 0x32, 0x00, 0x41, 0x84,
  0x00, 0x3d, 0x79, 0x00, 0x2b, 0x5b, 0x00, 0x3b, 0x77, 0x00, 0x26, 0x56,
  0x00, 0x15, 0x2e, 0x00, 0x0c, 0x20, 0x00, 0x21, 0x4d, 0x00, 0x1b, 0x40,
  0x01, 0x0a, 0x15, 0x00, 0x19, 0x3c, 0x00, 0x20, 0x45, 0x16, 0x2f, 0x3a,
  0x0c, 0x2b, 0x43, 0x0c, 0x10, 0x07, 0x0a, 0x35, 0x56, 0x00, 0x56, 0xa6,
  0x00, 0x30, 0x62, 0x00, 0x40, 0x8a, 0x19, 0x8a, 0xdd, 0x11, 0x71, 0xb5,
  0x00, 0x09, 0x39, 0x00, 0x14, 0x32, 0x00, 0x12, 0x28, 0x01, 0x0b, 0x14,
  0x02, 0x0c, 0x15, 0x02, 0x15, 0x26, 0x00, 0x17, 0x32, 0x00, 0x00, 0x00,
  0x09, 0x45, 0x79, 0x1a, 0x73, 0xbd, 0x10, 0x56, 0x94, 0x11, 0x58, 0x96,
  0x11, 0x58, 0x96, 0x17, 0x60, 0x9d, 0x11, 0x59, 0x98, 0x0d, 0x55, 0x98,
  0x10, 0x5c, 0x9f, 0x0f, 0x59, 0x9b, 0x03, 0x19, 0x2b, 0x05, 0x03, 0x00,
  0x02, 0x27, 0x49, 0x01, 0x42, 0x7f, 0x00, 0x48, 0x8d, 0x02, 0x33, 0x61,
  0x03, 0x00, 0x00, 0x05, 0x18, 0x29, 0x08, 0x12, 0x13, 0x05, 0x00, 0x00,
  0x05, 0x44, 0x7c, 0x00, 0x38, 0x74, 0x03, 0x4d, 0x8e, 0x06, 0x54, 0x96,
  0x00, 0x2d, 0x5a, 0x00, 0x33, 0x6b, 0x01, 0x40, 0x7c, 0x01, 0x18, 0x30,
  0x01, 0x32, 0x61, 0x03, 0x31, 0x58, 0x00, 0x06, 0x28, 0x00, 0x16, 0x2e,
  0x05, 0x12, 0x1b, 0x00, 0x1b, 0x3a, 0x01, 0x03, 0x0e, 0x04, 0x1f, 0x35,
  0x04, 0x32, 0x5e, 0x00, 0x23, 0x51, 0x00, 0x24, 0x5d, 0x04, 0x5e, 0xa9,
  0x02, 0x58, 0x9f, 0x00, 0x2b, 0x57, 0x00, 0x1c, 0x4b, 0x00, 0x16, 0x3b,
  0x00, 0x09, 0x24, 0x00, 0x00, 0x15, 0x00, 0x00, 0x0b, 0x0c, 0x4c, 0x82,
  0x1e, 0x7b, 0xc6, 0x17, 0x64, 0xa6, 0x0c, 0x52, 0x92, 0x10, 0x59, 0x99,
  0x0d, 0x4f, 0x8a, 0x12, 0x5a, 0x9b, 0x0f, 0x58, 0x99, 0x07, 0x4b, 0x8d,
  0x0c, 0x54, 0x97, 0x0c, 0x51, 0x90, 0x0c, 0x2a, 0x41, 0x08, 0x1f, 0x31,
  0x06, 0x0b, 0x08, 0x04, 0x31, 0x5b, 0x00, 0x32, 0x6b, 0x00, 0x3c, 0x7b,
  0x00, 0x21, 0x45, 0x04, 0x00, 0x00, 0x0b, 0x24, 0x38, 0x07, 0x18, 0x22,
  0x07, 0x06, 0x00, 0x05, 0x07, 0x06, 0x03, 0x09, 0x10, 0x00, 0x27, 0x50,
  0x00, 0x19, 0x32, 0x02, 0x4f, 0x90, 0x0c, 0x66, 0xb4, 0x01, 0x31, 0x61,
  0x00, 0x26, 0x59, 0x0f, 0x6b, 0xb8, 0x06, 0x35, 0x5c, 0x00, 0x00, 0x15,
  0x00, 0x1e, 0x49, 0x00, 0x2b, 0x5d, 0x00, 0x35, 0x70, 0x00, 0x33, 0x6f,
  0x00, 0x1f, 0x46, 0x00, 0x28, 0x53, 0x00, 0x1b, 0x3e, 0x00, 0x01, 0x27,
  0x00, 0x21, 0x53, 0x00, 0x27, 0x59, 0x00, 0x20, 0x4e, 0x00, 0x28, 0x57,
  0x03, 0x35, 0x65, 0x0b, 0x47, 0x7e, 0x1e, 0x74, 0xb8, 0x22, 0x82, 0xcd,
  0x14, 0x66, 0xab, 0x10, 0x5c, 0x9e, 0x0f, 0x5b, 0x9d, 0x0d, 0x50, 0x89,
  0x0b, 0x49, 0x82, 0x0c, 0x50, 0x8f, 0x0a, 0x4f, 0x8f, 0x09, 0x55, 0x9b,
  0x07, 0x4b, 0x8b, 0x0a, 0x46, 0x7e, 0x05, 0x0c, 0x0e, 0x09, 0x1e, 0x2c,
  0x06, 0x1a, 0x29, 0x0a, 0x15, 0x16, 0x01, 0x17, 0x2e, 0x01, 0x2c, 0x58,
  0x00, 0x47, 0x8b, 0x00, 0x1b, 0x3a, 0x03, 0x00, 0x00, 0x05, 0x15, 0x20,
  0x05, 0x16, 0x24, 0x06, 0x15, 0x1f, 0x07, 0x14, 0x1b, 0x08, 0x0f, 0x0e,
  0x04, 0x1b, 0x31, 0x01, 0x17, 0x2e, 0x00, 0x17, 0x3a, 0x00, 0x24, 0x51,
  0x00, 0x1e, 0x43, 0x00, 0x27, 0x53, 0x18, 0x77, 0xc2, 0x14, 0x5e, 0x96,
  0x00, 0x18, 0x32, 0x00, 0x0f, 0x29, 0x00, 0x16, 0x35, 0x00, 0x22, 0x4c,
  0x00, 0x24, 0x4f, 0x00, 0x04, 0x20, 0x00, 0x07, 0x1d, 0x0a, 0x3b, 0x67,
  0x14, 0x55, 0x8a, 0x1a, 0x63, 0x9f, 0x1d, 0x71, 0xb5, 0x22, 0x7d, 0xc3,
  0x21, 0x7c, 0xc2, 0x18, 0x6b, 0xaf, 0x18, 0x6b, 0xb0, 0x13, 0x5c, 0x9c,
  0x0e, 0x52, 0x91, 0x09, 0x4c, 0x8a, 0x08, 0x47, 0x81, 0x08, 0x3f, 0x72,
  0x0a, 0x44, 0x79, 0x09, 0x40, 0x72, 0x06, 0x3a, 0x6b, 0x09, 0x4f, 0x92,
  0x09, 0x48, 0x82, 0x09, 0x3f, 0x72, 0x00, 0x2a, 0x54, 0x05, 0x0f, 0x10,
  0x06, 0x12, 0x16, 0x09, 0x20, 0x30, 0x07, 0x0f, 0x10, 0x05, 0x0f, 0x14,
  0x00, 0x23, 0x4e, 0x00, 0x3d, 0x7d, 0x00, 0x26, 0x50, 0x01, 0x00, 0x00,
  0x04, 0x05, 0x01, 0x07, 0x11, 0x11, 0x07, 0x16, 0x1a, 0x03, 0x07, 0x08,
  0x00, 0x0d, 0x27, 0x00, 0x07, 0x1a, 0x00, 0x05, 0x13, 0x03, 0x0f, 0x1a,
  0x00, 0x1f, 0x41, 0x00, 0x00, 0x06, 0x00, 0x17, 0x38, 0x0f, 0x5e, 0x9d,
  0x0a, 0x52, 0x8e, 0x00, 0x24, 0x50, 0x00, 0x1f, 0x40, 0x00, 0x1a, 0x3b,
  0x00, 0x0c, 0x27, 0x00, 0x1e, 0x3f, 0x17, 0x64, 0xa3, 0x1c, 0x78, 0xc5,
  0x1c, 0x75, 0xbd, 0x1a, 0x72, 0xba, 0x19, 0x6e, 0xb3, 0x18, 0x6a, 0xad,
  0x12, 0x5d, 0x9f, 0x0b, 0x4a, 0x83, 0x0f, 0x4f, 0x89, 0x0f, 0x50, 0x8a,
  0x0d, 0x4d, 0x87, 0x0e, 0x4e, 0x88, 0x0e, 0x4d, 0x87, 0x09, 0x44, 0x78,
  0x0a, 0x45, 0x7b, 0x06, 0x3f, 0x72, 0x03, 0x39, 0x6e, 0x02, 0x35, 0x67,
  0x07, 0x3d, 0x70, 0x08, 0x41, 0x76, 0x00, 0x3f, 0x7d, 0x02, 0x3c, 0x72,
  0x03, 0x12, 0x21, 0x05, 0x10, 0x13, 0x07, 0x1a, 0x27, 0x09, 0x16, 0x1b,
  0x07, 0x0b, 0x04, 0x03, 0x10, 0x21, 0x00, 0x1c, 0x3d, 0x01, 0x35, 0x64,
  0x01, 0x34, 0x61, 0x00, 0x06, 0x23, 0x00, 0x00, 0x00, 0x07, 0x32, 0x58,
  0x09, 0x3b, 0x67, 0x0d, 0x48, 0x7c, 0x0a, 0x3e, 0x6a, 0x00, 0x06, 0x12,
  0x00, 0x1d, 0x41, 0x05, 0x35, 0x60, 0x00, 0x19, 0x3b, 0x00, 0x00, 0x00,
  0x00, 0x1c, 0x42, 0x00, 0x24, 0x4d, 0x00, 0x1f, 0x46, 0x00, 0x05, 0x1d,
  0x0e, 0x4c, 0x81, 0x1f, 0x7d, 0xca, 0x1e, 0x78, 0xc0, 0x19, 0x6b, 0xaf,
  0x15, 0x61, 0xa4, 0x13, 0x61, 0xa3, 0x15, 0x60, 0xa0, 0x14, 0x5f, 0xa1,
  0x0f, 0x58, 0x9a, 0x0f, 0x4e, 0x87, 0x0f, 0x49, 0x7d, 0x0d, 0x4a, 0x81,
  0x0a, 0x49, 0x82, 0x0a, 0x48, 0x81, 0x0c, 0x4b, 0x83, 0x08, 0x40, 0x75,
  0x06, 0x40, 0x79, 0x06, 0x42, 0x7b, 0x03, 0x40, 0x7a, 0x06, 0x40, 0x79,
  0x05, 0x3b, 0x70, 0x05, 0x3e, 0x74, 0x00, 0x07, 0x1d, 0x00, 0x14, 0x3a,
  0x00, 0x15, 0x3b, 0x00, 0x00, 0x05, 0x00, 0x00, 0x00, 0x01, 0x0e, 0x1b,
  0x02, 0x13, 0x26, 0x03, 0x10, 0x1b, 0x03, 0x07, 0x0a, 0x03, 0x30, 0x5a,
  0x00, 0x19, 0x43, 0x0b, 0x41, 0x72, 0x1a, 0x6c, 0xb0, 0x1a, 0x6f, 0xb5,
  0x1f, 0x7d, 0xc9, 0x1b, 0x72, 0xb9, 0x12, 0x56, 0x91, 0x00, 0x0f, 0x23,
  0x00, 0x0a, 0x23, 0x00, 0x1b, 0x43, 0x01, 0x3e, 0x7a, 0x04, 0x45, 0x7f,
  0x12, 0x64, 0xa5, 0x05, 0x41, 0x77, 0x00, 0x17, 0x33, 0x00, 0x00, 0x00,
  0x0e, 0x49, 0x79, 0x1f, 0x7c, 0xc6, 0x12, 0x60, 0xa2, 0x15, 0x63, 0xa4,
  0x12, 0x5f, 0xa0, 0x14, 0x60, 0xa1, 0x13, 0x56, 0x8f, 0x11, 0x54, 0x8e,
  0x12, 0x58, 0x95, 0x15, 0x5c, 0x99, 0x11, 0x54, 0x90, 0x0f, 0x51, 0x8b,
  0x0b, 0x49, 0x82, 0x06, 0x3d, 0x72, 0x06, 0x3d, 0x72, 0x08, 0x44, 0x7d,
  0x07, 0x42, 0x7b, 0x06, 0x3e, 0x74, 0x04, 0x3f, 0x79, 0x05, 0x3f, 0x76,
  0x08, 0x44, 0x7d, 0x08, 0x43, 0x7b, 0x07, 0x28, 0x43, 0x03, 0x2b, 0x4e,
  0x07, 0x3a, 0x68, 0x0c, 0x49, 0x80, 0x11, 0x5a, 0x99, 0x02, 0x1f, 0x3b,
  0x00, 0x11, 0x2c, 0x01, 0x25, 0x4b, 0x00, 0x00, 0x00, 0x10, 0x4f, 0x85,
  0x18, 0x69, 0xad, 0x1c, 0x71, 0xb8, 0x1c, 0x75, 0xbe, 0x13, 0x63, 0xa7,
  0x1b, 0x71, 0xb9, 0x14, 0x62, 0xa3, 0x00, 0x00, 0x00, 0x0a, 0x3b, 0x65,
  0x20, 0x7a, 0xc3, 0x00, 0x06, 0x16, 0x04, 0x35, 0x62, 0x16, 0x66, 0xa9,
  0x02, 0x2c, 0x54, 0x00, 0x0a, 0x1e, 0x1b, 0x69, 0xa9, 0x04, 0x34, 0x5e,
  0x0d, 0x4a, 0x80, 0x13, 0x61, 0xa6, 0x0e, 0x58, 0x9a, 0x11, 0x5a, 0x9b,
  0x14, 0x5e, 0x9d, 0x12, 0x56, 0x92, 0x0f, 0x4c, 0x82, 0x10, 0x4e, 0x85,
  0x11, 0x50, 0x86, 0x10, 0x50, 0x88, 0x10, 0x52, 0x8d, 0x10, 0x57, 0x96,
  0x0d, 0x51, 0x90, 0x08, 0x46, 0x80, 0x09, 0x41, 0x76, 0x08, 0x41, 0x77,
  0x06, 0x3d, 0x72, 0x07, 0x3e, 0x72, 0x05, 0x3b, 0x6d, 0x06, 0x39, 0x69,
  0x08, 0x3b, 0x6b, 0x09, 0x3e, 0x6f, 0x10, 0x63, 0xaf, 0x12, 0x66, 0xb1,
  0x17, 0x6f, 0xba, 0x15, 0x6a, 0xb4, 0x1a, 0x76, 0xc5, 0x09, 0x39, 0x63,
  0x00, 0x10, 0x2b, 0x05, 0x3a, 0x69, 0x00, 0x00, 0x14, 0x12, 0x5e, 0x9e,
  0x18, 0x73, 0xbf, 0x12, 0x62, 0xa8, 0x10, 0x5c, 0x9e, 0x0a, 0x56, 0x9a,
  0x0b, 0x59, 0x9f, 0x16, 0x70, 0xba, 0x16, 0x69, 0xae, 0x19, 0x72, 0xbc,
  0x19, 0x74, 0xc1, 0x00, 0x0d, 0x1e, 0x00, 0x05, 0x1a, 0x02, 0x23, 0x46,
  0x01, 0x1a, 0x36, 0x00, 0x06, 0x18, 0x17, 0x6d, 0xb6, 0x17, 0x6f, 0xb8,
  0x14, 0x65, 0xab, 0x0b, 0x52, 0x93, 0x0e, 0x58, 0x9c, 0x12, 0x61, 0xa6,
  0x13, 0x60, 0xa4, 0x0d, 0x4f, 0x8c, 0x0c, 0x47, 0x7c, 0x10, 0x4d, 0x83,
  0x0d, 0x46, 0x78, 0x0e, 0x4b, 0x81, 0x0d, 0x4a, 0x81, 0x0b, 0x4c, 0x88,
  0x0a, 0x4c, 0x89, 0x08, 0x42, 0x77, 0x08, 0x3f, 0x71, 0x07, 0x42, 0x79,
  0x06, 0x3d, 0x71, 0x04, 0x39, 0x6d, 0x05, 0x39, 0x6b, 0x07, 0x3c, 0x6e,
  0x05, 0x36, 0x64, 0x06, 0x35, 0x62
};

static const unsigned char kIconBmp64[] = {
  0x42, 0x4d, 0x36, 0x30, 0x00, 0x00, 0x00, 0x00, 0x00, 0x00, 0x36, 0x00,
  0x00, 0x00, 0x28, 0x00, 0x00, 0x00, 0x40, 0x00, 0x00, 0x00, 0x40, 0x00,
  0x00, 0x00, 0x01, 0x00, 0x18, 0x00, 0x00, 0x00, 0x00, 0x00, 0x00, 0x30,
  0x00, 0x00, 0x00, 0x00, 0x00, 0x00, 0x00, 0x00, 0x00, 0x00, 0x00, 0x00,
  0x00, 0x00, 0x00, 0x00, 0x00, 0x00, 0x00, 0x15, 0x32, 0x02, 0x22, 0x43,
  0x08, 0x48, 0x86, 0x07, 0x4b, 0x8b, 0x02, 0x2a, 0x54, 0x00, 0x0d, 0x1f,
  0x01, 0x1a, 0x36, 0x00, 0x19, 0x35, 0x01, 0x15, 0x2c, 0x01, 0x13, 0x25,
  0x01, 0x14, 0x2a, 0x01, 0x14, 0x27, 0x00, 0x09, 0x19, 0x05, 0x39, 0x6b,
  0x08, 0x4e, 0x91, 0x07, 0x49, 0x87, 0x0c, 0x58, 0x9e, 0x03, 0x29, 0x4c,
  0x00, 0x08, 0x1a, 0x00, 0x0b, 0x1e, 0x04, 0x35, 0x62, 0x0c, 0x53, 0x95,
  0x09, 0x4b, 0x89, 0x0a, 0x4c, 0x88, 0x09, 0x44, 0x7d, 0x09, 0x42, 0x77,
  0x09, 0x44, 0x7b, 0x0b, 0x48, 0x81, 0x0d, 0x50, 0x8d, 0x09, 0x40, 0x74,
  0x00, 0x1c, 0x3b, 0x00, 0x11, 0x27, 0x00, 0x17, 0x34, 0x06, 0x3b, 0x6d,
  0x0c, 0x51, 0x92, 0x08, 0x45, 0x7e, 0x0c, 0x4b, 0x84, 0x0b, 0x49, 0x82,
  0x08, 0x3d, 0x71, 0x07, 0x3e, 0x72, 0x08, 0x44, 0x7e, 0x04, 0x39, 0x6e,
  0x09, 0x43, 0x7a, 0x0c, 0x50, 0x8e, 0x07, 0x49, 0x88, 0x08, 0x4a, 0x8b,
  0x05, 0x44, 0x83, 0x08, 0x4b, 0x8a, 0x0a, 0x4d, 0x8b, 0x04, 0x3d, 0x74,
  0x04, 0x39, 0x6e, 0x08, 0x40, 0x78, 0x08, 0x49, 0x88, 0x08, 0x4a, 0x89,
  0x07, 0x41, 0x7b, 0x08, 0x41, 0x78, 0x08, 0x3d, 0x6f, 0x07, 0x40, 0x75,
  0x04, 0x39, 0x6c, 0x05, 0x37, 0x68, 0x06, 0x3b, 0x6c, 0x04, 0x38, 0x6a,
  0x05, 0x38, 0x6a, 0x03, 0x34, 0x65, 0x00, 0x08, 0x1b, 0x03, 0x30, 0x5c,
  0x09, 0x4d, 0x8e, 0x07, 0x4a, 0x89, 0x00, 0x1d, 0x3e, 0x01, 0x0f, 0x22,
  0x01, 0x16, 0x2e, 0x01, 0x19, 0x35, 0x02, 0x10, 0x21, 0x02, 0x0c, 0x16,
  0x02, 0x11, 0x22, 0x02, 0x15, 0x2a, 0x00, 0x08, 0x13, 0x01, 0x26, 0x4a,
  0x0a, 0x4f, 0x91, 0x09, 0x4e, 0x8f, 0x04, 0x37, 0x67, 0x00, 0x07, 0x18,
  0x00, 0x1a, 0x3c, 0x00, 0x1c, 0x3e, 0x00, 0x09, 0x1d, 0x00, 0x26, 0x4d,
  0x0c, 0x4f, 0x8f, 0x0e, 0x51, 0x8e, 0x0e, 0x52, 0x91, 0x0a, 0x46, 0x7e,
  0x0c, 0x49, 0x83, 0x0d, 0x4b, 0x86, 0x0d, 0x50, 0x8e, 0x0f, 0x4f, 0x8a,
  0x01, 0x2a, 0x51, 0x00, 0x1d, 0x3b, 0x00, 0x11, 0x26, 0x01, 0x25, 0x4a,
  0x0d, 0x51, 0x91, 0x0e, 0x53, 0x93, 0x0a, 0x4a, 0x87, 0x0b, 0x49, 0x84,
  0x0b, 0x4b, 0x86, 0x0c, 0x4d, 0x89, 0x08, 0x42, 0x79, 0x06, 0x3d, 0x71,
  0x0b, 0x4a, 0x84, 0x0a, 0x49, 0x84, 0x07, 0x45, 0x80, 0x0b, 0x4b, 0x88,
  0x09, 0x47, 0x82, 0x0a, 0x4a, 0x87, 0x07, 0x47, 0x85, 0x07, 0x46, 0x83,
  0x07, 0x44, 0x7e, 0x08, 0x47, 0x83, 0x06, 0x49, 0x8a, 0x06, 0x47, 0x87,
  0x04, 0x3a, 0x70, 0x06, 0x3b, 0x6e, 0x07, 0x3c, 0x6e, 0x09, 0x43, 0x79,
  0x0a, 0x44, 0x7b, 0x09, 0x41, 0x76, 0x07, 0x3d, 0x6f, 0x06, 0x37, 0x66,
  0x03, 0x34, 0x64, 0x03, 0x32, 0x60, 0x00, 0x15, 0x2e, 0x02, 0x2c, 0x56,
  0x0a, 0x50, 0x92, 0x01, 0x2a, 0x52, 0x00, 0x12, 0x29, 0x00, 0x1a, 0x35,
  0x02, 0x11, 0x23, 0x02, 0x0e, 0x1c, 0x01, 0x13, 0x2a, 0x00, 0x19, 0x36,
  0x01, 0x13, 0x28, 0x01, 0x12, 0x25, 0x00, 0x0d, 0x1d, 0x00, 0x16, 0x31,
  0x0b, 0x54, 0x96, 0x0c, 0x55, 0x9a, 0x01, 0x27, 0x4e, 0x00, 0x00, 0x07,
  0x00, 0x15, 0x30, 0x00, 0x1a, 0x38, 0x00, 0x08, 0x19, 0x05, 0x35, 0x62,
  0x0d, 0x53, 0x95, 0x08, 0x43, 0x7b, 0x0d, 0x4f, 0x8c, 0x0c, 0x4c, 0x88,
  0x0b, 0x49, 0x82, 0x0e, 0x50, 0x8b, 0x0d, 0x4f, 0x8b, 0x0c, 0x4e, 0x8c,
  0x00, 0x0c, 0x20, 0x04, 0x27, 0x49, 0x09, 0x3d, 0x6d, 0x00, 0x10, 0x27,
  0x0a, 0x4d, 0x8a, 0x0a, 0x4f, 0x8f, 0x0b, 0x4a, 0x86, 0x0b, 0x4c, 0x88,
  0x09, 0x48, 0x84, 0x0b, 0x4a, 0x84, 0x07, 0x40, 0x77, 0x0c, 0x49, 0x81,
  0x0b, 0x49, 0x83, 0x0b, 0x4c, 0x88, 0x0b, 0x4b, 0x86, 0x0a, 0x4b, 0x88,
  0x0a, 0x4a, 0x85, 0x06, 0x42, 0x7d, 0x08, 0x48, 0x86, 0x0b, 0x4a, 0x85,
  0x08, 0x46, 0x80, 0x05, 0x47, 0x86, 0x07, 0x4a, 0x89, 0x06, 0x45, 0x83,
  0x06, 0x3e, 0x74, 0x06, 0x3c, 0x6f, 0x06, 0x38, 0x6a, 0x06, 0x3b, 0x6f,
  0x07, 0x40, 0x76, 0x08, 0x3f, 0x74, 0x06, 0x39, 0x6a, 0x05, 0x34, 0x61,
  0x05, 0x37, 0x66, 0x07, 0x3a, 0x6b, 0x01, 0x1e, 0x3b, 0x04, 0x31, 0x5c,
  0x0b, 0x52, 0x95, 0x01, 0x26, 0x4c, 0x00, 0x0a, 0x1d, 0x01, 0x17, 0x30,
  0x02, 0x13, 0x26, 0x02, 0x0b, 0x17, 0x01, 0x0f, 0x22, 0x00, 0x15, 0x2f,
  0x01, 0x13, 0x26, 0x02, 0x11, 0x23, 0x01, 0x11, 0x23, 0x00, 0x0d, 0x23,
  0x07, 0x4c, 0x8c, 0x0b, 0x55, 0x9a, 0x08, 0x49, 0x84, 0x01, 0x04, 0x0a,
  0x00, 0x10, 0x24, 0x00, 0x13, 0x2a, 0x00, 0x0b, 0x18, 0x0c, 0x4f, 0x8c,
  0x0e, 0x55, 0x97, 0x0b, 0x4a, 0x86, 0x0d, 0x4e, 0x8a, 0x0e, 0x50, 0x8c,
  0x09, 0x44, 0x7b, 0x0e, 0x4d, 0x88, 0x0e, 0x52, 0x92, 0x0e, 0x55, 0x97,
  0x00, 0x16, 0x32, 0x07, 0x37, 0x64, 0x0c, 0x4b, 0x84, 0x00, 0x00, 0x0a,
  0x06, 0x42, 0x7a, 0x07, 0x4b, 0x8b, 0x0c, 0x4c, 0x88, 0x0c, 0x4e, 0x8b,
  0x09, 0x46, 0x7f, 0x07, 0x3e, 0x74, 0x0a, 0x47, 0x81, 0x0d, 0x51, 0x8f,
  0x08, 0x48, 0x86, 0x08, 0x47, 0x83, 0x0d, 0x51, 0x90, 0x0a, 0x4e, 0x8d,
  0x07, 0x47, 0x84, 0x0b, 0x4d, 0x8b, 0x0b, 0x4f, 0x8f, 0x0b, 0x4f, 0x8c,
  0x0a, 0x4c, 0x89, 0x09, 0x4d, 0x8c, 0x08, 0x4b, 0x8b, 0x0b, 0x4d, 0x8d,
  0x0b, 0x4a, 0x85, 0x08, 0x41, 0x77, 0x07, 0x3c, 0x6e, 0x08, 0x3e, 0x72,
  0x05, 0x3b, 0x6f, 0x08, 0x3e, 0x72, 0x06, 0x3a, 0x6b, 0x09, 0x46, 0x7f,
  0x0b, 0x50, 0x91, 0x08, 0x46, 0x82, 0x01, 0x09, 0x18, 0x00, 0x10, 0x26,
  0x0b, 0x53, 0x98, 0x0a, 0x55, 0x9b, 0x00, 0x28, 0x50, 0x00, 0x07, 0x15,
  0x01, 0x13, 0x29, 0x01, 0x10, 0x20, 0x02, 0x0a, 0x13, 0x01, 0x12, 0x26,
  0x02, 0x0c, 0x16, 0x02, 0x13, 0x25, 0x01, 0x13, 0x27, 0x00, 0x08, 0x18,
  0x07, 0x4b, 0x8a, 0x0a, 0x57, 0x9f, 0x01, 0x17, 0x2e, 0x00, 0x08, 0x16,
  0x00, 0x16, 0x30, 0x00, 0x17, 0x31, 0x00, 0x0e, 0x22, 0x00, 0x07, 0x19,
  0x0a, 0x48, 0x82, 0x0c, 0x4f, 0x8c, 0x0c, 0x4d, 0x88, 0x0d, 0x4e, 0x89,
  0x09, 0x49, 0x85, 0x0b, 0x54, 0x97, 0x0c, 0x54, 0x96, 0x10, 0x5a, 0x9d,
  0x0c, 0x45, 0x79, 0x00, 0x00, 0x00, 0x00, 0x0d, 0x1c, 0x00, 0x00, 0x0d,
  0x06, 0x3a, 0x6d, 0x0a, 0x4f, 0x91, 0x0e, 0x52, 0x91, 0x0c, 0x4f, 0x8c,
  0x0b, 0x4b, 0x88, 0x0b, 0x47, 0x81, 0x0d, 0x4d, 0x88, 0x0b, 0x4f, 0x8f,
  0x09, 0x4a, 0x8a, 0x08, 0x45, 0x80, 0x0c, 0x4d, 0x8a, 0x0b, 0x50, 0x90,
  0x0a, 0x4e, 0x8f, 0x0f, 0x55, 0x95, 0x0e, 0x56, 0x96, 0x0e, 0x51, 0x90,
  0x0d, 0x4f, 0x8d, 0x0c, 0x4d, 0x8b, 0x09, 0x48, 0x83, 0x0c, 0x4b, 0x86,
  0x0c, 0x4b, 0x86, 0x0b, 0x47, 0x7e, 0x08, 0x3f, 0x75, 0x05, 0x3a, 0x6f,
  0x04, 0x38, 0x6c, 0x04, 0x37, 0x6c, 0x09, 0x48, 0x84, 0x0a, 0x50, 0x92,
  0x06, 0x4c, 0x8f, 0x03, 0x43, 0x81, 0x00, 0x10, 0x27, 0x01, 0x1a, 0x35,
  0x03, 0x3a, 0x71, 0x08, 0x4b, 0x8a, 0x0c, 0x58, 0xa0, 0x01, 0x28, 0x4e,
  0x01, 0x06, 0x0d, 0x01, 0x10, 0x21, 0x02, 0x0b, 0x15, 0x01, 0x11, 0x23,
  0x02, 0x0d, 0x19, 0x01, 0x11, 0x21, 0x01, 0x12, 0x23, 0x00, 0x08, 0x14,
  0x05, 0x3b, 0x6e, 0x06, 0x44, 0x7e, 0x01, 0x13, 0x29, 0x01, 0x07, 0x0d,
  0x01, 0x0c, 0x16, 0x02, 0x11, 0x1f, 0x00, 0x08, 0x11, 0x01, 0x1e, 0x3c,
  0x10, 0x5b, 0xa2, 0x0e, 0x58, 0x9d, 0x10, 0x58, 0x9b, 0x0f, 0x5a, 0x9e,
  0x0c, 0x55, 0x99, 0x0c, 0x5a, 0xa1, 0x0b, 0x57, 0x9e, 0x0e, 0x5d, 0xa4,
  0x14, 0x67, 0xb2, 0x09, 0x3e, 0x6f, 0x00, 0x03, 0x12, 0x00, 0x16, 0x2e,
  0x0c, 0x4f, 0x8c, 0x0c, 0x52, 0x93, 0x0a, 0x4c, 0x8b, 0x07, 0x45, 0x7f,
  0x09, 0x49, 0x87, 0x0d, 0x55, 0x95, 0x0c, 0x4f, 0x8c, 0x08, 0x47, 0x84,
  0x0b, 0x4e, 0x8c, 0x0a, 0x4b, 0x88, 0x0a, 0x4c, 0x8b, 0x05, 0x44, 0x82,
  0x0b, 0x52, 0x92, 0x0f, 0x58, 0x97, 0x0e, 0x54, 0x93, 0x0d, 0x51, 0x90,
  0x0c, 0x50, 0x8e, 0x0a, 0x4d, 0x8c, 0x0b, 0x4c, 0x88, 0x0b, 0x4a, 0x84,
  0x0f, 0x4f, 0x89, 0x0e, 0x4c, 0x85, 0x0c, 0x4b, 0x86, 0x0b, 0x4d, 0x8b,
  0x0d, 0x4e, 0x8b, 0x0f, 0x54, 0x92, 0x0c, 0x52, 0x92, 0x0a, 0x4d, 0x8c,
  0x09, 0x4f, 0x91, 0x0b, 0x4d, 0x8b, 0x00, 0x12, 0x29, 0x00, 0x0f, 0x23,
  0x00, 0x0a, 0x1a, 0x00, 0x06, 0x11, 0x05, 0x38, 0x69, 0x04, 0x37, 0x67,
  0x01, 0x00, 0x02, 0x02, 0x0d, 0x18, 0x02, 0x0a, 0x12, 0x02, 0x0b, 0x16,
  0x02, 0x0a, 0x12, 0x02, 0x0d, 0x18, 0x01, 0x10, 0x23, 0x00, 0x11, 0x2a,
  0x00, 0x0f, 0x26, 0x00, 0x0b, 0x1f, 0x00, 0x0f, 0x22, 0x01, 0x0f, 0x1f,
  0x01, 0x10, 0x20, 0x02, 0x10, 0x20, 0x01, 0x04, 0x05, 0x03, 0x1c, 0x35,
  0x08, 0x3d, 0x6f, 0x03, 0x32, 0x5f, 0x02, 0x2a, 0x52, 0x00, 0x21, 0x43,
  0x00, 0x1f, 0x3e, 0x00, 0x1e, 0x3e, 0x02, 0x29, 0x4e, 0x05, 0x3b, 0x6f,
  0x0b, 0x50, 0x91, 0x10, 0x5e, 0xa3, 0x00, 0x14, 0x2b, 0x00, 0x13, 0x2c,
  0x0c, 0x52, 0x91, 0x0f, 0x55, 0x95, 0x0b, 0x4b, 0x88, 0x06, 0x43, 0x80,
  0x09, 0x49, 0x87, 0x0c, 0x4f, 0x8d, 0x0c, 0x4e, 0x8b, 0x0c, 0x4e, 0x8b,
  0x08, 0x47, 0x84, 0x08, 0x49, 0x87, 0x0d, 0x54, 0x95, 0x0e, 0x54, 0x94,
  0x10, 0x58, 0x99, 0x0f, 0x56, 0x97, 0x10, 0x59, 0x99, 0x0e, 0x54, 0x93,
  0x08, 0x48, 0x84, 0x08, 0x4a, 0x87, 0x10, 0x56, 0x95, 0x0e, 0x51, 0x8d,
  0x0d, 0x4e, 0x88, 0x10, 0x53, 0x8f, 0x0e, 0x53, 0x91, 0x0d, 0x50, 0x8e,
  0x10, 0x57, 0x96, 0x12, 0x5b, 0x9b, 0x0f, 0x53, 0x91, 0x0b, 0x4d, 0x8a,
  0x0a, 0x4d, 0x8d, 0x0d, 0x51, 0x90, 0x01, 0x11, 0x26, 0x00, 0x15, 0x2e,
  0x01, 0x15, 0x2e, 0x02, 0x09, 0x11, 0x00, 0x04, 0x12, 0x00, 0x0c, 0x1f,
  0x00, 0x15, 0x2e, 0x00, 0x13, 0x2b, 0x01, 0x10, 0x23, 0x01, 0x0b, 0x16,
  0x01, 0x0e, 0x1e, 0x00, 0x15, 0x2f, 0x00, 0x16, 0x34, 0x00, 0x15, 0x32,
  0x00, 0x13, 0x2b, 0x01, 0x0e, 0x1e, 0x01, 0x07, 0x0e, 0x01, 0x0a, 0x13,
  0x01, 0x0b, 0x16, 0x01, 0x09, 0x12, 0x02, 0x12, 0x23, 0x01, 0x0f, 0x1e,
  0x00, 0x00, 0x00, 0x00, 0x00, 0x00, 0x00, 0x00, 0x00, 0x00, 0x00, 0x00,
  0x01, 0x09, 0x14, 0x00, 0x09, 0x14, 0x00, 0x04, 0x0c, 0x00, 0x00, 0x00,
  0x00, 0x00, 0x01, 0x01, 0x19, 0x31, 0x02, 0x12, 0x21, 0x00, 0x00, 0x08,
  0x05, 0x38, 0x67, 0x13, 0x61, 0xa8, 0x10, 0x58, 0x9a, 0x0e, 0x55, 0x96,
  0x0f, 0x57, 0x98, 0x10, 0x59, 0x9c, 0x10, 0x5a, 0x9c, 0x10, 0x58, 0x99,
  0x0f, 0x57, 0x9a, 0x0f, 0x59, 0x9d, 0x10, 0x59, 0x9c, 0x11, 0x5b, 0x9c,
  0x0f, 0x57, 0x97, 0x0f, 0x54, 0x94, 0x11, 0x58, 0x97, 0x11, 0x56, 0x94,
  0x0e, 0x4d, 0x87, 0x0b, 0x4a, 0x86, 0x0e, 0x4f, 0x8a, 0x10, 0x52, 0x8c,
  0x13, 0x5a, 0x98, 0x12, 0x59, 0x98, 0x0d, 0x51, 0x8e, 0x0c, 0x50, 0x8e,
  0x0d, 0x50, 0x8e, 0x11, 0x58, 0x97, 0x0f, 0x55, 0x93, 0x0c, 0x4a, 0x86,
  0x0f, 0x54, 0x93, 0x11, 0x5b, 0x9c, 0x02, 0x0b, 0x17, 0x00, 0x14, 0x2e,
  0x00, 0x13, 0x2a, 0x01, 0x10, 0x21, 0x00, 0x16, 0x30, 0x00, 0x17, 0x33,
  0x00, 0x12, 0x27, 0x01, 0x10, 0x23, 0x01, 0x11, 0x28, 0x00, 0x12, 0x29,
  0x00, 0x15, 0x30, 0x00, 0x14, 0x2e, 0x00, 0x15, 0x2e, 0x01, 0x0e, 0x1d,
  0x01, 0x07, 0x0c, 0x02, 0x0f, 0x1c, 0x02, 0x1f, 0x3a, 0x03, 0x22, 0x40,
  0x02, 0x22, 0x40, 0x02, 0x20, 0x3e, 0x02, 0x15, 0x29, 0x02, 0x10, 0x1d,
  0x03, 0x1a, 0x31, 0x04, 0x21, 0x3c, 0x03, 0x1b, 0x32, 0x03, 0x15, 0x26,
  0x03, 0x15, 0x26, 0x02, 0x15, 0x27, 0x01, 0x20, 0x3d, 0x03, 0x23, 0x42,
  0x02, 0x15, 0x27, 0x01, 0x04, 0x0a, 0x02, 0x09, 0x13, 0x01, 0x09, 0x14,
  0x00, 0x0b, 0x1b, 0x07, 0x35, 0x5f, 0x0a, 0x42, 0x74, 0x09, 0x40, 0x73,
  0x0b, 0x45, 0x79, 0x09, 0x40, 0x73, 0x0a, 0x43, 0x77, 0x0a, 0x48, 0x80,
  0x0b, 0x4a, 0x84, 0x0b, 0x4b, 0x88, 0x0c, 0x51, 0x91, 0x0c, 0x4f, 0x8f,
  0x0f, 0x57, 0x9a, 0x10, 0x5a, 0x9d, 0x0f, 0x5a, 0x9e, 0x11, 0x5c, 0x9f,
  0x14, 0x5f, 0xa2, 0x12, 0x5a, 0x9b, 0x10, 0x56, 0x95, 0x0e, 0x51, 0x8f,
  0x10, 0x55, 0x92, 0x0c, 0x4b, 0x86, 0x09, 0x47, 0x81, 0x08, 0x48, 0x85,
  0x0a, 0x4c, 0x8a, 0x0f, 0x55, 0x94, 0x0f, 0x55, 0x94, 0x0c, 0x4e, 0x8b,
  0x11, 0x57, 0x96, 0x0e, 0x54, 0x93, 0x00, 0x19, 0x36, 0x01, 0x13, 0x2a,
  0x00, 0x12, 0x29, 0x00, 0x15, 0x31, 0x01, 0x11, 0x24, 0x01, 0x10, 0x20,
  0x01, 0x0f, 0x22, 0x00, 0x14, 0x2d, 0x00, 0x15, 0x31, 0x00, 0x16, 0x32,
  0x01, 0x0d, 0x1e, 0x01, 0x06, 0x0e, 0x02, 0x0a, 0x11, 0x02, 0x0b, 0x15,
  0x02, 0x0c, 0x16, 0x02, 0x0f, 0x1d, 0x01, 0x16, 0x2c, 0x02, 0x16, 0x2a,
  0x03, 0x19, 0x2f, 0x03, 0x20, 0x3b, 0x03, 0x24, 0x43, 0x02, 0x1b, 0x34,
  0x02, 0x10, 0x1f, 0x03, 0x11, 0x1f, 0x04, 0x1f, 0x37, 0x05, 0x23, 0x40,
  0x04, 0x1e, 0x37, 0x03, 0x13, 0x21, 0x02, 0x0f, 0x1b, 0x02, 0x10, 0x1e,
  0x02, 0x18, 0x2c, 0x03, 0x1b, 0x33, 0x04, 0x25, 0x44, 0x04, 0x2a, 0x4c,
  0x02, 0x1e, 0x37, 0x00, 0x0e, 0x1f, 0x00, 0x0a, 0x1d, 0x00, 0x08, 0x17,
  0x00, 0x04, 0x11, 0x00, 0x02, 0x0e, 0x00, 0x09, 0x19, 0x00, 0x0d, 0x20,
  0x00, 0x0c, 0x20, 0x00, 0x0e, 0x23, 0x00, 0x1a, 0x36, 0x00, 0x1a, 0x35,
  0x02, 0x29, 0x4f, 0x04, 0x33, 0x5e, 0x08, 0x3e, 0x70, 0x0c, 0x4c, 0x86,
  0x0f, 0x57, 0x96, 0x0f, 0x54, 0x94, 0x10, 0x55, 0x95, 0x10, 0x5a, 0x9d,
  0x14, 0x5f, 0xa1, 0x0f, 0x57, 0x98, 0x0c, 0x51, 0x91, 0x0d, 0x52, 0x93,
  0x0a, 0x4d, 0x8d, 0x0b, 0x4d, 0x8b, 0x0d, 0x51, 0x8f, 0x0f, 0x54, 0x92,
  0x10, 0x57, 0x95, 0x0c, 0x50, 0x8c, 0x02, 0x0d, 0x1a, 0x01, 0x11, 0x25,
  0x00, 0x14, 0x2e, 0x01, 0x0e, 0x1c, 0x02, 0x09, 0x0f, 0x01, 0x10, 0x22,
  0x00, 0x14, 0x2e, 0x00, 0x15, 0x32, 0x00, 0x14, 0x2e, 0x00, 0x0c, 0x1b,
  0x02, 0x11, 0x20, 0x04, 0x23, 0x3f, 0x03, 0x21, 0x3c, 0x03, 0x1d, 0x35,
  0x04, 0x27, 0x47, 0x02, 0x24, 0x45, 0x02, 0x1e, 0x39, 0x02, 0x1d, 0x35,
  0x01, 0x17, 0x2d, 0x02, 0x10, 0x1f, 0x02, 0x0e, 0x19, 0x02, 0x15, 0x28,
  0x03, 0x1b, 0x32, 0x04, 0x15, 0x24, 0x03, 0x0a, 0x0f, 0x02, 0x0c, 0x14,
  0x03, 0x10, 0x1a, 0x04, 0x11, 0x1b, 0x04, 0x0e, 0x15, 0x03, 0x0d, 0x15,
  0x03, 0x16, 0x28, 0x04, 0x1a, 0x2e, 0x02, 0x16, 0x28, 0x04, 0x1d, 0x34,
  0x04, 0x1e, 0x35, 0x03, 0x1f, 0x38, 0x03, 0x1f, 0x37, 0x03, 0x1f, 0x39,
  0x03, 0x1c, 0x34, 0x02, 0x1a, 0x31, 0x02, 0x19, 0x2f, 0x02, 0x17, 0x2c,
  0x01, 0x16, 0x2b, 0x02, 0x15, 0x29, 0x01, 0x15, 0x2a, 0x01, 0x13, 0x28,
  0x00, 0x11, 0x25, 0x00, 0x0a, 0x1a, 0x00, 0x03, 0x0e, 0x00, 0x06, 0x14,
  0x00, 0x10, 0x26, 0x00, 0x18, 0x34, 0x00, 0x1a, 0x34, 0x02, 0x24, 0x44,
  0x06, 0x30, 0x56, 0x08, 0x38, 0x65, 0x0b, 0x47, 0x7e, 0x12, 0x5b, 0x9c,
  0x10, 0x58, 0x99, 0x10, 0x5a, 0x9c, 0x14, 0x60, 0xa5, 0x12, 0x5f, 0xa3,
  0x11, 0x5f, 0xa5, 0x11, 0x5e, 0xa2, 0x02, 0x06, 0x07, 0x01, 0x0d, 0x1b,
  0x01, 0x11, 0x25, 0x01, 0x0b, 0x15, 0x00, 0x13, 0x2b, 0x00, 0x11, 0x26,
  0x00, 0x15, 0x31, 0x00, 0x16, 0x35, 0x01, 0x0d, 0x1b, 0x01, 0x0e, 0x1d,
  0x02, 0x21, 0x3d, 0x03, 0x1f, 0x39, 0x02, 0x13, 0x24, 0x02, 0x11, 0x1e,
  0x01, 0x15, 0x28, 0x02, 0x16, 0x2a, 0x03, 0x15, 0x26, 0x03, 0x13, 0x22,
  0x04, 0x10, 0x1a, 0x03, 0x0b, 0x10, 0x03, 0x08, 0x09, 0x03, 0x06, 0x08,
  0x02, 0x07, 0x0b, 0x02, 0x0e, 0x1b, 0x02, 0x0f, 0x1e, 0x02, 0x0d, 0x1b,
  0x02, 0x0a, 0x13, 0x02, 0x09, 0x0f, 0x02, 0x0c, 0x16, 0x01, 0x09, 0x13,
  0x02, 0x08, 0x0f, 0x02, 0x07, 0x0d, 0x01, 0x09, 0x12, 0x01, 0x0a, 0x14,
  0x02, 0x0a, 0x13, 0x03, 0x0a, 0x11, 0x03, 0x0c, 0x16, 0x02, 0x11, 0x1f,
  0x02, 0x0d, 0x19, 0x01, 0x0e, 0x1b, 0x01, 0x0e, 0x1d, 0x02, 0x12, 0x22,
  0x02, 0x14, 0x26, 0x02, 0x15, 0x29, 0x02, 0x14, 0x26, 0x02, 0x12, 0x23,
  0x02, 0x14, 0x26, 0x02, 0x18, 0x2d, 0x02, 0x1c, 0x36, 0x01, 0x14, 0x28,
  0x02, 0x15, 0x28, 0x02, 0x15, 0x29, 0x01, 0x17, 0x2e, 0x00, 0x11, 0x25,
  0x00, 0x0a, 0x1a, 0x00, 0x06, 0x13, 0x00, 0x08, 0x17, 0x00, 0x0f, 0x24,
  0x00, 0x19, 0x32, 0x03, 0x2a, 0x4d, 0x05, 0x30, 0x59, 0x05, 0x31, 0x5b,
  0x06, 0x37, 0x66, 0x0a, 0x42, 0x74, 0x00, 0x17, 0x33, 0x02, 0x08, 0x0d,
  0x02, 0x0a, 0x14, 0x00, 0x15, 0x34, 0x00, 0x16, 0x31, 0x00, 0x1b, 0x39,
  0x00, 0x14, 0x2e, 0x01, 0x09, 0x14, 0x02, 0x0a, 0x13, 0x01, 0x15, 0x2b,
  0x01, 0x0e, 0x1c, 0x01, 0x0b, 0x18, 0x02, 0x10, 0x1f, 0x03, 0x13, 0x22,
  0x03, 0x12, 0x20, 0x04, 0x0e, 0x16, 0x04, 0x09, 0x0a, 0x03, 0x04, 0x02,
  0x02, 0x0c, 0x17, 0x01, 0x13, 0x27, 0x01, 0x1b, 0x38, 0x01, 0x1e, 0x3d,
  0x00, 0x20, 0x41, 0x00, 0x22, 0x45, 0x00, 0x26, 0x4d, 0x01, 0x29, 0x50,
  0x00, 0x25, 0x4b, 0x00, 0x23, 0x46, 0x00, 0x26, 0x4b, 0x02, 0x26, 0x4a,
  0x02, 0x23, 0x44, 0x02, 0x24, 0x43, 0x03, 0x20, 0x3d, 0x02, 0x1e, 0x3a,
  0x02, 0x20, 0x40, 0x02, 0x22, 0x42, 0x02, 0x1e, 0x3a, 0x02, 0x1d, 0x36,
  0x03, 0x1c, 0x34, 0x03, 0x21, 0x3d, 0x03, 0x24, 0x43, 0x04, 0x2c, 0x4f,
  0x02, 0x28, 0x4c, 0x00, 0x24, 0x4b, 0x01, 0x23, 0x46, 0x00, 0x23, 0x46,
  0x00, 0x20, 0x40, 0x01, 0x23, 0x44, 0x03, 0x27, 0x49, 0x02, 0x1c, 0x36,
  0x02, 0x22, 0x40, 0x02, 0x1e, 0x3b, 0x02, 0x1f, 0x3c, 0x02, 0x23, 0x41,
  0x03, 0x22, 0x41, 0x03, 0x25, 0x45, 0x03, 0x25, 0x45, 0x02, 0x1e, 0x3b,
  0x04, 0x1f, 0x3a, 0x02, 0x1a, 0x33, 0x01, 0x19, 0x31, 0x00, 0x0f, 0x22,
  0x00, 0x0e, 0x1e, 0x00, 0x0e, 0x20, 0x02, 0x0c, 0x15, 0x02, 0x0b, 0x14,
  0x00, 0x19, 0x39, 0x00, 0x16, 0x35, 0x00, 0x16, 0x35, 0x00, 0x13, 0x2d,
  0x01, 0x01, 0x05, 0x02, 0x0c, 0x15, 0x02, 0x1c, 0x35, 0x02, 0x20, 0x3d,
  0x03, 0x1e, 0x38, 0x04, 0x1f, 0x39, 0x05, 0x25, 0x41, 0x04, 0x20, 0x3b,
  0x03, 0x12, 0x1d, 0x03, 0x0c, 0x15, 0x02, 0x17, 0x2c, 0x01, 0x23, 0x45,
  0x00, 0x22, 0x45, 0x00, 0x19, 0x36, 0x00, 0x15, 0x2e, 0x00, 0x12, 0x28,
  0x00, 0x17, 0x31, 0x02, 0x17, 0x2b, 0x03, 0x24, 0x44, 0x02, 0x1f, 0x3d,
  0x01, 0x1c, 0x38, 0x03, 0x1d, 0x35, 0x08, 0x2a, 0x49, 0x05, 0x2d, 0x54,
  0x03, 0x27, 0x48, 0x04, 0x27, 0x47, 0x04, 0x25, 0x43, 0x02, 0x1f, 0x3e,
  0x01, 0x1c, 0x36, 0x02, 0x1f, 0x3c, 0x02, 0x26, 0x4b, 0x02, 0x17, 0x2b,
  0x02, 0x18, 0x2c, 0x04, 0x26, 0x45, 0x05, 0x24, 0x40, 0x01, 0x1f, 0x3c,
  0x02, 0x23, 0x42, 0x00, 0x21, 0x41, 0x00, 0x1b, 0x3c, 0x00, 0x21, 0x44,
  0x04, 0x29, 0x4b, 0x03, 0x2a, 0x4e, 0x02, 0x25, 0x47, 0x02, 0x26, 0x49,
  0x03, 0x2b, 0x54, 0x03, 0x2c, 0x53, 0x05, 0x2b, 0x4e, 0x06, 0x28, 0x48,
  0x06, 0x29, 0x48, 0x07, 0x2b, 0x4b, 0x09, 0x28, 0x43, 0x10, 0x32, 0x4f,
  0x02, 0x20, 0x3a, 0x06, 0x2a, 0x48, 0x04, 0x21, 0x3b, 0x04, 0x20, 0x3a,
  0x03, 0x2d, 0x52, 0x00, 0x26, 0x4a, 0x02, 0x0b, 0x15, 0x00, 0x11, 0x28,
  0x00, 0x14, 0x30, 0x00, 0x1b, 0x3e, 0x00, 0x10, 0x27, 0x01, 0x08, 0x11,
  0x03, 0x23, 0x3f, 0x05, 0x34, 0x5d, 0x08, 0x3b, 0x67, 0x07, 0x2b, 0x4c,
  0x07, 0x24, 0x3d, 0x04, 0x1d, 0x32, 0x04, 0x12, 0x1d, 0x03, 0x0b, 0x13,
  0x01, 0x1b, 0x36, 0x01, 0x24, 0x49, 0x00, 0x28, 0x51, 0x02, 0x21, 0x41,
  0x01, 0x12, 0x24, 0x01, 0x0d, 0x1e, 0x01, 0x0b, 0x17, 0x01, 0x11, 0x23,
  0x00, 0x15, 0x2d, 0x01, 0x1a, 0x37, 0x03, 0x22, 0x41, 0x02, 0x21, 0x3e,
  0x00, 0x12, 0x25, 0x03, 0x1b, 0x33, 0x0d, 0x36, 0x5d, 0x04, 0x27, 0x48,
  0x01, 0x18, 0x31, 0x01, 0x17, 0x2e, 0x01, 0x17, 0x2f, 0x03, 0x1c, 0x32,
  0x02, 0x16, 0x29, 0x03, 0x1e, 0x38, 0x01, 0x18, 0x31, 0x01, 0x19, 0x31,
  0x01, 0x1b, 0x36, 0x05, 0x24, 0x41, 0x04, 0x25, 0x43, 0x02, 0x21, 0x3f,
  0x03, 0x2a, 0x4f, 0x04, 0x34, 0x62, 0x03, 0x2d, 0x56, 0x11, 0x3e, 0x67,
  0x0d, 0x3b, 0x66, 0x03, 0x29, 0x4d, 0x04, 0x2b, 0x51, 0x01, 0x20, 0x3f,
  0x00, 0x24, 0x48, 0x02, 0x28, 0x4d, 0x07, 0x27, 0x45, 0x0a, 0x28, 0x43,
  0x06, 0x20, 0x37, 0x04, 0x1b, 0x2e, 0x08, 0x1e, 0x31, 0x0b, 0x2c, 0x46,
  0x15, 0x39, 0x56, 0x0c, 0x2d, 0x48, 0x0a, 0x26, 0x3e, 0x08, 0x28, 0x42,
  0x08, 0x27, 0x42, 0x14, 0x39, 0x55, 0x00, 0x16, 0x33, 0x01, 0x1b, 0x39,
  0x00, 0x1f, 0x40, 0x00, 0x10, 0x2a, 0x02, 0x10, 0x1f, 0x06, 0x31, 0x58,
  0x08, 0x3c, 0x69, 0x08, 0x35, 0x5e, 0x03, 0x17, 0x29, 0x03, 0x05, 0x05,
  0x04, 0x0a, 0x0e, 0x02, 0x0e, 0x1a, 0x01, 0x17, 0x2e, 0x01, 0x24, 0x46,
  0x00, 0x23, 0x47, 0x02, 0x2c, 0x53, 0x04, 0x32, 0x5b, 0x02, 0x1b, 0x33,
  0x01, 0x0b, 0x17, 0x01, 0x19, 0x32, 0x00, 0x2d, 0x5c, 0x00, 0x32, 0x68,
  0x00, 0x2d, 0x5d, 0x01, 0x33, 0x65, 0x03, 0x40, 0x7b, 0x09, 0x44, 0x7a,
  0x0d, 0x3b, 0x64, 0x0a, 0x35, 0x5d, 0x00, 0x1d, 0x41, 0x00, 0x10, 0x28,
  0x00, 0x16, 0x31, 0x00, 0x18, 0x32, 0x08, 0x2c, 0x4c, 0x0a, 0x31, 0x55,
  0x00, 0x1b, 0x3c, 0x00, 0x17, 0x35, 0x04, 0x2a, 0x4d, 0x06, 0x30, 0x56,
  0x03, 0x2c, 0x54, 0x0e, 0x40, 0x6c, 0x0c, 0x3b, 0x66, 0x04, 0x2d, 0x53,
  0x05, 0x25, 0x43, 0x04, 0x23, 0x3f, 0x05, 0x1d, 0x32, 0x0b, 0x30, 0x51,
  0x07, 0x1f, 0x35, 0x04, 0x11, 0x1a, 0x02, 0x10, 0x1c, 0x09, 0x22, 0x35,
  0x04, 0x1f, 0x36, 0x00, 0x07, 0x1b, 0x18, 0x3d, 0x5a, 0x1f, 0x4a, 0x6b,
  0x04, 0x21, 0x3a, 0x17, 0x40, 0x61, 0x13, 0x37, 0x51, 0x1d, 0x4b, 0x6e,
  0x3d, 0x7d, 0xaa, 0x25, 0x5b, 0x84, 0x14, 0x3e, 0x5f, 0x0f, 0x37, 0x58,
  0x13, 0x38, 0x57, 0x18, 0x40, 0x5f, 0x00, 0x18, 0x39, 0x00, 0x1b, 0x3a,
  0x00, 0x16, 0x34, 0x02, 0x14, 0x26, 0x05, 0x34, 0x5e, 0x05, 0x35, 0x60,
  0x06, 0x29, 0x48, 0x00, 0x00, 0x03, 0x01, 0x06, 0x09, 0x07, 0x22, 0x38,
  0x05, 0x23, 0x3f, 0x01, 0x24, 0x46, 0x01, 0x1d, 0x39, 0x01, 0x16, 0x2b,
  0x03, 0x1a, 0x30, 0x06, 0x26, 0x43, 0x08, 0x2a, 0x46, 0x01, 0x0e, 0x1c,
  0x00, 0x1b, 0x3a, 0x00, 0x31, 0x68, 0x00, 0x36, 0x72, 0x01, 0x18, 0x33,
  0x02, 0x03, 0x03, 0x02, 0x0a, 0x14, 0x00, 0x07, 0x0f, 0x04, 0x34, 0x61,
  0x03, 0x33, 0x63, 0x0c, 0x38, 0x60, 0x18, 0x4b, 0x77, 0x13, 0x43, 0x6c,
  0x0c, 0x34, 0x57, 0x0a, 0x31, 0x53, 0x06, 0x2c, 0x4e, 0x05, 0x2f, 0x56,
  0x07, 0x3b, 0x6b, 0x0c, 0x3e, 0x6b, 0x0b, 0x40, 0x6f, 0x06, 0x37, 0x66,
  0x05, 0x31, 0x5d, 0x03, 0x25, 0x44, 0x03, 0x26, 0x47, 0x07, 0x2b, 0x4c,
  0x09, 0x26, 0x3f, 0x04, 0x16, 0x23, 0x05, 0x2a, 0x4b, 0x0b, 0x3d, 0x6a,
  0x0a, 0x2f, 0x50, 0x05, 0x16, 0x25, 0x07, 0x21, 0x35, 0x17, 0x45, 0x6c,
  0x24, 0x59, 0x84, 0x17, 0x42, 0x65, 0x0e, 0x35, 0x57, 0x0d, 0x2d, 0x47,
  0x0e, 0x34, 0x53, 0x18, 0x44, 0x67, 0x11, 0x34, 0x51, 0x0e, 0x35, 0x57,
  0x19, 0x3d, 0x5a, 0x0b, 0x32, 0x53, 0x00, 0x22, 0x45, 0x05, 0x23, 0x3f,
  0x02, 0x20, 0x3c, 0x00, 0x1f, 0x44, 0x00, 0x1b, 0x3d, 0x00, 0x12, 0x2e,
  0x02, 0x14, 0x27, 0x08, 0x33, 0x5a, 0x06, 0x2b, 0x4d, 0x02, 0x12, 0x21,
  0x00, 0x05, 0x0c, 0x0e, 0x2f, 0x4a, 0x0e, 0x35, 0x56, 0x09, 0x29, 0x44,
  0x03, 0x1a, 0x2d, 0x02, 0x11, 0x1d, 0x02, 0x14, 0x25, 0x07, 0x21, 0x38,
  0x07, 0x24, 0x3c, 0x04, 0x18, 0x2a, 0x02, 0x0c, 0x14, 0x01, 0x1c, 0x3c,
  0x00, 0x27, 0x53, 0x00, 0x2d, 0x62, 0x01, 0x0d, 0x1b, 0x03, 0x03, 0x00,
  0x01, 0x27, 0x4f, 0x00, 0x27, 0x53, 0x00, 0x23, 0x4b, 0x00, 0x00, 0x02,
  0x00, 0x27, 0x51, 0x00, 0x2b, 0x59, 0x07, 0x36, 0x62, 0x10, 0x44, 0x74,
  0x0f, 0x3d, 0x68, 0x17, 0x4d, 0x7c, 0x1b, 0x57, 0x89, 0x1f, 0x5a, 0x8d,
  0x11, 0x4a, 0x7f, 0x09, 0x37, 0x62, 0x00, 0x26, 0x50, 0x00, 0x20, 0x48,
  0x00, 0x18, 0x3a, 0x08, 0x26, 0x40, 0x16, 0x46, 0x6d, 0x07, 0x2d, 0x4e,
  0x00, 0x21, 0x3f, 0x17, 0x45, 0x6b, 0x1a, 0x50, 0x7d, 0x11, 0x3f, 0x66,
  0x1a, 0x4a, 0x71, 0x27, 0x5c, 0x83, 0x1d, 0x48, 0x67, 0x1c, 0x44, 0x64,
  0x23, 0x54, 0x7a, 0x0d, 0x33, 0x53, 0x04, 0x22, 0x3e, 0x01, 0x1b, 0x35,
  0x03, 0x21, 0x3d, 0x0a, 0x3c, 0x6a, 0x02, 0x32, 0x5f, 0x00, 0x10, 0x27,
  0x00, 0x00, 0x12, 0x05, 0x27, 0x46, 0x09, 0x49, 0x83, 0x02, 0x21, 0x41,
  0x01, 0x0e, 0x1f, 0x04, 0x25, 0x45, 0x00, 0x20, 0x49, 0x00, 0x13, 0x2a,
  0x08, 0x2c, 0x49, 0x08, 0x28, 0x45, 0x01, 0x06, 0x0d, 0x02, 0x0e, 0x18,
  0x0f, 0x35, 0x54, 0x19, 0x48, 0x6d, 0x05, 0x17, 0x26, 0x00, 0x00, 0x00,
  0x01, 0x10, 0x1c, 0x00, 0x15, 0x28, 0x06, 0x20, 0x37, 0x0b, 0x28, 0x3e,
  0x09, 0x20, 0x32, 0x03, 0x0e, 0x15, 0x03, 0x0c, 0x14, 0x00, 0x1d, 0x3f,
  0x00, 0x15, 0x2f, 0x00, 0x21, 0x46, 0x02, 0x09, 0x0f, 0x02, 0x1b, 0x35,
  0x00, 0x2d, 0x5f, 0x00, 0x1e, 0x45, 0x00, 0x28, 0x55, 0x00, 0x27, 0x4f,
  0x02, 0x00, 0x00, 0x01, 0x2b, 0x54, 0x00, 0x33, 0x66, 0x00, 0x23, 0x50,
  0x00, 0x1f, 0x45, 0x00, 0x1f, 0x44, 0x00, 0x21, 0x47, 0x03, 0x26, 0x4a,
  0x00, 0x22, 0x4a, 0x00, 0x18, 0x3a, 0x07, 0x2d, 0x53, 0x0d, 0x42, 0x72,
  0x1b, 0x4d, 0x76, 0x26, 0x58, 0x7e, 0x11, 0x44, 0x6d, 0x07, 0x2d, 0x4f,
  0x1f, 0x47, 0x69, 0x31, 0x6b, 0x95, 0x26, 0x5e, 0x88, 0x1a, 0x4a, 0x72,
  0x0a, 0x2f, 0x4e, 0x0c, 0x31, 0x53, 0x03, 0x24, 0x44, 0x06, 0x2d, 0x51,
  0x00, 0x24, 0x46, 0x00, 0x1e, 0x3f, 0x09, 0x41, 0x75, 0x02, 0x1f, 0x3b,
  0x00, 0x00, 0x00, 0x0c, 0x3a, 0x64, 0x09, 0x44, 0x7c, 0x00, 0x07, 0x14,
  0x04, 0x17, 0x28, 0x01, 0x02, 0x06, 0x06, 0x37, 0x64, 0x02, 0x20, 0x40,
  0x00, 0x19, 0x36, 0x01, 0x17, 0x30, 0x00, 0x15, 0x33, 0x06, 0x1d, 0x2f,
  0x05, 0x22, 0x3b, 0x00, 0x05, 0x10, 0x0a, 0x29, 0x43, 0x12, 0x3b, 0x5d,
  0x09, 0x23, 0x39, 0x00, 0x02, 0x0b, 0x04, 0x19, 0x2b, 0x11, 0x34, 0x50,
  0x0d, 0x2a, 0x44, 0x1c, 0x43, 0x62, 0x04, 0x19, 0x2b, 0x05, 0x18, 0x28,
  0x0a, 0x21, 0x34, 0x07, 0x19, 0x25, 0x02, 0x05, 0x09, 0x00, 0x24, 0x49,
  0x06, 0x41, 0x75, 0x00, 0x1a, 0x3d, 0x02, 0x0c, 0x16, 0x02, 0x24, 0x46,
  0x00, 0x30, 0x61, 0x00, 0x13, 0x31, 0x03, 0x24, 0x44, 0x00, 0x2e, 0x5f,
  0x01, 0x1f, 0x40, 0x03, 0x00, 0x00, 0x00, 0x19, 0x35, 0x00, 0x2b, 0x58,
  0x05, 0x38, 0x6a, 0x10, 0x47, 0x79, 0x05, 0x32, 0x5c, 0x00, 0x2e, 0x5b,
  0x03, 0x31, 0x5d, 0x08, 0x3b, 0x6a, 0x16, 0x49, 0x75, 0x19, 0x4d, 0x77,
  0x26, 0x61, 0x8f, 0x22, 0x55, 0x7d, 0x02, 0x23, 0x3f, 0x04, 0x21, 0x3c,
  0x11, 0x37, 0x5a, 0x14, 0x40, 0x66, 0x00, 0x1c, 0x3b, 0x00, 0x18, 0x34,
  0x00, 0x12, 0x23, 0x00, 0x1a, 0x35, 0x07, 0x42, 0x79, 0x02, 0x29, 0x4f,
  0x02, 0x00, 0x00, 0x01, 0x02, 0x03, 0x09, 0x3d, 0x6c, 0x05, 0x2b, 0x4e,
  0x01, 0x00, 0x00, 0x04, 0x1f, 0x38, 0x07, 0x38, 0x66, 0x01, 0x0d, 0x1e,
  0x02, 0x19, 0x32, 0x02, 0x17, 0x2c, 0x05, 0x1b, 0x31, 0x00, 0x05, 0x14,
  0x02, 0x13, 0x26, 0x03, 0x15, 0x28, 0x04, 0x14, 0x22, 0x06, 0x1a, 0x28,
  0x00, 0x08, 0x11, 0x12, 0x3b, 0x5d, 0x12, 0x3c, 0x5f, 0x06, 0x20, 0x36,
  0x00, 0x0c, 0x18, 0x07, 0x23, 0x3a, 0x15, 0x41, 0x65, 0x0f, 0x37, 0x57,
  0x18, 0x3f, 0x5f, 0x3a, 0x77, 0xa4, 0x18, 0x3e, 0x5d, 0x00, 0x0a, 0x16,
  0x12, 0x37, 0x54, 0x0c, 0x26, 0x3a, 0x03, 0x08, 0x0b, 0x00, 0x1f, 0x47,
  0x00, 0x21, 0x49, 0x00, 0x1d, 0x3e, 0x03, 0x07, 0x08, 0x00, 0x0e, 0x21,
  0x05, 0x46, 0x80, 0x00, 0x23, 0x4a, 0x05, 0x34, 0x62, 0x00, 0x25, 0x50,
  0x03, 0x3f, 0x78, 0x02, 0x1b, 0x36, 0x04, 0x00, 0x00, 0x02, 0x13, 0x26,
  0x01, 0x1e, 0x3d, 0x07, 0x2c, 0x4d, 0x07, 0x2d, 0x4f, 0x02, 0x20, 0x3d,
  0x01, 0x1f, 0x3d, 0x00, 0x1e, 0x3c, 0x00, 0x22, 0x44, 0x02, 0x28, 0x4c,
  0x00, 0x0e, 0x25, 0x00, 0x00, 0x0d, 0x05, 0x2d, 0x52, 0x06, 0x31, 0x5a,
  0x00, 0x00, 0x09, 0x01, 0x19, 0x30, 0x11, 0x51, 0x8a, 0x02, 0x22, 0x41,
  0x03, 0x04, 0x02, 0x02, 0x00, 0x00, 0x0a, 0x42, 0x75, 0x08, 0x37, 0x62,
  0x02, 0x02, 0x05, 0x03, 0x13, 0x21, 0x02, 0x0f, 0x1e, 0x03, 0x15, 0x29,
  0x03, 0x13, 0x24, 0x04, 0x18, 0x2a, 0x05, 0x19, 0x2b, 0x00, 0x06, 0x12,
  0x02, 0x16, 0x29, 0x02, 0x13, 0x25, 0x01, 0x18, 0x2e, 0x09, 0x34, 0x5a,
  0x00, 0x0c, 0x1f, 0x01, 0x18, 0x30, 0x06, 0x19, 0x27, 0x04, 0x12, 0x1e,
  0x15, 0x42, 0x68, 0x0e, 0x2f, 0x4a, 0x03, 0x14, 0x21, 0x03, 0x15, 0x24,
  0x01, 0x10, 0x1c, 0x0f, 0x35, 0x56, 0x0f, 0x38, 0x5c, 0x07, 0x29, 0x48,
  0x1e, 0x4b, 0x6d, 0x1c, 0x49, 0x6c, 0x1c, 0x49, 0x6d, 0x06, 0x1d, 0x31,
  0x0e, 0x29, 0x3e, 0x0c, 0x24, 0x36, 0x04, 0x09, 0x07, 0x00, 0x24, 0x50,
  0x00, 0x2d, 0x60, 0x00, 0x18, 0x36, 0x05, 0x0a, 0x09, 0x03, 0x04, 0x00,
  0x00, 0x13, 0x2d, 0x03, 0x42, 0x7e, 0x00, 0x19, 0x3e, 0x00, 0x0d, 0x2a,
  0x00, 0x35, 0x6a, 0x04, 0x42, 0x7c, 0x02, 0x0a, 0x19, 0x05, 0x08, 0x04,
  0x03, 0x08, 0x0b, 0x02, 0x00, 0x00, 0x01, 0x05, 0x0d, 0x02, 0x16, 0x2a,
  0x04, 0x22, 0x3e, 0x01, 0x18, 0x32, 0x01, 0x11, 0x24, 0x03, 0x1e, 0x39,
  0x01, 0x27, 0x4f, 0x03, 0x00, 0x00, 0x03, 0x25, 0x44, 0x05, 0x2e, 0x54,
  0x02, 0x03, 0x03, 0x00, 0x00, 0x00, 0x17, 0x5a, 0x93, 0x06, 0x23, 0x3b,
  0x02, 0x04, 0x04, 0x03, 0x05, 0x04, 0x06, 0x25, 0x40, 0x04, 0x1f, 0x37,
  0x02, 0x0a, 0x13, 0x03, 0x15, 0x25, 0x03, 0x13, 0x22, 0x02, 0x0e, 0x1c,
  0x01, 0x0c, 0x19, 0x02, 0x12, 0x22, 0x01, 0x14, 0x28, 0x07, 0x2c, 0x4d,
  0x00, 0x13, 0x28, 0x00, 0x03, 0x16, 0x0d, 0x45, 0x77, 0x21, 0x7f, 0xcc,
  0x0e, 0x45, 0x77, 0x00, 0x09, 0x21, 0x00, 0x01, 0x05, 0x0e, 0x34, 0x54,
  0x0f, 0x39, 0x5e, 0x05, 0x1e, 0x34, 0x0e, 0x36, 0x56, 0x04, 0x11, 0x1b,
  0x06, 0x1e, 0x33, 0x0b, 0x2e, 0x4d, 0x0a, 0x29, 0x44, 0x08, 0x2d, 0x4e,
  0x06, 0x22, 0x3b, 0x0a, 0x29, 0x43, 0x15, 0x3c, 0x5d, 0x08, 0x1f, 0x31,
  0x09, 0x21, 0x31, 0x09, 0x20, 0x31, 0x05, 0x09, 0x04, 0x00, 0x1d, 0x40,
  0x00, 0x2f, 0x64, 0x00, 0x1c, 0x42, 0x0a, 0x1a, 0x21, 0x09, 0x22, 0x36,
  0x02, 0x00, 0x00, 0x00, 0x15, 0x30, 0x05, 0x4c, 0x8c, 0x03, 0x36, 0x67,
  0x00, 0x16, 0x3b, 0x07, 0x46, 0x81, 0x04, 0x32, 0x5d, 0x02, 0x00, 0x00,
  0x03, 0x10, 0x1a, 0x03, 0x13, 0x22, 0x04, 0x12, 0x20, 0x02, 0x0c, 0x14,
  0x02, 0x03, 0x02, 0x01, 0x1a, 0x34, 0x02, 0x20, 0x3f, 0x02, 0x01, 0x00,
  0x02, 0x1c, 0x37, 0x03, 0x08, 0x0b, 0x03, 0x0a, 0x10, 0x02, 0x0a, 0x11,
  0x03, 0x0b, 0x11, 0x03, 0x09, 0x0d, 0x03, 0x18, 0x2a, 0x02, 0x0b, 0x12,
  0x03, 0x0c, 0x12, 0x03, 0x0f, 0x19, 0x01, 0x0a, 0x15, 0x01, 0x0d, 0x19,
  0x03, 0x13, 0x23, 0x01, 0x0f, 0x21, 0x00, 0x0c, 0x1b, 0x03, 0x20, 0x3b,
  0x06, 0x2c, 0x4f, 0x00, 0x00, 0x09, 0x0c, 0x48, 0x80, 0x19, 0x6b, 0xb3,
  0x15, 0x5a, 0x95, 0x00, 0x00, 0x00, 0x0c, 0x49, 0x80, 0x1a, 0x70, 0xb7,
  0x14, 0x5b, 0x98, 0x0a, 0x39, 0x63, 0x0b, 0x29, 0x41, 0x0c, 0x32, 0x53,
  0x03, 0x23, 0x40, 0x0a, 0x2a, 0x44, 0x11, 0x3b, 0x5d, 0x03, 0x0f, 0x1a,
  0x07, 0x1f, 0x32, 0x04, 0x13, 0x1d, 0x02, 0x09, 0x0d, 0x03, 0x13, 0x21,
  0x01, 0x11, 0x22, 0x01, 0x15, 0x27, 0x08, 0x22, 0x37, 0x07, 0x1c, 0x2e,
  0x05, 0x18, 0x26, 0x05, 0x15, 0x23, 0x05, 0x0b, 0x07, 0x00, 0x1d, 0x3f,
  0x00, 0x2a, 0x59, 0x00, 0x23, 0x4d, 0x03, 0x0b, 0x0f, 0x0c, 0x2b, 0x42,
  0x08, 0x22, 0x36, 0x01, 0x00, 0x00, 0x01, 0x1b, 0x36, 0x0c, 0x58, 0x99,
  0x02, 0x2f, 0x5d, 0x00, 0x20, 0x49, 0x07, 0x4b, 0x89, 0x02, 0x22, 0x41,
  0x02, 0x00, 0x00, 0x03, 0x09, 0x0b, 0x02, 0x0c, 0x17, 0x01, 0x0f, 0x1e,
  0x03, 0x07, 0x09, 0x02, 0x0a, 0x13, 0x02, 0x10, 0x1f, 0x04, 0x0a, 0x0d,
  0x03, 0x07, 0x08, 0x03, 0x0d, 0x15, 0x02, 0x0b, 0x13, 0x02, 0x0c, 0x14,
  0x02, 0x0c, 0x14, 0x02, 0x0d, 0x17, 0x02, 0x07, 0x0e, 0x02, 0x0f, 0x1b,
  0x02, 0x10, 0x1e, 0x02, 0x11, 0x20, 0x02, 0x11, 0x20, 0x02, 0x0d, 0x17,
  0x02, 0x12, 0x24, 0x03, 0x21, 0x3f, 0x00, 0x10, 0x23, 0x15, 0x60, 0xa2,
  0x15, 0x63, 0xa7, 0x00, 0x1f, 0x41, 0x13, 0x5e, 0xa1, 0x16, 0x65, 0xa9,
  0x1a, 0x6d, 0xb1, 0x00, 0x1a, 0x35, 0x12, 0x57, 0x94, 0x10, 0x5e, 0xa4,
  0x0d, 0x54, 0x95, 0x11, 0x5c, 0x9f, 0x12, 0x39, 0x59, 0x00, 0x10, 0x1f,
  0x1b, 0x4a, 0x70, 0x09, 0x28, 0x42, 0x03, 0x15, 0x25, 0x04, 0x0f, 0x16,
  0x02, 0x14, 0x28, 0x02, 0x13, 0x28, 0x03, 0x0b, 0x14, 0x00, 0x18, 0x37,
  0x04, 0x0d, 0x12, 0x03, 0x10, 0x1a, 0x01, 0x0b, 0x16, 0x03, 0x0e, 0x15,
  0x04, 0x10, 0x18, 0x05, 0x0f, 0x17, 0x05, 0x07, 0x00, 0x01, 0x17, 0x32,
  0x00, 0x27, 0x56, 0x01, 0x32, 0x66, 0x01, 0x0e, 0x1b, 0x05, 0x11, 0x17,
  0x0c, 0x29, 0x3e, 0x0b, 0x2a, 0x41, 0x00, 0x00, 0x00, 0x00, 0x03, 0x0d,
  0x04, 0x3e, 0x75, 0x00, 0x2f, 0x63, 0x00, 0x2b, 0x5c, 0x03, 0x41, 0x7b,
  0x00, 0x19, 0x35, 0x02, 0x00, 0x00, 0x01, 0x14, 0x29, 0x01, 0x22, 0x46,
  0x03, 0x04, 0x00, 0x02, 0x0b, 0x15, 0x03, 0x09, 0x0c, 0x03, 0x0b, 0x12,
  0x03, 0x0b, 0x12, 0x02, 0x0b, 0x10, 0x03, 0x0b, 0x11, 0x03, 0x0a, 0x11,
  0x03, 0x0b, 0x12, 0x02, 0x0b, 0x13, 0x02, 0x0c, 0x14, 0x02, 0x0b, 0x15,
  0x02, 0x0d, 0x17, 0x03, 0x0d, 0x14, 0x03, 0x11, 0x1e, 0x00, 0x0e, 0x21,
  0x03, 0x26, 0x49, 0x13, 0x67, 0xb0, 0x0d, 0x4d, 0x87, 0x13, 0x5c, 0x9c,
  0x12, 0x5b, 0x9c, 0x0f, 0x57, 0x97, 0x13, 0x5e, 0xa1, 0x13, 0x60, 0xa3,
  0x16, 0x63, 0xa5, 0x0e, 0x4a, 0x80, 0x14, 0x63, 0xa7, 0x12, 0x60, 0xa4,
  0x13, 0x62, 0xa5, 0x18, 0x6c, 0xb0, 0x07, 0x27, 0x41, 0x17, 0x3c, 0x5a,
  0x1e, 0x51, 0x79, 0x08, 0x28, 0x44, 0x04, 0x18, 0x29, 0x04, 0x08, 0x03,
  0x01, 0x15, 0x2d, 0x00, 0x24, 0x4f, 0x00, 0x15, 0x2e, 0x00, 0x17, 0x32,
  0x02, 0x0c, 0x16, 0x00, 0x10, 0x21, 0x00, 0x11, 0x27, 0x02, 0x0d, 0x1b,
  0x03, 0x0f, 0x19, 0x04, 0x11, 0x1d, 0x04, 0x06, 0x04, 0x01, 0x13, 0x29,
  0x00, 0x29, 0x5b, 0x00, 0x2e, 0x60, 0x01, 0x17, 0x2e, 0x04, 0x07, 0x02,
  0x04, 0x11, 0x1b, 0x0f, 0x32, 0x4c, 0x0c, 0x2d, 0x47, 0x01, 0x05, 0x0a,
  0x01, 0x00, 0x00, 0x02, 0x38, 0x6b, 0x00, 0x2d, 0x60, 0x00, 0x21, 0x47,
  0x03, 0x32, 0x5d, 0x02, 0x0d, 0x19, 0x01, 0x0c, 0x1a, 0x01, 0x18, 0x31,
  0x03, 0x07, 0x09, 0x03, 0x0a, 0x10, 0x03, 0x09, 0x0d, 0x03, 0x08, 0x09,
  0x03, 0x08, 0x0a, 0x03, 0x09, 0x0c, 0x03, 0x0b, 0x0f, 0x03, 0x0b, 0x0f,
  0x04, 0x0a, 0x0b, 0x03, 0x08, 0x06, 0x03, 0x09, 0x08, 0x04, 0x07, 0x04,
  0x03, 0x09, 0x0c, 0x03, 0x0b, 0x11, 0x02, 0x0e, 0x1a, 0x00, 0x15, 0x2d,
  0x00, 0x0b, 0x1c, 0x07, 0x3c, 0x6c, 0x12, 0x64, 0xad, 0x12, 0x5b, 0x9b,
  0x11, 0x59, 0x99, 0x11, 0x5d, 0xa0, 0x12, 0x5d, 0x9f, 0x15, 0x63, 0xa6,
  0x12, 0x5d, 0xa1, 0x13, 0x63, 0xa9, 0x11, 0x5e, 0xa1, 0x12, 0x5d, 0x9f,
  0x14, 0x64, 0xa8, 0x10, 0x5d, 0xa0, 0x08, 0x24, 0x3a, 0x21, 0x54, 0x7b,
  0x13, 0x42, 0x68, 0x07, 0x22, 0x37, 0x02, 0x0f, 0x1f, 0x00, 0x1e, 0x41,
  0x00, 0x18, 0x37, 0x01, 0x0d, 0x1d, 0x02, 0x0b, 0x16, 0x02, 0x04, 0x07,
  0x00, 0x13, 0x2d, 0x00, 0x21, 0x4c, 0x00, 0x0e, 0x22, 0x00, 0x0f, 0x2a,
  0x00, 0x08, 0x20, 0x00, 0x0c, 0x24, 0x00, 0x05, 0x16, 0x00, 0x13, 0x2b,
  0x00, 0x2c, 0x5f, 0x00, 0x26, 0x54, 0x00, 0x20, 0x44, 0x05, 0x03, 0x00,
  0x03, 0x0c, 0x12, 0x04, 0x0f, 0x17, 0x0a, 0x24, 0x36, 0x09, 0x26, 0x3c,
  0x03, 0x12, 0x1e, 0x01, 0x04, 0x06, 0x01, 0x31, 0x62, 0x02, 0x37, 0x6b,
  0x02, 0x2e, 0x59, 0x02, 0x2c, 0x51, 0x01, 0x0c, 0x19, 0x02, 0x05, 0x06,
  0x03, 0x04, 0x00, 0x02, 0x08, 0x0f, 0x01, 0x0e, 0x1f, 0x00, 0x11, 0x27,
  0x01, 0x0f, 0x20, 0x02, 0x0c, 0x18, 0x02, 0x08, 0x0d, 0x02, 0x06, 0x0a,
  0x01, 0x09, 0x13, 0x01, 0x12, 0x27, 0x01, 0x12, 0x2a, 0x00, 0x0f, 0x26,
  0x03, 0x09, 0x0d, 0x04, 0x05, 0x00, 0x03, 0x07, 0x08, 0x02, 0x0d, 0x1a,
  0x01, 0x12, 0x28, 0x00, 0x00, 0x00, 0x08, 0x41, 0x74, 0x0a, 0x48, 0x80,
  0x0d, 0x4b, 0x81, 0x13, 0x62, 0xa8, 0x16, 0x62, 0xa3, 0x17, 0x64, 0xa5,
  0x13, 0x60, 0xa3, 0x10, 0x5b, 0x9e, 0x13, 0x5d, 0x9d, 0x15, 0x62, 0xa4,
  0x15, 0x64, 0xa6, 0x14, 0x60, 0xa1, 0x06, 0x1e, 0x31, 0x0f, 0x31, 0x4c,
  0x07, 0x28, 0x45, 0x07, 0x1c, 0x2c, 0x01, 0x09, 0x15, 0x00, 0x22, 0x4a,
  0x02, 0x0d, 0x1a, 0x03, 0x12, 0x22, 0x00, 0x1c, 0x3c, 0x00, 0x17, 0x36,
  0x00, 0x2b, 0x5b, 0x05, 0x4a, 0x84, 0x00, 0x24, 0x4a, 0x00, 0x3d, 0x77,
  0x06, 0x4d, 0x8d, 0x02, 0x43, 0x81, 0x02, 0x38, 0x6d, 0x01, 0x20, 0x40,
  0x00, 0x2e, 0x60, 0x00, 0x2b, 0x5f, 0x00, 0x25, 0x50, 0x02, 0x03, 0x01,
  0x02, 0x08, 0x0d, 0x04, 0x05, 0x02, 0x05, 0x0b, 0x0c, 0x08, 0x1c, 0x29,
  0x08, 0x23, 0x39, 0x04, 0x12, 0x1d, 0x02, 0x03, 0x04, 0x00, 0x20, 0x47,
  0x00, 0x1b, 0x42, 0x00, 0x20, 0x49, 0x00, 0x1f, 0x3f, 0x03, 0x06, 0x07,
  0x01, 0x1b, 0x3c, 0x00, 0x19, 0x39, 0x00, 0x0f, 0x23, 0x00, 0x13, 0x2b,
  0x00, 0x0f, 0x21, 0x01, 0x08, 0x10, 0x00, 0x15, 0x31, 0x00, 0x22, 0x4d,
  0x00, 0x28, 0x5a, 0x00, 0x2b, 0x60, 0x00, 0x23, 0x4f, 0x01, 0x26, 0x4d,
  0x00, 0x22, 0x52, 0x00, 0x22, 0x4a, 0x02, 0x0d, 0x18, 0x04, 0x02, 0x00,
  0x02, 0x0e, 0x1c, 0x02, 0x0f, 0x1e, 0x00, 0x0a, 0x16, 0x00, 0x01, 0x10,
  0x08, 0x3c, 0x6b, 0x1a, 0x70, 0xbc, 0x19, 0x6a, 0xb0, 0x18, 0x68, 0xab,
  0x14, 0x63, 0xa7, 0x16, 0x68, 0xad, 0x12, 0x5a, 0x9a, 0x16, 0x5e, 0x9c,
  0x17, 0x62, 0xa1, 0x14, 0x5b, 0x9a, 0x0b, 0x27, 0x3e, 0x18, 0x46, 0x69,
  0x07, 0x27, 0x40, 0x02, 0x15, 0x25, 0x00, 0x1b, 0x3e, 0x01, 0x12, 0x26,
  0x03, 0x0a, 0x13, 0x00, 0x18, 0x3a, 0x00, 0x2f, 0x60, 0x00, 0x41, 0x83,
  0x00, 0x29, 0x5c, 0x05, 0x4f, 0x8e, 0x01, 0x44, 0x84, 0x00, 0x24, 0x50,
  0x03, 0x33, 0x61, 0x00, 0x36, 0x6e, 0x03, 0x3d, 0x76, 0x01, 0x2e, 0x5b,
  0x00, 0x30, 0x64, 0x00, 0x1f, 0x48, 0x00, 0x2c, 0x5c, 0x01, 0x12, 0x25,
  0x00, 0x21, 0x48, 0x00, 0x0d, 0x21, 0x02, 0x07, 0x10, 0x04, 0x07, 0x05,
  0x05, 0x0e, 0x12, 0x06, 0x18, 0x26, 0x04, 0x0e, 0x14, 0x02, 0x04, 0x04,
  0x00, 0x18, 0x35, 0x00, 0x0e, 0x20, 0x01, 0x0e, 0x1e, 0x00, 0x1f, 0x43,
  0x00, 0x18, 0x35, 0x01, 0x16, 0x2f, 0x01, 0x0e, 0x1f, 0x01, 0x0e, 0x1e,
  0x01, 0x08, 0x10, 0x00, 0x22, 0x4a, 0x00, 0x2b, 0x57, 0x00, 0x24, 0x4e,
  0x00, 0x28, 0x57, 0x00, 0x28, 0x59, 0x02, 0x31, 0x60, 0x07, 0x3c, 0x68,
  0x00, 0x21, 0x4e, 0x00, 0x21, 0x4e, 0x00, 0x26, 0x58, 0x01, 0x18, 0x34,
  0x03, 0x03, 0x00, 0x02, 0x10, 0x1e, 0x03, 0x0e, 0x1a, 0x01, 0x00, 0x04,
  0x01, 0x1f, 0x3b, 0x10, 0x4e, 0x85, 0x08, 0x36, 0x61, 0x16, 0x67, 0xad,
  0x14, 0x64, 0xa9, 0x13, 0x5a, 0x97, 0x17, 0x63, 0xa4, 0x16, 0x5f, 0x9e,
  0x17, 0x5f, 0x9d, 0x14, 0x5b, 0x99, 0x15, 0x45, 0x6a, 0x15, 0x42, 0x66,
  0x09, 0x22, 0x35, 0x02, 0x19, 0x31, 0x00, 0x1b, 0x3d, 0x02, 0x09, 0x10,
  0x00, 0x1b, 0x40, 0x00, 0x3c, 0x7a, 0x02, 0x44, 0x85, 0x01, 0x24, 0x4b,
  0x01, 0x05, 0x0f, 0x00, 0x0f, 0x27, 0x01, 0x18, 0x35, 0x04, 0x0b, 0x0e,
  0x07, 0x10, 0x12, 0x05, 0x0a, 0x08, 0x04, 0x00, 0x00, 0x00, 0x3d, 0x79,
  0x00, 0x2a, 0x5a, 0x05, 0x36, 0x62, 0x00, 0x26, 0x53, 0x00, 0x10, 0x24,
  0x00, 0x2c, 0x5c, 0x01, 0x39, 0x73, 0x00, 0x21, 0x48, 0x00, 0x0a, 0x1a,
  0x02, 0x03, 0x06, 0x02, 0x06, 0x0a, 0x04, 0x0a, 0x09, 0x04, 0x07, 0x03,
  0x02, 0x06, 0x09, 0x01, 0x0e, 0x1c, 0x01, 0x21, 0x46, 0x00, 0x10, 0x26,
  0x00, 0x15, 0x2e, 0x00, 0x0f, 0x23, 0x01, 0x0f, 0x21, 0x01, 0x0c, 0x1a,
  0x00, 0x2b, 0x5b, 0x00, 0x25, 0x55, 0x02, 0x30, 0x5c, 0x00, 0x2f, 0x5e,
  0x00, 0x2b, 0x5d, 0x00, 0x2a, 0x59, 0x00, 0x28, 0x57, 0x00, 0x25, 0x57,
  0x03, 0x48, 0x86, 0x00, 0x38, 0x6d, 0x00, 0x1e, 0x41, 0x00, 0x1e, 0x4b,
  0x01, 0x1b, 0x38, 0x04, 0x04, 0x00, 0x02, 0x12, 0x23, 0x02, 0x0d, 0x17,
  0x01, 0x07, 0x0f, 0x00, 0x00, 0x00, 0x00, 0x00, 0x06, 0x0f, 0x4c, 0x82,
  0x1f, 0x78, 0xc3, 0x04, 0x22, 0x3e, 0x14, 0x56, 0x90, 0x19, 0x64, 0xa5,
  0x19, 0x62, 0xa1, 0x1a, 0x66, 0xa6, 0x13, 0x3f, 0x63, 0x08, 0x24, 0x3c,
  0x07, 0x1f, 0x2f, 0x01, 0x1f, 0x40, 0x00, 0x14, 0x2d, 0x01, 0x00, 0x05,
  0x00, 0x1d, 0x41, 0x01, 0x40, 0x7d, 0x00, 0x1e, 0x40, 0x04, 0x00, 0x00,
  0x02, 0x10, 0x20, 0x00, 0x18, 0x37, 0x04, 0x10, 0x18, 0x08, 0x1c, 0x2a,
  0x05, 0x1f, 0x33, 0x06, 0x23, 0x3d, 0x07, 0x18, 0x24, 0x01, 0x1e, 0x3a,
  0x08, 0x50, 0x8e, 0x00, 0x27, 0x56, 0x00, 0x2d, 0x62, 0x01, 0x3b, 0x70,
  0x02, 0x1a, 0x30, 0x01, 0x27, 0x53, 0x02, 0x42, 0x80, 0x00, 0x2e, 0x5f,
  0x00, 0x1c, 0x40, 0x00, 0x17, 0x36, 0x01, 0x09, 0x15, 0x01, 0x12, 0x29,
  0x03, 0x03, 0x02, 0x01, 0x18, 0x38, 0x01, 0x1d, 0x3d, 0x01, 0x13, 0x25,
  0x01, 0x0e, 0x20, 0x00, 0x12, 0x26, 0x01, 0x08, 0x11, 0x00, 0x21, 0x48,
  0x00, 0x1c, 0x43, 0x00, 0x22, 0x4c, 0x00, 0x28, 0x5a, 0x00, 0x1f, 0x42,
  0x02, 0x15, 0x2d, 0x00, 0x16, 0x32, 0x00, 0x26, 0x50, 0x02, 0x34, 0x61,
  0x00, 0x1d, 0x45, 0x00, 0x3d, 0x7c, 0x0a, 0x59, 0x9c, 0x06, 0x3e, 0x6e,
  0x00, 0x1e, 0x57, 0x01, 0x18, 0x31, 0x04, 0x04, 0x00, 0x03, 0x16, 0x2c,
  0x03, 0x15, 0x28, 0x03, 0x14, 0x24, 0x02, 0x11, 0x20, 0x00, 0x00, 0x06,
  0x0a, 0x31, 0x53, 0x00, 0x01, 0x0e, 0x0d, 0x44, 0x76, 0x1d, 0x73, 0xbb,
  0x17, 0x5d, 0x99, 0x18, 0x5d, 0x98, 0x05, 0x26, 0x43, 0x04, 0x27, 0x46,
  0x05, 0x18, 0x26, 0x01, 0x12, 0x28, 0x00, 0x12, 0x2d, 0x01, 0x31, 0x61,
  0x00, 0x29, 0x55, 0x00, 0x07, 0x18, 0x03, 0x10, 0x1d, 0x02, 0x09, 0x12,
  0x00, 0x1c, 0x3b, 0x00, 0x2c, 0x5e, 0x03, 0x1d, 0x3a, 0x04, 0x18, 0x26,
  0x02, 0x14, 0x23, 0x02, 0x18, 0x2b, 0x06, 0x22, 0x3b, 0x05, 0x00, 0x00,
  0x05, 0x2e, 0x50, 0x05, 0x4d, 0x8e, 0x00, 0x29, 0x5c, 0x00, 0x21, 0x4b,
  0x01, 0x2c, 0x55, 0x03, 0x00, 0x00, 0x03, 0x1a, 0x35, 0x02, 0x30, 0x5e,
  0x02, 0x3c, 0x75, 0x02, 0x32, 0x60, 0x00, 0x28, 0x52, 0x00, 0x1a, 0x3a,
  0x01, 0x13, 0x27, 0x00, 0x1d, 0x45, 0x02, 0x2b, 0x52, 0x01, 0x20, 0x3d,
  0x00, 0x0d, 0x20, 0x01, 0x07, 0x11, 0x00, 0x1c, 0x3d, 0x01, 0x28, 0x50,
  0x04, 0x24, 0x40, 0x00, 0x30, 0x64, 0x06, 0x1e, 0x33, 0x0f, 0x23, 0x2b,
  0x11, 0x28, 0x34, 0x0f, 0x25, 0x30, 0x0e, 0x20, 0x29, 0x06, 0x2b, 0x4b,
  0x04, 0x42, 0x77, 0x03, 0x36, 0x64, 0x12, 0x6b, 0xb7, 0x18, 0x7f, 0xcc,
  0x02, 0x38, 0x68, 0x00, 0x22, 0x5b, 0x03, 0x0f, 0x1a, 0x03, 0x10, 0x1d,
  0x04, 0x1a, 0x31, 0x04, 0x0b, 0x0f, 0x04, 0x10, 0x1b, 0x03, 0x13, 0x24,
  0x00, 0x01, 0x07, 0x00, 0x0c, 0x1c, 0x01, 0x1c, 0x38, 0x17, 0x65, 0xa8,
  0x0f, 0x4a, 0x7e, 0x08, 0x34, 0x5c, 0x03, 0x1f, 0x39, 0x05, 0x2c, 0x4e,
  0x07, 0x1f, 0x33, 0x03, 0x0d, 0x14, 0x00, 0x0a, 0x1e, 0x06, 0x49, 0x82,
  0x06, 0x49, 0x83, 0x00, 0x15, 0x37, 0x03, 0x05, 0x05, 0x00, 0x12, 0x2a,
  0x01, 0x37, 0x6b, 0x01, 0x11, 0x24, 0x02, 0x17, 0x29, 0x0a, 0x31, 0x54,
  0x03, 0x21, 0x39, 0x10, 0x34, 0x51, 0x16, 0x47, 0x6e, 0x00, 0x11, 0x21,
  0x01, 0x00, 0x00, 0x02, 0x2b, 0x51, 0x02, 0x48, 0x8a, 0x04, 0x1f, 0x38,
  0x05, 0x3a, 0x6b, 0x03, 0x34, 0x60, 0x06, 0x01, 0x00, 0x07, 0x16, 0x1e,
  0x02, 0x09, 0x13, 0x00, 0x03, 0x0d, 0x01, 0x05, 0x0d, 0x03, 0x00, 0x00,
  0x00, 0x1a, 0x3a, 0x00, 0x1b, 0x3d, 0x00, 0x12, 0x2b, 0x00, 0x11, 0x2b,
  0x00, 0x13, 0x2c, 0x01, 0x0a, 0x17, 0x00, 0x2e, 0x62, 0x00, 0x24, 0x51,
  0x01, 0x3a, 0x73, 0x07, 0x1b, 0x2c, 0x10, 0x24, 0x2c, 0x0e, 0x25, 0x33,
  0x0d, 0x21, 0x2f, 0x10, 0x2f, 0x44, 0x1c, 0x47, 0x66, 0x17, 0x30, 0x3b,
  0x08, 0x26, 0x40, 0x1d, 0x70, 0xad, 0x06, 0x36, 0x63, 0x11, 0x72, 0xc1,
  0x10, 0x71, 0xb8, 0x00, 0x22, 0x4e, 0x01, 0x1a, 0x3c, 0x06, 0x14, 0x1b,
  0x01, 0x17, 0x30, 0x02, 0x0b, 0x18, 0x05, 0x16, 0x27, 0x06, 0x29, 0x4b,
  0x04, 0x0d, 0x14, 0x03, 0x10, 0x1d, 0x02, 0x12, 0x26, 0x00, 0x0e, 0x1f,
  0x00, 0x11, 0x24, 0x04, 0x24, 0x43, 0x00, 0x0f, 0x1e, 0x03, 0x22, 0x3d,
  0x06, 0x1d, 0x30, 0x06, 0x17, 0x22, 0x02, 0x09, 0x12, 0x00, 0x34, 0x70,
  0x00, 0x1c, 0x3e, 0x00, 0x07, 0x12, 0x00, 0x19, 0x3a, 0x01, 0x32, 0x62,
  0x00, 0x35, 0x6b, 0x01, 0x23, 0x47, 0x00, 0x19, 0x2f, 0x1c, 0x4e, 0x76,
  0x0b, 0x31, 0x50, 0x1f, 0x51, 0x76, 0x23, 0x5a, 0x84, 0x16, 0x3e, 0x5f,
  0x03, 0x18, 0x27, 0x03, 0x00, 0x00, 0x01, 0x29, 0x50, 0x0a, 0x57, 0x97,
  0x02, 0x3b, 0x77, 0x00, 0x3f, 0x81, 0x02, 0x11, 0x1f, 0x06, 0x0d, 0x0c,
  0x02, 0x24, 0x44, 0x05, 0x37, 0x67, 0x03, 0x2e, 0x59, 0x00, 0x0b, 0x1b,
  0x00, 0x1d, 0x41, 0x00, 0x16, 0x31, 0x00, 0x18, 0x34, 0x00, 0x17, 0x33,
  0x00, 0x0d, 0x1f, 0x00, 0x19, 0x36, 0x00, 0x2c, 0x62, 0x00, 0x27, 0x57,
  0x02, 0x26, 0x4b, 0x09, 0x0b, 0x00, 0x08, 0x17, 0x21, 0x0b, 0x1c, 0x26,
  0x0d, 0x1e, 0x28, 0x0a, 0x1a, 0x22, 0x0e, 0x37, 0x58, 0x24, 0x5e, 0x89,
  0x1d, 0x34, 0x42, 0x11, 0x4a, 0x76, 0x19, 0x67, 0x9e, 0x05, 0x3f, 0x75,
  0x11, 0x77, 0xc9, 0x06, 0x4d, 0x85, 0x00, 0x0f, 0x32, 0x0a, 0x20, 0x30,
  0x0c, 0x23, 0x32, 0x03, 0x23, 0x42, 0x00, 0x1f, 0x42, 0x00, 0x22, 0x46,
  0x02, 0x13, 0x24, 0x05, 0x13, 0x1e, 0x0c, 0x3b, 0x67, 0x03, 0x13, 0x22,
  0x02, 0x0b, 0x16, 0x01, 0x13, 0x27, 0x19, 0x46, 0x6b, 0x0c, 0x2f, 0x4c,
  0x04, 0x1a, 0x2d, 0x06, 0x18, 0x22, 0x00, 0x14, 0x2c, 0x00, 0x3f, 0x7e,
  0x01, 0x1a, 0x33, 0x02, 0x0e, 0x1c, 0x00, 0x21, 0x45, 0x00, 0x22, 0x4b,
  0x04, 0x0d, 0x14, 0x03, 0x1b, 0x31, 0x00, 0x13, 0x25, 0x1a, 0x44, 0x64,
  0x25, 0x55, 0x79, 0x17, 0x3c, 0x59, 0x0e, 0x2c, 0x45, 0x15, 0x3d, 0x5a,
  0x0b, 0x25, 0x39, 0x07, 0x21, 0x37, 0x03, 0x00, 0x00, 0x00, 0x19, 0x36,
  0x04, 0x4d, 0x8e, 0x00, 0x33, 0x6d, 0x00, 0x28, 0x59, 0x02, 0x06, 0x0a,
  0x04, 0x2e, 0x54, 0x0a, 0x47, 0x7d, 0x02, 0x27, 0x4a, 0x00, 0x1b, 0x3a,
  0x00, 0x20, 0x47, 0x00, 0x23, 0x4d, 0x00, 0x1d, 0x3f, 0x00, 0x14, 0x2f,
  0x01, 0x0b, 0x19, 0x00, 0x29, 0x59, 0x00, 0x21, 0x4d, 0x00, 0x2f, 0x60,
  0x08, 0x12, 0x15, 0x08, 0x13, 0x16, 0x0b, 0x1a, 0x22, 0x08, 0x17, 0x1e,
  0x14, 0x2d, 0x3d, 0x14, 0x2f, 0x3e, 0x00, 0x0a, 0x11, 0x1c, 0x51, 0x7c,
  0x36, 0x76, 0xa5, 0x11, 0x1a, 0x1e, 0x16, 0x66, 0xa1, 0x0a, 0x3a, 0x60,
  0x00, 0x40, 0x82, 0x11, 0x71, 0xb9, 0x00, 0x2f, 0x5b, 0x00, 0x12, 0x2e,
  0x0f, 0x28, 0x35, 0x0d, 0x26, 0x38, 0x11, 0x2c, 0x41, 0x0d, 0x32, 0x52,
  0x00, 0x1e, 0x43, 0x00, 0x0b, 0x2d, 0x00, 0x19, 0x35, 0x03, 0x16, 0x29,
  0x05, 0x0f, 0x15, 0x03, 0x11, 0x1d, 0x18, 0x4a, 0x71, 0x08, 0x28, 0x43,
  0x05, 0x1e, 0x33, 0x05, 0x14, 0x1d, 0x01, 0x10, 0x21, 0x00, 0x28, 0x54,
  0x03, 0x0d, 0x16, 0x08, 0x13, 0x14, 0x04, 0x14, 0x1f, 0x04, 0x1c, 0x31,
  0x08, 0x20, 0x32, 0x08, 0x1e, 0x2e, 0x00, 0x13, 0x25, 0x19, 0x3f, 0x5d,
  0x37, 0x76, 0xa4, 0x22, 0x4d, 0x6e, 0x0a, 0x24, 0x35, 0x16, 0x3d, 0x5b,
  0x0f, 0x2f, 0x49, 0x09, 0x28, 0x40, 0x0c, 0x2e, 0x4a, 0x08, 0x11, 0x12,
  0x05, 0x1c, 0x2c, 0x06, 0x48, 0x83, 0x00, 0x30, 0x67, 0x00, 0x30, 0x68,
  0x00, 0x0b, 0x1f, 0x02, 0x00, 0x00, 0x04, 0x00, 0x00, 0x00, 0x21, 0x47,
  0x00, 0x1d, 0x42, 0x00, 0x16, 0x31, 0x00, 0x1b, 0x3c, 0x00, 0x17, 0x35,
  0x00, 0x1b, 0x39, 0x00, 0x2e, 0x5f, 0x00, 0x19, 0x37, 0x01, 0x25, 0x4e,
  0x0a, 0x0d, 0x00, 0x09, 0x17, 0x1f, 0x0d, 0x1f, 0x28, 0x09, 0x17, 0x1f,
  0x0e, 0x21, 0x2c, 0x1a, 0x38, 0x48, 0x0e, 0x1d, 0x24, 0x04, 0x1a, 0x2a,
  0x22, 0x65, 0x96, 0x19, 0x34, 0x44, 0x05, 0x29, 0x4a, 0x10, 0x5a, 0x93,
  0x00, 0x0b, 0x38, 0x0a, 0x61, 0xa8, 0x0b, 0x59, 0x93, 0x00, 0x03, 0x2c,
  0x0a, 0x24, 0x33, 0x0c, 0x31, 0x4f, 0x0c, 0x31, 0x51, 0x13, 0x3c, 0x5b,
  0x23, 0x55, 0x79, 0x1e, 0x49, 0x69, 0x00, 0x21, 0x40, 0x00, 0x0e, 0x2b,
  0x00, 0x00, 0x15, 0x00, 0x04, 0x14, 0x08, 0x25, 0x3e, 0x05, 0x20, 0x37,
  0x09, 0x23, 0x37, 0x04, 0x0f, 0x16, 0x00, 0x10, 0x28, 0x00, 0x1e, 0x46,
  0x00, 0x17, 0x34, 0x05, 0x15, 0x20, 0x08, 0x26, 0x3d, 0x05, 0x24, 0x3d,
  0x09, 0x2e, 0x4d, 0x0a, 0x2a, 0x44, 0x04, 0x21, 0x37, 0x05, 0x23, 0x39,
  0x2b, 0x60, 0x87, 0x2d, 0x5c, 0x7e, 0x08, 0x23, 0x38, 0x0c, 0x2d, 0x48,
  0x05, 0x1d, 0x33, 0x10, 0x33, 0x4d, 0x0c, 0x2b, 0x44, 0x09, 0x26, 0x3e,
  0x08, 0x11, 0x15, 0x05, 0x11, 0x1b, 0x00, 0x2f, 0x5d, 0x00, 0x1d, 0x41,
  0x00, 0x0f, 0x27, 0x03, 0x12, 0x20, 0x05, 0x0f, 0x12, 0x00, 0x15, 0x35,
  0x02, 0x2e, 0x58, 0x03, 0x35, 0x65, 0x00, 0x0e, 0x27, 0x00, 0x0f, 0x25,
  0x00, 0x22, 0x4a, 0x02, 0x35, 0x68, 0x06, 0x41, 0x72, 0x03, 0x0d, 0x20,
  0x0c, 0x15, 0x12, 0x0a, 0x18, 0x1f, 0x0a, 0x18, 0x1f, 0x0b, 0x1c, 0x26,
  0x05, 0x12, 0x1a, 0x14, 0x2c, 0x38, 0x1b, 0x39, 0x4a, 0x08, 0x0f, 0x10,
  0x0f, 0x40, 0x69, 0x14, 0x3b, 0x58, 0x04, 0x04, 0x06, 0x0b, 0x59, 0x96,
  0x00, 0x25, 0x4b, 0x00, 0x37, 0x75, 0x0b, 0x61, 0x9f, 0x00, 0x12, 0x3a,
  0x05, 0x1a, 0x2e, 0x0c, 0x25, 0x37, 0x06, 0x2b, 0x4c, 0x04, 0x2e, 0x52,
  0x13, 0x47, 0x73, 0x2c, 0x63, 0x8b, 0x33, 0x70, 0x9a, 0x2a, 0x64, 0x8b,
  0x23, 0x56, 0x7c, 0x09, 0x2d, 0x4b, 0x03, 0x18, 0x2b, 0x07, 0x2a, 0x46,
  0x08, 0x26, 0x3e, 0x01, 0x08, 0x12, 0x00, 0x29, 0x59, 0x06, 0x50, 0x8f,
  0x00, 0x1f, 0x4a, 0x03, 0x14, 0x22, 0x0b, 0x2f, 0x4a, 0x11, 0x3a, 0x5c,
  0x19, 0x43, 0x63, 0x0b, 0x2b, 0x45, 0x0e, 0x30, 0x4d, 0x11, 0x33, 0x4f,
  0x01, 0x1d, 0x32, 0x03, 0x1d, 0x32, 0x04, 0x20, 0x38, 0x02, 0x12, 0x20,
  0x15, 0x3a, 0x57, 0x1e, 0x4c, 0x70, 0x10, 0x31, 0x4b, 0x00, 0x0f, 0x1e,
  0x03, 0x13, 0x21, 0x06, 0x08, 0x00, 0x02, 0x12, 0x26, 0x02, 0x34, 0x62,
  0x01, 0x20, 0x41, 0x03, 0x09, 0x0d, 0x04, 0x12, 0x1b, 0x00, 0x18, 0x39,
  0x00, 0x21, 0x4b, 0x00, 0x22, 0x4e, 0x00, 0x19, 0x38, 0x00, 0x15, 0x32,
  0x00, 0x2c, 0x58, 0x00, 0x2a, 0x5f, 0x00, 0x20, 0x50, 0x07, 0x0d, 0x0d,
  0x0b, 0x15, 0x16, 0x0a, 0x16, 0x1b, 0x09, 0x14, 0x18, 0x08, 0x14, 0x1a,
  0x04, 0x0d, 0x13, 0x0b, 0x1f, 0x29, 0x21, 0x44, 0x57, 0x14, 0x27, 0x2f,
  0x08, 0x29, 0x45, 0x15, 0x46, 0x6b, 0x0b, 0x14, 0x12, 0x02, 0x31, 0x61,
  0x00, 0x2c, 0x54, 0x00, 0x20, 0x54, 0x07, 0x5a, 0x9e, 0x00, 0x2c, 0x5c,
  0x00, 0x0d, 0x23, 0x09, 0x17, 0x1f, 0x10, 0x34, 0x52, 0x11, 0x36, 0x54,
  0x0c, 0x33, 0x52, 0x00, 0x24, 0x45, 0x03, 0x1f, 0x38, 0x17, 0x42, 0x63,
  0x28, 0x5b, 0x81, 0x1f, 0x51, 0x77, 0x03, 0x14, 0x22, 0x08, 0x22, 0x36,
  0x08, 0x22, 0x37, 0x05, 0x12, 0x18, 0x01, 0x12, 0x28, 0x00, 0x36, 0x71,
  0x00, 0x14, 0x2e, 0x04, 0x11, 0x17, 0x05, 0x2a, 0x48, 0x11, 0x36, 0x52,
  0x28, 0x5e, 0x85, 0x09, 0x30, 0x50, 0x25, 0x5b, 0x86, 0x30, 0x66, 0x8c,
  0x00, 0x16, 0x29, 0x0d, 0x2a, 0x40, 0x06, 0x18, 0x24, 0x03, 0x17, 0x27,
  0x00, 0x19, 0x31, 0x00, 0x12, 0x2e, 0x02, 0x27, 0x49, 0x03, 0x19, 0x2d,
  0x03, 0x15, 0x22, 0x06, 0x12, 0x19, 0x02, 0x0f, 0x1d, 0x00, 0x2c, 0x5d,
  0x00, 0x20, 0x45, 0x04, 0x05, 0x00, 0x04, 0x07, 0x05, 0x00, 0x0f, 0x20,
  0x00, 0x13, 0x2e, 0x00, 0x1f, 0x49, 0x00, 0x20, 0x48, 0x00, 0x19, 0x3b,
  0x00, 0x2e, 0x60, 0x00, 0x2c, 0x63, 0x00, 0x25, 0x55, 0x08, 0x0c, 0x05,
  0x08, 0x12, 0x15, 0x0a, 0x15, 0x17, 0x0b, 0x17, 0x1b, 0x09, 0x15, 0x1b,
  0x06, 0x13, 0x1b, 0x00, 0x07, 0x0a, 0x1f, 0x3b, 0x49, 0x18, 0x2c, 0x34,
  0x03, 0x13, 0x20, 0x12, 0x3f, 0x62, 0x10, 0x28, 0x34, 0x02, 0x1c, 0x36,
  0x00, 0x22, 0x47, 0x00, 0x1d, 0x47, 0x00, 0x3b, 0x74, 0x00, 0x2a, 0x5b,
  0x01, 0x11, 0x2b, 0x04, 0x0a, 0x09, 0x0b, 0x2e, 0x49, 0x10, 0x36, 0x53,
  0x21, 0x4c, 0x6c, 0x2f, 0x64, 0x89, 0x16, 0x3a, 0x56, 0x00, 0x15, 0x28,
  0x00, 0x09, 0x1d, 0x01, 0x1e, 0x37, 0x05, 0x19, 0x27, 0x05, 0x14, 0x20,
  0x06, 0x1c, 0x2d, 0x08, 0x1f, 0x2e, 0x02, 0x17, 0x2e, 0x00, 0x3a, 0x7c,
  0x00, 0x22, 0x49, 0x03, 0x0d, 0x0f, 0x04, 0x1c, 0x31, 0x06, 0x20, 0x37,
  0x08, 0x25, 0x3b, 0x07, 0x29, 0x45, 0x0b, 0x31, 0x51, 0x0b, 0x28, 0x3e,
  0x10, 0x31, 0x4a, 0x07, 0x1f, 0x31, 0x07, 0x1d, 0x2e, 0x02, 0x14, 0x26,
  0x00, 0x17, 0x31, 0x00, 0x2a, 0x5b, 0x01, 0x41, 0x80, 0x00, 0x38, 0x71,
  0x00, 0x1e, 0x41, 0x06, 0x12, 0x16, 0x04, 0x0c, 0x12, 0x00, 0x27, 0x56,
  0x00, 0x16, 0x33, 0x02, 0x0e, 0x1d, 0x01, 0x17, 0x32, 0x00, 0x16, 0x33,
  0x01, 0x1f, 0x3d, 0x00, 0x13, 0x2c, 0x00, 0x21, 0x49, 0x00, 0x1c, 0x42,
  0x00, 0x30, 0x64, 0x00, 0x28, 0x5d, 0x00, 0x22, 0x50, 0x09, 0x0c, 0x00,
  0x08, 0x10, 0x14, 0x0c, 0x1a, 0x21, 0x0b, 0x19, 0x1e, 0x07, 0x11, 0x15,
  0x07, 0x15, 0x1d, 0x02, 0x0b, 0x10, 0x12, 0x23, 0x2a, 0x19, 0x2e, 0x37,
  0x06, 0x12, 0x17, 0x0d, 0x35, 0x53, 0x0f, 0x2b, 0x3c, 0x03, 0x15, 0x26,
  0x00, 0x1c, 0x41, 0x00, 0x17, 0x38, 0x00, 0x2c, 0x5c, 0x00, 0x2d, 0x5e,
  0x00, 0x16, 0x36, 0x07, 0x0c, 0x07, 0x03, 0x0b, 0x12, 0x00, 0x04, 0x06,
  0x08, 0x1d, 0x2d, 0x21, 0x53, 0x79, 0x28, 0x5d, 0x84, 0x22, 0x4e, 0x6d,
  0x1f, 0x49, 0x67, 0x16, 0x37, 0x4f, 0x09, 0x21, 0x32, 0x05, 0x1a, 0x29,
  0x03, 0x10, 0x1b, 0x07, 0x1b, 0x27, 0x03, 0x15, 0x26, 0x00, 0x36, 0x72,
  0x00, 0x29, 0x58, 0x03, 0x01, 0x00, 0x0f, 0x31, 0x4c, 0x08, 0x25, 0x3d,
  0x00, 0x0f, 0x1e, 0x00, 0x10, 0x20, 0x0f, 0x31, 0x4c, 0x22, 0x50, 0x71,
  0x04, 0x17, 0x25, 0x0b, 0x2c, 0x46, 0x08, 0x21, 0x33, 0x02, 0x0e, 0x1a,
  0x00, 0x24, 0x50, 0x04, 0x39, 0x6e, 0x07, 0x1a, 0x2a, 0x02, 0x1b, 0x36,
  0x00, 0x21, 0x4d, 0x04, 0x12, 0x1e, 0x05, 0x0c, 0x0e, 0x00, 0x2c, 0x5b,
  0x00, 0x1f, 0x47, 0x00, 0x22, 0x4a, 0x00, 0x05, 0x11, 0x00, 0x0d, 0x29,
  0x06, 0x4d, 0x88, 0x01, 0x19, 0x34, 0x00, 0x23, 0x4d, 0x00, 0x27, 0x56,
  0x00, 0x35, 0x69, 0x00, 0x27, 0x5a, 0x00, 0x20, 0x4c, 0x09, 0x0b, 0x00,
  0x08, 0x0f, 0x12, 0x09, 0x14, 0x18, 0x0a, 0x15, 0x19, 0x0a, 0x17, 0x1c,
  0x0a, 0x1a, 0x22, 0x04, 0x0f, 0x15, 0x0b, 0x19, 0x20, 0x16, 0x2a, 0x33,
  0x08, 0x12, 0x17, 0x0a, 0x2a, 0x43, 0x0c, 0x28, 0x39, 0x03, 0x12, 0x20,
  0x00, 0x1d, 0x43, 0x00, 0x1b, 0x40, 0x00, 0x2f, 0x5f, 0x01, 0x32, 0x60,
  0x00, 0x14, 0x32, 0x07, 0x12, 0x16, 0x08, 0x1d, 0x2e, 0x01, 0x0e, 0x1a,
  0x0d, 0x2b, 0x43, 0x15, 0x41, 0x66, 0x05, 0x25, 0x41, 0x0e, 0x2b, 0x43,
  0x12, 0x34, 0x50, 0x0e, 0x31, 0x4d, 0x07, 0x1c, 0x2d, 0x07, 0x1e, 0x30,
  0x08, 0x1c, 0x2a, 0x05, 0x14, 0x1f, 0x04, 0x0f, 0x15, 0x00, 0x2d, 0x62,
  0x00, 0x33, 0x6c, 0x01, 0x00, 0x00, 0x08, 0x21, 0x35, 0x13, 0x34, 0x4d,
  0x23, 0x55, 0x7b, 0x04, 0x17, 0x24, 0x0b, 0x24, 0x37, 0x1b, 0x46, 0x67,
  0x05, 0x1a, 0x2b, 0x07, 0x25, 0x3f, 0x03, 0x0e, 0x16, 0x00, 0x12, 0x28,
  0x00, 0x25, 0x50, 0x02, 0x03, 0x05, 0x00, 0x00, 0x00, 0x04, 0x01, 0x00,
  0x00, 0x15, 0x30, 0x04, 0x14, 0x22, 0x07, 0x15, 0x1b, 0x00, 0x31, 0x62,
  0x00, 0x1f, 0x46, 0x00, 0x11, 0x32, 0x05, 0x37, 0x62, 0x02, 0x33, 0x65,
  0x02, 0x39, 0x6e, 0x00, 0x22, 0x47, 0x00, 0x24, 0x50, 0x00, 0x2a, 0x5c,
  0x01, 0x39, 0x6e, 0x00, 0x14, 0x37, 0x00, 0x1c, 0x43, 0x09, 0x0d, 0x04,
  0x08, 0x11, 0x15, 0x0b, 0x18, 0x1c, 0x10, 0x22, 0x29, 0x09, 0x14, 0x18,
  0x0b, 0x1c, 0x26, 0x06, 0x14, 0x1c, 0x09, 0x17, 0x1d, 0x0f, 0x20, 0x28,
  0x07, 0x10, 0x12, 0x0a, 0x23, 0x35, 0x0a, 0x24, 0x35, 0x03, 0x10, 0x1d,
  0x00, 0x18, 0x39, 0x00, 0x1a, 0x3d, 0x00, 0x2a, 0x5a, 0x00, 0x2b, 0x5b,
  0x00, 0x17, 0x38, 0x06, 0x0a, 0x07, 0x05, 0x0e, 0x15, 0x08, 0x24, 0x3c,
  0x09, 0x25, 0x3d, 0x07, 0x22, 0x37, 0x01, 0x17, 0x2c, 0x04, 0x1f, 0x36,
  0x07, 0x27, 0x44, 0x05, 0x1b, 0x2f, 0x03, 0x0d, 0x14, 0x05, 0x19, 0x28,
  0x08, 0x18, 0x23, 0x04, 0x10, 0x19, 0x04, 0x0e, 0x11, 0x00, 0x15, 0x30,
  0x00, 0x15, 0x32, 0x02, 0x02, 0x04, 0x01, 0x0b, 0x13, 0x0f, 0x31, 0x4b,
  0x16, 0x3b, 0x57, 0x07, 0x19, 0x27, 0x1b, 0x44, 0x63, 0x17, 0x40, 0x61,
  0x04, 0x19, 0x2a, 0x05, 0x19, 0x2a, 0x06, 0x1e, 0x2f, 0x00, 0x15, 0x2e,
  0x00, 0x25, 0x55, 0x00, 0x17, 0x2f, 0x26, 0x45, 0x52, 0x02, 0x11, 0x20,
  0x00, 0x16, 0x36, 0x06, 0x12, 0x18, 0x07, 0x1a, 0x25, 0x00, 0x28, 0x56,
  0x00, 0x24, 0x4f, 0x00, 0x25, 0x51, 0x02, 0x32, 0x5f, 0x01, 0x2c, 0x56,
  0x0e, 0x5c, 0x9b, 0x02, 0x34, 0x64, 0x00, 0x2c, 0x5e, 0x00, 0x27, 0x58,
  0x01, 0x44, 0x80, 0x0a, 0x3d, 0x67, 0x00, 0x22, 0x4f, 0x07, 0x0e, 0x0a,
  0x09, 0x15, 0x1b, 0x10, 0x22, 0x2a, 0x12, 0x25, 0x2e, 0x0f, 0x20, 0x28,
  0x0b, 0x1e, 0x2a, 0x07, 0x12, 0x18, 0x08, 0x16, 0x1c, 0x0b, 0x1b, 0x22,
  0x06, 0x0f, 0x12, 0x09, 0x1a, 0x25, 0x09, 0x1c, 0x26, 0x03, 0x0e, 0x1a,
  0x00, 0x17, 0x36, 0x00, 0x17, 0x36, 0x00, 0x1f, 0x46, 0x00, 0x27, 0x57,
  0x00, 0x16, 0x36, 0x07, 0x10, 0x0f, 0x06, 0x12, 0x18, 0x07, 0x19, 0x26,
  0x08, 0x1d, 0x2d, 0x06, 0x1b, 0x2c, 0x04, 0x17, 0x26, 0x00, 0x05, 0x09,
  0x01, 0x00, 0x00, 0x03, 0x00, 0x00, 0x03, 0x06, 0x07, 0x03, 0x0b, 0x0e,
  0x04, 0x18, 0x27, 0x04, 0x15, 0x23, 0x04, 0x0b, 0x0d, 0x01, 0x0d, 0x1d,
  0x01, 0x35, 0x67, 0x00, 0x22, 0x4c, 0x01, 0x00, 0x00, 0x09, 0x21, 0x32,
  0x0f, 0x2d, 0x44, 0x04, 0x10, 0x18, 0x13, 0x35, 0x4f, 0x07, 0x1b, 0x2a,
  0x03, 0x13, 0x20, 0x04, 0x13, 0x20, 0x08, 0x27, 0x3f, 0x01, 0x1c, 0x3c,
  0x00, 0x2d, 0x6c, 0x17, 0x72, 0xbe, 0x32, 0x97, 0xe5, 0x00, 0x2d, 0x69,
  0x00, 0x0b, 0x1f, 0x0a, 0x1d, 0x27, 0x07, 0x21, 0x37, 0x00, 0x1b, 0x42,
  0x00, 0x19, 0x44, 0x02, 0x26, 0x4a, 0x08, 0x30, 0x50, 0x05, 0x4d, 0x8f,
  0x08, 0x56, 0x9a, 0x00, 0x30, 0x69, 0x00, 0x31, 0x69, 0x00, 0x29, 0x61,
  0x01, 0x4a, 0x89, 0x00, 0x2c, 0x5a, 0x00, 0x21, 0x50, 0x05, 0x0d, 0x10,
  0x0a, 0x15, 0x18, 0x16, 0x2c, 0x34, 0x11, 0x20, 0x24, 0x16, 0x31, 0x40,
  0x10, 0x28, 0x37, 0x09, 0x10, 0x10, 0x07, 0x15, 0x1d, 0x08, 0x15, 0x1b,
  0x06, 0x0e, 0x11, 0x09, 0x1a, 0x25, 0x08, 0x18, 0x1f, 0x02, 0x0d, 0x1b,
  0x00, 0x16, 0x31, 0x00, 0x14, 0x2f, 0x00, 0x1f, 0x43, 0x00, 0x26, 0x54,
  0x00, 0x15, 0x32, 0x07, 0x0c, 0x0a, 0x06, 0x17, 0x23, 0x06, 0x19, 0x28,
  0x04, 0x0e, 0x14, 0x04, 0x02, 0x00, 0x05, 0x0a, 0x08, 0x09, 0x25, 0x3e,
  0x10, 0x46, 0x76, 0x17, 0x60, 0xa2, 0x00, 0x11, 0x2b, 0x01, 0x07, 0x0e,
  0x04, 0x10, 0x17, 0x05, 0x1a, 0x2b, 0x03, 0x09, 0x0d, 0x00, 0x23, 0x4f,
  0x08, 0x48, 0x7f, 0x00, 0x21, 0x48, 0x01, 0x0e, 0x22, 0x04, 0x08, 0x08,
  0x08, 0x1c, 0x2a, 0x08, 0x1e, 0x2f, 0x0f, 0x2d, 0x45, 0x04, 0x11, 0x1c,
  0x04, 0x12, 0x1e, 0x03, 0x0d, 0x14, 0x05, 0x22, 0x3a, 0x05, 0x20, 0x37,
  0x00, 0x17, 0x3b, 0x04, 0x51, 0x92, 0x00, 0x4d, 0x94, 0x00, 0x16, 0x39,
  0x04, 0x11, 0x19, 0x0d, 0x2e, 0x45, 0x01, 0x07, 0x11, 0x0a, 0x4d, 0x86,
  0x0b, 0x5e, 0xa0, 0x04, 0x15, 0x28, 0x0c, 0x16, 0x16, 0x00, 0x35, 0x7a,
  0x00, 0x17, 0x41, 0x00, 0x1b, 0x40, 0x00, 0x39, 0x76, 0x00, 0x27, 0x63,
  0x04, 0x57, 0x9d, 0x01, 0x40, 0x7a, 0x00, 0x1e, 0x50, 0x04, 0x0e, 0x17,
  0x0a, 0x14, 0x14, 0x12, 0x20, 0x22, 0x1d, 0x40, 0x57, 0x2a, 0x66, 0x92,
  0x0c, 0x1d, 0x26, 0x0c, 0x18, 0x1b, 0x06, 0x12, 0x18, 0x06, 0x11, 0x15,
  0x06, 0x0e, 0x11, 0x08, 0x17, 0x1f, 0x07, 0x12, 0x13, 0x01, 0x11, 0x27,
  0x00, 0x17, 0x32, 0x00, 0x0f, 0x25, 0x00, 0x22, 0x48, 0x00, 0x24, 0x51,
  0x00, 0x16, 0x32, 0x09, 0x1a, 0x22, 0x08, 0x1a, 0x25, 0x04, 0x06, 0x01,
  0x06, 0x1e, 0x32, 0x0c, 0x43, 0x74, 0x15, 0x60, 0xa4, 0x18, 0x6c, 0xb7,
  0x1a, 0x70, 0xb9, 0x14, 0x65, 0xad, 0x01, 0x2c, 0x5a, 0x00, 0x29, 0x57,
  0x02, 0x05, 0x0a, 0x04, 0x0d, 0x13, 0x06, 0x15, 0x1e, 0x00, 0x05, 0x14,
  0x01, 0x35, 0x6a, 0x02, 0x3c, 0x76, 0x00, 0x12, 0x2e, 0x04, 0x05, 0x00,
  0x03, 0x0b, 0x0f, 0x03, 0x12, 0x1b, 0x09, 0x1e, 0x2d, 0x0b, 0x25, 0x38,
  0x07, 0x1f, 0x31, 0x04, 0x17, 0x25, 0x03, 0x09, 0x0b, 0x04, 0x13, 0x1d,
  0x04, 0x0e, 0x12, 0x00, 0x08, 0x10, 0x00, 0x00, 0x00, 0x09, 0x1b, 0x25,
  0x16, 0x3b, 0x56, 0x04, 0x09, 0x04, 0x00, 0x2a, 0x55, 0x00, 0x35, 0x6d,
  0x01, 0x2d, 0x59, 0x0d, 0x26, 0x38, 0x16, 0x3d, 0x56, 0x00, 0x2c, 0x69,
  0x07, 0x4b, 0x89, 0x0b, 0x56, 0x98, 0x00, 0x4e, 0x97, 0x03, 0x4a, 0x8e,
  0x08, 0x60, 0xab, 0x09, 0x4d, 0x83, 0x00, 0x15, 0x4b, 0x02, 0x18, 0x30,
  0x10, 0x1c, 0x1c, 0x00, 0x00, 0x00, 0x52, 0x96, 0xbe, 0x43, 0x82, 0xab,
  0x00, 0x00, 0x00, 0x12, 0x27, 0x31, 0x0c, 0x1a, 0x20, 0x0a, 0x14, 0x17,
  0x08, 0x12, 0x16, 0x08, 0x14, 0x1a, 0x07, 0x0d, 0x0a, 0x00, 0x15, 0x31,
  0x01, 0x13, 0x2a, 0x00, 0x10, 0x26, 0x00, 0x24, 0x4b, 0x00, 0x1f, 0x46,
  0x00, 0x0a, 0x1c, 0x02, 0x00, 0x00, 0x08, 0x27, 0x43, 0x12, 0x58, 0x97,
  0x19, 0x6f, 0xb9, 0x17, 0x6e, 0xb9, 0x12, 0x66, 0xb0, 0x13, 0x62, 0xa7,
  0x12, 0x5b, 0x9c, 0x0d, 0x54, 0x95, 0x05, 0x3a, 0x6a, 0x00, 0x2d, 0x5f,
  0x00, 0x1c, 0x40, 0x04, 0x03, 0x00, 0x07, 0x1b, 0x28, 0x03, 0x0d, 0x16,
  0x00, 0x28, 0x52, 0x00, 0x22, 0x4a, 0x00, 0x14, 0x2c, 0x01, 0x06, 0x11,
  0x03, 0x08, 0x0d, 0x04, 0x0b, 0x0f, 0x0f, 0x2d, 0x43, 0x0e, 0x27, 0x39,
  0x07, 0x15, 0x1f, 0x05, 0x14, 0x1f, 0x05, 0x16, 0x23, 0x03, 0x08, 0x0c,
  0x03, 0x0a, 0x11, 0x07, 0x1d, 0x2e, 0x0e, 0x31, 0x4c, 0x0c, 0x29, 0x3c,
  0x05, 0x11, 0x1a, 0x00, 0x15, 0x33, 0x00, 0x2f, 0x64, 0x00, 0x14, 0x34,
  0x00, 0x06, 0x0e, 0x0f, 0x33, 0x4f, 0x23, 0x53, 0x71, 0x06, 0x2b, 0x59,
  0x00, 0x52, 0xa7, 0x01, 0x55, 0xa5, 0x08, 0x5a, 0xa4, 0x0c, 0x5c, 0xa1,
  0x0a, 0x5c, 0xa4, 0x12, 0x68, 0xa7, 0x00, 0x0e, 0x40, 0x00, 0x1f, 0x44,
  0x09, 0x10, 0x08, 0x09, 0x17, 0x1d, 0x2e, 0x52, 0x63, 0x26, 0x49, 0x5b,
  0x0d, 0x19, 0x1b, 0x10, 0x1c, 0x21, 0x0c, 0x17, 0x19, 0x0c, 0x17, 0x1a,
  0x08, 0x13, 0x17, 0x09, 0x13, 0x17, 0x05, 0x0a, 0x0a, 0x00, 0x14, 0x2f,
  0x01, 0x0e, 0x1d, 0x00, 0x11, 0x26, 0x00, 0x27, 0x50, 0x00, 0x0c, 0x27,
  0x04, 0x19, 0x2a, 0x13, 0x4d, 0x82, 0x1b, 0x74, 0xc1, 0x18, 0x73, 0xbf,
  0x10, 0x5e, 0xa4, 0x0e, 0x57, 0x9a, 0x12, 0x5e, 0xa0, 0x11, 0x59, 0x99,
  0x12, 0x5a, 0x9b, 0x11, 0x5d, 0xa1, 0x00, 0x1a, 0x3f, 0x00, 0x1d, 0x44,
  0x01, 0x38, 0x6f, 0x02, 0x0a, 0x18, 0x05, 0x0b, 0x0b, 0x06, 0x10, 0x13,
  0x03, 0x00, 0x00, 0x00, 0x13, 0x29, 0x02, 0x36, 0x68, 0x00, 0x30, 0x64,
  0x00, 0x10, 0x28, 0x04, 0x07, 0x03, 0x03, 0x0b, 0x10, 0x06, 0x14, 0x1d,
  0x07, 0x18, 0x24, 0x06, 0x18, 0x27, 0x07, 0x23, 0x3a, 0x0a, 0x32, 0x53,
  0x06, 0x34, 0x5a, 0x0a, 0x29, 0x44, 0x0d, 0x2f, 0x4c, 0x00, 0x13, 0x32,
  0x00, 0x26, 0x58, 0x00, 0x36, 0x6c, 0x00, 0x00, 0x08, 0x0f, 0x2d, 0x40,
  0x16, 0x3f, 0x5e, 0x29, 0x5c, 0x80, 0x22, 0x4e, 0x6d, 0x16, 0x36, 0x4c,
  0x00, 0x3d, 0x89, 0x00, 0x54, 0xa9, 0x05, 0x5e, 0xaf, 0x0c, 0x65, 0xaf,
  0x0a, 0x60, 0xab, 0x1a, 0x83, 0xcf, 0x00, 0x1f, 0x4b, 0x00, 0x2e, 0x62,
  0x02, 0x06, 0x0f, 0x0c, 0x17, 0x17, 0x09, 0x13, 0x16, 0x10, 0x20, 0x25,
  0x10, 0x1f, 0x23, 0x10, 0x1c, 0x1f, 0x0f, 0x1d, 0x20, 0x0b, 0x15, 0x19,
  0x07, 0x11, 0x15, 0x08, 0x0e, 0x0c, 0x02, 0x0c, 0x18, 0x00, 0x11, 0x26,
  0x02, 0x09, 0x11, 0x00, 0x14, 0x2b, 0x00, 0x20, 0x44, 0x00, 0x00, 0x0f,
  0x19, 0x69, 0xaa, 0x1f, 0x7a, 0xc6, 0x18, 0x6a, 0xb0, 0x12, 0x5f, 0xa1,
  0x0f, 0x56, 0x96, 0x11, 0x5b, 0x9c, 0x11, 0x5a, 0x9a, 0x0d, 0x4d, 0x8a,
  0x12, 0x5d, 0x9f, 0x13, 0x62, 0xa7, 0x00, 0x27, 0x54, 0x00, 0x26, 0x54,
  0x00, 0x40, 0x7d, 0x01, 0x34, 0x62, 0x03, 0x00, 0x00, 0x01, 0x12, 0x27,
  0x01, 0x0d, 0x1b, 0x00, 0x0a, 0x25, 0x05, 0x48, 0x82, 0x04, 0x3c, 0x6e,
  0x00, 0x01, 0x12, 0x03, 0x0c, 0x15, 0x04, 0x08, 0x07, 0x03, 0x0a, 0x10,
  0x03, 0x0c, 0x12, 0x05, 0x13, 0x1b, 0x06, 0x18, 0x24, 0x08, 0x27, 0x41,
  0x05, 0x27, 0x43, 0x01, 0x26, 0x49, 0x00, 0x28, 0x5a, 0x02, 0x31, 0x5c,
  0x00, 0x2d, 0x63, 0x09, 0x51, 0x8e, 0x00, 0x18, 0x31, 0x11, 0x31, 0x46,
  0x21, 0x4e, 0x71, 0x24, 0x50, 0x6e, 0x39, 0x73, 0x99, 0x2f, 0x58, 0x6f,
  0x00, 0x37, 0x77, 0x00, 0x61, 0xc2, 0x00, 0x37, 0x71, 0x06, 0x43, 0x7b,
  0x10, 0x71, 0xbf, 0x21, 0x91, 0xe1, 0x11, 0x5d, 0x9d, 0x00, 0x07, 0x3d,
  0x00, 0x22, 0x48, 0x06, 0x06, 0x00, 0x0c, 0x1a, 0x21, 0x0c, 0x19, 0x1d,
  0x11, 0x20, 0x25, 0x11, 0x21, 0x26, 0x0e, 0x1c, 0x20, 0x07, 0x0f, 0x11,
  0x06, 0x0d, 0x0f, 0x05, 0x09, 0x09, 0x00, 0x11, 0x25, 0x02, 0x0d, 0x1b,
  0x01, 0x09, 0x12, 0x00, 0x1c, 0x3c, 0x00, 0x0e, 0x2c, 0x00, 0x25, 0x48,
  0x1a, 0x72, 0xba, 0x1a, 0x6d, 0xb2, 0x1a, 0x6b, 0xad, 0x15, 0x5f, 0x9f,
  0x16, 0x5f, 0x9e, 0x13, 0x5a, 0x99, 0x10, 0x55, 0x92, 0x10, 0x51, 0x8a,
  0x11, 0x55, 0x91, 0x0d, 0x51, 0x8f, 0x00, 0x18, 0x38, 0x00, 0x2b, 0x5e,
  0x00, 0x0d, 0x25, 0x05, 0x48, 0x82, 0x00, 0x12, 0x2b, 0x00, 0x1e, 0x41,
  0x00, 0x2b, 0x59, 0x01, 0x1c, 0x39, 0x00, 0x17, 0x34, 0x00, 0x31, 0x6d,
  0x00, 0x22, 0x4b, 0x00, 0x06, 0x15, 0x03, 0x10, 0x1c, 0x04, 0x09, 0x06,
  0x03, 0x09, 0x09, 0x04, 0x0b, 0x0f, 0x05, 0x0d, 0x11, 0x04, 0x12, 0x1d,
  0x03, 0x00, 0x00, 0x04, 0x2c, 0x4f, 0x00, 0x3c, 0x7a, 0x03, 0x43, 0x7f,
  0x00, 0x29, 0x5c, 0x01, 0x3a, 0x74, 0x00, 0x26, 0x53, 0x08, 0x13, 0x19,
  0x1b, 0x46, 0x65, 0x14, 0x3d, 0x5e, 0x24, 0x50, 0x71, 0x35, 0x62, 0x7f,
  0x19, 0x3f, 0x5f, 0x00, 0x58, 0xb5, 0x05, 0x3c, 0x76, 0x0b, 0x51, 0x8e,
  0x19, 0x7d, 0xc7, 0x23, 0x8e, 0xd7, 0x31, 0xaa, 0xef, 0x00, 0x11, 0x41,
  0x00, 0x2c, 0x66, 0x02, 0x0e, 0x1c, 0x07, 0x0b, 0x01, 0x0a, 0x15, 0x1a,
  0x0d, 0x17, 0x18, 0x0d, 0x17, 0x1a, 0x09, 0x11, 0x13, 0x06, 0x0c, 0x0c,
  0x05, 0x0a, 0x08, 0x02, 0x0d, 0x1a, 0x02, 0x0f, 0x1f, 0x01, 0x0b, 0x15,
  0x01, 0x0e, 0x1e, 0x00, 0x1d, 0x3d, 0x00, 0x00, 0x0f, 0x0b, 0x4a, 0x82,
  0x16, 0x67, 0xae, 0x14, 0x61, 0xa3, 0x13, 0x5f, 0xa1, 0x15, 0x5f, 0x9e,
  0x15, 0x61, 0xa2, 0x11, 0x5a, 0x9a, 0x0f, 0x53, 0x8e, 0x12, 0x56, 0x8f,
  0x0c, 0x47, 0x7e, 0x0c, 0x4a, 0x83, 0x00, 0x2e, 0x5f, 0x00, 0x20, 0x4c,
  0x05, 0x39, 0x6a, 0x03, 0x41, 0x7d, 0x03, 0x39, 0x68, 0x01, 0x08, 0x13,
  0x02, 0x35, 0x65, 0x00, 0x27, 0x55, 0x02, 0x05, 0x08, 0x00, 0x25, 0x54,
  0x00, 0x49, 0x95, 0x01, 0x30, 0x5f, 0x00, 0x00, 0x0d, 0x02, 0x0c, 0x18,
  0x00, 0x16, 0x30, 0x01, 0x0e, 0x1d, 0x03, 0x06, 0x06, 0x03, 0x08, 0x0c,
  0x03, 0x0d, 0x16, 0x03, 0x09, 0x0e, 0x01, 0x18, 0x32, 0x00, 0x0a, 0x20,
  0x00, 0x10, 0x24, 0x00, 0x14, 0x32, 0x00, 0x34, 0x6f, 0x00, 0x24, 0x55,
  0x0b, 0x1e, 0x25, 0x14, 0x3b, 0x5b, 0x0f, 0x38, 0x59, 0x25, 0x51, 0x72,
  0x23, 0x42, 0x53, 0x0b, 0x52, 0x92, 0x00, 0x54, 0xab, 0x02, 0x5a, 0xa8,
  0x0f, 0x63, 0xaa, 0x1a, 0x79, 0xc1, 0x2a, 0xa4, 0xf0, 0x21, 0x7f, 0xbc,
  0x00, 0x00, 0x11, 0x00, 0x2d, 0x56, 0x04, 0x01, 0x00, 0x07, 0x0e, 0x0c,
  0x0a, 0x13, 0x17, 0x09, 0x11, 0x10, 0x07, 0x0c, 0x0a, 0x06, 0x0b, 0x0a,
  0x03, 0x0d, 0x17, 0x01, 0x0f, 0x1f, 0x02, 0x0c, 0x17, 0x01, 0x09, 0x0f,
  0x00, 0x18, 0x35, 0x00, 0x0c, 0x25, 0x00, 0x1b, 0x3d, 0x12, 0x64, 0xaa,
  0x17, 0x63, 0xa4, 0x13, 0x5e, 0x9f, 0x16, 0x63, 0xa4, 0x18, 0x67, 0xa9,
  0x11, 0x5a, 0x9c, 0x12, 0x5d, 0x9e, 0x12, 0x5b, 0x9b, 0x0b, 0x4e, 0x8c,
  0x0d, 0x51, 0x8d, 0x0c, 0x4a, 0x83, 0x00, 0x2d, 0x5f, 0x00, 0x17, 0x38,
  0x01, 0x3c, 0x7a, 0x00, 0x2b, 0x5f, 0x02, 0x42, 0x80, 0x02, 0x1e, 0x3a,
  0x03, 0x00, 0x00, 0x05, 0x11, 0x1b, 0x07, 0x18, 0x23, 0x05, 0x08, 0x02,
  0x00, 0x28, 0x59, 0x02, 0x57, 0xa7, 0x02, 0x3d, 0x74, 0x00, 0x1a, 0x3e,
  0x00, 0x1b, 0x3b, 0x01, 0x09, 0x14, 0x01, 0x0f, 0x22, 0x00, 0x16, 0x32,
  0x02, 0x0b, 0x17, 0x02, 0x09, 0x0e, 0x02, 0x06, 0x0a, 0x02, 0x09, 0x12,
  0x01, 0x10, 0x24, 0x01, 0x12, 0x27, 0x01, 0x0d, 0x1a, 0x00, 0x2d, 0x61,
  0x00, 0x1a, 0x3c, 0x0d, 0x1e, 0x24, 0x11, 0x33, 0x4f, 0x02, 0x21, 0x39,
  0x02, 0x20, 0x3c, 0x11, 0x3d, 0x5f, 0x01, 0x4b, 0x91, 0x00, 0x43, 0x90,
  0x00, 0x48, 0x91, 0x0b, 0x62, 0xae, 0x00, 0x66, 0xbe, 0x27, 0xa4, 0xf3,
  0x0f, 0x4f, 0x7e, 0x00, 0x07, 0x3d, 0x00, 0x27, 0x53, 0x04, 0x05, 0x00,
  0x05, 0x0a, 0x07, 0x04, 0x0e, 0x15, 0x03, 0x0e, 0x18, 0x02, 0x0d, 0x18,
  0x01, 0x0f, 0x1e, 0x02, 0x0c, 0x16, 0x02, 0x09, 0x0e, 0x00, 0x13, 0x2b,
  0x00, 0x17, 0x32, 0x00, 0x00, 0x03, 0x0d, 0x56, 0x94, 0x15, 0x67, 0xad,
  0x15, 0x5e, 0x9e, 0x15, 0x5b, 0x99, 0x14, 0x5a, 0x97, 0x16, 0x60, 0x9e,
  0x12, 0x5a, 0x99, 0x10, 0x57, 0x96, 0x12, 0x5d, 0x9f, 0x11, 0x5d, 0x9f,
  0x14, 0x61, 0xa4, 0x12, 0x58, 0x97, 0x05, 0x07, 0x05, 0x07, 0x01, 0x00,
  0x00, 0x2f, 0x66, 0x00, 0x34, 0x73, 0x00, 0x15, 0x38, 0x03, 0x42, 0x7c,
  0x01, 0x0d, 0x1d, 0x04, 0x02, 0x00, 0x08, 0x1f, 0x2f, 0x0b, 0x26, 0x3a,
  0x04, 0x03, 0x00, 0x00, 0x1d, 0x44, 0x01, 0x4c, 0x93, 0x00, 0x35, 0x6e,
  0x00, 0x27, 0x53, 0x00, 0x1d, 0x44, 0x00, 0x31, 0x61, 0x00, 0x24, 0x59,
  0x00, 0x13, 0x2f, 0x00, 0x0a, 0x1b, 0x00, 0x11, 0x27, 0x00, 0x18, 0x36,
  0x00, 0x29, 0x5a, 0x00, 0x18, 0x3a, 0x01, 0x10, 0x24, 0x00, 0x03, 0x0c,
  0x00, 0x31, 0x6a, 0x02, 0x16, 0x29, 0x18, 0x37, 0x4a, 0x14, 0x3d, 0x5e,
  0x0a, 0x28, 0x42, 0x0f, 0x22, 0x2f, 0x0b, 0x36, 0x54, 0x05, 0x64, 0xb8,
  0x00, 0x42, 0x88, 0x01, 0x31, 0x62, 0x00, 0x4b, 0x96, 0x0a, 0x68, 0xb8,
  0x26, 0x9d, 0xea, 0x02, 0x3f, 0x73, 0x00, 0x12, 0x46, 0x00, 0x22, 0x4e,
  0x01, 0x0c, 0x1e, 0x02, 0x06, 0x08, 0x02, 0x04, 0x03, 0x02, 0x08, 0x0c,
  0x02, 0x06, 0x09, 0x02, 0x0b, 0x17, 0x00, 0x19, 0x35, 0x00, 0x1c, 0x38,
  0x00, 0x00, 0x00, 0x06, 0x40, 0x71, 0x19, 0x71, 0xba, 0x12, 0x5c, 0x9c,
  0x12, 0x59, 0x96, 0x12, 0x59, 0x95, 0x12, 0x59, 0x97, 0x15, 0x5b, 0x97,
  0x16, 0x60, 0x9e, 0x0f, 0x56, 0x95, 0x10, 0x59, 0x9b, 0x11, 0x5b, 0x9d,
  0x11, 0x5b, 0x9e, 0x10, 0x59, 0x9a, 0x03, 0x17, 0x28, 0x06, 0x14, 0x1e,
  0x04, 0x0b, 0x0f, 0x00, 0x3e, 0x79, 0x00, 0x28, 0x50, 0x02, 0x3b, 0x71,
  0x04, 0x49, 0x86, 0x01, 0x00, 0x00, 0x04, 0x0d, 0x13, 0x05, 0x16, 0x23,
  0x04, 0x13, 0x1d, 0x04, 0x03, 0x00, 0x02, 0x00, 0x00, 0x01, 0x33, 0x67,
  0x09, 0x5b, 0xa2, 0x00, 0x32, 0x6c, 0x03, 0x4b, 0x8a, 0x08, 0x56, 0x99,
  0x02, 0x2d, 0x59, 0x03, 0x33, 0x61, 0x00, 0x15, 0x38, 0x00, 0x2c, 0x5d,
  0x00, 0x1e, 0x48, 0x01, 0x1b, 0x33, 0x01, 0x28, 0x53, 0x02, 0x2b, 0x4e,
  0x00, 0x0c, 0x24, 0x00, 0x27, 0x58, 0x02, 0x06, 0x04, 0x0b, 0x18, 0x1d,
  0x09, 0x12, 0x13, 0x04, 0x0b, 0x0b, 0x06, 0x00, 0x00, 0x05, 0x26, 0x42,
  0x06, 0x45, 0x7c, 0x08, 0x32, 0x58, 0x00, 0x26, 0x57, 0x00, 0x34, 0x6e,
  0x02, 0x4f, 0x9a, 0x11, 0x7b, 0xc7, 0x00, 0x3a, 0x72, 0x00, 0x12, 0x2b,
  0x00, 0x26, 0x51, 0x00, 0x24, 0x55, 0x00, 0x1e, 0x41, 0x00, 0x15, 0x2f,
  0x00, 0x1b, 0x38, 0x00, 0x1c, 0x3b, 0x00, 0x0d, 0x25, 0x00, 0x00, 0x00,
  0x05, 0x39, 0x69, 0x1d, 0x75, 0xbe, 0x1b, 0x6b, 0xad, 0x0f, 0x52, 0x90,
  0x0e, 0x50, 0x8d, 0x10, 0x59, 0x99, 0x0e, 0x52, 0x8e, 0x14, 0x5b, 0x99,
  0x16, 0x5e, 0x9b, 0x10, 0x58, 0x97, 0x05, 0x48, 0x89, 0x0d, 0x53, 0x95,
  0x0d, 0x53, 0x94, 0x0c, 0x50, 0x8f, 0x06, 0x1b, 0x2b, 0x04, 0x14, 0x20,
  0x04, 0x08, 0x0a, 0x03, 0x12, 0x1f, 0x06, 0x52, 0x94, 0x00, 0x34, 0x6f,
  0x01, 0x43, 0x84, 0x03, 0x3c, 0x70, 0x02, 0x00, 0x00, 0x03, 0x0e, 0x17,
  0x07, 0x1b, 0x2b, 0x0b, 0x24, 0x38, 0x07, 0x12, 0x15, 0x06, 0x0d, 0x0d,
  0x03, 0x2f, 0x57, 0x00, 0x21, 0x48, 0x00, 0x22, 0x46, 0x08, 0x5b, 0x9f,
  0x01, 0x32, 0x63, 0x00, 0x2a, 0x53, 0x00, 0x40, 0x7d, 0x03, 0x4a, 0x8e,
  0x09, 0x49, 0x80, 0x01, 0x1b, 0x38, 0x00, 0x1a, 0x3d, 0x0a, 0x56, 0x99,
  0x03, 0x27, 0x46, 0x00, 0x08, 0x27, 0x00, 0x27, 0x54, 0x00, 0x0f, 0x21,
  0x00, 0x23, 0x4d, 0x00, 0x2f, 0x61, 0x00, 0x2a, 0x5a, 0x00, 0x18, 0x39,
  0x01, 0x12, 0x23, 0x00, 0x30, 0x63, 0x00, 0x2c, 0x62, 0x00, 0x22, 0x4c,
  0x00, 0x24, 0x53, 0x00, 0x2e, 0x69, 0x03, 0x60, 0xaf, 0x02, 0x4e, 0x8f,
  0x00, 0x26, 0x50, 0x00, 0x19, 0x42, 0x00, 0x17, 0x3f, 0x00, 0x1a, 0x3a,
  0x00, 0x02, 0x23, 0x00, 0x00, 0x1e, 0x00, 0x16, 0x35, 0x13, 0x58, 0x91,
  0x20, 0x7d, 0xc6, 0x19, 0x6b, 0xb0, 0x14, 0x5e, 0x9e, 0x0f, 0x58, 0x98,
  0x0f, 0x59, 0x9b, 0x11, 0x59, 0x96, 0x0c, 0x4a, 0x84, 0x0c, 0x50, 0x8d,
  0x10, 0x57, 0x99, 0x0c, 0x53, 0x93, 0x0a, 0x51, 0x92, 0x0b, 0x51, 0x91,
  0x0c, 0x55, 0x98, 0x0d, 0x4e, 0x8a, 0x0d, 0x2a, 0x41, 0x0d, 0x29, 0x3f,
  0x05, 0x17, 0x27, 0x07, 0x16, 0x1e, 0x05, 0x17, 0x27, 0x01, 0x3b, 0x71,
  0x00, 0x22, 0x4e, 0x00, 0x3a, 0x77, 0x00, 0x2e, 0x5b, 0x02, 0x00, 0x00,
  0x06, 0x14, 0x1d, 0x0a, 0x1f, 0x2e, 0x06, 0x17, 0x22, 0x06, 0x13, 0x1b,
  0x07, 0x0a, 0x03, 0x06, 0x09, 0x05, 0x06, 0x05, 0x00, 0x01, 0x0a, 0x1a,
  0x00, 0x21, 0x45, 0x01, 0x11, 0x21, 0x05, 0x51, 0x8d, 0x06, 0x53, 0x99,
  0x0e, 0x65, 0xac, 0x00, 0x1b, 0x45, 0x00, 0x2b, 0x5c, 0x02, 0x48, 0x86,
  0x16, 0x74, 0xc0, 0x00, 0x13, 0x2b, 0x00, 0x00, 0x1f, 0x00, 0x29, 0x56,
  0x00, 0x23, 0x4b, 0x00, 0x26, 0x53, 0x00, 0x25, 0x50, 0x00, 0x44, 0x8a,
  0x00, 0x2d, 0x61, 0x00, 0x1c, 0x3c, 0x00, 0x23, 0x48, 0x00, 0x1f, 0x45,
  0x00, 0x20, 0x4a, 0x00, 0x19, 0x41, 0x00, 0x09, 0x2d, 0x00, 0x1b, 0x49,
  0x00, 0x24, 0x54, 0x00, 0x26, 0x59, 0x00, 0x29, 0x58, 0x02, 0x32, 0x61,
  0x09, 0x42, 0x78, 0x12, 0x56, 0x92, 0x21, 0x78, 0xbe, 0x22, 0x7f, 0xc8,
  0x1a, 0x6d, 0xb0, 0x11, 0x5d, 0x9f, 0x12, 0x5d, 0x9e, 0x11, 0x5c, 0x9d,
  0x0f, 0x55, 0x93, 0x0d, 0x4b, 0x82, 0x0c, 0x49, 0x82, 0x0d, 0x4f, 0x8c,
  0x0c, 0x4e, 0x8b, 0x0a, 0x4d, 0x8b, 0x0a, 0x54, 0x9a, 0x07, 0x4d, 0x8f,
  0x07, 0x44, 0x7d, 0x0a, 0x45, 0x7b, 0x04, 0x0d, 0x10, 0x0b, 0x27, 0x3b,
  0x07, 0x1b, 0x2a, 0x06, 0x1a, 0x2a, 0x08, 0x16, 0x1c, 0x05, 0x16, 0x23,
  0x00, 0x25, 0x50, 0x04, 0x2e, 0x58, 0x02, 0x49, 0x8b, 0x00, 0x27, 0x4e,
  0x01, 0x00, 0x00, 0x04, 0x0a, 0x0d, 0x06, 0x15, 0x20, 0x04, 0x12, 0x1c,
  0x04, 0x12, 0x1d, 0x06, 0x14, 0x20, 0x06, 0x17, 0x24, 0x07, 0x14, 0x18,
  0x06, 0x11, 0x14, 0x02, 0x12, 0x21, 0x00, 0x11, 0x25, 0x00, 0x17, 0x36,
  0x00, 0x12, 0x3a, 0x00, 0x29, 0x59, 0x00, 0x2d, 0x5e, 0x00, 0x1b, 0x40,
  0x06, 0x4a, 0x88, 0x1e, 0x81, 0xce, 0x0e, 0x49, 0x77, 0x00, 0x00, 0x06,
  0x00, 0x11, 0x2e, 0x00, 0x1d, 0x40, 0x00, 0x1f, 0x47, 0x00, 0x24, 0x50,
  0x00, 0x2a, 0x5c, 0x00, 0x2c, 0x60, 0x00, 0x21, 0x49, 0x00, 0x13, 0x31,
  0x00, 0x0c, 0x21, 0x05, 0x28, 0x49, 0x0c, 0x44, 0x75, 0x16, 0x57, 0x8c,
  0x1a, 0x62, 0x9d, 0x1e, 0x6f, 0xb0, 0x21, 0x79, 0xbd, 0x24, 0x7c, 0xc2,
  0x1f, 0x75, 0xb9, 0x18, 0x67, 0xaa, 0x19, 0x69, 0xac, 0x15, 0x60, 0xa0,
  0x12, 0x5a, 0x99, 0x0f, 0x55, 0x94, 0x08, 0x49, 0x86, 0x0a, 0x4c, 0x8a,
  0x08, 0x44, 0x7a, 0x09, 0x42, 0x75, 0x0a, 0x43, 0x76, 0x0a, 0x42, 0x75,
  0x09, 0x40, 0x72, 0x07, 0x3c, 0x6e, 0x0a, 0x50, 0x93, 0x0b, 0x50, 0x90,
  0x09, 0x41, 0x75, 0x0a, 0x42, 0x76, 0x00, 0x16, 0x31, 0x03, 0x00, 0x00,
  0x07, 0x1b, 0x2a, 0x05, 0x15, 0x1f, 0x0b, 0x26, 0x39, 0x08, 0x1a, 0x25,
  0x03, 0x00, 0x00, 0x04, 0x23, 0x3f, 0x00, 0x2b, 0x5d, 0x00, 0x3e, 0x7e,
  0x01, 0x2c, 0x57, 0x00, 0x09, 0x19, 0x03, 0x0c, 0x15, 0x05, 0x11, 0x1a,
  0x07, 0x17, 0x21, 0x06, 0x14, 0x1c, 0x06, 0x15, 0x20, 0x07, 0x18, 0x22,
  0x05, 0x20, 0x37, 0x02, 0x31, 0x5f, 0x02, 0x18, 0x2d, 0x00, 0x1b, 0x38,
  0x02, 0x13, 0x24, 0x01, 0x17, 0x31, 0x01, 0x0d, 0x1e, 0x00, 0x0e, 0x21,
  0x00, 0x00, 0x01, 0x07, 0x44, 0x78, 0x1a, 0x7b, 0xc5, 0x17, 0x70, 0xaf,
  0x00, 0x2b, 0x53, 0x00, 0x15, 0x2e, 0x00, 0x0c, 0x1d, 0x00, 0x0a, 0x1a,
  0x00, 0x0e, 0x22, 0x00, 0x09, 0x1c, 0x00, 0x00, 0x09, 0x00, 0x0d, 0x22,
  0x15, 0x5f, 0xa0, 0x1b, 0x70, 0xba, 0x1f, 0x79, 0xc1, 0x1d, 0x75, 0xbc,
  0x1b, 0x70, 0xb6, 0x1c, 0x6f, 0xb3, 0x1b, 0x6d, 0xaf, 0x1a, 0x6c, 0xaf,
  0x14, 0x5c, 0x9a, 0x0e, 0x51, 0x8c, 0x11, 0x55, 0x92, 0x12, 0x56, 0x91,
  0x10, 0x4f, 0x89, 0x0e, 0x4e, 0x89, 0x0e, 0x50, 0x8b, 0x0e, 0x4c, 0x85,
  0x0a, 0x46, 0x7c, 0x09, 0x42, 0x76, 0x0c, 0x48, 0x7e, 0x09, 0x44, 0x7a,
  0x05, 0x3a, 0x6b, 0x05, 0x38, 0x6c, 0x04, 0x3c, 0x72, 0x08, 0x43, 0x7a,
  0x08, 0x41, 0x77, 0x09, 0x43, 0x78, 0x03, 0x3d, 0x77, 0x06, 0x30, 0x55,
  0x05, 0x0c, 0x0d, 0x06, 0x12, 0x19, 0x06, 0x13, 0x1d, 0x06, 0x17, 0x24,
  0x07, 0x17, 0x21, 0x06, 0x0c, 0x0b, 0x04, 0x0f, 0x1b, 0x00, 0x24, 0x4e,
  0x00, 0x35, 0x6c, 0x00, 0x2e, 0x5a, 0x00, 0x04, 0x12, 0x01, 0x06, 0x0d,
  0x03, 0x06, 0x09, 0x05, 0x0e, 0x11, 0x06, 0x12, 0x17, 0x04, 0x0e, 0x12,
  0x00, 0x00, 0x05, 0x00, 0x01, 0x13, 0x00, 0x04, 0x0f, 0x00, 0x20, 0x46,
  0x01, 0x00, 0x00, 0x03, 0x19, 0x2f, 0x00, 0x31, 0x64, 0x00, 0x17, 0x32,
  0x00, 0x23, 0x47, 0x00, 0x04, 0x1e, 0x00, 0x03, 0x1d, 0x01, 0x31, 0x5d,
  0x02, 0x3f, 0x7a, 0x00, 0x31, 0x63, 0x00, 0x2c, 0x5e, 0x00, 0x2e, 0x5f,
  0x00, 0x20, 0x4d, 0x00, 0x28, 0x51, 0x0d, 0x49, 0x7e, 0x1a, 0x6b, 0xad,
  0x1f, 0x7a, 0xc2, 0x18, 0x68, 0xac, 0x16, 0x63, 0xa4, 0x17, 0x66, 0xa9,
  0x17, 0x66, 0xa8, 0x16, 0x66, 0xa7, 0x15, 0x61, 0xa2, 0x12, 0x5c, 0x9e,
  0x0c, 0x4f, 0x8c, 0x0e, 0x4a, 0x82, 0x11, 0x4f, 0x87, 0x0f, 0x4f, 0x87,
  0x0f, 0x50, 0x89, 0x0d, 0x4c, 0x85, 0x0d, 0x4b, 0x84, 0x0f, 0x4e, 0x87,
  0x0e, 0x4f, 0x88, 0x09, 0x41, 0x75, 0x08, 0x40, 0x75, 0x08, 0x44, 0x7b,
  0x05, 0x3c, 0x6f, 0x05, 0x41, 0x79, 0x03, 0x35, 0x67, 0x05, 0x36, 0x66,
  0x07, 0x3e, 0x71, 0x07, 0x3f, 0x73, 0x00, 0x2b, 0x5d, 0x03, 0x44, 0x82,
  0x01, 0x28, 0x50, 0x03, 0x0f, 0x19, 0x05, 0x0d, 0x0e, 0x05, 0x11, 0x17,
  0x08, 0x18, 0x23, 0x08, 0x19, 0x23, 0x08, 0x11, 0x13, 0x06, 0x0b, 0x09,
  0x03, 0x0b, 0x15, 0x00, 0x14, 0x2e, 0x03, 0x3b, 0x6c, 0x06, 0x49, 0x81,
  0x00, 0x2b, 0x56, 0x00, 0x10, 0x33, 0x00, 0x00, 0x14, 0x00, 0x0c, 0x22,
  0x12, 0x53, 0x8c, 0x0a, 0x3e, 0x6c, 0x0f, 0x4b, 0x80, 0x10, 0x51, 0x88,
  0x02, 0x1b, 0x32, 0x00, 0x0a, 0x18, 0x00, 0x21, 0x45, 0x02, 0x1a, 0x33,
  0x09, 0x43, 0x76, 0x00, 0x10, 0x2b, 0x00, 0x00, 0x00, 0x00, 0x04, 0x16,
  0x00, 0x1b, 0x42, 0x00, 0x0c, 0x22, 0x00, 0x18, 0x36, 0x00, 0x18, 0x34,
  0x00, 0x00, 0x00, 0x15, 0x5f, 0x9c, 0x1f, 0x79, 0xc4, 0x1c, 0x71, 0xb6,
  0x1a, 0x6b, 0xae, 0x19, 0x69, 0xab, 0x16, 0x62, 0xa5, 0x15, 0x61, 0xa2,
  0x14, 0x5f, 0xa0, 0x16, 0x5f, 0x9d, 0x15, 0x5e, 0x9e, 0x13, 0x5e, 0xa0,
  0x11, 0x57, 0x96, 0x11, 0x4f, 0x86, 0x0f, 0x49, 0x7d, 0x0e, 0x49, 0x7f,
  0x0d, 0x49, 0x81, 0x0b, 0x48, 0x81, 0x0b, 0x48, 0x80, 0x0b, 0x49, 0x80,
  0x0a, 0x45, 0x7b, 0x07, 0x3e, 0x72, 0x06, 0x40, 0x78, 0x07, 0x45, 0x7f,
  0x05, 0x3f, 0x77, 0x04, 0x3f, 0x79, 0x07, 0x44, 0x7e, 0x06, 0x3e, 0x74,
  0x05, 0x3d, 0x72, 0x07, 0x40, 0x76, 0x00, 0x22, 0x4b, 0x00, 0x23, 0x52,
  0x00, 0x29, 0x5a, 0x00, 0x2a, 0x58, 0x00, 0x13, 0x2c, 0x00, 0x05, 0x0e,
  0x00, 0x00, 0x00, 0x02, 0x0e, 0x18, 0x02, 0x16, 0x2a, 0x02, 0x14, 0x28,
  0x04, 0x11, 0x1c, 0x03, 0x0d, 0x17, 0x00, 0x1e, 0x40, 0x00, 0x24, 0x4d,
  0x00, 0x0e, 0x33, 0x0a, 0x3a, 0x65, 0x16, 0x5f, 0x9d, 0x19, 0x64, 0xa4,
  0x1c, 0x72, 0xba, 0x1d, 0x75, 0xbd, 0x1e, 0x76, 0xbd, 0x1a, 0x6f, 0xb6,
  0x14, 0x5c, 0x98, 0x00, 0x00, 0x03, 0x00, 0x0e, 0x2c, 0x00, 0x19, 0x3e,
  0x00, 0x27, 0x56, 0x00, 0x36, 0x6e, 0x00, 0x27, 0x53, 0x0b, 0x51, 0x8a,
  0x16, 0x6c, 0xb0, 0x02, 0x41, 0x7c, 0x00, 0x0e, 0x31, 0x00, 0x1f, 0x40,
  0x00, 0x00, 0x11, 0x15, 0x5b, 0x95, 0x21, 0x7a, 0xc1, 0x15, 0x64, 0xa6,
  0x16, 0x65, 0xa7, 0x16, 0x64, 0xa6, 0x15, 0x62, 0xa3, 0x12, 0x5d, 0x9e,
  0x16, 0x60, 0x9f, 0x12, 0x54, 0x8d, 0x13, 0x56, 0x90, 0x12, 0x57, 0x94,
  0x13, 0x57, 0x93, 0x16, 0x5e, 0x9c, 0x12, 0x56, 0x92, 0x0e, 0x4d, 0x85,
  0x0f, 0x51, 0x8b, 0x09, 0x45, 0x7d, 0x07, 0x40, 0x76, 0x07, 0x3f, 0x73,
  0x07, 0x40, 0x75, 0x09, 0x44, 0x7c, 0x08, 0x43, 0x7b, 0x05, 0x3d, 0x73,
  0x06, 0x3f, 0x77, 0x04, 0x3f, 0x78, 0x05, 0x3f, 0x76, 0x08, 0x44, 0x7e,
  0x07, 0x42, 0x7a, 0x07, 0x41, 0x78, 0x02, 0x00, 0x00, 0x00, 0x00, 0x00,
  0x00, 0x05, 0x17, 0x00, 0x0c, 0x26, 0x00, 0x13, 0x30, 0x00, 0x1c, 0x3a,
  0x04, 0x28, 0x4a, 0x02, 0x1a, 0x31, 0x01, 0x0f, 0x22, 0x01, 0x16, 0x30,
  0x02, 0x1a, 0x33, 0x00, 0x00, 0x00, 0x10, 0x4a, 0x7c, 0x0f, 0x4e, 0x86,
  0x0a, 0x42, 0x74, 0x1f, 0x73, 0xb8, 0x20, 0x7a, 0xc2, 0x1a, 0x6b, 0xb0,
  0x15, 0x62, 0xa5, 0x1c, 0x71, 0xb6, 0x19, 0x68, 0xaa, 0x00, 0x00, 0x06,
  0x00, 0x00, 0x0f, 0x02, 0x20, 0x3e, 0x16, 0x5c, 0x97, 0x00, 0x0e, 0x24,
  0x00, 0x21, 0x49, 0x08, 0x4d, 0x8b, 0x15, 0x69, 0xb0, 0x0c, 0x52, 0x8b,
  0x05, 0x31, 0x59, 0x00, 0x06, 0x1b, 0x18, 0x56, 0x88, 0x04, 0x28, 0x49,
  0x00, 0x02, 0x24, 0x0d, 0x46, 0x76, 0x19, 0x6c, 0xb1, 0x10, 0x5a, 0x9c,
  0x11, 0x59, 0x99, 0x13, 0x5a, 0x99, 0x11, 0x58, 0x97, 0x14, 0x5e, 0x9d,
  0x15, 0x5a, 0x96, 0x11, 0x4f, 0x86, 0x11, 0x4e, 0x85, 0x11, 0x51, 0x89,
  0x13, 0x54, 0x8d, 0x11, 0x52, 0x89, 0x10, 0x52, 0x8d, 0x12, 0x57, 0x94,
  0x10, 0x54, 0x8f, 0x0d, 0x4d, 0x88, 0x08, 0x42, 0x79, 0x06, 0x3d, 0x72,
  0x09, 0x42, 0x78, 0x09, 0x44, 0x7a, 0x07, 0x41, 0x77, 0x08, 0x3d, 0x70,
  0x08, 0x3f, 0x73, 0x06, 0x3e, 0x72, 0x04, 0x37, 0x68, 0x07, 0x3c, 0x6d,
  0x0a, 0x40, 0x74, 0x0b, 0x43, 0x76, 0x0e, 0x53, 0x90, 0x0a, 0x4b, 0x85,
  0x0f, 0x56, 0x95, 0x12, 0x5b, 0x9b, 0x16, 0x62, 0xa5, 0x19, 0x6e, 0xb6,
  0x17, 0x66, 0xa9, 0x00, 0x01, 0x0f, 0x00, 0x1a, 0x3a, 0x02, 0x2f, 0x5c,
  0x01, 0x21, 0x43, 0x00, 0x00, 0x0b, 0x07, 0x38, 0x64, 0x1e, 0x79, 0xc3,
  0x1b, 0x70, 0xb6, 0x18, 0x69, 0xae, 0x15, 0x64, 0xa7, 0x12, 0x60, 0xa4,
  0x12, 0x60, 0xa3, 0x18, 0x6a, 0xaf, 0x1a, 0x70, 0xb9, 0x0a, 0x47, 0x7e,
  0x00, 0x15, 0x36, 0x16, 0x5b, 0x96, 0x26, 0x8b, 0xdc, 0x0f, 0x48, 0x78,
  0x00, 0x00, 0x00, 0x03, 0x24, 0x42, 0x12, 0x4b, 0x7c, 0x08, 0x33, 0x5b,
  0x00, 0x07, 0x21, 0x00, 0x11, 0x25, 0x1c, 0x73, 0xbd, 0x15, 0x5f, 0x9d,
  0x10, 0x4e, 0x82, 0x16, 0x61, 0xa3, 0x0e, 0x57, 0x98, 0x10, 0x5a, 0x9c,
  0x0f, 0x5b, 0x9e, 0x13, 0x5f, 0xa0, 0x16, 0x62, 0xa2, 0x13, 0x59, 0x96,
  0x0e, 0x49, 0x7f, 0x0f, 0x4c, 0x81, 0x11, 0x4f, 0x86, 0x12, 0x50, 0x85,
  0x0f, 0x4a, 0x7e, 0x12, 0x52, 0x8a, 0x0f, 0x4e, 0x86, 0x0f, 0x52, 0x8e,
  0x0e, 0x53, 0x91, 0x0c, 0x50, 0x8e, 0x0a, 0x4c, 0x88, 0x0a, 0x43, 0x75,
  0x0a, 0x43, 0x78, 0x08, 0x3e, 0x72, 0x05, 0x3b, 0x6e, 0x07, 0x3f, 0x74,
  0x06, 0x3c, 0x70, 0x05, 0x38, 0x69, 0x08, 0x3c, 0x6c, 0x08, 0x3c, 0x6c,
  0x06, 0x37, 0x64, 0x07, 0x3b, 0x69, 0x10, 0x60, 0xa9, 0x10, 0x5f, 0xa7,
  0x15, 0x67, 0xaf, 0x15, 0x69, 0xb0, 0x14, 0x64, 0xa9, 0x12, 0x5f, 0xa3,
  0x19, 0x6e, 0xb6, 0x04, 0x2b, 0x4d, 0x00, 0x07, 0x1d, 0x07, 0x3c, 0x69,
  0x02, 0x27, 0x4c, 0x00, 0x08, 0x1f, 0x11, 0x59, 0x96, 0x18, 0x6e, 0xb6,
  0x11, 0x5e, 0xa2, 0x13, 0x62, 0xa6, 0x12, 0x5d, 0x9f, 0x0e, 0x59, 0x9c,
  0x09, 0x53, 0x97, 0x0a, 0x57, 0x9c, 0x15, 0x69, 0xb0, 0x19, 0x6f, 0xb7,
  0x1c, 0x72, 0xb9, 0x18, 0x6e, 0xb7, 0x15, 0x6a, 0xb4, 0x04, 0x2b, 0x50,
  0x00, 0x05, 0x18, 0x00, 0x17, 0x37, 0x00, 0x18, 0x3b, 0x03, 0x23, 0x43,
  0x00, 0x19, 0x35, 0x00, 0x02, 0x14, 0x14, 0x62, 0xa4, 0x16, 0x6b, 0xb3,
  0x16, 0x69, 0xaf, 0x12, 0x60, 0xa4, 0x0c, 0x53, 0x94, 0x0e, 0x54, 0x95,
  0x10, 0x5c, 0x9f, 0x13, 0x62, 0xa5, 0x11, 0x5c, 0x9f, 0x11, 0x59, 0x9a,
  0x0c, 0x4b, 0x84, 0x0d, 0x49, 0x7e, 0x10, 0x4e, 0x83, 0x0e, 0x48, 0x7a,
  0x0e, 0x47, 0x7a, 0x0f, 0x4b, 0x81, 0x0e, 0x4a, 0x80, 0x0c, 0x4a, 0x83,
  0x0b, 0x4b, 0x86, 0x0a, 0x49, 0x83, 0x08, 0x42, 0x77, 0x07, 0x3a, 0x69,
  0x09, 0x44, 0x7a, 0x08, 0x41, 0x78, 0x07, 0x3f, 0x74, 0x06, 0x3a, 0x6c,
  0x04, 0x39, 0x6b, 0x06, 0x3b, 0x6c, 0x08, 0x3d, 0x6f, 0x05, 0x36, 0x65,
  0x06, 0x37, 0x64, 0x06, 0x35, 0x62
};

static const unsigned char kIconBmp96[] = {
  0x42, 0x4d, 0x36, 0x6c, 0x00, 0x00, 0x00, 0x00, 0x00, 0x00, 0x36, 0x00,
  0x00, 0x00, 0x28, 0x00, 0x00, 0x00, 0x60, 0x00, 0x00, 0x00, 0x60, 0x00,
  0x00, 0x00, 0x01, 0x00, 0x18, 0x00, 0x00, 0x00, 0x00, 0x00, 0x00, 0x6c,
  0x00, 0x00, 0x00, 0x00, 0x00, 0x00, 0x00, 0x00, 0x00, 0x00, 0x00, 0x00,
  0x00, 0x00, 0x00, 0x00, 0x00, 0x00, 0x00, 0x1c, 0x3c, 0x00, 0x12, 0x2c,
  0x02, 0x1f, 0x3c, 0x08, 0x49, 0x87, 0x05, 0x41, 0x7b, 0x06, 0x48, 0x85,
  0x03, 0x33, 0x63, 0x00, 0x10, 0x25, 0x01, 0x19, 0x35, 0x01, 0x17, 0x31,
  0x00, 0x18, 0x32, 0x01, 0x19, 0x34, 0x01, 0x14, 0x2a, 0x01, 0x18, 0x30,
  0x01, 0x12, 0x23, 0x01, 0x14, 0x2a, 0x01, 0x15, 0x2c, 0x01, 0x11, 0x20,
  0x00, 0x15, 0x30, 0x00, 0x16, 0x2f, 0x09, 0x47, 0x83, 0x07, 0x49, 0x8a,
  0x06, 0x44, 0x80, 0x09, 0x49, 0x86, 0x09, 0x4b, 0x8b, 0x0d, 0x55, 0x94,
  0x00, 0x10, 0x25, 0x00, 0x16, 0x32, 0x01, 0x18, 0x35, 0x00, 0x0e, 0x24,
  0x03, 0x30, 0x5c, 0x0c, 0x54, 0x97, 0x0b, 0x4b, 0x88, 0x0a, 0x4b, 0x89,
  0x06, 0x45, 0x81, 0x09, 0x49, 0x83, 0x08, 0x40, 0x78, 0x08, 0x42, 0x78,
  0x09, 0x42, 0x78, 0x07, 0x41, 0x78, 0x0b, 0x49, 0x82, 0x0b, 0x4a, 0x85,
  0x0b, 0x4a, 0x84, 0x0d, 0x4f, 0x8b, 0x02, 0x2d, 0x56, 0x00, 0x23, 0x49,
  0x00, 0x07, 0x15, 0x01, 0x1c, 0x3b, 0x01, 0x1c, 0x3b, 0x01, 0x1a, 0x38,
  0x0a, 0x48, 0x84, 0x0b, 0x4f, 0x8d, 0x07, 0x43, 0x7e, 0x09, 0x44, 0x7d,
  0x0a, 0x46, 0x7e, 0x0c, 0x4b, 0x86, 0x0c, 0x4a, 0x83, 0x08, 0x3d, 0x72,
  0x07, 0x3d, 0x6f, 0x06, 0x3b, 0x6d, 0x08, 0x44, 0x7e, 0x07, 0x41, 0x78,
  0x05, 0x38, 0x6b, 0x05, 0x38, 0x6a, 0x0d, 0x52, 0x90, 0x0a, 0x4c, 0x89,
  0x07, 0x47, 0x86, 0x09, 0x4e, 0x8f, 0x06, 0x47, 0x87, 0x05, 0x46, 0x85,
  0x06, 0x47, 0x86, 0x08, 0x49, 0x88, 0x0b, 0x4e, 0x8d, 0x07, 0x41, 0x7a,
  0x02, 0x36, 0x6b, 0x03, 0x36, 0x6a, 0x05, 0x3b, 0x71, 0x06, 0x3d, 0x73,
  0x08, 0x46, 0x82, 0x08, 0x4b, 0x8a, 0x0a, 0x4a, 0x87, 0x07, 0x44, 0x7f,
  0x0a, 0x47, 0x82, 0x08, 0x41, 0x77, 0x06, 0x3a, 0x6b, 0x07, 0x3e, 0x70,
  0x05, 0x3b, 0x71, 0x05, 0x3a, 0x6e, 0x03, 0x37, 0x69, 0x05, 0x37, 0x69,
  0x06, 0x39, 0x6b, 0x04, 0x38, 0x6a, 0x04, 0x38, 0x6b, 0x04, 0x38, 0x6a,
  0x04, 0x37, 0x69, 0x03, 0x36, 0x67, 0x00, 0x21, 0x45, 0x00, 0x0c, 0x1e,
  0x06, 0x3a, 0x6c, 0x08, 0x46, 0x83, 0x05, 0x3f, 0x79, 0x09, 0x4d, 0x8c,
  0x01, 0x2b, 0x56, 0x00, 0x0c, 0x21, 0x01, 0x15, 0x2b, 0x01, 0x18, 0x33,
  0x00, 0x1a, 0x39, 0x00, 0x17, 0x31, 0x02, 0x14, 0x2a, 0x01, 0x11, 0x22,
  0x01, 0x12, 0x24, 0x01, 0x10, 0x22, 0x01, 0x16, 0x30, 0x02, 0x10, 0x20,
  0x01, 0x15, 0x2b, 0x00, 0x0c, 0x1d, 0x04, 0x36, 0x65, 0x09, 0x4f, 0x90,
  0x07, 0x48, 0x86, 0x08, 0x49, 0x86, 0x0a, 0x54, 0x99, 0x06, 0x41, 0x77,
  0x00, 0x00, 0x03, 0x01, 0x12, 0x28, 0x01, 0x13, 0x29, 0x00, 0x11, 0x27,
  0x00, 0x0c, 0x1d, 0x04, 0x35, 0x62, 0x09, 0x4a, 0x88, 0x09, 0x48, 0x84,
  0x0d, 0x51, 0x8d, 0x0f, 0x54, 0x93, 0x0c, 0x4d, 0x8b, 0x0b, 0x49, 0x83,
  0x0b, 0x46, 0x7b, 0x0b, 0x47, 0x80, 0x0b, 0x46, 0x80, 0x0b, 0x47, 0x80,
  0x0c, 0x49, 0x83, 0x10, 0x56, 0x96, 0x0c, 0x41, 0x73, 0x00, 0x2c, 0x57,
  0x02, 0x29, 0x4f, 0x00, 0x08, 0x18, 0x00, 0x23, 0x48, 0x01, 0x23, 0x46,
  0x04, 0x33, 0x61, 0x0d, 0x50, 0x8f, 0x0c, 0x4f, 0x8d, 0x09, 0x48, 0x83,
  0x0d, 0x4f, 0x8a, 0x0c, 0x4d, 0x88, 0x09, 0x44, 0x7c, 0x09, 0x43, 0x7a,
  0x0a, 0x46, 0x7d, 0x09, 0x45, 0x7e, 0x09, 0x46, 0x7f, 0x06, 0x40, 0x79,
  0x06, 0x3f, 0x76, 0x0b, 0x46, 0x7e, 0x0c, 0x4d, 0x89, 0x0c, 0x4d, 0x89,
  0x08, 0x49, 0x86, 0x06, 0x45, 0x82, 0x0b, 0x4f, 0x8e, 0x07, 0x45, 0x82,
  0x06, 0x44, 0x82, 0x0c, 0x50, 0x8f, 0x08, 0x4b, 0x8b, 0x0a, 0x4c, 0x8b,
  0x07, 0x46, 0x82, 0x07, 0x44, 0x7f, 0x08, 0x43, 0x7d, 0x0a, 0x4b, 0x88,
  0x07, 0x48, 0x89, 0x05, 0x49, 0x8c, 0x06, 0x46, 0x84, 0x02, 0x38, 0x6e,
  0x06, 0x3b, 0x70, 0x08, 0x3f, 0x74, 0x09, 0x40, 0x73, 0x09, 0x3f, 0x74,
  0x0a, 0x46, 0x7e, 0x07, 0x3e, 0x73, 0x05, 0x38, 0x6a, 0x08, 0x3c, 0x6f,
  0x09, 0x40, 0x73, 0x05, 0x38, 0x66, 0x06, 0x39, 0x6a, 0x05, 0x38, 0x6a,
  0x04, 0x34, 0x65, 0x02, 0x30, 0x5f, 0x00, 0x16, 0x34, 0x00, 0x0b, 0x1d,
  0x05, 0x3f, 0x76, 0x08, 0x48, 0x86, 0x08, 0x45, 0x81, 0x06, 0x47, 0x83,
  0x00, 0x1b, 0x39, 0x00, 0x15, 0x2f, 0x01, 0x16, 0x2c, 0x02, 0x11, 0x23,
  0x01, 0x19, 0x35, 0x01, 0x18, 0x31, 0x01, 0x13, 0x27, 0x02, 0x0a, 0x12,
  0x02, 0x0d, 0x1a, 0x03, 0x0d, 0x18, 0x01, 0x17, 0x2e, 0x02, 0x13, 0x27,
  0x02, 0x11, 0x23, 0x00, 0x0e, 0x23, 0x01, 0x28, 0x4f, 0x0a, 0x4e, 0x8d,
  0x08, 0x45, 0x81, 0x09, 0x4a, 0x88, 0x04, 0x38, 0x67, 0x00, 0x00, 0x00,
  0x00, 0x18, 0x37, 0x00, 0x1e, 0x44, 0x00, 0x22, 0x4b, 0x00, 0x1f, 0x43,
  0x00, 0x1c, 0x3f, 0x00, 0x00, 0x06, 0x00, 0x25, 0x4d, 0x0a, 0x4d, 0x8f,
  0x0e, 0x4f, 0x8b, 0x0c, 0x4a, 0x86, 0x10, 0x56, 0x95, 0x0b, 0x4c, 0x87,
  0x09, 0x45, 0x7d, 0x0b, 0x49, 0x83, 0x0d, 0x4d, 0x88, 0x0d, 0x4e, 0x89,
  0x0a, 0x48, 0x83, 0x0f, 0x54, 0x92, 0x0f, 0x4f, 0x8a, 0x00, 0x18, 0x31,
  0x05, 0x41, 0x77, 0x00, 0x16, 0x32, 0x01, 0x13, 0x25, 0x00, 0x1a, 0x38,
  0x01, 0x26, 0x49, 0x09, 0x48, 0x85, 0x12, 0x58, 0x98, 0x0c, 0x4f, 0x8e,
  0x0a, 0x4a, 0x88, 0x0a, 0x47, 0x82, 0x0c, 0x4a, 0x86, 0x0c, 0x4d, 0x89,
  0x0b, 0x4b, 0x88, 0x0c, 0x4e, 0x8a, 0x09, 0x45, 0x7e, 0x04, 0x3a, 0x6c,
  0x07, 0x3d, 0x71, 0x0b, 0x49, 0x83, 0x09, 0x49, 0x85, 0x08, 0x45, 0x7f,
  0x07, 0x44, 0x7f, 0x09, 0x48, 0x83, 0x0c, 0x4c, 0x88, 0x08, 0x46, 0x7f,
  0x0a, 0x49, 0x86, 0x09, 0x4a, 0x86, 0x06, 0x43, 0x7e, 0x06, 0x44, 0x82,
  0x06, 0x42, 0x7d, 0x09, 0x46, 0x81, 0x05, 0x42, 0x7d, 0x08, 0x47, 0x85,
  0x05, 0x46, 0x86, 0x04, 0x45, 0x84, 0x08, 0x4b, 0x8a, 0x05, 0x3e, 0x76,
  0x06, 0x3c, 0x6f, 0x07, 0x3d, 0x70, 0x05, 0x3a, 0x6d, 0x08, 0x3e, 0x71,
  0x09, 0x43, 0x79, 0x0b, 0x49, 0x82, 0x09, 0x42, 0x78, 0x0a, 0x44, 0x7a,
  0x07, 0x3e, 0x73, 0x06, 0x38, 0x67, 0x07, 0x38, 0x67, 0x03, 0x34, 0x64,
  0x02, 0x35, 0x66, 0x04, 0x34, 0x62, 0x01, 0x18, 0x31, 0x00, 0x00, 0x08,
  0x02, 0x30, 0x5e, 0x0b, 0x4e, 0x8f, 0x07, 0x43, 0x7d, 0x02, 0x2f, 0x5c,
  0x00, 0x0f, 0x26, 0x00, 0x1b, 0x39, 0x00, 0x18, 0x32, 0x01, 0x12, 0x26,
  0x01, 0x11, 0x22, 0x02, 0x10, 0x1f, 0x01, 0x0f, 0x20, 0x01, 0x17, 0x31,
  0x00, 0x17, 0x31, 0x02, 0x11, 0x24, 0x01, 0x12, 0x24, 0x01, 0x15, 0x2a,
  0x01, 0x0f, 0x1c, 0x00, 0x15, 0x2f, 0x00, 0x17, 0x32, 0x0b, 0x54, 0x95,
  0x0d, 0x53, 0x92, 0x0c, 0x53, 0x95, 0x02, 0x2e, 0x5a, 0x00, 0x00, 0x04,
  0x00, 0x17, 0x32, 0x00, 0x11, 0x29, 0x00, 0x18, 0x35, 0x01, 0x1a, 0x38,
  0x00, 0x1a, 0x38, 0x00, 0x00, 0x0a, 0x03, 0x30, 0x5b, 0x0f, 0x57, 0x9b,
  0x09, 0x44, 0x7d, 0x08, 0x44, 0x7c, 0x0d, 0x4d, 0x89, 0x0d, 0x51, 0x8d,
  0x09, 0x47, 0x81, 0x09, 0x46, 0x7f, 0x0f, 0x53, 0x8f, 0x0d, 0x4f, 0x8b,
  0x0c, 0x4b, 0x85, 0x0c, 0x4e, 0x8b, 0x0c, 0x4d, 0x89, 0x00, 0x16, 0x31,
  0x00, 0x09, 0x1d, 0x01, 0x19, 0x30, 0x0b, 0x41, 0x72, 0x00, 0x17, 0x34,
  0x01, 0x1a, 0x37, 0x0a, 0x4c, 0x87, 0x0a, 0x4d, 0x8c, 0x0a, 0x4b, 0x88,
  0x09, 0x48, 0x83, 0x0b, 0x4b, 0x87, 0x0c, 0x4e, 0x8c, 0x09, 0x48, 0x83,
  0x0c, 0x4d, 0x89, 0x0c, 0x4a, 0x84, 0x06, 0x3d, 0x73, 0x08, 0x43, 0x79,
  0x0d, 0x4e, 0x88, 0x0d, 0x4b, 0x85, 0x09, 0x45, 0x7e, 0x0b, 0x4c, 0x88,
  0x0b, 0x4a, 0x85, 0x09, 0x48, 0x84, 0x0c, 0x4e, 0x8d, 0x0a, 0x4c, 0x88,
  0x08, 0x46, 0x82, 0x06, 0x43, 0x7f, 0x08, 0x48, 0x86, 0x0b, 0x4d, 0x8b,
  0x0b, 0x4a, 0x85, 0x09, 0x45, 0x7e, 0x05, 0x44, 0x81, 0x06, 0x44, 0x84,
  0x09, 0x4d, 0x8c, 0x08, 0x4a, 0x87, 0x05, 0x41, 0x7d, 0x05, 0x3d, 0x73,
  0x05, 0x3b, 0x6e, 0x06, 0x3c, 0x71, 0x06, 0x38, 0x69, 0x05, 0x38, 0x68,
  0x05, 0x39, 0x6d, 0x08, 0x40, 0x75, 0x08, 0x3f, 0x74, 0x07, 0x3d, 0x71,
  0x06, 0x3a, 0x6d, 0x06, 0x37, 0x66, 0x06, 0x39, 0x6a, 0x03, 0x32, 0x5e,
  0x05, 0x37, 0x66, 0x07, 0x3a, 0x6b, 0x05, 0x3b, 0x6e, 0x00, 0x07, 0x18,
  0x08, 0x44, 0x7d, 0x0a, 0x4e, 0x8f, 0x02, 0x30, 0x5f, 0x00, 0x0c, 0x1f,
  0x00, 0x1b, 0x39, 0x00, 0x19, 0x36, 0x01, 0x18, 0x31, 0x02, 0x15, 0x2c,
  0x02, 0x0d, 0x18, 0x01, 0x0d, 0x1a, 0x00, 0x14, 0x2c, 0x01, 0x18, 0x34,
  0x00, 0x19, 0x38, 0x00, 0x19, 0x33, 0x02, 0x10, 0x21, 0x00, 0x12, 0x28,
  0x01, 0x10, 0x1f, 0x00, 0x16, 0x30, 0x00, 0x0c, 0x20, 0x09, 0x4f, 0x8f,
  0x0a, 0x4f, 0x90, 0x07, 0x48, 0x86, 0x08, 0x48, 0x85, 0x01, 0x19, 0x31,
  0x00, 0x06, 0x0f, 0x01, 0x10, 0x23, 0x00, 0x10, 0x23, 0x00, 0x18, 0x33,
  0x00, 0x00, 0x03, 0x06, 0x34, 0x5d, 0x0e, 0x58, 0x9c, 0x0d, 0x51, 0x90,
  0x0a, 0x47, 0x81, 0x09, 0x47, 0x81, 0x0b, 0x4b, 0x87, 0x0e, 0x50, 0x8c,
  0x0e, 0x52, 0x8e, 0x09, 0x45, 0x7e, 0x0c, 0x48, 0x80, 0x0d, 0x4c, 0x87,
  0x0e, 0x50, 0x8c, 0x0a, 0x4c, 0x8a, 0x0c, 0x50, 0x90, 0x00, 0x1a, 0x36,
  0x00, 0x06, 0x17, 0x0b, 0x46, 0x7d, 0x0f, 0x57, 0x9a, 0x01, 0x20, 0x3f,
  0x00, 0x07, 0x1c, 0x09, 0x45, 0x7b, 0x09, 0x51, 0x92, 0x08, 0x46, 0x82,
  0x0d, 0x4f, 0x8b, 0x0c, 0x4d, 0x89, 0x0a, 0x48, 0x83, 0x08, 0x43, 0x7c,
  0x08, 0x43, 0x7b, 0x08, 0x45, 0x7e, 0x09, 0x46, 0x7f, 0x0a, 0x48, 0x83,
  0x0c, 0x4b, 0x86, 0x08, 0x44, 0x7f, 0x0a, 0x4c, 0x89, 0x0c, 0x50, 0x8e,
  0x0c, 0x4e, 0x8b, 0x0a, 0x4c, 0x88, 0x08, 0x48, 0x86, 0x08, 0x48, 0x85,
  0x09, 0x47, 0x83, 0x08, 0x47, 0x82, 0x07, 0x46, 0x83, 0x0d, 0x52, 0x90,
  0x08, 0x46, 0x81, 0x0a, 0x49, 0x85, 0x09, 0x4d, 0x8d, 0x08, 0x4b, 0x8b,
  0x05, 0x45, 0x82, 0x08, 0x4a, 0x8a, 0x07, 0x48, 0x86, 0x08, 0x43, 0x7d,
  0x0a, 0x45, 0x7b, 0x06, 0x3d, 0x73, 0x07, 0x3e, 0x71, 0x09, 0x3e, 0x72,
  0x08, 0x3f, 0x76, 0x06, 0x40, 0x76, 0x05, 0x39, 0x6c, 0x08, 0x40, 0x75,
  0x07, 0x3d, 0x6f, 0x06, 0x35, 0x63, 0x05, 0x36, 0x66, 0x0a, 0x45, 0x7d,
  0x09, 0x40, 0x76, 0x08, 0x40, 0x73, 0x02, 0x27, 0x4c, 0x00, 0x02, 0x0b,
  0x06, 0x40, 0x76, 0x0a, 0x4c, 0x8c, 0x08, 0x47, 0x84, 0x00, 0x25, 0x49,
  0x00, 0x0d, 0x22, 0x01, 0x19, 0x36, 0x01, 0x12, 0x26, 0x01, 0x15, 0x2c,
  0x02, 0x10, 0x20, 0x02, 0x0c, 0x18, 0x01, 0x0d, 0x1b, 0x01, 0x0e, 0x1d,
  0x01, 0x13, 0x28, 0x01, 0x10, 0x20, 0x02, 0x10, 0x1f, 0x02, 0x14, 0x28,
  0x01, 0x11, 0x21, 0x01, 0x16, 0x2f, 0x00, 0x0c, 0x20, 0x04, 0x43, 0x7e,
  0x0a, 0x50, 0x92, 0x0a, 0x4c, 0x88, 0x0a, 0x54, 0x98, 0x03, 0x2c, 0x51,
  0x01, 0x00, 0x00, 0x01, 0x13, 0x29, 0x00, 0x15, 0x2e, 0x01, 0x19, 0x33,
  0x00, 0x02, 0x0b, 0x03, 0x2c, 0x51, 0x0d, 0x4f, 0x8d, 0x0d, 0x52, 0x91,
  0x0a, 0x4a, 0x86, 0x0d, 0x4d, 0x89, 0x0c, 0x4d, 0x89, 0x0e, 0x50, 0x8d,
  0x0e, 0x4f, 0x8a, 0x09, 0x45, 0x7d, 0x0a, 0x48, 0x81, 0x0f, 0x50, 0x8d,
  0x0d, 0x50, 0x90, 0x0d, 0x50, 0x90, 0x0f, 0x56, 0x98, 0x02, 0x30, 0x5d,
  0x00, 0x00, 0x0d, 0x0c, 0x49, 0x80, 0x0d, 0x4e, 0x88, 0x01, 0x1d, 0x3a,
  0x00, 0x07, 0x19, 0x03, 0x31, 0x5f, 0x0a, 0x51, 0x95, 0x05, 0x3f, 0x79,
  0x0b, 0x4c, 0x88, 0x0c, 0x4d, 0x8a, 0x0d, 0x50, 0x8d, 0x0b, 0x4a, 0x85,
  0x08, 0x42, 0x79, 0x08, 0x3f, 0x75, 0x09, 0x45, 0x7e, 0x0b, 0x4c, 0x89,
  0x0e, 0x55, 0x93, 0x09, 0x4c, 0x8c, 0x07, 0x45, 0x80, 0x07, 0x46, 0x82,
  0x0d, 0x50, 0x90, 0x0e, 0x52, 0x91, 0x0a, 0x4d, 0x8c, 0x06, 0x47, 0x85,
  0x0c, 0x4e, 0x8b, 0x0e, 0x52, 0x92, 0x0a, 0x4d, 0x8c, 0x0d, 0x53, 0x93,
  0x0b, 0x4e, 0x8c, 0x09, 0x4a, 0x86, 0x0b, 0x4e, 0x8d, 0x09, 0x4a, 0x88,
  0x09, 0x4d, 0x8c, 0x0c, 0x4f, 0x8f, 0x0b, 0x4e, 0x8b, 0x0a, 0x49, 0x85,
  0x0c, 0x4b, 0x84, 0x07, 0x3e, 0x73, 0x07, 0x3b, 0x6d, 0x09, 0x3f, 0x74,
  0x07, 0x3d, 0x71, 0x06, 0x3c, 0x70, 0x08, 0x3e, 0x73, 0x09, 0x43, 0x78,
  0x06, 0x39, 0x6b, 0x08, 0x42, 0x79, 0x0b, 0x4f, 0x8d, 0x0c, 0x55, 0x97,
  0x09, 0x4f, 0x90, 0x08, 0x47, 0x83, 0x02, 0x06, 0x0d, 0x00, 0x0f, 0x26,
  0x00, 0x04, 0x0f, 0x09, 0x4e, 0x8c, 0x0c, 0x51, 0x93, 0x07, 0x47, 0x85,
  0x00, 0x20, 0x44, 0x00, 0x0f, 0x24, 0x01, 0x15, 0x2c, 0x01, 0x11, 0x24,
  0x01, 0x15, 0x2c, 0x01, 0x0e, 0x1c, 0x02, 0x0b, 0x15, 0x01, 0x0f, 0x1f,
  0x00, 0x15, 0x2e, 0x02, 0x0b, 0x14, 0x02, 0x0f, 0x1d, 0x01, 0x14, 0x28,
  0x01, 0x12, 0x25, 0x01, 0x15, 0x2c, 0x00, 0x08, 0x1b, 0x07, 0x40, 0x76,
  0x0a, 0x53, 0x98, 0x0a, 0x4d, 0x8c, 0x00, 0x18, 0x32, 0x00, 0x00, 0x07,
  0x00, 0x13, 0x29, 0x00, 0x16, 0x30, 0x00, 0x18, 0x36, 0x00, 0x17, 0x33,
  0x00, 0x11, 0x25, 0x00, 0x07, 0x19, 0x00, 0x0b, 0x1e, 0x0c, 0x4b, 0x86,
  0x0e, 0x53, 0x91, 0x0b, 0x4a, 0x84, 0x0b, 0x4a, 0x86, 0x0c, 0x4c, 0x88,
  0x0b, 0x49, 0x83, 0x09, 0x47, 0x81, 0x08, 0x48, 0x85, 0x0c, 0x55, 0x97,
  0x0d, 0x56, 0x97, 0x0c, 0x4e, 0x8b, 0x0f, 0x57, 0x98, 0x0e, 0x4f, 0x8b,
  0x00, 0x00, 0x04, 0x00, 0x0d, 0x1d, 0x00, 0x02, 0x0a, 0x01, 0x0f, 0x21,
  0x00, 0x0d, 0x24, 0x03, 0x2e, 0x59, 0x0a, 0x51, 0x93, 0x08, 0x47, 0x84,
  0x0e, 0x51, 0x90, 0x0f, 0x55, 0x94, 0x0b, 0x4c, 0x89, 0x0c, 0x4d, 0x8a,
  0x0c, 0x4c, 0x87, 0x09, 0x42, 0x7a, 0x0d, 0x4c, 0x87, 0x0c, 0x4f, 0x8c,
  0x0a, 0x4e, 0x8e, 0x09, 0x4b, 0x8a, 0x06, 0x41, 0x7c, 0x06, 0x42, 0x7d,
  0x0a, 0x49, 0x86, 0x0e, 0x53, 0x93, 0x0c, 0x51, 0x93, 0x08, 0x4a, 0x8a,
  0x0b, 0x4c, 0x8b, 0x0e, 0x57, 0x98, 0x0e, 0x56, 0x97, 0x0e, 0x52, 0x91,
  0x0d, 0x51, 0x90, 0x0c, 0x4f, 0x8d, 0x0d, 0x50, 0x8e, 0x0c, 0x4d, 0x8b,
  0x0a, 0x49, 0x86, 0x0b, 0x49, 0x84, 0x0d, 0x4d, 0x89, 0x0b, 0x4b, 0x88,
  0x0b, 0x49, 0x81, 0x0a, 0x44, 0x7a, 0x09, 0x43, 0x78, 0x05, 0x38, 0x6c,
  0x06, 0x3c, 0x70, 0x06, 0x3b, 0x6d, 0x04, 0x37, 0x6b, 0x05, 0x39, 0x6d,
  0x06, 0x3e, 0x74, 0x0c, 0x52, 0x92, 0x08, 0x4b, 0x8c, 0x06, 0x49, 0x8a,
  0x06, 0x48, 0x88, 0x03, 0x3f, 0x79, 0x01, 0x1a, 0x37, 0x00, 0x0f, 0x28,
  0x02, 0x1f, 0x3b, 0x08, 0x4a, 0x8c, 0x06, 0x48, 0x88, 0x0b, 0x53, 0x96,
  0x09, 0x4b, 0x8b, 0x00, 0x20, 0x41, 0x00, 0x0d, 0x1e, 0x01, 0x11, 0x25,
  0x01, 0x12, 0x24, 0x01, 0x0f, 0x1f, 0x02, 0x0c, 0x16, 0x02, 0x0d, 0x1b,
  0x00, 0x14, 0x2b, 0x02, 0x0c, 0x15, 0x02, 0x0e, 0x1c, 0x01, 0x12, 0x26,
  0x01, 0x13, 0x28, 0x01, 0x13, 0x27, 0x00, 0x09, 0x17, 0x04, 0x3a, 0x6d,
  0x08, 0x53, 0x99, 0x06, 0x48, 0x87, 0x01, 0x14, 0x2b, 0x01, 0x0c, 0x1c,
  0x01, 0x11, 0x24, 0x01, 0x0e, 0x1e, 0x01, 0x11, 0x22, 0x01, 0x14, 0x28,
  0x01, 0x13, 0x26, 0x00, 0x1c, 0x3a, 0x00, 0x04, 0x14, 0x05, 0x3c, 0x70,
  0x0c, 0x4c, 0x8a, 0x0b, 0x4a, 0x83, 0x0d, 0x4e, 0x89, 0x0e, 0x4e, 0x89,
  0x0f, 0x53, 0x8f, 0x0c, 0x4d, 0x88, 0x0a, 0x4f, 0x8e, 0x0b, 0x57, 0x9a,
  0x08, 0x4d, 0x8d, 0x0c, 0x53, 0x93, 0x0d, 0x52, 0x91, 0x16, 0x61, 0xa4,
  0x08, 0x37, 0x60, 0x00, 0x08, 0x16, 0x00, 0x14, 0x2e, 0x00, 0x13, 0x29,
  0x00, 0x06, 0x18, 0x06, 0x34, 0x5e, 0x0d, 0x53, 0x94, 0x09, 0x49, 0x87,
  0x0d, 0x51, 0x91, 0x0c, 0x4e, 0x8a, 0x09, 0x48, 0x82, 0x08, 0x47, 0x83,
  0x0b, 0x4d, 0x8a, 0x0d, 0x4f, 0x8d, 0x0c, 0x4d, 0x89, 0x0d, 0x50, 0x8d,
  0x07, 0x47, 0x85, 0x0b, 0x50, 0x8f, 0x0c, 0x4f, 0x8f, 0x0c, 0x4e, 0x8b,
  0x0c, 0x50, 0x8e, 0x07, 0x46, 0x83, 0x07, 0x49, 0x88, 0x0d, 0x55, 0x97,
  0x0e, 0x56, 0x96, 0x0f, 0x54, 0x92, 0x0d, 0x52, 0x91, 0x0e, 0x54, 0x93,
  0x0d, 0x4e, 0x8b, 0x0d, 0x4f, 0x8e, 0x0c, 0x4d, 0x8b, 0x0a, 0x4c, 0x8a,
  0x0a, 0x47, 0x83, 0x09, 0x46, 0x7f, 0x0b, 0x4b, 0x85, 0x0d, 0x4b, 0x85,
  0x0c, 0x48, 0x80, 0x0c, 0x4a, 0x85, 0x0b, 0x49, 0x82, 0x07, 0x40, 0x78,
  0x07, 0x43, 0x7e, 0x07, 0x42, 0x7c, 0x06, 0x3c, 0x72, 0x0a, 0x46, 0x7f,
  0x0a, 0x50, 0x91, 0x0b, 0x4d, 0x8a, 0x09, 0x4c, 0x8c, 0x08, 0x4d, 0x8f,
  0x07, 0x4c, 0x8e, 0x06, 0x45, 0x81, 0x01, 0x15, 0x2f, 0x00, 0x0a, 0x1c,
  0x02, 0x1e, 0x3c, 0x03, 0x34, 0x64, 0x02, 0x36, 0x68, 0x07, 0x44, 0x7e,
  0x0b, 0x54, 0x99, 0x07, 0x48, 0x88, 0x00, 0x17, 0x30, 0x01, 0x0b, 0x17,
  0x01, 0x10, 0x22, 0x01, 0x0f, 0x1f, 0x02, 0x0b, 0x17, 0x02, 0x0d, 0x18,
  0x01, 0x12, 0x27, 0x02, 0x0c, 0x17, 0x01, 0x0e, 0x1d, 0x01, 0x12, 0x25,
  0x01, 0x11, 0x23, 0x01, 0x12, 0x26, 0x00, 0x08, 0x15, 0x03, 0x2f, 0x59,
  0x07, 0x3f, 0x74, 0x04, 0x38, 0x6a, 0x01, 0x20, 0x3f, 0x01, 0x04, 0x05,
  0x02, 0x0c, 0x16, 0x01, 0x0a, 0x13, 0x02, 0x0d, 0x19, 0x02, 0x10, 0x1e,
  0x02, 0x0f, 0x1c, 0x00, 0x00, 0x02, 0x05, 0x2f, 0x57, 0x12, 0x60, 0xa8,
  0x11, 0x5c, 0xa1, 0x0d, 0x52, 0x92, 0x10, 0x58, 0x99, 0x0f, 0x59, 0x9d,
  0x0e, 0x59, 0x9d, 0x0c, 0x54, 0x97, 0x0d, 0x56, 0x9b, 0x0e, 0x5a, 0x9f,
  0x0b, 0x57, 0x9c, 0x0c, 0x55, 0x98, 0x0d, 0x56, 0x99, 0x10, 0x5d, 0xa0,
  0x11, 0x5d, 0xa3, 0x08, 0x39, 0x65, 0x00, 0x08, 0x1a, 0x00, 0x15, 0x2e,
  0x01, 0x1c, 0x37, 0x0c, 0x52, 0x93, 0x0c, 0x50, 0x8f, 0x0b, 0x4e, 0x8b,
  0x0a, 0x4d, 0x8b, 0x08, 0x46, 0x80, 0x07, 0x45, 0x80, 0x0a, 0x4a, 0x88,
  0x0b, 0x50, 0x8f, 0x0e, 0x57, 0x98, 0x0c, 0x50, 0x8e, 0x09, 0x46, 0x83,
  0x08, 0x48, 0x85, 0x0c, 0x4f, 0x8d, 0x0a, 0x4a, 0x87, 0x08, 0x46, 0x81,
  0x0c, 0x52, 0x91, 0x06, 0x48, 0x86, 0x07, 0x47, 0x84, 0x0b, 0x50, 0x8f,
  0x0b, 0x52, 0x92, 0x10, 0x5a, 0x9a, 0x0e, 0x55, 0x94, 0x0c, 0x50, 0x8f,
  0x0d, 0x53, 0x92, 0x0e, 0x55, 0x95, 0x0a, 0x49, 0x87, 0x0a, 0x4e, 0x8e,
  0x0e, 0x51, 0x8e, 0x0a, 0x47, 0x82, 0x0c, 0x4c, 0x86, 0x10, 0x54, 0x91,
  0x0f, 0x4e, 0x87, 0x0d, 0x4c, 0x86, 0x0e, 0x4d, 0x88, 0x0b, 0x4d, 0x89,
  0x0e, 0x54, 0x93, 0x0d, 0x50, 0x8d, 0x10, 0x56, 0x96, 0x11, 0x58, 0x98,
  0x0c, 0x4f, 0x8e, 0x0b, 0x50, 0x8f, 0x0b, 0x4f, 0x8f, 0x07, 0x48, 0x89,
  0x0f, 0x59, 0x9a, 0x0b, 0x4a, 0x87, 0x00, 0x10, 0x25, 0x00, 0x14, 0x2d,
  0x00, 0x0f, 0x22, 0x00, 0x06, 0x14, 0x00, 0x06, 0x14, 0x00, 0x07, 0x13,
  0x05, 0x38, 0x6a, 0x0a, 0x4e, 0x8f, 0x04, 0x36, 0x66, 0x01, 0x00, 0x00,
  0x02, 0x0d, 0x18, 0x02, 0x0c, 0x16, 0x02, 0x0a, 0x13, 0x02, 0x0a, 0x13,
  0x01, 0x0e, 0x1d, 0x02, 0x0d, 0x18, 0x02, 0x0d, 0x18, 0x02, 0x0d, 0x19,
  0x02, 0x0c, 0x18, 0x01, 0x11, 0x27, 0x00, 0x11, 0x28, 0x00, 0x0f, 0x24,
  0x00, 0x07, 0x19, 0x00, 0x05, 0x14, 0x00, 0x0e, 0x21, 0x01, 0x12, 0x26,
  0x00, 0x11, 0x24, 0x00, 0x10, 0x20, 0x02, 0x0f, 0x20, 0x02, 0x0d, 0x1a,
  0x01, 0x10, 0x1f, 0x00, 0x00, 0x01, 0x05, 0x2a, 0x4f, 0x0c, 0x49, 0x83,
  0x07, 0x43, 0x79, 0x05, 0x3b, 0x6e, 0x03, 0x33, 0x61, 0x02, 0x31, 0x5c,
  0x00, 0x24, 0x4a, 0x02, 0x26, 0x4c, 0x02, 0x2c, 0x55, 0x01, 0x26, 0x4d,
  0x02, 0x2e, 0x58, 0x07, 0x44, 0x7c, 0x0a, 0x4a, 0x88, 0x0b, 0x51, 0x94,
  0x12, 0x61, 0xa9, 0x10, 0x59, 0x9b, 0x00, 0x09, 0x18, 0x00, 0x19, 0x38,
  0x00, 0x13, 0x29, 0x0d, 0x54, 0x95, 0x0c, 0x4e, 0x8a, 0x0f, 0x51, 0x8e,
  0x0c, 0x4f, 0x8d, 0x07, 0x45, 0x81, 0x08, 0x48, 0x86, 0x09, 0x49, 0x88,
  0x0a, 0x4a, 0x87, 0x0d, 0x51, 0x90, 0x0e, 0x51, 0x8f, 0x0b, 0x4d, 0x89,
  0x0b, 0x4e, 0x8c, 0x09, 0x49, 0x86, 0x05, 0x43, 0x81, 0x0a, 0x4e, 0x8d,
  0x0b, 0x4e, 0x8d, 0x0d, 0x52, 0x93, 0x0a, 0x4b, 0x89, 0x0f, 0x55, 0x96,
  0x0d, 0x56, 0x96, 0x0f, 0x56, 0x97, 0x0e, 0x56, 0x96, 0x0e, 0x55, 0x95,
  0x0c, 0x50, 0x8e, 0x08, 0x48, 0x84, 0x0a, 0x4b, 0x89, 0x09, 0x4d, 0x8c,
  0x0f, 0x56, 0x96, 0x11, 0x58, 0x96, 0x0d, 0x4f, 0x8b, 0x0b, 0x48, 0x82,
  0x0e, 0x4e, 0x89, 0x0e, 0x50, 0x8b, 0x0e, 0x51, 0x8e, 0x0d, 0x50, 0x8d,
  0x0c, 0x4e, 0x8c, 0x10, 0x54, 0x92, 0x12, 0x5c, 0x9c, 0x11, 0x59, 0x98,
  0x0f, 0x53, 0x91, 0x0d, 0x51, 0x8e, 0x0a, 0x4e, 0x8c, 0x09, 0x4b, 0x8a,
  0x0f, 0x57, 0x98, 0x0b, 0x4b, 0x87, 0x00, 0x17, 0x33, 0x01, 0x0f, 0x21,
  0x00, 0x14, 0x2d, 0x00, 0x19, 0x36, 0x00, 0x17, 0x31, 0x01, 0x09, 0x13,
  0x00, 0x08, 0x18, 0x00, 0x0d, 0x1e, 0x00, 0x14, 0x2b, 0x00, 0x10, 0x23,
  0x01, 0x11, 0x25, 0x01, 0x0e, 0x1d, 0x01, 0x0c, 0x19, 0x02, 0x0b, 0x16,
  0x02, 0x0a, 0x13, 0x02, 0x09, 0x0f, 0x02, 0x0b, 0x15, 0x01, 0x11, 0x25,
  0x00, 0x15, 0x31, 0x00, 0x13, 0x2f, 0x00, 0x14, 0x2f, 0x00, 0x15, 0x31,
  0x00, 0x17, 0x34, 0x00, 0x16, 0x31, 0x01, 0x10, 0x22, 0x01, 0x0f, 0x20,
  0x01, 0x0f, 0x20, 0x01, 0x11, 0x22, 0x02, 0x12, 0x25, 0x02, 0x0f, 0x1e,
  0x02, 0x0f, 0x1c, 0x02, 0x10, 0x1d, 0x01, 0x08, 0x10, 0x00, 0x00, 0x00,
  0x00, 0x00, 0x00, 0x00, 0x00, 0x07, 0x00, 0x05, 0x0f, 0x00, 0x01, 0x09,
  0x00, 0x06, 0x0f, 0x00, 0x00, 0x02, 0x00, 0x00, 0x01, 0x00, 0x03, 0x0c,
  0x00, 0x00, 0x03, 0x00, 0x02, 0x0b, 0x00, 0x10, 0x21, 0x00, 0x1a, 0x35,
  0x04, 0x2f, 0x56, 0x0c, 0x4c, 0x88, 0x02, 0x1a, 0x31, 0x00, 0x13, 0x2b,
  0x00, 0x06, 0x17, 0x07, 0x3b, 0x6b, 0x0e, 0x54, 0x94, 0x0e, 0x51, 0x8e,
  0x0e, 0x50, 0x8d, 0x07, 0x44, 0x7e, 0x08, 0x48, 0x84, 0x0a, 0x4b, 0x87,
  0x0c, 0x4d, 0x8a, 0x0c, 0x4e, 0x8b, 0x0a, 0x4a, 0x86, 0x0d, 0x4f, 0x8c,
  0x0f, 0x53, 0x90, 0x0a, 0x4d, 0x8a, 0x0a, 0x4b, 0x89, 0x0b, 0x4e, 0x8d,
  0x0f, 0x59, 0x9a, 0x10, 0x58, 0x99, 0x12, 0x5d, 0x9e, 0x15, 0x62, 0xa4,
  0x0c, 0x51, 0x90, 0x10, 0x55, 0x95, 0x11, 0x59, 0x98, 0x12, 0x5a, 0x99,
  0x10, 0x57, 0x97, 0x0c, 0x4c, 0x88, 0x07, 0x44, 0x7e, 0x08, 0x48, 0x84,
  0x0f, 0x53, 0x91, 0x0e, 0x4e, 0x88, 0x0f, 0x51, 0x8c, 0x11, 0x56, 0x92,
  0x10, 0x53, 0x8f, 0x11, 0x59, 0x98, 0x0e, 0x53, 0x91, 0x0e, 0x51, 0x8e,
  0x0d, 0x4f, 0x8e, 0x0c, 0x4e, 0x8d, 0x0e, 0x54, 0x92, 0x0f, 0x53, 0x92,
  0x0e, 0x53, 0x91, 0x0e, 0x51, 0x8f, 0x0b, 0x4a, 0x88, 0x09, 0x4a, 0x86,
  0x0d, 0x52, 0x92, 0x0d, 0x53, 0x94, 0x01, 0x12, 0x28, 0x01, 0x11, 0x26,
  0x00, 0x18, 0x34, 0x00, 0x16, 0x2f, 0x02, 0x0a, 0x13, 0x02, 0x0e, 0x1c,
  0x01, 0x16, 0x2f, 0x00, 0x12, 0x29, 0x00, 0x15, 0x31, 0x00, 0x15, 0x2f,
  0x01, 0x14, 0x2c, 0x00, 0x15, 0x2f, 0x00, 0x14, 0x2e, 0x00, 0x10, 0x23,
  0x01, 0x0c, 0x1a, 0x01, 0x0e, 0x1f, 0x00, 0x15, 0x2e, 0x00, 0x16, 0x33,
  0x00, 0x13, 0x2b, 0x00, 0x15, 0x30, 0x00, 0x14, 0x2f, 0x01, 0x13, 0x2c,
  0x01, 0x0f, 0x1e, 0x01, 0x09, 0x13, 0x01, 0x05, 0x06, 0x01, 0x05, 0x09,
  0x01, 0x07, 0x0c, 0x01, 0x08, 0x0e, 0x01, 0x06, 0x0c, 0x01, 0x0c, 0x16,
  0x02, 0x16, 0x2b, 0x02, 0x18, 0x2e, 0x01, 0x16, 0x2b, 0x01, 0x15, 0x29,
  0x02, 0x0f, 0x1e, 0x02, 0x0a, 0x11, 0x02, 0x0c, 0x17, 0x02, 0x10, 0x1e,
  0x02, 0x13, 0x23, 0x02, 0x1b, 0x35, 0x02, 0x1d, 0x37, 0x02, 0x18, 0x2e,
  0x01, 0x18, 0x2f, 0x01, 0x11, 0x21, 0x00, 0x06, 0x0e, 0x01, 0x07, 0x0d,
  0x00, 0x00, 0x00, 0x00, 0x00, 0x00, 0x02, 0x0c, 0x17, 0x03, 0x0e, 0x1b,
  0x00, 0x12, 0x2d, 0x00, 0x1e, 0x3b, 0x0f, 0x57, 0x99, 0x12, 0x5b, 0x9d,
  0x10, 0x55, 0x96, 0x0e, 0x50, 0x8d, 0x11, 0x57, 0x97, 0x0d, 0x52, 0x90,
  0x0f, 0x53, 0x92, 0x10, 0x58, 0x99, 0x0f, 0x56, 0x97, 0x11, 0x58, 0x98,
  0x0d, 0x4e, 0x8b, 0x0e, 0x53, 0x92, 0x10, 0x57, 0x97, 0x0e, 0x55, 0x96,
  0x0f, 0x53, 0x92, 0x0d, 0x50, 0x8f, 0x0e, 0x53, 0x92, 0x0c, 0x4e, 0x8c,
  0x0e, 0x53, 0x92, 0x0f, 0x55, 0x95, 0x11, 0x58, 0x97, 0x0f, 0x54, 0x92,
  0x10, 0x55, 0x94, 0x11, 0x54, 0x90, 0x0c, 0x4b, 0x85, 0x0e, 0x51, 0x8e,
  0x10, 0x52, 0x8e, 0x0c, 0x4b, 0x85, 0x12, 0x56, 0x92, 0x14, 0x5b, 0x98,
  0x12, 0x5a, 0x98, 0x12, 0x58, 0x97, 0x0f, 0x53, 0x91, 0x09, 0x4a, 0x86,
  0x0e, 0x55, 0x93, 0x0c, 0x4e, 0x8a, 0x10, 0x53, 0x91, 0x13, 0x5b, 0x9b,
  0x10, 0x57, 0x96, 0x0e, 0x4f, 0x8d, 0x0b, 0x49, 0x84, 0x11, 0x59, 0x98,
  0x11, 0x5a, 0x9a, 0x13, 0x5c, 0x9d, 0x03, 0x06, 0x08, 0x00, 0x14, 0x2c,
  0x01, 0x12, 0x28, 0x00, 0x16, 0x32, 0x02, 0x0d, 0x1a, 0x01, 0x0c, 0x18,
  0x01, 0x13, 0x2a, 0x00, 0x17, 0x33, 0x00, 0x11, 0x26, 0x01, 0x11, 0x25,
  0x00, 0x13, 0x29, 0x00, 0x11, 0x24, 0x01, 0x0b, 0x16, 0x01, 0x0f, 0x23,
  0x00, 0x11, 0x26, 0x00, 0x15, 0x31, 0x00, 0x14, 0x30, 0x00, 0x11, 0x28,
  0x00, 0x18, 0x37, 0x00, 0x19, 0x37, 0x01, 0x0d, 0x1b, 0x01, 0x0a, 0x13,
  0x02, 0x09, 0x11, 0x02, 0x10, 0x1d, 0x02, 0x1c, 0x36, 0x02, 0x20, 0x3d,
  0x02, 0x20, 0x3e, 0x02, 0x20, 0x3e, 0x02, 0x1f, 0x3c, 0x01, 0x14, 0x29,
  0x01, 0x0b, 0x17, 0x02, 0x0c, 0x17, 0x02, 0x16, 0x2a, 0x02, 0x19, 0x30,
  0x03, 0x1e, 0x38, 0x03, 0x1b, 0x32, 0x02, 0x16, 0x28, 0x02, 0x0f, 0x1f,
  0x02, 0x07, 0x0b, 0x01, 0x11, 0x20, 0x02, 0x13, 0x23, 0x02, 0x14, 0x26,
  0x01, 0x20, 0x3c, 0x03, 0x25, 0x45, 0x04, 0x26, 0x46, 0x02, 0x1a, 0x32,
  0x02, 0x17, 0x2b, 0x02, 0x0e, 0x19, 0x02, 0x06, 0x0d, 0x03, 0x05, 0x07,
  0x01, 0x08, 0x11, 0x00, 0x08, 0x14, 0x03, 0x28, 0x4a, 0x0c, 0x48, 0x7e,
  0x0f, 0x53, 0x8e, 0x0c, 0x50, 0x8d, 0x0c, 0x4e, 0x8c, 0x10, 0x56, 0x94,
  0x0f, 0x54, 0x91, 0x0e, 0x4f, 0x8b, 0x0f, 0x51, 0x8d, 0x0e, 0x51, 0x8f,
  0x0f, 0x56, 0x98, 0x0e, 0x56, 0x98, 0x0e, 0x54, 0x96, 0x0d, 0x55, 0x99,
  0x0f, 0x58, 0x9d, 0x0e, 0x54, 0x96, 0x0d, 0x54, 0x96, 0x0e, 0x55, 0x97,
  0x0f, 0x55, 0x95, 0x0e, 0x51, 0x91, 0x0d, 0x53, 0x92, 0x0c, 0x4e, 0x8c,
  0x0f, 0x51, 0x8e, 0x11, 0x56, 0x94, 0x10, 0x53, 0x91, 0x0f, 0x51, 0x8f,
  0x0f, 0x54, 0x91, 0x0d, 0x4f, 0x8b, 0x0e, 0x51, 0x8d, 0x11, 0x55, 0x91,
  0x0d, 0x4e, 0x89, 0x0b, 0x47, 0x82, 0x0b, 0x4a, 0x85, 0x07, 0x45, 0x81,
  0x0c, 0x50, 0x8f, 0x0d, 0x51, 0x90, 0x0c, 0x4f, 0x8e, 0x10, 0x58, 0x97,
  0x10, 0x55, 0x94, 0x0d, 0x50, 0x8e, 0x0c, 0x4e, 0x8a, 0x10, 0x55, 0x94,
  0x11, 0x58, 0x98, 0x0f, 0x56, 0x95, 0x01, 0x11, 0x25, 0x01, 0x10, 0x22,
  0x00, 0x15, 0x30, 0x00, 0x13, 0x29, 0x00, 0x15, 0x31, 0x00, 0x17, 0x37,
  0x00, 0x10, 0x22, 0x00, 0x16, 0x30, 0x00, 0x17, 0x32, 0x00, 0x14, 0x2b,
  0x01, 0x0d, 0x1d, 0x01, 0x10, 0x23, 0x00, 0x17, 0x35, 0x00, 0x17, 0x36,
  0x00, 0x13, 0x2a, 0x01, 0x12, 0x27, 0x00, 0x11, 0x29, 0x01, 0x12, 0x27,
  0x02, 0x0e, 0x1d, 0x01, 0x07, 0x0c, 0x01, 0x0b, 0x14, 0x01, 0x0b, 0x15,
  0x01, 0x0e, 0x1c, 0x02, 0x16, 0x2b, 0x02, 0x20, 0x3e, 0x02, 0x1f, 0x3c,
  0x03, 0x1f, 0x3b, 0x04, 0x23, 0x41, 0x03, 0x20, 0x3c, 0x02, 0x2b, 0x51,
  0x03, 0x26, 0x47, 0x02, 0x14, 0x25, 0x02, 0x0b, 0x14, 0x03, 0x0c, 0x14,
  0x03, 0x18, 0x2c, 0x04, 0x20, 0x3b, 0x03, 0x20, 0x3a, 0x04, 0x1f, 0x38,
  0x05, 0x22, 0x3d, 0x04, 0x18, 0x2a, 0x03, 0x13, 0x21, 0x02, 0x0f, 0x1c,
  0x01, 0x12, 0x24, 0x02, 0x16, 0x2a, 0x02, 0x16, 0x2a, 0x02, 0x0e, 0x1c,
  0x01, 0x0f, 0x1e, 0x01, 0x13, 0x26, 0x03, 0x1a, 0x32, 0x02, 0x1e, 0x39,
  0x01, 0x1a, 0x34, 0x01, 0x13, 0x27, 0x01, 0x0b, 0x18, 0x00, 0x0a, 0x17,
  0x00, 0x05, 0x14, 0x00, 0x06, 0x14, 0x00, 0x09, 0x18, 0x00, 0x0d, 0x20,
  0x00, 0x07, 0x1a, 0x00, 0x04, 0x12, 0x00, 0x0d, 0x21, 0x00, 0x14, 0x2e,
  0x00, 0x1c, 0x37, 0x00, 0x1f, 0x3c, 0x01, 0x1d, 0x39, 0x01, 0x24, 0x47,
  0x04, 0x35, 0x61, 0x05, 0x3a, 0x6a, 0x06, 0x3a, 0x6b, 0x0c, 0x4a, 0x84,
  0x0f, 0x56, 0x95, 0x0e, 0x53, 0x92, 0x10, 0x5b, 0x9e, 0x11, 0x5e, 0xa3,
  0x14, 0x63, 0xa9, 0x14, 0x62, 0xa7, 0x13, 0x5f, 0xa2, 0x11, 0x58, 0x98,
  0x12, 0x5a, 0x9a, 0x0e, 0x50, 0x8e, 0x0c, 0x4f, 0x8e, 0x10, 0x55, 0x93,
  0x0e, 0x4f, 0x8b, 0x0c, 0x4d, 0x89, 0x0b, 0x4a, 0x84, 0x0a, 0x4a, 0x86,
  0x06, 0x43, 0x7f, 0x08, 0x48, 0x86, 0x09, 0x49, 0x87, 0x0e, 0x52, 0x91,
  0x0f, 0x55, 0x93, 0x0e, 0x50, 0x8f, 0x0e, 0x51, 0x90, 0x11, 0x57, 0x96,
  0x0d, 0x52, 0x90, 0x09, 0x4a, 0x87, 0x00, 0x22, 0x4b, 0x01, 0x0d, 0x1a,
  0x00, 0x18, 0x37, 0x01, 0x0d, 0x1d, 0x00, 0x14, 0x2c, 0x00, 0x12, 0x29,
  0x01, 0x11, 0x24, 0x01, 0x10, 0x21, 0x02, 0x0b, 0x14, 0x01, 0x0c, 0x1a,
  0x01, 0x13, 0x2d, 0x00, 0x17, 0x33, 0x00, 0x13, 0x2b, 0x00, 0x12, 0x2a,
  0x00, 0x17, 0x34, 0x01, 0x12, 0x27, 0x01, 0x0c, 0x17, 0x01, 0x03, 0x04,
  0x01, 0x07, 0x0e, 0x02, 0x0c, 0x17, 0x01, 0x0c, 0x18, 0x02, 0x0b, 0x16,
  0x02, 0x09, 0x10, 0x02, 0x0d, 0x17, 0x01, 0x10, 0x1f, 0x01, 0x0f, 0x1f,
  0x01, 0x0e, 0x1b, 0x02, 0x14, 0x27, 0x03, 0x15, 0x26, 0x02, 0x19, 0x2d,
  0x03, 0x21, 0x3c, 0x02, 0x21, 0x3f, 0x02, 0x20, 0x3d, 0x02, 0x13, 0x24,
  0x02, 0x06, 0x0b, 0x02, 0x07, 0x0c, 0x04, 0x1b, 0x2e, 0x04, 0x20, 0x39,
  0x04, 0x20, 0x3a, 0x03, 0x1f, 0x3b, 0x03, 0x1c, 0x33, 0x04, 0x11, 0x1c,
  0x03, 0x11, 0x1e, 0x02, 0x0f, 0x19, 0x03, 0x11, 0x1d, 0x03, 0x1a, 0x30,
  0x03, 0x1e, 0x37, 0x03, 0x1a, 0x31, 0x04, 0x23, 0x3e, 0x06, 0x2c, 0x4f,
  0x04, 0x2a, 0x4b, 0x03, 0x24, 0x41, 0x03, 0x20, 0x3d, 0x01, 0x1d, 0x39,
  0x01, 0x22, 0x42, 0x01, 0x21, 0x40, 0x01, 0x1d, 0x38, 0x01, 0x1a, 0x32,
  0x01, 0x18, 0x2f, 0x00, 0x1b, 0x35, 0x01, 0x1b, 0x35, 0x02, 0x1c, 0x36,
  0x00, 0x18, 0x33, 0x00, 0x16, 0x30, 0x00, 0x16, 0x31, 0x00, 0x14, 0x2d,
  0x00, 0x12, 0x2b, 0x00, 0x11, 0x28, 0x00, 0x09, 0x1b, 0x00, 0x0d, 0x22,
  0x00, 0x19, 0x36, 0x00, 0x1a, 0x35, 0x02, 0x24, 0x47, 0x06, 0x34, 0x5f,
  0x07, 0x3c, 0x6d, 0x0d, 0x4a, 0x83, 0x0d, 0x4f, 0x8b, 0x0c, 0x4c, 0x8b,
  0x10, 0x52, 0x90, 0x10, 0x59, 0x9a, 0x11, 0x5b, 0x9f, 0x15, 0x61, 0xa4,
  0x11, 0x58, 0x98, 0x0e, 0x56, 0x95, 0x0a, 0x4b, 0x89, 0x0b, 0x4d, 0x8a,
  0x0e, 0x52, 0x91, 0x0c, 0x4d, 0x8a, 0x0a, 0x4b, 0x87, 0x0b, 0x4c, 0x8a,
  0x0c, 0x4e, 0x8c, 0x0e, 0x51, 0x8e, 0x0f, 0x55, 0x94, 0x10, 0x56, 0x95,
  0x10, 0x57, 0x94, 0x0d, 0x53, 0x90, 0x01, 0x12, 0x27, 0x03, 0x06, 0x08,
  0x00, 0x17, 0x33, 0x00, 0x11, 0x28, 0x01, 0x10, 0x24, 0x01, 0x0f, 0x20,
  0x01, 0x0d, 0x19, 0x02, 0x08, 0x0e, 0x01, 0x11, 0x26, 0x00, 0x17, 0x33,
  0x00, 0x13, 0x2d, 0x00, 0x14, 0x2f, 0x00, 0x14, 0x2d, 0x00, 0x12, 0x2a,
  0x00, 0x10, 0x23, 0x01, 0x04, 0x09, 0x02, 0x0c, 0x15, 0x03, 0x20, 0x3b,
  0x03, 0x24, 0x40, 0x03, 0x1e, 0x37, 0x03, 0x1e, 0x37, 0x04, 0x27, 0x47,
  0x03, 0x25, 0x46, 0x02, 0x20, 0x3f, 0x01, 0x1c, 0x38, 0x02, 0x1d, 0x34,
  0x02, 0x1c, 0x36, 0x01, 0x17, 0x2c, 0x01, 0x11, 0x22, 0x02, 0x0f, 0x1d,
  0x02, 0x0e, 0x19, 0x01, 0x13, 0x24, 0x03, 0x1c, 0x35, 0x03, 0x1e, 0x39,
  0x04, 0x23, 0x3f, 0x03, 0x15, 0x25, 0x02, 0x0c, 0x14, 0x02, 0x0f, 0x1c,
  0x02, 0x0e, 0x1c, 0x03, 0x12, 0x1f, 0x03, 0x13, 0x21, 0x04, 0x15, 0x22,
  0x04, 0x0f, 0x18, 0x03, 0x0e, 0x16, 0x03, 0x0e, 0x17, 0x02, 0x12, 0x21,
  0x04, 0x1c, 0x33, 0x05, 0x1c, 0x30, 0x02, 0x11, 0x1f, 0x03, 0x1d, 0x34,
  0x05, 0x1f, 0x37, 0x04, 0x1e, 0x37, 0x04, 0x20, 0x3a, 0x03, 0x1d, 0x37,
  0x02, 0x1b, 0x30, 0x02, 0x1b, 0x33, 0x02, 0x19, 0x30, 0x03, 0x1d, 0x35,
  0x02, 0x1a, 0x31, 0x02, 0x19, 0x2f, 0x02, 0x19, 0x30, 0x02, 0x18, 0x2e,
  0x02, 0x17, 0x2e, 0x02, 0x19, 0x32, 0x02, 0x1b, 0x35, 0x02, 0x19, 0x30,
  0x01, 0x1c, 0x36, 0x02, 0x1e, 0x3b, 0x01, 0x1e, 0x3b, 0x01, 0x21, 0x40,
  0x01, 0x20, 0x41, 0x00, 0x19, 0x34, 0x00, 0x14, 0x2c, 0x00, 0x10, 0x23,
  0x00, 0x0f, 0x24, 0x00, 0x13, 0x2b, 0x00, 0x19, 0x35, 0x00, 0x1c, 0x3c,
  0x00, 0x17, 0x30, 0x01, 0x21, 0x3e, 0x03, 0x2c, 0x51, 0x07, 0x36, 0x61,
  0x0c, 0x43, 0x76, 0x0c, 0x48, 0x7e, 0x0f, 0x53, 0x90, 0x13, 0x5e, 0xa2,
  0x16, 0x66, 0xad, 0x12, 0x5d, 0xa0, 0x10, 0x58, 0x99, 0x0f, 0x55, 0x95,
  0x11, 0x58, 0x99, 0x13, 0x5c, 0x9c, 0x0f, 0x56, 0x95, 0x0f, 0x56, 0x97,
  0x11, 0x59, 0x99, 0x0e, 0x51, 0x8f, 0x02, 0x09, 0x0e, 0x02, 0x09, 0x10,
  0x00, 0x12, 0x28, 0x00, 0x15, 0x30, 0x01, 0x13, 0x28, 0x01, 0x0b, 0x15,
  0x02, 0x09, 0x12, 0x01, 0x13, 0x2a, 0x00, 0x15, 0x30, 0x00, 0x13, 0x2a,
  0x00, 0x12, 0x2b, 0x00, 0x16, 0x33, 0x00, 0x16, 0x33, 0x01, 0x0d, 0x1c,
  0x02, 0x07, 0x0d, 0x03, 0x1d, 0x35, 0x05, 0x2c, 0x50, 0x05, 0x28, 0x48,
  0x02, 0x1a, 0x31, 0x02, 0x17, 0x2c, 0x02, 0x16, 0x28, 0x02, 0x20, 0x3d,
  0x02, 0x21, 0x40, 0x02, 0x22, 0x41, 0x03, 0x20, 0x3d, 0x04, 0x1e, 0x35,
  0x03, 0x1e, 0x37, 0x03, 0x1a, 0x31, 0x02, 0x18, 0x2d, 0x02, 0x14, 0x26,
  0x02, 0x0f, 0x1a, 0x02, 0x0a, 0x0f, 0x03, 0x06, 0x08, 0x03, 0x0b, 0x10,
  0x03, 0x13, 0x21, 0x03, 0x12, 0x1f, 0x02, 0x0c, 0x14, 0x03, 0x0b, 0x10,
  0x03, 0x09, 0x0d, 0x03, 0x0c, 0x10, 0x04, 0x0b, 0x0e, 0x03, 0x0d, 0x16,
  0x03, 0x11, 0x1c, 0x03, 0x0f, 0x1b, 0x03, 0x10, 0x1d, 0x02, 0x10, 0x1f,
  0x03, 0x11, 0x21, 0x02, 0x11, 0x20, 0x01, 0x13, 0x24, 0x02, 0x11, 0x20,
  0x02, 0x11, 0x22, 0x02, 0x10, 0x1f, 0x03, 0x17, 0x29, 0x04, 0x17, 0x2a,
  0x03, 0x15, 0x25, 0x03, 0x1c, 0x34, 0x02, 0x19, 0x30, 0x02, 0x12, 0x25,
  0x02, 0x13, 0x27, 0x02, 0x14, 0x28, 0x01, 0x11, 0x20, 0x02, 0x15, 0x29,
  0x02, 0x12, 0x23, 0x01, 0x10, 0x20, 0x02, 0x11, 0x20, 0x02, 0x11, 0x21,
  0x01, 0x15, 0x27, 0x01, 0x14, 0x26, 0x02, 0x12, 0x24, 0x02, 0x10, 0x20,
  0x03, 0x11, 0x1f, 0x02, 0x0f, 0x1c, 0x02, 0x12, 0x23, 0x02, 0x13, 0x24,
  0x02, 0x16, 0x2b, 0x02, 0x18, 0x2d, 0x02, 0x17, 0x2c, 0x01, 0x1a, 0x33,
  0x02, 0x1c, 0x37, 0x01, 0x16, 0x2c, 0x00, 0x11, 0x25, 0x00, 0x09, 0x1b,
  0x00, 0x07, 0x17, 0x00, 0x08, 0x1a, 0x00, 0x13, 0x29, 0x01, 0x24, 0x46,
  0x04, 0x31, 0x5d, 0x06, 0x39, 0x67, 0x0a, 0x47, 0x7d, 0x11, 0x57, 0x95,
  0x10, 0x57, 0x97, 0x12, 0x5c, 0x9f, 0x0f, 0x57, 0x98, 0x0f, 0x5a, 0x9e,
  0x10, 0x5e, 0xa3, 0x10, 0x5b, 0x9f, 0x02, 0x09, 0x10, 0x02, 0x09, 0x0e,
  0x01, 0x0e, 0x1d, 0x01, 0x12, 0x27, 0x02, 0x0b, 0x14, 0x01, 0x0a, 0x17,
  0x00, 0x16, 0x34, 0x00, 0x12, 0x2a, 0x01, 0x09, 0x15, 0x00, 0x16, 0x30,
  0x00, 0x18, 0x3a, 0x00, 0x14, 0x2f, 0x02, 0x0a, 0x13, 0x01, 0x0c, 0x15,
  0x01, 0x17, 0x30, 0x02, 0x20, 0x3f, 0x02, 0x1a, 0x30, 0x02, 0x16, 0x29,
  0x01, 0x12, 0x25, 0x02, 0x12, 0x22, 0x02, 0x11, 0x1f, 0x01, 0x11, 0x1f,
  0x02, 0x0f, 0x1d, 0x03, 0x0f, 0x19, 0x03, 0x0f, 0x19, 0x03, 0x0c, 0x14,
  0x03, 0x0c, 0x15, 0x03, 0x0d, 0x14, 0x03, 0x0d, 0x14, 0x03, 0x09, 0x0c,
  0x03, 0x08, 0x08, 0x04, 0x08, 0x0b, 0x03, 0x0a, 0x0f, 0x02, 0x07, 0x0d,
  0x02, 0x0a, 0x13, 0x02, 0x0e, 0x1b, 0x01, 0x11, 0x23, 0x01, 0x12, 0x25,
  0x01, 0x10, 0x21, 0x01, 0x0e, 0x1e, 0x02, 0x0b, 0x14, 0x02, 0x09, 0x0f,
  0x02, 0x07, 0x0c, 0x01, 0x07, 0x0f, 0x01, 0x08, 0x10, 0x02, 0x09, 0x10,
  0x02, 0x07, 0x0c, 0x02, 0x08, 0x0f, 0x02, 0x09, 0x11, 0x01, 0x0c, 0x17,
  0x01, 0x0f, 0x1d, 0x02, 0x0d, 0x18, 0x02, 0x08, 0x0d, 0x02, 0x06, 0x09,
  0x02, 0x08, 0x10, 0x02, 0x09, 0x11, 0x02, 0x0e, 0x1a, 0x02, 0x0b, 0x16,
  0x02, 0x0d, 0x17, 0x01, 0x0d, 0x1b, 0x02, 0x0c, 0x18, 0x01, 0x0e, 0x1d,
  0x02, 0x10, 0x1f, 0x03, 0x15, 0x28, 0x01, 0x16, 0x2c, 0x01, 0x16, 0x2c,
  0x01, 0x14, 0x26, 0x02, 0x14, 0x27, 0x02, 0x12, 0x22, 0x02, 0x15, 0x29,
  0x02, 0x17, 0x2f, 0x02, 0x1a, 0x33, 0x02, 0x20, 0x3d, 0x01, 0x1a, 0x33,
  0x01, 0x13, 0x27, 0x02, 0x19, 0x30, 0x02, 0x19, 0x30, 0x02, 0x16, 0x2b,
  0x02, 0x1a, 0x33, 0x02, 0x1c, 0x37, 0x02, 0x1b, 0x33, 0x03, 0x1c, 0x35,
  0x03, 0x1c, 0x34, 0x03, 0x1c, 0x35, 0x01, 0x18, 0x2f, 0x00, 0x11, 0x24,
  0x00, 0x0c, 0x1e, 0x00, 0x0d, 0x1e, 0x00, 0x08, 0x16, 0x00, 0x11, 0x27,
  0x00, 0x11, 0x29, 0x00, 0x13, 0x2b, 0x00, 0x18, 0x32, 0x00, 0x1e, 0x3d,
  0x04, 0x2a, 0x4e, 0x08, 0x38, 0x62, 0x00, 0x17, 0x31, 0x01, 0x0e, 0x1f,
  0x02, 0x0a, 0x13, 0x03, 0x08, 0x0e, 0x02, 0x0d, 0x1d, 0x00, 0x1b, 0x3e,
  0x00, 0x0c, 0x1c, 0x00, 0x24, 0x49, 0x00, 0x15, 0x2e, 0x00, 0x14, 0x30,
  0x00, 0x13, 0x2c, 0x02, 0x0b, 0x16, 0x02, 0x0e, 0x1a, 0x01, 0x12, 0x25,
  0x01, 0x10, 0x22, 0x01, 0x0a, 0x14, 0x01, 0x09, 0x12, 0x01, 0x0c, 0x17,
  0x02, 0x0d, 0x1a, 0x02, 0x0c, 0x15, 0x02, 0x0f, 0x1a, 0x03, 0x0f, 0x1a,
  0x03, 0x0f, 0x1a, 0x04, 0x0e, 0x15, 0x04, 0x0e, 0x19, 0x04, 0x0f, 0x17,
  0x03, 0x0c, 0x11, 0x03, 0x06, 0x05, 0x03, 0x07, 0x09, 0x02, 0x0d, 0x19,
  0x02, 0x17, 0x2e, 0x01, 0x1f, 0x3f, 0x00, 0x1f, 0x40, 0x01, 0x1d, 0x3c,
  0x01, 0x20, 0x41, 0x01, 0x22, 0x43, 0x00, 0x21, 0x45, 0x01, 0x26, 0x4b,
  0x01, 0x24, 0x48, 0x01, 0x23, 0x46, 0x00, 0x23, 0x46, 0x01, 0x23, 0x44,
  0x02, 0x2c, 0x52, 0x01, 0x28, 0x4e, 0x02, 0x23, 0x44, 0x02, 0x20, 0x3f,
  0x02, 0x20, 0x3c, 0x02, 0x1f, 0x3c, 0x02, 0x1a, 0x35, 0x02, 0x19, 0x32,
  0x01, 0x19, 0x31, 0x02, 0x1b, 0x35, 0x02, 0x21, 0x40, 0x02, 0x21, 0x40,
  0x03, 0x20, 0x3d, 0x02, 0x1d, 0x36, 0x03, 0x20, 0x3c, 0x03, 0x1c, 0x35,
  0x03, 0x1f, 0x39, 0x02, 0x21, 0x3f, 0x03, 0x26, 0x46, 0x03, 0x2b, 0x4e,
  0x05, 0x2f, 0x54, 0x04, 0x2c, 0x51, 0x01, 0x29, 0x52, 0x01, 0x28, 0x52,
  0x02, 0x26, 0x4a, 0x01, 0x23, 0x47, 0x01, 0x26, 0x4a, 0x00, 0x25, 0x49,
  0x01, 0x1e, 0x3f, 0x01, 0x26, 0x49, 0x02, 0x2a, 0x50, 0x02, 0x21, 0x3f,
  0x02, 0x1b, 0x34, 0x02, 0x1f, 0x3c, 0x02, 0x20, 0x3e, 0x03, 0x21, 0x3f,
  0x02, 0x20, 0x3e, 0x02, 0x20, 0x3e, 0x02, 0x24, 0x43, 0x03, 0x23, 0x41,
  0x03, 0x1f, 0x3b, 0x02, 0x21, 0x3e, 0x02, 0x23, 0x43, 0x04, 0x25, 0x45,
  0x05, 0x29, 0x4a, 0x05, 0x29, 0x4c, 0x03, 0x25, 0x46, 0x02, 0x24, 0x45,
  0x03, 0x23, 0x42, 0x02, 0x1e, 0x3b, 0x01, 0x1a, 0x34, 0x02, 0x16, 0x2a,
  0x00, 0x0d, 0x1e, 0x00, 0x03, 0x0e, 0x01, 0x19, 0x37, 0x01, 0x11, 0x24,
  0x03, 0x05, 0x02, 0x01, 0x0f, 0x20, 0x00, 0x19, 0x3a, 0x00, 0x16, 0x34,
  0x00, 0x12, 0x2a, 0x00, 0x14, 0x2d, 0x00, 0x17, 0x35, 0x00, 0x13, 0x2b,
  0x02, 0x0c, 0x16, 0x02, 0x07, 0x0c, 0x01, 0x0d, 0x19, 0x02, 0x19, 0x30,
  0x02, 0x1d, 0x39, 0x02, 0x1c, 0x35, 0x01, 0x16, 0x2b, 0x02, 0x19, 0x30,
  0x03, 0x1c, 0x33, 0x03, 0x1c, 0x33, 0x03, 0x1f, 0x37, 0x03, 0x1c, 0x30,
  0x03, 0x17, 0x29, 0x04, 0x15, 0x25, 0x03, 0x10, 0x1a, 0x03, 0x09, 0x0c,
  0x02, 0x0d, 0x1a, 0x00, 0x1a, 0x34, 0x01, 0x21, 0x44, 0x00, 0x1c, 0x3e,
  0x00, 0x1e, 0x3f, 0x01, 0x18, 0x34, 0x00, 0x16, 0x2f, 0x00, 0x20, 0x41,
  0x00, 0x21, 0x41, 0x01, 0x1f, 0x3d, 0x01, 0x27, 0x4d, 0x02, 0x27, 0x4c,
  0x02, 0x2a, 0x4e, 0x02, 0x24, 0x48, 0x01, 0x25, 0x48, 0x01, 0x21, 0x41,
  0x00, 0x20, 0x41, 0x02, 0x24, 0x47, 0x04, 0x2b, 0x51, 0x02, 0x28, 0x4c,
  0x03, 0x28, 0x4a, 0x04, 0x2a, 0x4e, 0x04, 0x29, 0x4a, 0x04, 0x25, 0x46,
  0x01, 0x25, 0x47, 0x02, 0x25, 0x48, 0x01, 0x23, 0x44, 0x01, 0x23, 0x44,
  0x02, 0x21, 0x41, 0x02, 0x20, 0x3d, 0x02, 0x1b, 0x31, 0x03, 0x1b, 0x32,
  0x03, 0x1f, 0x3a, 0x03, 0x26, 0x45, 0x03, 0x1e, 0x38, 0x04, 0x23, 0x40,
  0x02, 0x24, 0x44, 0x01, 0x21, 0x40, 0x00, 0x1d, 0x3b, 0x00, 0x1e, 0x3e,
  0x00, 0x1f, 0x40, 0x01, 0x22, 0x43, 0x00, 0x22, 0x42, 0x01, 0x21, 0x3f,
  0x02, 0x1f, 0x3b, 0x02, 0x23, 0x41, 0x04, 0x26, 0x44, 0x03, 0x1f, 0x39,
  0x02, 0x1f, 0x3c, 0x04, 0x2b, 0x4e, 0x01, 0x20, 0x40, 0x02, 0x21, 0x3f,
  0x03, 0x22, 0x3f, 0x04, 0x24, 0x41, 0x04, 0x23, 0x41, 0x04, 0x22, 0x40,
  0x04, 0x25, 0x45, 0x05, 0x2b, 0x4d, 0x06, 0x29, 0x48, 0x03, 0x21, 0x3c,
  0x03, 0x1b, 0x33, 0x04, 0x1f, 0x38, 0x04, 0x21, 0x3a, 0x07, 0x28, 0x44,
  0x05, 0x28, 0x47, 0x04, 0x21, 0x3d, 0x03, 0x1e, 0x39, 0x03, 0x27, 0x48,
  0x04, 0x2c, 0x50, 0x05, 0x2f, 0x58, 0x03, 0x08, 0x0a, 0x03, 0x05, 0x01,
  0x01, 0x0d, 0x1a, 0x00, 0x1b, 0x3e, 0x00, 0x15, 0x31, 0x00, 0x16, 0x31,
  0x00, 0x16, 0x33, 0x00, 0x17, 0x39, 0x00, 0x14, 0x2c, 0x01, 0x06, 0x0d,
  0x02, 0x02, 0x04, 0x02, 0x17, 0x2a, 0x02, 0x20, 0x3b, 0x02, 0x1d, 0x36,
  0x02, 0x1a, 0x31, 0x03, 0x1b, 0x32, 0x04, 0x1f, 0x37, 0x05, 0x20, 0x38,
  0x05, 0x23, 0x3c, 0x04, 0x25, 0x43, 0x03, 0x1d, 0x36, 0x03, 0x14, 0x22,
  0x03, 0x0a, 0x0f, 0x02, 0x09, 0x10, 0x01, 0x14, 0x2a, 0x02, 0x25, 0x48,
  0x01, 0x2c, 0x55, 0x00, 0x25, 0x4b, 0x01, 0x18, 0x2f, 0x01, 0x12, 0x28,
  0x01, 0x11, 0x24, 0x00, 0x0f, 0x21, 0x01, 0x13, 0x2a, 0x01, 0x18, 0x34,
  0x01, 0x15, 0x2b, 0x02, 0x17, 0x2c, 0x03, 0x27, 0x49, 0x02, 0x21, 0x3f,
  0x01, 0x19, 0x33, 0x02, 0x1d, 0x39, 0x00, 0x13, 0x26, 0x02, 0x16, 0x29,
  0x09, 0x28, 0x44, 0x07, 0x2b, 0x4d, 0x04, 0x2c, 0x52, 0x04, 0x24, 0x42,
  0x03, 0x22, 0x3e, 0x04, 0x23, 0x40, 0x04, 0x21, 0x3c, 0x04, 0x1f, 0x3a,
  0x02, 0x20, 0x3d, 0x02, 0x19, 0x31, 0x01, 0x17, 0x2b, 0x03, 0x1e, 0x3a,
  0x02, 0x27, 0x4c, 0x01, 0x21, 0x40, 0x02, 0x11, 0x20, 0x02, 0x11, 0x1f,
  0x03, 0x24, 0x44, 0x06, 0x27, 0x45, 0x07, 0x28, 0x46, 0x03, 0x28, 0x49,
  0x01, 0x20, 0x3f, 0x03, 0x26, 0x46, 0x03, 0x2a, 0x4e, 0x01, 0x23, 0x45,
  0x00, 0x1a, 0x39, 0x00, 0x20, 0x42, 0x00, 0x1e, 0x3f, 0x03, 0x25, 0x46,
  0x06, 0x2f, 0x55, 0x03, 0x26, 0x4a, 0x02, 0x24, 0x45, 0x01, 0x25, 0x47,
  0x02, 0x26, 0x4a, 0x03, 0x29, 0x4f, 0x03, 0x2d, 0x56, 0x05, 0x31, 0x58,
  0x06, 0x2f, 0x55, 0x09, 0x2f, 0x51, 0x09, 0x2d, 0x4d, 0x07, 0x2a, 0x49,
  0x07, 0x2a, 0x49, 0x08, 0x29, 0x47, 0x05, 0x22, 0x39, 0x12, 0x34, 0x50,
  0x17, 0x42, 0x65, 0x09, 0x2c, 0x4a, 0x09, 0x2e, 0x4f, 0x0e, 0x37, 0x59,
  0x06, 0x24, 0x3f, 0x05, 0x1e, 0x35, 0x06, 0x28, 0x45, 0x06, 0x30, 0x53,
  0x05, 0x2e, 0x52, 0x03, 0x24, 0x43, 0x02, 0x0c, 0x18, 0x01, 0x0c, 0x1a,
  0x00, 0x1c, 0x3e, 0x00, 0x17, 0x36, 0x00, 0x18, 0x38, 0x00, 0x18, 0x38,
  0x00, 0x1a, 0x38, 0x01, 0x11, 0x26, 0x00, 0x00, 0x02, 0x01, 0x13, 0x24,
  0x04, 0x29, 0x49, 0x05, 0x2d, 0x4f, 0x07, 0x35, 0x5b, 0x08, 0x35, 0x5e,
  0x07, 0x2d, 0x4f, 0x06, 0x28, 0x45, 0x03, 0x1f, 0x39, 0x03, 0x1e, 0x37,
  0x05, 0x1d, 0x33, 0x04, 0x13, 0x20, 0x03, 0x0a, 0x0f, 0x02, 0x0e, 0x1a,
  0x02, 0x1d, 0x38, 0x01, 0x24, 0x47, 0x01, 0x27, 0x4f, 0x01, 0x24, 0x47,
  0x02, 0x1a, 0x32, 0x01, 0x13, 0x26, 0x01, 0x13, 0x28, 0x01, 0x14, 0x2b,
  0x01, 0x14, 0x29, 0x01, 0x13, 0x28, 0x01, 0x0e, 0x1d, 0x01, 0x0a, 0x15,
  0x01, 0x0d, 0x1c, 0x01, 0x0c, 0x19, 0x03, 0x16, 0x29, 0x03, 0x1c, 0x34,
  0x00, 0x17, 0x30, 0x01, 0x19, 0x30, 0x01, 0x11, 0x21, 0x0b, 0x34, 0x58,
  0x12, 0x3d, 0x63, 0x07, 0x2e, 0x52, 0x03, 0x24, 0x44, 0x00, 0x19, 0x32,
  0x02, 0x1a, 0x32, 0x02, 0x1c, 0x37, 0x02, 0x19, 0x33, 0x00, 0x0f, 0x23,
  0x00, 0x0f, 0x20, 0x01, 0x0f, 0x1e, 0x03, 0x1c, 0x33, 0x03, 0x20, 0x3b,
  0x03, 0x1c, 0x36, 0x02, 0x1d, 0x37, 0x02, 0x1c, 0x33, 0x02, 0x1d, 0x38,
  0x03, 0x21, 0x3e, 0x02, 0x19, 0x30, 0x03, 0x22, 0x3e, 0x01, 0x15, 0x2b,
  0x02, 0x15, 0x2a, 0x02, 0x20, 0x3c, 0x03, 0x2c, 0x54, 0x03, 0x2a, 0x51,
  0x01, 0x2a, 0x54, 0x05, 0x2b, 0x51, 0x14, 0x46, 0x74, 0x0f, 0x3f, 0x6c,
  0x05, 0x2f, 0x57, 0x04, 0x2d, 0x56, 0x03, 0x30, 0x5b, 0x03, 0x2a, 0x51,
  0x04, 0x27, 0x4b, 0x02, 0x2a, 0x50, 0x02, 0x2a, 0x51, 0x03, 0x28, 0x4b,
  0x05, 0x25, 0x42, 0x00, 0x1d, 0x38, 0x04, 0x1e, 0x38, 0x08, 0x25, 0x3e,
  0x09, 0x27, 0x42, 0x0a, 0x25, 0x3c, 0x0b, 0x25, 0x3a, 0x0c, 0x28, 0x3f,
  0x08, 0x26, 0x3e, 0x03, 0x1a, 0x2d, 0x03, 0x1b, 0x2f, 0x00, 0x0e, 0x21,
  0x02, 0x1a, 0x2e, 0x03, 0x1a, 0x2d, 0x05, 0x1b, 0x30, 0x03, 0x20, 0x38,
  0x00, 0x18, 0x2f, 0x08, 0x23, 0x39, 0x01, 0x10, 0x20, 0x00, 0x15, 0x32,
  0x01, 0x08, 0x14, 0x00, 0x0c, 0x1b, 0x00, 0x19, 0x39, 0x00, 0x1c, 0x3e,
  0x00, 0x0f, 0x21, 0x00, 0x00, 0x01, 0x04, 0x25, 0x42, 0x07, 0x3a, 0x66,
  0x03, 0x29, 0x4d, 0x07, 0x3c, 0x6b, 0x08, 0x39, 0x65, 0x05, 0x20, 0x38,
  0x06, 0x19, 0x2b, 0x08, 0x1c, 0x2c, 0x05, 0x1a, 0x2b, 0x03, 0x14, 0x21,
  0x03, 0x06, 0x08, 0x02, 0x05, 0x08, 0x01, 0x19, 0x30, 0x00, 0x29, 0x51,
  0x01, 0x29, 0x53, 0x01, 0x29, 0x50, 0x01, 0x27, 0x4b, 0x01, 0x27, 0x4c,
  0x02, 0x1b, 0x32, 0x01, 0x0e, 0x1e, 0x01, 0x14, 0x2a, 0x02, 0x0d, 0x1d,
  0x01, 0x0f, 0x1d, 0x01, 0x17, 0x30, 0x01, 0x1f, 0x41, 0x00, 0x2b, 0x57,
  0x00, 0x26, 0x51, 0x01, 0x34, 0x68, 0x03, 0x35, 0x69, 0x02, 0x2d, 0x5a,
  0x06, 0x36, 0x63, 0x04, 0x27, 0x49, 0x00, 0x16, 0x2f, 0x00, 0x14, 0x2f,
  0x01, 0x22, 0x45, 0x05, 0x30, 0x57, 0x02, 0x1b, 0x35, 0x01, 0x1d, 0x3b,
  0x01, 0x1c, 0x39, 0x01, 0x15, 0x2b, 0x00, 0x18, 0x31, 0x0d, 0x32, 0x54,
  0x08, 0x31, 0x54, 0x01, 0x1d, 0x39, 0x03, 0x25, 0x45, 0x01, 0x1f, 0x3c,
  0x01, 0x18, 0x30, 0x02, 0x1e, 0x39, 0x02, 0x21, 0x40, 0x03, 0x23, 0x43,
  0x01, 0x1f, 0x3d, 0x0e, 0x3a, 0x60, 0x09, 0x33, 0x59, 0x02, 0x2c, 0x54,
  0x07, 0x38, 0x67, 0x06, 0x30, 0x59, 0x03, 0x2d, 0x55, 0x07, 0x3b, 0x6b,
  0x07, 0x39, 0x67, 0x08, 0x24, 0x3d, 0x11, 0x3e, 0x67, 0x0b, 0x32, 0x55,
  0x04, 0x1f, 0x36, 0x06, 0x1e, 0x33, 0x06, 0x1f, 0x37, 0x05, 0x20, 0x38,
  0x00, 0x11, 0x23, 0x01, 0x19, 0x33, 0x05, 0x25, 0x43, 0x04, 0x22, 0x40,
  0x02, 0x1e, 0x37, 0x20, 0x4a, 0x6c, 0x11, 0x30, 0x4c, 0x04, 0x1b, 0x2f,
  0x07, 0x21, 0x37, 0x04, 0x1a, 0x2b, 0x06, 0x1f, 0x31, 0x0a, 0x29, 0x43,
  0x0f, 0x38, 0x59, 0x2c, 0x60, 0x87, 0x2a, 0x62, 0x8f, 0x15, 0x40, 0x63,
  0x1a, 0x45, 0x69, 0x0f, 0x37, 0x58, 0x10, 0x3e, 0x63, 0x0c, 0x2f, 0x4e,
  0x1a, 0x43, 0x64, 0x24, 0x5b, 0x84, 0x00, 0x1c, 0x3d, 0x00, 0x10, 0x27,
  0x01, 0x28, 0x4e, 0x01, 0x26, 0x4e, 0x00, 0x17, 0x35, 0x00, 0x12, 0x2b,
  0x01, 0x08, 0x12, 0x06, 0x2e, 0x53, 0x07, 0x34, 0x5d, 0x05, 0x2d, 0x50,
  0x0a, 0x3d, 0x6a, 0x06, 0x28, 0x46, 0x02, 0x07, 0x09, 0x04, 0x0c, 0x10,
  0x03, 0x09, 0x0d, 0x02, 0x03, 0x03, 0x02, 0x04, 0x06, 0x01, 0x0c, 0x19,
  0x01, 0x1a, 0x34, 0x02, 0x2b, 0x51, 0x01, 0x29, 0x50, 0x00, 0x21, 0x41,
  0x02, 0x1d, 0x37, 0x04, 0x2e, 0x57, 0x05, 0x2e, 0x52, 0x04, 0x2e, 0x55,
  0x01, 0x0f, 0x1e, 0x01, 0x12, 0x25, 0x01, 0x15, 0x2a, 0x00, 0x1d, 0x3a,
  0x00, 0x31, 0x62, 0x00, 0x35, 0x6d, 0x00, 0x34, 0x6e, 0x00, 0x30, 0x62,
  0x00, 0x29, 0x56, 0x02, 0x36, 0x69, 0x04, 0x42, 0x7d, 0x05, 0x3f, 0x77,
  0x0c, 0x44, 0x77, 0x0c, 0x39, 0x64, 0x14, 0x4a, 0x79, 0x0c, 0x39, 0x63,
  0x00, 0x1b, 0x3d, 0x00, 0x16, 0x35, 0x00, 0x0f, 0x23, 0x00, 0x1c, 0x39,
  0x00, 0x1d, 0x3b, 0x02, 0x1f, 0x3a, 0x06, 0x2d, 0x50, 0x12, 0x3f, 0x66,
  0x05, 0x2b, 0x4f, 0x00, 0x22, 0x47, 0x00, 0x18, 0x36, 0x00, 0x18, 0x38,
  0x03, 0x2a, 0x51, 0x08, 0x37, 0x61, 0x05, 0x2e, 0x56, 0x04, 0x2f, 0x58,
  0x06, 0x38, 0x66, 0x11, 0x46, 0x73, 0x0e, 0x3f, 0x6b, 0x07, 0x31, 0x59,
  0x04, 0x25, 0x43, 0x06, 0x21, 0x3b, 0x06, 0x22, 0x3a, 0x05, 0x19, 0x2a,
  0x04, 0x0f, 0x16, 0x05, 0x20, 0x36, 0x06, 0x2d, 0x50, 0x04, 0x1a, 0x2e,
  0x06, 0x15, 0x21, 0x07, 0x1b, 0x2b, 0x06, 0x1a, 0x2a, 0x01, 0x0e, 0x1a,
  0x10, 0x30, 0x49, 0x0b, 0x2a, 0x44, 0x00, 0x12, 0x26, 0x01, 0x14, 0x27,
  0x06, 0x23, 0x3b, 0x2d, 0x64, 0x8e, 0x14, 0x38, 0x55, 0x04, 0x1c, 0x33,
  0x11, 0x3c, 0x60, 0x1a, 0x46, 0x69, 0x18, 0x3e, 0x5c, 0x15, 0x3c, 0x5b,
  0x22, 0x53, 0x79, 0x3d, 0x7a, 0xa4, 0x31, 0x6e, 0x9a, 0x1b, 0x4e, 0x75,
  0x1a, 0x4a, 0x70, 0x0b, 0x2d, 0x4a, 0x11, 0x3b, 0x5b, 0x10, 0x33, 0x4f,
  0x11, 0x35, 0x53, 0x0a, 0x2a, 0x44, 0x00, 0x1f, 0x46, 0x00, 0x11, 0x2a,
  0x01, 0x22, 0x45, 0x00, 0x1f, 0x41, 0x00, 0x0f, 0x25, 0x01, 0x0a, 0x12,
  0x06, 0x30, 0x56, 0x05, 0x32, 0x5d, 0x05, 0x36, 0x5f, 0x09, 0x38, 0x62,
  0x04, 0x20, 0x39, 0x02, 0x0a, 0x11, 0x01, 0x06, 0x0c, 0x01, 0x03, 0x07,
  0x04, 0x16, 0x25, 0x05, 0x20, 0x39, 0x02, 0x25, 0x45, 0x01, 0x2c, 0x55,
  0x01, 0x25, 0x48, 0x01, 0x18, 0x2e, 0x01, 0x10, 0x1f, 0x03, 0x16, 0x29,
  0x04, 0x20, 0x3a, 0x06, 0x25, 0x43, 0x09, 0x32, 0x55, 0x05, 0x20, 0x37,
  0x00, 0x08, 0x13, 0x00, 0x18, 0x35, 0x01, 0x1b, 0x39, 0x00, 0x34, 0x6d,
  0x00, 0x39, 0x78, 0x00, 0x2e, 0x60, 0x01, 0x17, 0x30, 0x02, 0x04, 0x03,
  0x03, 0x05, 0x07, 0x03, 0x00, 0x00, 0x00, 0x04, 0x08, 0x00, 0x22, 0x47,
  0x09, 0x45, 0x7d, 0x03, 0x2d, 0x57, 0x02, 0x27, 0x4d, 0x13, 0x49, 0x77,
  0x18, 0x4b, 0x79, 0x10, 0x3b, 0x61, 0x07, 0x31, 0x55, 0x04, 0x26, 0x48,
  0x07, 0x2a, 0x4a, 0x08, 0x2e, 0x50, 0x02, 0x23, 0x42, 0x00, 0x1a, 0x36,
  0x01, 0x21, 0x41, 0x04, 0x2f, 0x58, 0x03, 0x33, 0x60, 0x08, 0x33, 0x5a,
  0x0d, 0x3f, 0x6c, 0x08, 0x3b, 0x6a, 0x08, 0x37, 0x65, 0x05, 0x31, 0x5e,
  0x03, 0x2c, 0x53, 0x00, 0x1d, 0x3a, 0x00, 0x20, 0x3f, 0x03, 0x26, 0x46,
  0x06, 0x29, 0x48, 0x05, 0x22, 0x3c, 0x04, 0x17, 0x27, 0x02, 0x13, 0x21,
  0x07, 0x2a, 0x4a, 0x0b, 0x37, 0x60, 0x11, 0x46, 0x74, 0x11, 0x3c, 0x62,
  0x04, 0x10, 0x1b, 0x02, 0x13, 0x22, 0x00, 0x0d, 0x19, 0x0c, 0x2d, 0x4a,
  0x18, 0x4b, 0x76, 0x17, 0x47, 0x71, 0x17, 0x41, 0x63, 0x0f, 0x35, 0x55,
  0x0a, 0x2c, 0x4d, 0x09, 0x2c, 0x4b, 0x0d, 0x2b, 0x46, 0x10, 0x36, 0x57,
  0x16, 0x45, 0x6b, 0x22, 0x54, 0x7a, 0x1c, 0x46, 0x67, 0x0f, 0x32, 0x4e,
  0x0f, 0x37, 0x57, 0x1f, 0x49, 0x68, 0x18, 0x39, 0x50, 0x00, 0x1a, 0x32,
  0x00, 0x18, 0x31, 0x00, 0x14, 0x2a, 0x06, 0x25, 0x42, 0x02, 0x22, 0x41,
  0x00, 0x17, 0x34, 0x00, 0x1c, 0x3c, 0x00, 0x17, 0x37, 0x00, 0x15, 0x30,
  0x00, 0x10, 0x27, 0x00, 0x13, 0x2e, 0x00, 0x0a, 0x16, 0x07, 0x33, 0x5a,
  0x04, 0x34, 0x61, 0x02, 0x27, 0x4b, 0x04, 0x21, 0x3a, 0x03, 0x12, 0x1f,
  0x00, 0x03, 0x0b, 0x00, 0x02, 0x0b, 0x06, 0x1e, 0x33, 0x0c, 0x32, 0x50,
  0x0d, 0x35, 0x58, 0x07, 0x2a, 0x48, 0x03, 0x1c, 0x33, 0x03, 0x18, 0x2b,
  0x02, 0x0e, 0x18, 0x02, 0x11, 0x20, 0x04, 0x1f, 0x38, 0x04, 0x23, 0x3f,
  0x04, 0x1e, 0x35, 0x05, 0x20, 0x39, 0x04, 0x1d, 0x34, 0x03, 0x09, 0x0e,
  0x00, 0x1a, 0x38, 0x00, 0x20, 0x43, 0x00, 0x2f, 0x63, 0x00, 0x2a, 0x5f,
  0x00, 0x23, 0x4d, 0x02, 0x0d, 0x17, 0x03, 0x04, 0x00, 0x02, 0x0a, 0x14,
  0x02, 0x1d, 0x3a, 0x01, 0x1f, 0x44, 0x01, 0x0f, 0x21, 0x01, 0x00, 0x00,
  0x00, 0x19, 0x3c, 0x01, 0x33, 0x63, 0x00, 0x2b, 0x57, 0x00, 0x14, 0x2f,
  0x13, 0x43, 0x6d, 0x1b, 0x53, 0x83, 0x1b, 0x55, 0x84, 0x16, 0x4c, 0x78,
  0x0d, 0x33, 0x57, 0x12, 0x43, 0x6c, 0x0e, 0x3d, 0x66, 0x10, 0x44, 0x71,
  0x10, 0x4a, 0x7e, 0x0c, 0x48, 0x7f, 0x11, 0x4a, 0x7c, 0x11, 0x45, 0x73,
  0x09, 0x3d, 0x6d, 0x01, 0x2b, 0x55, 0x03, 0x2e, 0x58, 0x03, 0x2f, 0x5b,
  0x05, 0x23, 0x40, 0x0a, 0x2a, 0x46, 0x0c, 0x36, 0x5b, 0x0a, 0x32, 0x56,
  0x0a, 0x35, 0x5b, 0x0e, 0x37, 0x5c, 0x0f, 0x30, 0x4d, 0x0e, 0x33, 0x52,
  0x10, 0x42, 0x6c, 0x05, 0x2f, 0x57, 0x08, 0x36, 0x5d, 0x0d, 0x3d, 0x67,
  0x0b, 0x2d, 0x49, 0x16, 0x3f, 0x5f, 0x19, 0x40, 0x5f, 0x0b, 0x30, 0x4e,
  0x1d, 0x49, 0x6c, 0x2c, 0x64, 0x8f, 0x26, 0x5f, 0x8b, 0x15, 0x43, 0x67,
  0x11, 0x3d, 0x65, 0x0e, 0x30, 0x4d, 0x07, 0x20, 0x36, 0x07, 0x25, 0x3f,
  0x06, 0x25, 0x40, 0x00, 0x18, 0x37, 0x00, 0x12, 0x32, 0x00, 0x21, 0x40,
  0x02, 0x28, 0x4c, 0x00, 0x0d, 0x29, 0x00, 0x14, 0x31, 0x14, 0x48, 0x78,
  0x07, 0x3f, 0x75, 0x02, 0x29, 0x50, 0x09, 0x2e, 0x4f, 0x03, 0x1e, 0x38,
  0x02, 0x20, 0x3e, 0x09, 0x3c, 0x6b, 0x00, 0x1d, 0x41, 0x00, 0x18, 0x37,
  0x00, 0x1b, 0x3c, 0x01, 0x08, 0x12, 0x08, 0x33, 0x5a, 0x07, 0x2f, 0x54,
  0x05, 0x21, 0x3b, 0x05, 0x1f, 0x34, 0x03, 0x13, 0x20, 0x00, 0x07, 0x12,
  0x04, 0x1c, 0x32, 0x13, 0x3c, 0x5d, 0x0f, 0x39, 0x5c, 0x07, 0x24, 0x3d,
  0x05, 0x1a, 0x2c, 0x03, 0x15, 0x24, 0x02, 0x0e, 0x19, 0x01, 0x10, 0x1e,
  0x02, 0x19, 0x2f, 0x05, 0x1f, 0x36, 0x09, 0x22, 0x37, 0x08, 0x26, 0x40,
  0x04, 0x17, 0x26, 0x04, 0x17, 0x29, 0x02, 0x0f, 0x1a, 0x01, 0x11, 0x22,
  0x01, 0x28, 0x53, 0x00, 0x24, 0x4a, 0x00, 0x2a, 0x5b, 0x00, 0x2c, 0x5a,
  0x01, 0x0e, 0x1b, 0x03, 0x07, 0x0a, 0x03, 0x10, 0x20, 0x01, 0x31, 0x63,
  0x00, 0x2b, 0x5a, 0x00, 0x25, 0x4d, 0x00, 0x31, 0x64, 0x00, 0x1c, 0x3d,
  0x02, 0x00, 0x00, 0x00, 0x1c, 0x3d, 0x02, 0x38, 0x6d, 0x02, 0x31, 0x5d,
  0x00, 0x25, 0x4f, 0x00, 0x2b, 0x59, 0x07, 0x33, 0x5d, 0x07, 0x2f, 0x58,
  0x12, 0x46, 0x74, 0x1a, 0x54, 0x86, 0x22, 0x61, 0x96, 0x16, 0x50, 0x7f,
  0x29, 0x62, 0x92, 0x11, 0x45, 0x76, 0x05, 0x38, 0x66, 0x05, 0x2a, 0x4e,
  0x03, 0x2e, 0x5a, 0x00, 0x21, 0x45, 0x00, 0x24, 0x49, 0x01, 0x29, 0x4f,
  0x00, 0x0f, 0x24, 0x14, 0x3f, 0x61, 0x1b, 0x4e, 0x76, 0x0c, 0x34, 0x56,
  0x06, 0x27, 0x42, 0x00, 0x12, 0x2c, 0x05, 0x26, 0x47, 0x18, 0x48, 0x70,
  0x18, 0x4a, 0x74, 0x14, 0x42, 0x68, 0x12, 0x3c, 0x60, 0x18, 0x49, 0x6f,
  0x2b, 0x63, 0x8c, 0x2a, 0x64, 0x8f, 0x22, 0x4f, 0x70, 0x1b, 0x44, 0x63,
  0x1b, 0x3e, 0x59, 0x1e, 0x46, 0x66, 0x06, 0x23, 0x3c, 0x00, 0x19, 0x30,
  0x01, 0x19, 0x31, 0x00, 0x17, 0x31, 0x02, 0x22, 0x42, 0x04, 0x25, 0x45,
  0x08, 0x33, 0x59, 0x17, 0x51, 0x86, 0x0f, 0x49, 0x7d, 0x01, 0x1a, 0x36,
  0x03, 0x11, 0x20, 0x03, 0x15, 0x29, 0x03, 0x12, 0x22, 0x01, 0x18, 0x30,
  0x0b, 0x49, 0x80, 0x06, 0x3f, 0x74, 0x00, 0x01, 0x0d, 0x01, 0x11, 0x25,
  0x01, 0x10, 0x21, 0x01, 0x19, 0x31, 0x00, 0x1c, 0x3f, 0x00, 0x23, 0x4c,
  0x00, 0x08, 0x15, 0x07, 0x28, 0x43, 0x08, 0x2e, 0x4f, 0x07, 0x23, 0x3b,
  0x08, 0x20, 0x37, 0x02, 0x10, 0x1d, 0x00, 0x02, 0x07, 0x08, 0x25, 0x3e,
  0x18, 0x4a, 0x72, 0x1e, 0x51, 0x78, 0x0b, 0x27, 0x3c, 0x03, 0x0f, 0x1b,
  0x03, 0x12, 0x1e, 0x01, 0x0f, 0x1c, 0x04, 0x17, 0x28, 0x07, 0x22, 0x37,
  0x06, 0x22, 0x3a, 0x08, 0x23, 0x3a, 0x0c, 0x29, 0x3e, 0x09, 0x24, 0x39,
  0x06, 0x1b, 0x2d, 0x03, 0x11, 0x1b, 0x04, 0x0a, 0x0a, 0x01, 0x19, 0x35,
  0x00, 0x22, 0x48, 0x00, 0x00, 0x00, 0x00, 0x15, 0x2f, 0x00, 0x26, 0x4f,
  0x01, 0x13, 0x26, 0x03, 0x03, 0x00, 0x00, 0x1d, 0x3d, 0x01, 0x30, 0x61,
  0x00, 0x20, 0x45, 0x00, 0x20, 0x48, 0x00, 0x31, 0x62, 0x00, 0x3a, 0x73,
  0x01, 0x1b, 0x3a, 0x03, 0x00, 0x00, 0x00, 0x13, 0x2e, 0x02, 0x3b, 0x6f,
  0x02, 0x33, 0x63, 0x01, 0x35, 0x67, 0x00, 0x23, 0x4d, 0x00, 0x26, 0x52,
  0x00, 0x17, 0x39, 0x00, 0x1a, 0x3e, 0x00, 0x26, 0x4f, 0x00, 0x24, 0x4c,
  0x04, 0x2a, 0x50, 0x00, 0x24, 0x4d, 0x00, 0x1c, 0x42, 0x00, 0x11, 0x2e,
  0x00, 0x1b, 0x40, 0x00, 0x1f, 0x47, 0x07, 0x3d, 0x6e, 0x08, 0x35, 0x5e,
  0x13, 0x36, 0x54, 0x10, 0x39, 0x5c, 0x12, 0x41, 0x69, 0x12, 0x43, 0x6c,
  0x06, 0x2c, 0x4f, 0x14, 0x3a, 0x5c, 0x2c, 0x5d, 0x83, 0x32, 0x6f, 0x9b,
  0x2d, 0x69, 0x97, 0x28, 0x61, 0x8e, 0x1e, 0x4f, 0x77, 0x03, 0x24, 0x40,
  0x0c, 0x2b, 0x44, 0x05, 0x23, 0x3e, 0x00, 0x0f, 0x27, 0x04, 0x21, 0x3d,
  0x04, 0x32, 0x5b, 0x07, 0x3a, 0x68, 0x02, 0x28, 0x4c, 0x05, 0x30, 0x5a,
  0x09, 0x3c, 0x6b, 0x04, 0x2d, 0x53, 0x01, 0x0c, 0x1a, 0x03, 0x0d, 0x18,
  0x00, 0x06, 0x14, 0x10, 0x45, 0x73, 0x0d, 0x4c, 0x85, 0x00, 0x1b, 0x3c,
  0x03, 0x0d, 0x1a, 0x03, 0x17, 0x2d, 0x03, 0x14, 0x25, 0x02, 0x00, 0x00,
  0x05, 0x34, 0x61, 0x04, 0x37, 0x66, 0x01, 0x10, 0x21, 0x01, 0x1f, 0x3e,
  0x01, 0x21, 0x43, 0x02, 0x18, 0x32, 0x00, 0x20, 0x49, 0x00, 0x14, 0x30,
  0x05, 0x17, 0x26, 0x08, 0x29, 0x48, 0x06, 0x2a, 0x48, 0x04, 0x1b, 0x2f,
  0x00, 0x00, 0x00, 0x00, 0x0b, 0x16, 0x0f, 0x34, 0x52, 0x0f, 0x32, 0x4e,
  0x0d, 0x2d, 0x46, 0x02, 0x14, 0x23, 0x00, 0x00, 0x04, 0x00, 0x08, 0x12,
  0x01, 0x10, 0x1c, 0x08, 0x1e, 0x30, 0x04, 0x20, 0x37, 0x05, 0x1e, 0x33,
  0x09, 0x21, 0x33, 0x05, 0x1b, 0x2e, 0x0a, 0x27, 0x3d, 0x08, 0x1c, 0x2c,
  0x05, 0x15, 0x22, 0x03, 0x11, 0x1d, 0x05, 0x09, 0x04, 0x00, 0x17, 0x34,
  0x00, 0x16, 0x30, 0x03, 0x39, 0x6a, 0x00, 0x1d, 0x40, 0x00, 0x1f, 0x43,
  0x01, 0x16, 0x2d, 0x03, 0x00, 0x00, 0x01, 0x2e, 0x5b, 0x00, 0x2d, 0x5e,
  0x00, 0x1c, 0x3f, 0x00, 0x20, 0x48, 0x00, 0x00, 0x04, 0x00, 0x1b, 0x3b,
  0x00, 0x31, 0x65, 0x01, 0x13, 0x2b, 0x04, 0x00, 0x00, 0x01, 0x18, 0x32,
  0x00, 0x29, 0x55, 0x01, 0x26, 0x4c, 0x00, 0x26, 0x4e, 0x00, 0x27, 0x4d,
  0x04, 0x2b, 0x52, 0x01, 0x2a, 0x52, 0x00, 0x15, 0x36, 0x00, 0x18, 0x39,
  0x00, 0x1d, 0x44, 0x00, 0x24, 0x4e, 0x04, 0x2c, 0x53, 0x08, 0x34, 0x5e,
  0x0a, 0x3e, 0x6c, 0x29, 0x60, 0x8a, 0x18, 0x4f, 0x80, 0x18, 0x52, 0x83,
  0x43, 0x83, 0xb0, 0x2a, 0x65, 0x92, 0x0d, 0x3d, 0x63, 0x09, 0x2a, 0x47,
  0x09, 0x2d, 0x4c, 0x18, 0x3c, 0x5d, 0x2b, 0x5d, 0x82, 0x19, 0x46, 0x6a,
  0x11, 0x37, 0x56, 0x02, 0x23, 0x41, 0x05, 0x2d, 0x51, 0x08, 0x34, 0x59,
  0x00, 0x1b, 0x37, 0x09, 0x38, 0x64, 0x09, 0x39, 0x65, 0x03, 0x30, 0x5a,
  0x05, 0x25, 0x41, 0x04, 0x15, 0x24, 0x01, 0x06, 0x0c, 0x01, 0x12, 0x24,
  0x0c, 0x47, 0x7d, 0x0d, 0x49, 0x80, 0x02, 0x11, 0x20, 0x03, 0x12, 0x22,
  0x01, 0x02, 0x06, 0x04, 0x27, 0x46, 0x02, 0x3e, 0x7b, 0x00, 0x13, 0x2b,
  0x02, 0x15, 0x2a, 0x02, 0x16, 0x2c, 0x02, 0x19, 0x2f, 0x01, 0x0b, 0x19,
  0x08, 0x2e, 0x4e, 0x05, 0x28, 0x49, 0x00, 0x15, 0x2e, 0x02, 0x1c, 0x38,
  0x02, 0x19, 0x33, 0x03, 0x16, 0x2c, 0x00, 0x1a, 0x3b, 0x02, 0x0f, 0x19,
  0x08, 0x25, 0x3d, 0x07, 0x23, 0x3b, 0x00, 0x11, 0x20, 0x00, 0x00, 0x01,
  0x07, 0x24, 0x3c, 0x18, 0x4d, 0x77, 0x0e, 0x31, 0x4f, 0x06, 0x1e, 0x33,
  0x01, 0x0f, 0x1f, 0x00, 0x04, 0x0c, 0x06, 0x20, 0x38, 0x0f, 0x34, 0x52,
  0x1a, 0x47, 0x6a, 0x09, 0x26, 0x40, 0x17, 0x3a, 0x57, 0x1e, 0x48, 0x69,
  0x00, 0x19, 0x2f, 0x05, 0x18, 0x28, 0x07, 0x1a, 0x2b, 0x08, 0x1e, 0x2e,
  0x0b, 0x25, 0x39, 0x06, 0x17, 0x25, 0x04, 0x09, 0x07, 0x00, 0x15, 0x31,
  0x00, 0x22, 0x48, 0x0c, 0x56, 0x92, 0x00, 0x1d, 0x40, 0x00, 0x1c, 0x3c,
  0x01, 0x19, 0x34, 0x03, 0x03, 0x02, 0x01, 0x29, 0x52, 0x01, 0x35, 0x69,
  0x00, 0x13, 0x31, 0x00, 0x1c, 0x3e, 0x03, 0x2e, 0x54, 0x01, 0x28, 0x51,
  0x01, 0x2e, 0x5c, 0x01, 0x2b, 0x58, 0x02, 0x0c, 0x1a, 0x04, 0x00, 0x00,
  0x01, 0x0d, 0x1e, 0x00, 0x23, 0x48, 0x01, 0x30, 0x5e, 0x05, 0x39, 0x6c,
  0x0d, 0x42, 0x74, 0x17, 0x53, 0x87, 0x0c, 0x3f, 0x6c, 0x03, 0x32, 0x5f,
  0x09, 0x3d, 0x6e, 0x07, 0x36, 0x61, 0x05, 0x35, 0x64, 0x0c, 0x40, 0x6f,
  0x0c, 0x3c, 0x65, 0x13, 0x40, 0x67, 0x11, 0x40, 0x67, 0x20, 0x56, 0x80,
  0x18, 0x49, 0x72, 0x02, 0x27, 0x48, 0x02, 0x1c, 0x34, 0x06, 0x24, 0x3f,
  0x04, 0x24, 0x40, 0x00, 0x20, 0x40, 0x0c, 0x3c, 0x66, 0x0d, 0x33, 0x55,
  0x00, 0x21, 0x41, 0x00, 0x1a, 0x36, 0x02, 0x1a, 0x32, 0x01, 0x09, 0x13,
  0x01, 0x08, 0x10, 0x00, 0x17, 0x2e, 0x09, 0x3f, 0x71, 0x05, 0x3f, 0x76,
  0x03, 0x1d, 0x39, 0x01, 0x00, 0x00, 0x02, 0x13, 0x24, 0x02, 0x02, 0x00,
  0x03, 0x1c, 0x35, 0x0a, 0x43, 0x76, 0x01, 0x0d, 0x1b, 0x03, 0x16, 0x2a,
  0x03, 0x07, 0x0d, 0x06, 0x21, 0x3a, 0x10, 0x4d, 0x82, 0x00, 0x06, 0x10,
  0x02, 0x17, 0x2d, 0x02, 0x17, 0x2f, 0x02, 0x18, 0x2e, 0x02, 0x18, 0x2f,
  0x06, 0x1e, 0x36, 0x02, 0x18, 0x2e, 0x01, 0x0f, 0x21, 0x03, 0x15, 0x27,
  0x03, 0x15, 0x28, 0x03, 0x16, 0x2c, 0x00, 0x0a, 0x18, 0x07, 0x1c, 0x2e,
  0x09, 0x23, 0x38, 0x00, 0x05, 0x0e, 0x02, 0x13, 0x21, 0x13, 0x40, 0x65,
  0x14, 0x43, 0x6c, 0x0d, 0x2f, 0x4a, 0x03, 0x18, 0x29, 0x04, 0x1d, 0x33,
  0x01, 0x0b, 0x15, 0x0b, 0x2d, 0x47, 0x13, 0x3b, 0x5c, 0x17, 0x41, 0x64,
  0x10, 0x36, 0x55, 0x03, 0x20, 0x3b, 0x2e, 0x62, 0x8b, 0x41, 0x80, 0xae,
  0x16, 0x3d, 0x5c, 0x00, 0x06, 0x13, 0x08, 0x1d, 0x2f, 0x0f, 0x32, 0x4e,
  0x12, 0x38, 0x56, 0x07, 0x1a, 0x2a, 0x05, 0x0b, 0x09, 0x01, 0x14, 0x2c,
  0x00, 0x20, 0x48, 0x00, 0x09, 0x21, 0x00, 0x23, 0x4c, 0x00, 0x1c, 0x3a,
  0x03, 0x10, 0x1d, 0x03, 0x0d, 0x16, 0x00, 0x10, 0x2d, 0x09, 0x53, 0x90,
  0x04, 0x36, 0x62, 0x00, 0x00, 0x1b, 0x0c, 0x4f, 0x89, 0x04, 0x35, 0x63,
  0x00, 0x1b, 0x43, 0x04, 0x3e, 0x73, 0x04, 0x34, 0x61, 0x01, 0x00, 0x04,
  0x03, 0x08, 0x08, 0x02, 0x0a, 0x14, 0x01, 0x17, 0x32, 0x01, 0x22, 0x46,
  0x01, 0x2b, 0x52, 0x09, 0x32, 0x57, 0x0a, 0x39, 0x62, 0x04, 0x2c, 0x51,
  0x01, 0x20, 0x3f, 0x00, 0x1f, 0x3e, 0x00, 0x1d, 0x3b, 0x00, 0x23, 0x44,
  0x01, 0x25, 0x48, 0x03, 0x29, 0x4e, 0x02, 0x22, 0x41, 0x00, 0x0e, 0x24,
  0x00, 0x12, 0x2c, 0x00, 0x19, 0x34, 0x04, 0x23, 0x42, 0x0d, 0x39, 0x61,
  0x02, 0x22, 0x41, 0x01, 0x10, 0x20, 0x00, 0x08, 0x14, 0x05, 0x27, 0x45,
  0x13, 0x50, 0x85, 0x07, 0x36, 0x65, 0x00, 0x17, 0x2e, 0x05, 0x0d, 0x12,
  0x05, 0x15, 0x24, 0x02, 0x00, 0x00, 0x04, 0x2a, 0x4e, 0x0e, 0x52, 0x8f,
  0x02, 0x1b, 0x32, 0x03, 0x0f, 0x1c, 0x03, 0x15, 0x28, 0x03, 0x15, 0x26,
  0x02, 0x0c, 0x17, 0x03, 0x22, 0x42, 0x02, 0x0d, 0x18, 0x04, 0x14, 0x24,
  0x03, 0x0f, 0x1d, 0x04, 0x17, 0x28, 0x07, 0x23, 0x3d, 0x02, 0x12, 0x24,
  0x03, 0x1d, 0x39, 0x02, 0x1a, 0x32, 0x03, 0x18, 0x2e, 0x03, 0x18, 0x2d,
  0x00, 0x0b, 0x19, 0x00, 0x0f, 0x20, 0x01, 0x15, 0x2a, 0x00, 0x0a, 0x19,
  0x02, 0x18, 0x30, 0x02, 0x17, 0x2c, 0x03, 0x13, 0x1f, 0x0a, 0x24, 0x39,
  0x01, 0x07, 0x0c, 0x01, 0x10, 0x1b, 0x14, 0x42, 0x66, 0x13, 0x3c, 0x5d,
  0x0a, 0x23, 0x37, 0x03, 0x17, 0x28, 0x05, 0x1c, 0x30, 0x02, 0x0e, 0x1a,
  0x03, 0x18, 0x2a, 0x0e, 0x34, 0x55, 0x0e, 0x30, 0x4c, 0x11, 0x3e, 0x64,
  0x03, 0x1d, 0x33, 0x21, 0x4d, 0x6e, 0x19, 0x45, 0x67, 0x26, 0x54, 0x76,
  0x24, 0x5a, 0x85, 0x00, 0x16, 0x28, 0x09, 0x1f, 0x30, 0x11, 0x31, 0x49,
  0x0c, 0x24, 0x39, 0x0a, 0x22, 0x35, 0x05, 0x0f, 0x0f, 0x01, 0x13, 0x2a,
  0x00, 0x29, 0x58, 0x00, 0x28, 0x54, 0x00, 0x24, 0x4f, 0x01, 0x12, 0x27,
  0x04, 0x06, 0x04, 0x02, 0x0a, 0x10, 0x01, 0x05, 0x08, 0x00, 0x1a, 0x3c,
  0x05, 0x4a, 0x89, 0x00, 0x26, 0x4e, 0x00, 0x05, 0x21, 0x00, 0x1d, 0x42,
  0x00, 0x1f, 0x44, 0x01, 0x35, 0x6a, 0x05, 0x43, 0x7b, 0x00, 0x22, 0x48,
  0x04, 0x06, 0x08, 0x05, 0x0d, 0x11, 0x04, 0x0a, 0x0b, 0x03, 0x02, 0x00,
  0x01, 0x00, 0x00, 0x00, 0x05, 0x0b, 0x00, 0x01, 0x08, 0x01, 0x06, 0x0e,
  0x01, 0x11, 0x22, 0x02, 0x1b, 0x33, 0x02, 0x1c, 0x36, 0x01, 0x16, 0x30,
  0x00, 0x09, 0x1c, 0x08, 0x34, 0x5c, 0x04, 0x29, 0x4d, 0x00, 0x1b, 0x38,
  0x01, 0x11, 0x22, 0x01, 0x00, 0x00, 0x00, 0x1c, 0x3a, 0x0b, 0x44, 0x7a,
  0x03, 0x28, 0x4d, 0x01, 0x06, 0x0c, 0x03, 0x10, 0x1b, 0x00, 0x00, 0x00,
  0x15, 0x57, 0x8f, 0x13, 0x53, 0x8b, 0x00, 0x00, 0x00, 0x04, 0x11, 0x1d,
  0x04, 0x13, 0x21, 0x03, 0x02, 0x01, 0x05, 0x1f, 0x37, 0x11, 0x58, 0x95,
  0x00, 0x00, 0x00, 0x03, 0x13, 0x23, 0x04, 0x12, 0x1e, 0x03, 0x15, 0x25,
  0x03, 0x12, 0x21, 0x03, 0x0a, 0x12, 0x03, 0x14, 0x26, 0x03, 0x19, 0x30,
  0x03, 0x19, 0x30, 0x04, 0x18, 0x2b, 0x01, 0x0f, 0x20, 0x01, 0x0e, 0x1e,
  0x00, 0x00, 0x04, 0x02, 0x10, 0x1f, 0x03, 0x19, 0x30, 0x02, 0x15, 0x2a,
  0x01, 0x1b, 0x35, 0x15, 0x5b, 0x97, 0x19, 0x66, 0xa9, 0x02, 0x23, 0x43,
  0x00, 0x16, 0x34, 0x02, 0x20, 0x40, 0x08, 0x21, 0x36, 0x02, 0x0b, 0x15,
  0x04, 0x18, 0x28, 0x19, 0x4c, 0x75, 0x13, 0x3c, 0x5e, 0x03, 0x16, 0x25,
  0x04, 0x18, 0x29, 0x07, 0x22, 0x39, 0x04, 0x15, 0x23, 0x01, 0x07, 0x0e,
  0x09, 0x2b, 0x47, 0x11, 0x37, 0x57, 0x0f, 0x31, 0x4f, 0x0a, 0x33, 0x57,
  0x02, 0x1d, 0x37, 0x21, 0x4f, 0x74, 0x19, 0x46, 0x6a, 0x16, 0x3d, 0x5d,
  0x1a, 0x44, 0x65, 0x11, 0x36, 0x54, 0x05, 0x17, 0x27, 0x0d, 0x28, 0x3d,
  0x0c, 0x24, 0x36, 0x0b, 0x23, 0x35, 0x05, 0x0c, 0x0f, 0x02, 0x0c, 0x1a,
  0x00, 0x2c, 0x5e, 0x00, 0x2b, 0x59, 0x00, 0x24, 0x4e, 0x00, 0x17, 0x33,
  0x05, 0x0c, 0x0d, 0x04, 0x14, 0x21, 0x03, 0x0b, 0x11, 0x02, 0x04, 0x09,
  0x00, 0x1d, 0x43, 0x05, 0x4d, 0x8f, 0x00, 0x29, 0x53, 0x00, 0x12, 0x2f,
  0x01, 0x20, 0x44, 0x00, 0x22, 0x4c, 0x03, 0x3e, 0x75, 0x05, 0x3f, 0x77,
  0x00, 0x14, 0x31, 0x04, 0x06, 0x06, 0x04, 0x12, 0x21, 0x03, 0x16, 0x26,
  0x03, 0x11, 0x1f, 0x03, 0x12, 0x1e, 0x03, 0x14, 0x24, 0x02, 0x1b, 0x33,
  0x03, 0x20, 0x3b, 0x06, 0x2d, 0x51, 0x02, 0x1e, 0x3a, 0x01, 0x1a, 0x34,
  0x01, 0x1a, 0x33, 0x01, 0x00, 0x00, 0x02, 0x1a, 0x33, 0x02, 0x32, 0x62,
  0x02, 0x17, 0x2c, 0x04, 0x05, 0x03, 0x02, 0x04, 0x09, 0x07, 0x37, 0x62,
  0x03, 0x17, 0x2a, 0x02, 0x08, 0x0d, 0x04, 0x16, 0x26, 0x00, 0x00, 0x00,
  0x15, 0x54, 0x89, 0x14, 0x4f, 0x81, 0x00, 0x00, 0x00, 0x04, 0x12, 0x1d,
  0x03, 0x10, 0x19, 0x03, 0x0b, 0x12, 0x02, 0x0e, 0x18, 0x04, 0x23, 0x3d,
  0x02, 0x0c, 0x16, 0x03, 0x14, 0x26, 0x03, 0x12, 0x20, 0x03, 0x12, 0x20,
  0x02, 0x12, 0x21, 0x03, 0x18, 0x2c, 0x03, 0x1c, 0x35, 0x02, 0x11, 0x1f,
  0x03, 0x17, 0x2a, 0x03, 0x15, 0x28, 0x01, 0x16, 0x2b, 0x06, 0x29, 0x4a,
  0x0b, 0x3b, 0x65, 0x00, 0x16, 0x2d, 0x00, 0x15, 0x2d, 0x00, 0x16, 0x34,
  0x04, 0x2a, 0x50, 0x1b, 0x70, 0xb7, 0x1e, 0x74, 0xb9, 0x17, 0x60, 0x9e,
  0x00, 0x17, 0x34, 0x00, 0x18, 0x36, 0x03, 0x14, 0x23, 0x00, 0x03, 0x09,
  0x13, 0x3f, 0x63, 0x13, 0x41, 0x69, 0x05, 0x22, 0x3c, 0x03, 0x19, 0x2b,
  0x0b, 0x2d, 0x4a, 0x06, 0x20, 0x33, 0x04, 0x12, 0x1b, 0x03, 0x14, 0x22,
  0x0a, 0x2d, 0x4a, 0x0b, 0x2b, 0x47, 0x0f, 0x35, 0x57, 0x08, 0x2b, 0x49,
  0x09, 0x31, 0x54, 0x08, 0x25, 0x3d, 0x07, 0x21, 0x37, 0x0e, 0x32, 0x4f,
  0x18, 0x41, 0x61, 0x11, 0x32, 0x4d, 0x05, 0x17, 0x25, 0x0a, 0x23, 0x36,
  0x0c, 0x26, 0x3a, 0x07, 0x1b, 0x2a, 0x05, 0x12, 0x1a, 0x04, 0x0a, 0x0d,
  0x00, 0x24, 0x4f, 0x00, 0x2a, 0x59, 0x00, 0x27, 0x56, 0x00, 0x17, 0x35,
  0x08, 0x15, 0x19, 0x0c, 0x25, 0x38, 0x05, 0x17, 0x26, 0x03, 0x0b, 0x11,
  0x01, 0x00, 0x00, 0x00, 0x24, 0x4c, 0x06, 0x50, 0x92, 0x00, 0x28, 0x56,
  0x00, 0x13, 0x37, 0x00, 0x24, 0x4e, 0x00, 0x32, 0x64, 0x0c, 0x52, 0x90,
  0x04, 0x2e, 0x56, 0x01, 0x06, 0x14, 0x04, 0x09, 0x0b, 0x02, 0x11, 0x1e,
  0x03, 0x0f, 0x19, 0x04, 0x14, 0x23, 0x04, 0x15, 0x25, 0x03, 0x0e, 0x18,
  0x02, 0x06, 0x09, 0x02, 0x03, 0x05, 0x01, 0x00, 0x00, 0x01, 0x22, 0x45,
  0x02, 0x2a, 0x51, 0x03, 0x0a, 0x0d, 0x01, 0x04, 0x08, 0x02, 0x27, 0x4c,
  0x03, 0x0c, 0x16, 0x03, 0x0a, 0x0f, 0x03, 0x09, 0x0d, 0x02, 0x11, 0x21,
  0x02, 0x09, 0x0f, 0x03, 0x0c, 0x11, 0x04, 0x10, 0x1a, 0x02, 0x04, 0x01,
  0x03, 0x1d, 0x33, 0x02, 0x17, 0x28, 0x02, 0x06, 0x08, 0x03, 0x0f, 0x18,
  0x03, 0x0d, 0x15, 0x03, 0x0c, 0x13, 0x03, 0x0d, 0x17, 0x02, 0x0b, 0x16,
  0x02, 0x14, 0x25, 0x03, 0x11, 0x20, 0x03, 0x13, 0x25, 0x03, 0x1c, 0x36,
  0x02, 0x1c, 0x36, 0x02, 0x0f, 0x1d, 0x01, 0x09, 0x13, 0x02, 0x17, 0x2b,
  0x01, 0x14, 0x27, 0x00, 0x08, 0x16, 0x06, 0x34, 0x61, 0x15, 0x5f, 0xa0,
  0x16, 0x61, 0xa3, 0x15, 0x5c, 0x9b, 0x00, 0x1b, 0x37, 0x00, 0x09, 0x1f,
  0x06, 0x36, 0x64, 0x17, 0x66, 0xa9, 0x17, 0x63, 0xa2, 0x18, 0x67, 0xac,
  0x09, 0x34, 0x5a, 0x09, 0x35, 0x5e, 0x00, 0x00, 0x00, 0x0d, 0x2e, 0x48,
  0x0c, 0x34, 0x58, 0x08, 0x2a, 0x48, 0x05, 0x1e, 0x33, 0x0d, 0x30, 0x4b,
  0x16, 0x4b, 0x76, 0x0a, 0x2c, 0x46, 0x02, 0x06, 0x0b, 0x07, 0x20, 0x34,
  0x09, 0x2b, 0x47, 0x05, 0x1a, 0x2d, 0x02, 0x11, 0x1c, 0x05, 0x1a, 0x2c,
  0x07, 0x29, 0x45, 0x03, 0x1c, 0x34, 0x00, 0x12, 0x26, 0x03, 0x1c, 0x32,
  0x11, 0x36, 0x55, 0x0a, 0x21, 0x35, 0x07, 0x1c, 0x2c, 0x06, 0x18, 0x25,
  0x08, 0x1f, 0x2f, 0x05, 0x16, 0x22, 0x05, 0x14, 0x1e, 0x05, 0x09, 0x0a,
  0x00, 0x21, 0x4c, 0x00, 0x2c, 0x5c, 0x00, 0x29, 0x58, 0x00, 0x1f, 0x44,
  0x04, 0x0b, 0x0c, 0x0b, 0x29, 0x3f, 0x08, 0x23, 0x38, 0x02, 0x11, 0x1f,
  0x03, 0x0a, 0x10, 0x01, 0x00, 0x00, 0x00, 0x21, 0x4a, 0x12, 0x6d, 0xb6,
  0x09, 0x4a, 0x85, 0x00, 0x10, 0x33, 0x00, 0x1a, 0x39, 0x00, 0x32, 0x66,
  0x08, 0x47, 0x7e, 0x01, 0x24, 0x45, 0x01, 0x02, 0x08, 0x03, 0x09, 0x0a,
  0x02, 0x0d, 0x16, 0x02, 0x0c, 0x15, 0x03, 0x0b, 0x11, 0x02, 0x09, 0x0f,
  0x02, 0x0c, 0x16, 0x02, 0x0c, 0x15, 0x03, 0x07, 0x08, 0x02, 0x10, 0x20,
  0x01, 0x22, 0x44, 0x04, 0x09, 0x0b, 0x03, 0x0b, 0x12, 0x02, 0x06, 0x07,
  0x03, 0x09, 0x0e, 0x03, 0x0d, 0x15, 0x03, 0x0c, 0x14, 0x02, 0x0a, 0x10,
  0x03, 0x0c, 0x16, 0x03, 0x0c, 0x14, 0x03, 0x09, 0x0f, 0x03, 0x0c, 0x13,
  0x02, 0x05, 0x0b, 0x02, 0x0a, 0x12, 0x03, 0x10, 0x1c, 0x03, 0x0f, 0x19,
  0x03, 0x0f, 0x19, 0x02, 0x13, 0x24, 0x02, 0x15, 0x28, 0x02, 0x15, 0x28,
  0x02, 0x0f, 0x1a, 0x03, 0x15, 0x27, 0x02, 0x18, 0x2f, 0x01, 0x09, 0x15,
  0x01, 0x0b, 0x18, 0x02, 0x1a, 0x33, 0x0e, 0x4e, 0x87, 0x14, 0x5e, 0xa1,
  0x01, 0x25, 0x4a, 0x00, 0x08, 0x1f, 0x0f, 0x53, 0x91, 0x13, 0x5e, 0xa0,
  0x13, 0x5b, 0x9a, 0x1f, 0x76, 0xbc, 0x0e, 0x47, 0x78, 0x00, 0x00, 0x00,
  0x0b, 0x48, 0x7e, 0x14, 0x62, 0xa5, 0x12, 0x5c, 0x9b, 0x14, 0x5f, 0xa2,
  0x0b, 0x45, 0x78, 0x14, 0x5b, 0x99, 0x0c, 0x2b, 0x44, 0x0f, 0x35, 0x55,
  0x05, 0x26, 0x42, 0x07, 0x2d, 0x4e, 0x01, 0x1d, 0x33, 0x0b, 0x28, 0x41,
  0x11, 0x3a, 0x5b, 0x06, 0x19, 0x28, 0x03, 0x11, 0x1d, 0x06, 0x1e, 0x33,
  0x06, 0x1c, 0x2b, 0x04, 0x0d, 0x14, 0x04, 0x0f, 0x18, 0x03, 0x0e, 0x18,
  0x02, 0x0a, 0x14, 0x03, 0x13, 0x20, 0x03, 0x19, 0x2c, 0x02, 0x14, 0x26,
  0x05, 0x1e, 0x30, 0x08, 0x20, 0x33, 0x08, 0x1e, 0x31, 0x05, 0x18, 0x28,
  0x05, 0x14, 0x20, 0x05, 0x12, 0x1d, 0x05, 0x14, 0x20, 0x04, 0x05, 0x00,
  0x00, 0x27, 0x55, 0x00, 0x24, 0x4d, 0x00, 0x23, 0x4a, 0x00, 0x27, 0x53,
  0x02, 0x01, 0x00, 0x05, 0x15, 0x22, 0x0e, 0x31, 0x4c, 0x0b, 0x25, 0x38,
  0x03, 0x13, 0x21, 0x03, 0x0b, 0x10, 0x01, 0x00, 0x00, 0x00, 0x17, 0x35,
  0x0f, 0x5b, 0x9d, 0x06, 0x41, 0x77, 0x00, 0x17, 0x39, 0x00, 0x25, 0x51,
  0x06, 0x47, 0x84, 0x08, 0x44, 0x7b, 0x00, 0x10, 0x25, 0x02, 0x0a, 0x15,
  0x03, 0x07, 0x08, 0x03, 0x0a, 0x0f, 0x02, 0x0c, 0x13, 0x00, 0x14, 0x2a,
  0x01, 0x10, 0x21, 0x03, 0x08, 0x09, 0x02, 0x0c, 0x15, 0x02, 0x09, 0x0f,
  0x02, 0x0b, 0x13, 0x03, 0x0a, 0x0f, 0x03, 0x0c, 0x13, 0x03, 0x0d, 0x15,
  0x03, 0x0d, 0x16, 0x03, 0x0d, 0x16, 0x02, 0x0c, 0x14, 0x02, 0x0d, 0x16,
  0x03, 0x0d, 0x16, 0x02, 0x0c, 0x14, 0x02, 0x0e, 0x1a, 0x03, 0x10, 0x1c,
  0x03, 0x0f, 0x19, 0x03, 0x11, 0x1d, 0x02, 0x0e, 0x1b, 0x02, 0x12, 0x21,
  0x03, 0x0f, 0x1c, 0x02, 0x11, 0x20, 0x02, 0x0e, 0x19, 0x02, 0x0d, 0x17,
  0x02, 0x0e, 0x19, 0x01, 0x0d, 0x1c, 0x01, 0x16, 0x2a, 0x06, 0x33, 0x5d,
  0x00, 0x00, 0x07, 0x0e, 0x47, 0x7a, 0x17, 0x65, 0xa9, 0x19, 0x6a, 0xaf,
  0x0a, 0x42, 0x74, 0x00, 0x1b, 0x3a, 0x16, 0x65, 0xa8, 0x11, 0x59, 0x9a,
  0x16, 0x61, 0xa1, 0x17, 0x66, 0xa9, 0x12, 0x55, 0x8e, 0x00, 0x0e, 0x24,
  0x14, 0x5d, 0x9b, 0x14, 0x62, 0xa7, 0x0c, 0x55, 0x98, 0x0a, 0x4f, 0x90,
  0x10, 0x5b, 0x9f, 0x0e, 0x57, 0x9a, 0x17, 0x44, 0x6a, 0x0a, 0x23, 0x3a,
  0x05, 0x1c, 0x30, 0x1d, 0x4d, 0x74, 0x13, 0x3b, 0x5d, 0x03, 0x19, 0x2c,
  0x05, 0x1d, 0x31, 0x04, 0x14, 0x22, 0x04, 0x12, 0x1e, 0x03, 0x0d, 0x16,
  0x02, 0x15, 0x29, 0x02, 0x0c, 0x17, 0x05, 0x08, 0x05, 0x00, 0x18, 0x35,
  0x01, 0x19, 0x36, 0x04, 0x0a, 0x0d, 0x03, 0x13, 0x20, 0x04, 0x14, 0x22,
  0x03, 0x0c, 0x15, 0x03, 0x0d, 0x14, 0x02, 0x11, 0x1a, 0x04, 0x12, 0x1d,
  0x04, 0x11, 0x1b, 0x05, 0x10, 0x1a, 0x04, 0x12, 0x1e, 0x04, 0x06, 0x00,
  0x00, 0x20, 0x47, 0x00, 0x24, 0x4d, 0x00, 0x27, 0x54, 0x01, 0x35, 0x69,
  0x02, 0x0b, 0x16, 0x03, 0x0a, 0x0d, 0x06, 0x1b, 0x2a, 0x0c, 0x26, 0x38,
  0x0c, 0x2b, 0x41, 0x05, 0x19, 0x29, 0x02, 0x0a, 0x11, 0x01, 0x00, 0x00,
  0x00, 0x08, 0x1e, 0x07, 0x4a, 0x84, 0x01, 0x35, 0x6c, 0x00, 0x25, 0x51,
  0x00, 0x2c, 0x5c, 0x01, 0x36, 0x6c, 0x06, 0x45, 0x7d, 0x00, 0x0d, 0x21,
  0x02, 0x11, 0x21, 0x03, 0x05, 0x04, 0x02, 0x05, 0x08, 0x00, 0x25, 0x4b,
  0x02, 0x16, 0x2e, 0x03, 0x05, 0x01, 0x02, 0x0c, 0x16, 0x02, 0x0b, 0x14,
  0x03, 0x0a, 0x0f, 0x03, 0x0b, 0x12, 0x03, 0x0b, 0x12, 0x03, 0x0b, 0x11,
  0x03, 0x0a, 0x11, 0x02, 0x0c, 0x12, 0x03, 0x0a, 0x10, 0x03, 0x0a, 0x0e,
  0x03, 0x0a, 0x10, 0x02, 0x0a, 0x10, 0x02, 0x09, 0x0e, 0x02, 0x09, 0x0d,
  0x02, 0x09, 0x0d, 0x03, 0x0a, 0x10, 0x02, 0x0c, 0x15, 0x02, 0x0e, 0x1b,
  0x03, 0x0d, 0x16, 0x03, 0x0e, 0x17, 0x03, 0x0f, 0x1a, 0x03, 0x0e, 0x19,
  0x01, 0x17, 0x2f, 0x01, 0x11, 0x26, 0x0d, 0x4d, 0x88, 0x14, 0x6a, 0xb5,
  0x07, 0x33, 0x5d, 0x0f, 0x53, 0x8e, 0x11, 0x57, 0x93, 0x14, 0x5c, 0x9b,
  0x0c, 0x52, 0x90, 0x11, 0x55, 0x94, 0x17, 0x62, 0xa5, 0x10, 0x59, 0x99,
  0x13, 0x5f, 0xa1, 0x16, 0x63, 0xa6, 0x14, 0x58, 0x95, 0x07, 0x33, 0x5d,
  0x18, 0x6a, 0xb0, 0x14, 0x61, 0xa5, 0x11, 0x5f, 0xa2, 0x12, 0x5e, 0xa0,
  0x16, 0x65, 0xa7, 0x18, 0x6b, 0xae, 0x11, 0x39, 0x59, 0x03, 0x17, 0x28,
  0x00, 0x07, 0x13, 0x1d, 0x4b, 0x6f, 0x16, 0x44, 0x6b, 0x04, 0x1b, 0x2f,
  0x05, 0x20, 0x37, 0x05, 0x17, 0x27, 0x03, 0x0d, 0x15, 0x03, 0x0e, 0x18,
  0x00, 0x2c, 0x5e, 0x00, 0x19, 0x36, 0x04, 0x04, 0x03, 0x00, 0x1e, 0x41,
  0x00, 0x19, 0x36, 0x03, 0x0e, 0x18, 0x03, 0x0f, 0x19, 0x02, 0x0a, 0x13,
  0x00, 0x10, 0x26, 0x01, 0x10, 0x24, 0x03, 0x0b, 0x0f, 0x03, 0x0e, 0x16,
  0x05, 0x11, 0x19, 0x04, 0x0d, 0x11, 0x04, 0x0d, 0x15, 0x04, 0x02, 0x00,
  0x00, 0x1a, 0x3b, 0x00, 0x2d, 0x60, 0x00, 0x22, 0x4c, 0x02, 0x3b, 0x73,
  0x00, 0x16, 0x2d, 0x05, 0x0a, 0x0a, 0x04, 0x0f, 0x18, 0x04, 0x11, 0x1a,
  0x0e, 0x2d, 0x43, 0x0f, 0x33, 0x4d, 0x03, 0x15, 0x24, 0x01, 0x09, 0x11,
  0x02, 0x00, 0x00, 0x00, 0x05, 0x14, 0x02, 0x3e, 0x79, 0x00, 0x2f, 0x60,
  0x00, 0x26, 0x51, 0x00, 0x20, 0x47, 0x01, 0x3e, 0x78, 0x01, 0x2e, 0x5a,
  0x00, 0x03, 0x0e, 0x01, 0x14, 0x2a, 0x02, 0x00, 0x00, 0x01, 0x24, 0x4a,
  0x01, 0x21, 0x44, 0x03, 0x00, 0x00, 0x02, 0x0c, 0x17, 0x02, 0x0a, 0x11,
  0x03, 0x0b, 0x12, 0x03, 0x0b, 0x12, 0x03, 0x0b, 0x11, 0x02, 0x09, 0x10,
  0x02, 0x0a, 0x0f, 0x03, 0x0a, 0x0f, 0x03, 0x0b, 0x13, 0x03, 0x0b, 0x12,
  0x02, 0x0a, 0x10, 0x04, 0x0c, 0x13, 0x03, 0x0c, 0x14, 0x03, 0x0c, 0x16,
  0x02, 0x0c, 0x14, 0x02, 0x0a, 0x11, 0x03, 0x0b, 0x11, 0x03, 0x0a, 0x0e,
  0x03, 0x0b, 0x11, 0x03, 0x0d, 0x15, 0x02, 0x0e, 0x19, 0x00, 0x19, 0x34,
  0x00, 0x17, 0x32, 0x00, 0x0d, 0x1f, 0x07, 0x3f, 0x70, 0x12, 0x63, 0xa8,
  0x11, 0x5a, 0x9c, 0x0e, 0x52, 0x91, 0x11, 0x57, 0x95, 0x10, 0x53, 0x91,
  0x10, 0x58, 0x99, 0x0f, 0x5a, 0x9d, 0x10, 0x59, 0x9b, 0x11, 0x5b, 0x9d,
  0x15, 0x63, 0xa7, 0x14, 0x5f, 0xa1, 0x13, 0x5e, 0xa1, 0x12, 0x5c, 0x9e,
  0x12, 0x5e, 0xa1, 0x11, 0x5d, 0x9f, 0x14, 0x61, 0xa3, 0x14, 0x61, 0xa4,
  0x16, 0x69, 0xad, 0x15, 0x66, 0xa9, 0x0c, 0x2f, 0x4c, 0x05, 0x25, 0x3f,
  0x22, 0x54, 0x7a, 0x1d, 0x4e, 0x75, 0x0e, 0x36, 0x58, 0x06, 0x20, 0x36,
  0x07, 0x1e, 0x32, 0x04, 0x11, 0x18, 0x04, 0x08, 0x09, 0x03, 0x06, 0x07,
  0x00, 0x22, 0x49, 0x00, 0x1f, 0x43, 0x00, 0x1b, 0x3a, 0x00, 0x19, 0x37,
  0x01, 0x14, 0x2c, 0x02, 0x0d, 0x18, 0x01, 0x0d, 0x1c, 0x00, 0x14, 0x2d,
  0x01, 0x12, 0x27, 0x01, 0x10, 0x1f, 0x02, 0x0b, 0x16, 0x02, 0x0a, 0x13,
  0x03, 0x0c, 0x14, 0x04, 0x0b, 0x13, 0x04, 0x0b, 0x14, 0x04, 0x00, 0x00,
  0x01, 0x17, 0x32, 0x00, 0x2c, 0x5e, 0x00, 0x22, 0x4b, 0x00, 0x2b, 0x5b,
  0x00, 0x1b, 0x39, 0x04, 0x06, 0x01, 0x04, 0x12, 0x1c, 0x05, 0x11, 0x1a,
  0x04, 0x12, 0x1c, 0x0f, 0x33, 0x4d, 0x11, 0x38, 0x55, 0x04, 0x19, 0x2a,
  0x02, 0x13, 0x23, 0x02, 0x02, 0x00, 0x01, 0x04, 0x08, 0x03, 0x42, 0x7c,
  0x00, 0x37, 0x6f, 0x00, 0x17, 0x38, 0x00, 0x10, 0x26, 0x02, 0x32, 0x5e,
  0x04, 0x29, 0x49, 0x01, 0x00, 0x00, 0x01, 0x14, 0x26, 0x01, 0x0f, 0x21,
  0x02, 0x0d, 0x19, 0x03, 0x08, 0x0a, 0x02, 0x0c, 0x17, 0x03, 0x0b, 0x13,
  0x02, 0x0b, 0x12, 0x02, 0x0b, 0x11, 0x03, 0x08, 0x09, 0x03, 0x07, 0x09,
  0x03, 0x0a, 0x0f, 0x03, 0x0b, 0x10, 0x03, 0x0b, 0x10, 0x03, 0x0d, 0x13,
  0x03, 0x0c, 0x13, 0x03, 0x0e, 0x16, 0x03, 0x0e, 0x17, 0x03, 0x0d, 0x17,
  0x03, 0x0f, 0x1a, 0x03, 0x0e, 0x17, 0x03, 0x0d, 0x17, 0x03, 0x0c, 0x15,
  0x03, 0x0b, 0x11, 0x03, 0x0a, 0x0f, 0x02, 0x09, 0x10, 0x01, 0x0f, 0x1e,
  0x01, 0x13, 0x29, 0x01, 0x12, 0x28, 0x00, 0x00, 0x00, 0x04, 0x31, 0x5e,
  0x0f, 0x58, 0x9a, 0x13, 0x60, 0xa4, 0x10, 0x53, 0x8d, 0x11, 0x59, 0x99,
  0x12, 0x5c, 0x9e, 0x11, 0x5a, 0x9a, 0x12, 0x5d, 0x9e, 0x16, 0x64, 0xa5,
  0x15, 0x63, 0xa6, 0x12, 0x5c, 0x9e, 0x11, 0x5d, 0xa1, 0x14, 0x64, 0xaa,
  0x13, 0x61, 0xa3, 0x0e, 0x56, 0x97, 0x11, 0x5b, 0x9d, 0x14, 0x63, 0xa6,
  0x0f, 0x5c, 0x9f, 0x0d, 0x56, 0x99, 0x04, 0x1c, 0x30, 0x15, 0x39, 0x57,
  0x2c, 0x66, 0x93, 0x12, 0x40, 0x65, 0x0e, 0x39, 0x5c, 0x06, 0x1f, 0x33,
  0x03, 0x0c, 0x14, 0x00, 0x21, 0x48, 0x01, 0x16, 0x30, 0x00, 0x17, 0x35,
  0x00, 0x19, 0x3a, 0x00, 0x15, 0x2f, 0x02, 0x08, 0x0e, 0x02, 0x04, 0x05,
  0x02, 0x08, 0x0f, 0x01, 0x0e, 0x1d, 0x00, 0x25, 0x50, 0x00, 0x23, 0x48,
  0x01, 0x0d, 0x1d, 0x00, 0x1d, 0x40, 0x00, 0x1c, 0x3d, 0x00, 0x1c, 0x3b,
  0x00, 0x1f, 0x42, 0x00, 0x1d, 0x3f, 0x00, 0x1e, 0x40, 0x00, 0x16, 0x31,
  0x00, 0x1b, 0x3a, 0x00, 0x31, 0x68, 0x00, 0x1f, 0x48, 0x00, 0x2b, 0x5a,
  0x00, 0x29, 0x55, 0x03, 0x01, 0x00, 0x05, 0x10, 0x19, 0x04, 0x0f, 0x18,
  0x03, 0x0d, 0x14, 0x05, 0x11, 0x1a, 0x0a, 0x23, 0x36, 0x0a, 0x23, 0x35,
  0x06, 0x1f, 0x35, 0x02, 0x17, 0x29, 0x01, 0x00, 0x00, 0x02, 0x03, 0x08,
  0x03, 0x40, 0x7a, 0x00, 0x28, 0x56, 0x08, 0x48, 0x81, 0x01, 0x24, 0x46,
  0x06, 0x39, 0x66, 0x03, 0x24, 0x40, 0x02, 0x01, 0x02, 0x02, 0x10, 0x1e,
  0x02, 0x0a, 0x13, 0x03, 0x09, 0x0e, 0x03, 0x05, 0x00, 0x03, 0x05, 0x01,
  0x02, 0x08, 0x0e, 0x02, 0x0a, 0x15, 0x01, 0x0e, 0x1f, 0x01, 0x0f, 0x1f,
  0x02, 0x0c, 0x18, 0x03, 0x0a, 0x0e, 0x02, 0x09, 0x0f, 0x03, 0x09, 0x0f,
  0x03, 0x05, 0x05, 0x03, 0x03, 0x00, 0x03, 0x02, 0x00, 0x03, 0x02, 0x00,
  0x03, 0x03, 0x03, 0x03, 0x07, 0x07, 0x03, 0x04, 0x00, 0x03, 0x04, 0x00,
  0x03, 0x0a, 0x0f, 0x03, 0x11, 0x1f, 0x03, 0x0c, 0x15, 0x03, 0x08, 0x0c,
  0x01, 0x0f, 0x1f, 0x01, 0x16, 0x30, 0x01, 0x12, 0x24, 0x00, 0x00, 0x06,
  0x02, 0x2d, 0x57, 0x15, 0x6b, 0xb7, 0x07, 0x39, 0x67, 0x09, 0x3f, 0x6e,
  0x16, 0x67, 0xad, 0x0f, 0x58, 0x99, 0x14, 0x5f, 0x9f, 0x16, 0x60, 0xa1,
  0x13, 0x5d, 0x9e, 0x13, 0x5f, 0xa1, 0x12, 0x5d, 0xa0, 0x0e, 0x57, 0x9a,
  0x15, 0x62, 0xa2, 0x16, 0x63, 0xa5, 0x16, 0x65, 0xa8, 0x16, 0x67, 0xaa,
  0x14, 0x61, 0xa4, 0x14, 0x60, 0xa2, 0x08, 0x22, 0x37, 0x0e, 0x33, 0x4f,
  0x10, 0x35, 0x53, 0x07, 0x27, 0x43, 0x0b, 0x30, 0x50, 0x07, 0x19, 0x26,
  0x04, 0x07, 0x06, 0x00, 0x1d, 0x3e, 0x00, 0x21, 0x48, 0x00, 0x1f, 0x45,
  0x02, 0x0d, 0x1a, 0x04, 0x00, 0x00, 0x02, 0x12, 0x27, 0x01, 0x1b, 0x3a,
  0x01, 0x0e, 0x1f, 0x00, 0x11, 0x28, 0x00, 0x26, 0x57, 0x00, 0x2f, 0x61,
  0x00, 0x0d, 0x21, 0x00, 0x18, 0x38, 0x00, 0x0d, 0x26, 0x00, 0x0e, 0x2d,
  0x00, 0x09, 0x23, 0x00, 0x0c, 0x23, 0x00, 0x09, 0x1f, 0x00, 0x01, 0x0f,
  0x00, 0x10, 0x22, 0x00, 0x37, 0x70, 0x00, 0x1f, 0x45, 0x00, 0x23, 0x4f,
  0x00, 0x2d, 0x5f, 0x02, 0x06, 0x09, 0x04, 0x09, 0x0d, 0x04, 0x0a, 0x0b,
  0x04, 0x0d, 0x12, 0x04, 0x0d, 0x14, 0x04, 0x0e, 0x15, 0x09, 0x21, 0x31,
  0x0a, 0x22, 0x35, 0x07, 0x23, 0x3a, 0x02, 0x18, 0x2a, 0x02, 0x00, 0x00,
  0x02, 0x09, 0x11, 0x01, 0x32, 0x65, 0x00, 0x26, 0x53, 0x00, 0x24, 0x4f,
  0x00, 0x15, 0x37, 0x00, 0x2e, 0x5b, 0x00, 0x20, 0x41, 0x03, 0x04, 0x05,
  0x03, 0x09, 0x0f, 0x03, 0x02, 0x00, 0x02, 0x11, 0x27, 0x00, 0x11, 0x29,
  0x00, 0x15, 0x2f, 0x00, 0x17, 0x34, 0x00, 0x16, 0x33, 0x01, 0x11, 0x26,
  0x01, 0x0f, 0x20, 0x00, 0x10, 0x24, 0x00, 0x0e, 0x1f, 0x00, 0x0c, 0x1a,
  0x00, 0x14, 0x2e, 0x00, 0x18, 0x38, 0x00, 0x23, 0x4d, 0x00, 0x29, 0x59,
  0x00, 0x27, 0x56, 0x00, 0x20, 0x4d, 0x00, 0x24, 0x54, 0x00, 0x19, 0x37,
  0x02, 0x0d, 0x1a, 0x03, 0x02, 0x00, 0x03, 0x0a, 0x11, 0x02, 0x0d, 0x18,
  0x02, 0x0b, 0x14, 0x02, 0x0e, 0x1d, 0x01, 0x15, 0x2d, 0x01, 0x14, 0x27,
  0x00, 0x00, 0x00, 0x06, 0x3b, 0x6c, 0x04, 0x2b, 0x52, 0x02, 0x28, 0x4b,
  0x17, 0x6c, 0xb3, 0x10, 0x58, 0x99, 0x16, 0x62, 0xa3, 0x1a, 0x6a, 0xad,
  0x18, 0x66, 0xa9, 0x14, 0x60, 0xa2, 0x15, 0x66, 0xaa, 0x12, 0x5e, 0xa1,
  0x0f, 0x55, 0x96, 0x12, 0x59, 0x98, 0x14, 0x5e, 0x9e, 0x15, 0x5f, 0x9e,
  0x16, 0x64, 0xa5, 0x16, 0x60, 0xa0, 0x02, 0x16, 0x27, 0x0f, 0x2d, 0x45,
  0x13, 0x38, 0x56, 0x05, 0x23, 0x3e, 0x0b, 0x2d, 0x48, 0x04, 0x12, 0x1e,
  0x02, 0x09, 0x0f, 0x01, 0x17, 0x30, 0x00, 0x22, 0x49, 0x02, 0x0d, 0x19,
  0x03, 0x00, 0x00, 0x01, 0x23, 0x48, 0x00, 0x25, 0x4f, 0x00, 0x14, 0x2d,
  0x00, 0x20, 0x48, 0x00, 0x27, 0x54, 0x03, 0x3c, 0x71, 0x09, 0x56, 0x92,
  0x00, 0x16, 0x32, 0x00, 0x3b, 0x78, 0x04, 0x4d, 0x8f, 0x0b, 0x5a, 0x9e,
  0x08, 0x5b, 0xa3, 0x03, 0x4a, 0x8b, 0x04, 0x40, 0x7a, 0x03, 0x3f, 0x79,
  0x00, 0x19, 0x31, 0x00, 0x30, 0x63, 0x00, 0x2e, 0x61, 0x00, 0x27, 0x57,
  0x00, 0x2d, 0x62, 0x01, 0x0c, 0x17, 0x01, 0x0c, 0x17, 0x01, 0x0c, 0x19,
  0x03, 0x09, 0x0d, 0x04, 0x06, 0x00, 0x05, 0x10, 0x16, 0x04, 0x10, 0x18,
  0x07, 0x18, 0x24, 0x08, 0x1f, 0x30, 0x06, 0x1f, 0x33, 0x04, 0x18, 0x2a,
  0x02, 0x01, 0x00, 0x01, 0x04, 0x0c, 0x00, 0x20, 0x46, 0x00, 0x19, 0x3a,
  0x00, 0x1d, 0x42, 0x00, 0x18, 0x3a, 0x00, 0x24, 0x4c, 0x01, 0x14, 0x27,
  0x03, 0x03, 0x03, 0x00, 0x20, 0x45, 0x00, 0x22, 0x4c, 0x00, 0x15, 0x2d,
  0x01, 0x0c, 0x18, 0x01, 0x0e, 0x1f, 0x01, 0x0e, 0x1f, 0x00, 0x11, 0x23,
  0x01, 0x0e, 0x1f, 0x01, 0x06, 0x0b, 0x00, 0x16, 0x2d, 0x00, 0x28, 0x58,
  0x00, 0x26, 0x55, 0x00, 0x27, 0x58, 0x00, 0x2d, 0x62, 0x00, 0x2b, 0x5d,
  0x00, 0x22, 0x51, 0x02, 0x22, 0x40, 0x00, 0x21, 0x47, 0x00, 0x2d, 0x62,
  0x00, 0x2e, 0x63, 0x00, 0x26, 0x51, 0x01, 0x0c, 0x1a, 0x03, 0x02, 0x00,
  0x03, 0x0c, 0x14, 0x02, 0x0e, 0x19, 0x02, 0x0c, 0x16, 0x02, 0x0e, 0x1b,
  0x01, 0x12, 0x26, 0x00, 0x07, 0x11, 0x00, 0x07, 0x14, 0x00, 0x17, 0x33,
  0x15, 0x65, 0xaa, 0x19, 0x68, 0xae, 0x17, 0x66, 0xaa, 0x19, 0x6b, 0xaf,
  0x16, 0x62, 0xa3, 0x13, 0x5f, 0xa2, 0x16, 0x69, 0xae, 0x16, 0x64, 0xa7,
  0x15, 0x5f, 0x9f, 0x14, 0x5b, 0x9a, 0x18, 0x61, 0xa0, 0x19, 0x63, 0xa4,
  0x15, 0x5d, 0x9c, 0x12, 0x58, 0x95, 0x01, 0x16, 0x2a, 0x14, 0x39, 0x54,
  0x18, 0x46, 0x69, 0x04, 0x23, 0x3d, 0x08, 0x27, 0x3f, 0x01, 0x13, 0x26,
  0x00, 0x1d, 0x40, 0x00, 0x20, 0x46, 0x01, 0x14, 0x29, 0x04, 0x00, 0x00,
  0x01, 0x22, 0x47, 0x00, 0x21, 0x47, 0x00, 0x19, 0x3a, 0x00, 0x37, 0x6f,
  0x00, 0x33, 0x6c, 0x00, 0x36, 0x71, 0x00, 0x2f, 0x60, 0x09, 0x5e, 0xa5,
  0x05, 0x49, 0x83, 0x00, 0x20, 0x4d, 0x00, 0x32, 0x63, 0x01, 0x31, 0x61,
  0x01, 0x3c, 0x77, 0x00, 0x38, 0x75, 0x04, 0x4a, 0x8a, 0x04, 0x3d, 0x73,
  0x01, 0x1f, 0x3e, 0x00, 0x3e, 0x7b, 0x00, 0x1f, 0x4a, 0x00, 0x20, 0x4b,
  0x00, 0x38, 0x72, 0x01, 0x13, 0x27, 0x01, 0x17, 0x2f, 0x00, 0x19, 0x3a,
  0x00, 0x10, 0x26, 0x01, 0x12, 0x26, 0x03, 0x05, 0x06, 0x04, 0x06, 0x00,
  0x05, 0x0e, 0x12, 0x04, 0x11, 0x19, 0x05, 0x14, 0x20, 0x06, 0x1b, 0x2d,
  0x05, 0x15, 0x23, 0x03, 0x03, 0x00, 0x02, 0x09, 0x10, 0x00, 0x1a, 0x3a,
  0x00, 0x14, 0x2d, 0x00, 0x11, 0x26, 0x01, 0x09, 0x13, 0x02, 0x11, 0x22,
  0x00, 0x24, 0x4e, 0x00, 0x15, 0x2f, 0x00, 0x15, 0x2d, 0x01, 0x1a, 0x37,
  0x01, 0x0a, 0x16, 0x01, 0x12, 0x27, 0x01, 0x11, 0x26, 0x00, 0x0e, 0x20,
  0x01, 0x03, 0x05, 0x00, 0x23, 0x4a, 0x00, 0x26, 0x54, 0x00, 0x11, 0x2d,
  0x00, 0x28, 0x57, 0x00, 0x28, 0x57, 0x00, 0x20, 0x48, 0x00, 0x21, 0x4c,
  0x00, 0x0e, 0x35, 0x10, 0x49, 0x6d, 0x06, 0x31, 0x57, 0x00, 0x01, 0x26,
  0x00, 0x19, 0x41, 0x00, 0x2d, 0x63, 0x00, 0x31, 0x6c, 0x00, 0x1d, 0x42,
  0x03, 0x00, 0x00, 0x03, 0x0b, 0x14, 0x02, 0x10, 0x1f, 0x02, 0x0e, 0x19,
  0x03, 0x0c, 0x15, 0x03, 0x0f, 0x1d, 0x02, 0x14, 0x25, 0x00, 0x00, 0x0a,
  0x0f, 0x54, 0x91, 0x19, 0x67, 0xab, 0x03, 0x26, 0x46, 0x14, 0x5f, 0xa3,
  0x11, 0x5a, 0x9a, 0x11, 0x5b, 0x9c, 0x13, 0x60, 0xa3, 0x14, 0x60, 0xa0,
  0x19, 0x67, 0xa9, 0x12, 0x58, 0x96, 0x17, 0x5f, 0x9d, 0x16, 0x60, 0x9f,
  0x15, 0x5c, 0x9b, 0x13, 0x59, 0x97, 0x11, 0x35, 0x52, 0x13, 0x3d, 0x5e,
  0x17, 0x48, 0x6e, 0x06, 0x24, 0x3c, 0x06, 0x1b, 0x2b, 0x02, 0x11, 0x1f,
  0x00, 0x1a, 0x3b, 0x00, 0x17, 0x32, 0x04, 0x03, 0x00, 0x01, 0x16, 0x31,
  0x00, 0x15, 0x33, 0x00, 0x1a, 0x3f, 0x00, 0x2f, 0x63, 0x04, 0x4a, 0x8d,
  0x00, 0x38, 0x73, 0x00, 0x22, 0x4b, 0x00, 0x02, 0x10, 0x00, 0x34, 0x6b,
  0x00, 0x40, 0x82, 0x00, 0x17, 0x3b, 0x01, 0x09, 0x16, 0x03, 0x04, 0x07,
  0x03, 0x08, 0x0b, 0x01, 0x06, 0x13, 0x01, 0x14, 0x29, 0x00, 0x0e, 0x1f,
  0x00, 0x39, 0x71, 0x00, 0x38, 0x70, 0x01, 0x0f, 0x1f, 0x00, 0x29, 0x52,
  0x00, 0x2f, 0x62, 0x00, 0x15, 0x2c, 0x01, 0x18, 0x31, 0x00, 0x31, 0x66,
  0x01, 0x26, 0x4c, 0x00, 0x15, 0x36, 0x00, 0x19, 0x37, 0x01, 0x13, 0x29,
  0x03, 0x05, 0x05, 0x03, 0x08, 0x0a, 0x04, 0x09, 0x0c, 0x03, 0x0c, 0x11,
  0x04, 0x10, 0x19, 0x04, 0x10, 0x1a, 0x03, 0x07, 0x08, 0x01, 0x0f, 0x1f,
  0x00, 0x19, 0x35, 0x01, 0x07, 0x0e, 0x02, 0x10, 0x21, 0x00, 0x24, 0x4f,
  0x00, 0x12, 0x29, 0x00, 0x15, 0x2e, 0x01, 0x11, 0x25, 0x00, 0x0f, 0x23,
  0x01, 0x13, 0x29, 0x01, 0x10, 0x23, 0x01, 0x0c, 0x19, 0x01, 0x09, 0x14,
  0x00, 0x29, 0x57, 0x00, 0x28, 0x5c, 0x02, 0x32, 0x60, 0x06, 0x39, 0x64,
  0x00, 0x1d, 0x44, 0x00, 0x22, 0x4a, 0x00, 0x32, 0x66, 0x00, 0x36, 0x6d,
  0x00, 0x3d, 0x79, 0x00, 0x35, 0x70, 0x00, 0x32, 0x68, 0x04, 0x49, 0x83,
  0x01, 0x2e, 0x5a, 0x00, 0x0d, 0x28, 0x00, 0x18, 0x3d, 0x00, 0x2a, 0x5f,
  0x00, 0x2a, 0x5a, 0x02, 0x05, 0x08, 0x03, 0x0a, 0x10, 0x02, 0x15, 0x28,
  0x03, 0x10, 0x1d, 0x03, 0x0c, 0x16, 0x02, 0x0f, 0x1e, 0x01, 0x0d, 0x1c,
  0x00, 0x08, 0x16, 0x00, 0x12, 0x25, 0x00, 0x00, 0x00, 0x0c, 0x43, 0x74,
  0x1c, 0x6f, 0xb6, 0x18, 0x67, 0xaa, 0x15, 0x61, 0xa1, 0x04, 0x27, 0x44,
  0x19, 0x69, 0xab, 0x15, 0x5e, 0x9e, 0x19, 0x62, 0x9f, 0x16, 0x5c, 0x99,
  0x17, 0x60, 0x9d, 0x18, 0x62, 0xa0, 0x15, 0x43, 0x68, 0x12, 0x40, 0x65,
  0x15, 0x3c, 0x5d, 0x09, 0x24, 0x3a, 0x07, 0x1a, 0x29, 0x02, 0x1e, 0x3c,
  0x00, 0x22, 0x4b, 0x02, 0x0c, 0x19, 0x01, 0x0e, 0x1f, 0x00, 0x1d, 0x43,
  0x00, 0x23, 0x4f, 0x01, 0x47, 0x8c, 0x02, 0x4b, 0x91, 0x00, 0x21, 0x4c,
  0x01, 0x0c, 0x1d, 0x02, 0x05, 0x09, 0x01, 0x11, 0x24, 0x01, 0x0e, 0x1d,
  0x02, 0x02, 0x06, 0x04, 0x0f, 0x14, 0x06, 0x1b, 0x2a, 0x08, 0x25, 0x3b,
  0x07, 0x1f, 0x31, 0x06, 0x18, 0x25, 0x05, 0x08, 0x00, 0x02, 0x1a, 0x33,
  0x01, 0x50, 0x97, 0x00, 0x1a, 0x45, 0x05, 0x37, 0x64, 0x09, 0x4c, 0x88,
  0x00, 0x19, 0x40, 0x00, 0x29, 0x57, 0x01, 0x00, 0x01, 0x00, 0x23, 0x4e,
  0x02, 0x40, 0x7e, 0x02, 0x38, 0x6c, 0x00, 0x22, 0x4a, 0x00, 0x18, 0x37,
  0x00, 0x0f, 0x22, 0x02, 0x07, 0x0d, 0x01, 0x0b, 0x18, 0x02, 0x08, 0x0f,
  0x03, 0x09, 0x0a, 0x04, 0x0c, 0x11, 0x03, 0x0c, 0x12, 0x03, 0x05, 0x05,
  0x01, 0x0a, 0x13, 0x02, 0x0c, 0x17, 0x01, 0x32, 0x66, 0x00, 0x12, 0x27,
  0x00, 0x11, 0x26, 0x00, 0x19, 0x37, 0x00, 0x11, 0x27, 0x00, 0x10, 0x24,
  0x01, 0x10, 0x23, 0x01, 0x0d, 0x1d, 0x00, 0x0a, 0x18, 0x00, 0x2f, 0x64,
  0x00, 0x2a, 0x5b, 0x00, 0x1f, 0x47, 0x00, 0x24, 0x4c, 0x02, 0x2d, 0x55,
  0x00, 0x2e, 0x60, 0x00, 0x33, 0x69, 0x00, 0x26, 0x52, 0x00, 0x1d, 0x42,
  0x00, 0x13, 0x30, 0x00, 0x1d, 0x43, 0x00, 0x26, 0x54, 0x01, 0x41, 0x7e,
  0x03, 0x4d, 0x8f, 0x01, 0x43, 0x7e, 0x01, 0x27, 0x4c, 0x02, 0x1d, 0x3c,
  0x00, 0x25, 0x4f, 0x00, 0x2a, 0x58, 0x03, 0x02, 0x00, 0x03, 0x0d, 0x17,
  0x02, 0x13, 0x26, 0x02, 0x10, 0x1e, 0x02, 0x0b, 0x14, 0x03, 0x0d, 0x17,
  0x02, 0x13, 0x23, 0x02, 0x11, 0x21, 0x01, 0x14, 0x27, 0x00, 0x15, 0x2d,
  0x0b, 0x43, 0x74, 0x1f, 0x77, 0xc2, 0x1a, 0x65, 0xa3, 0x00, 0x00, 0x00,
  0x14, 0x55, 0x8d, 0x18, 0x63, 0xa5, 0x17, 0x5f, 0x9e, 0x19, 0x61, 0x9e,
  0x1a, 0x64, 0xa4, 0x17, 0x60, 0x9e, 0x15, 0x46, 0x6d, 0x0f, 0x37, 0x56,
  0x06, 0x1d, 0x31, 0x09, 0x26, 0x3e, 0x06, 0x1d, 0x2e, 0x00, 0x22, 0x49,
  0x00, 0x1e, 0x42, 0x03, 0x03, 0x00, 0x01, 0x0f, 0x22, 0x00, 0x1c, 0x42,
  0x00, 0x3b, 0x76, 0x01, 0x4b, 0x91, 0x00, 0x22, 0x4a, 0x03, 0x00, 0x00,
  0x04, 0x07, 0x03, 0x02, 0x11, 0x21, 0x00, 0x13, 0x2d, 0x00, 0x16, 0x32,
  0x04, 0x0d, 0x10, 0x07, 0x1d, 0x2e, 0x06, 0x19, 0x28, 0x06, 0x1c, 0x2d,
  0x04, 0x1a, 0x2d, 0x05, 0x20, 0x37, 0x07, 0x22, 0x38, 0x03, 0x00, 0x00,
  0x00, 0x30, 0x5c, 0x0a, 0x58, 0x9b, 0x00, 0x1b, 0x43, 0x00, 0x1c, 0x3f,
  0x00, 0x2e, 0x60, 0x00, 0x2b, 0x5f, 0x03, 0x42, 0x77, 0x01, 0x00, 0x00,
  0x00, 0x1f, 0x46, 0x01, 0x38, 0x71, 0x03, 0x42, 0x7d, 0x00, 0x30, 0x62,
  0x00, 0x1e, 0x41, 0x00, 0x15, 0x30, 0x00, 0x1e, 0x44, 0x01, 0x0e, 0x20,
  0x02, 0x02, 0x05, 0x02, 0x07, 0x0c, 0x02, 0x06, 0x0a, 0x03, 0x08, 0x0f,
  0x03, 0x00, 0x00, 0x00, 0x22, 0x4c, 0x00, 0x12, 0x2b, 0x01, 0x00, 0x00,
  0x01, 0x10, 0x23, 0x01, 0x11, 0x25, 0x01, 0x10, 0x21, 0x00, 0x13, 0x2a,
  0x01, 0x10, 0x21, 0x01, 0x06, 0x0f, 0x00, 0x2c, 0x5c, 0x00, 0x2c, 0x5e,
  0x00, 0x1d, 0x42, 0x00, 0x1e, 0x43, 0x00, 0x28, 0x58, 0x00, 0x30, 0x64,
  0x00, 0x20, 0x47, 0x00, 0x11, 0x2e, 0x00, 0x17, 0x37, 0x00, 0x22, 0x4a,
  0x00, 0x32, 0x67, 0x02, 0x36, 0x65, 0x00, 0x1b, 0x3b, 0x00, 0x0e, 0x31,
  0x01, 0x37, 0x6e, 0x00, 0x34, 0x6e, 0x06, 0x4f, 0x8e, 0x06, 0x46, 0x79,
  0x00, 0x0a, 0x32, 0x00, 0x32, 0x6c, 0x00, 0x24, 0x52, 0x04, 0x01, 0x00,
  0x03, 0x0f, 0x1d, 0x02, 0x0f, 0x1b, 0x03, 0x16, 0x2b, 0x03, 0x11, 0x21,
  0x03, 0x0f, 0x1b, 0x03, 0x14, 0x24, 0x03, 0x12, 0x21, 0x01, 0x12, 0x26,
  0x00, 0x00, 0x00, 0x0b, 0x3b, 0x64, 0x0d, 0x38, 0x5c, 0x00, 0x00, 0x0a,
  0x07, 0x36, 0x61, 0x1b, 0x6b, 0xae, 0x15, 0x5d, 0x9b, 0x17, 0x61, 0xa0,
  0x17, 0x58, 0x91, 0x1b, 0x67, 0xa6, 0x0c, 0x2d, 0x47, 0x09, 0x2b, 0x48,
  0x04, 0x1c, 0x30, 0x06, 0x1f, 0x35, 0x06, 0x18, 0x25, 0x00, 0x19, 0x3b,
  0x00, 0x11, 0x26, 0x01, 0x0f, 0x20, 0x00, 0x16, 0x32, 0x00, 0x13, 0x28,
  0x00, 0x13, 0x27, 0x00, 0x14, 0x2d, 0x00, 0x16, 0x31, 0x01, 0x1f, 0x40,
  0x03, 0x06, 0x05, 0x01, 0x12, 0x25, 0x01, 0x22, 0x44, 0x00, 0x27, 0x55,
  0x00, 0x1c, 0x3e, 0x06, 0x1b, 0x29, 0x06, 0x1d, 0x2f, 0x05, 0x1b, 0x2c,
  0x04, 0x20, 0x38, 0x05, 0x1f, 0x36, 0x07, 0x24, 0x3c, 0x06, 0x1e, 0x32,
  0x00, 0x00, 0x00, 0x0a, 0x4b, 0x7e, 0x0c, 0x5c, 0x9f, 0x00, 0x1d, 0x4f,
  0x00, 0x3b, 0x75, 0x00, 0x2c, 0x5c, 0x01, 0x3b, 0x73, 0x04, 0x43, 0x78,
  0x03, 0x00, 0x00, 0x00, 0x0d, 0x1e, 0x01, 0x2f, 0x5e, 0x01, 0x41, 0x81,
  0x02, 0x34, 0x65, 0x00, 0x25, 0x4e, 0x00, 0x2a, 0x57, 0x00, 0x1a, 0x3a,
  0x00, 0x1b, 0x3a, 0x00, 0x1c, 0x40, 0x00, 0x21, 0x49, 0x01, 0x0e, 0x1d,
  0x02, 0x16, 0x30, 0x00, 0x21, 0x4c, 0x01, 0x19, 0x34, 0x04, 0x41, 0x78,
  0x00, 0x0a, 0x16, 0x01, 0x10, 0x23, 0x01, 0x13, 0x29, 0x00, 0x10, 0x23,
  0x01, 0x04, 0x0a, 0x00, 0x22, 0x49, 0x00, 0x21, 0x4b, 0x00, 0x00, 0x00,
  0x00, 0x18, 0x3a, 0x00, 0x36, 0x6c, 0x00, 0x28, 0x58, 0x00, 0x10, 0x22,
  0x08, 0x19, 0x23, 0x0c, 0x1e, 0x2a, 0x0c, 0x1e, 0x2a, 0x09, 0x1a, 0x27,
  0x00, 0x13, 0x27, 0x00, 0x2c, 0x53, 0x0a, 0x53, 0x90, 0x06, 0x3c, 0x6a,
  0x00, 0x0b, 0x2d, 0x08, 0x57, 0x9a, 0x08, 0x51, 0x95, 0x16, 0x79, 0xc6,
  0x14, 0x5f, 0x97, 0x00, 0x0c, 0x3e, 0x00, 0x34, 0x70, 0x00, 0x20, 0x45,
  0x04, 0x04, 0x00, 0x02, 0x0d, 0x18, 0x04, 0x1c, 0x37, 0x03, 0x1f, 0x3d,
  0x04, 0x0c, 0x16, 0x03, 0x11, 0x20, 0x03, 0x10, 0x1e, 0x03, 0x11, 0x1f,
  0x02, 0x15, 0x27, 0x00, 0x00, 0x03, 0x00, 0x07, 0x12, 0x01, 0x19, 0x31,
  0x00, 0x16, 0x33, 0x1a, 0x66, 0xa8, 0x1c, 0x6d, 0xb0, 0x1b, 0x69, 0xac,
  0x03, 0x22, 0x3f, 0x16, 0x5d, 0x99, 0x03, 0x21, 0x3a, 0x05, 0x2e, 0x52,
  0x05, 0x28, 0x46, 0x04, 0x1c, 0x2f, 0x04, 0x14, 0x1e, 0x00, 0x14, 0x2e,
  0x00, 0x17, 0x33, 0x00, 0x1d, 0x40, 0x00, 0x36, 0x70, 0x00, 0x2c, 0x60,
  0x00, 0x17, 0x3a, 0x01, 0x10, 0x23, 0x03, 0x0d, 0x18, 0x02, 0x10, 0x1f,
  0x02, 0x0b, 0x15, 0x00, 0x12, 0x2c, 0x01, 0x31, 0x60, 0x00, 0x26, 0x52,
  0x01, 0x1c, 0x39, 0x07, 0x20, 0x34, 0x04, 0x19, 0x2a, 0x03, 0x16, 0x25,
  0x04, 0x19, 0x2a, 0x04, 0x19, 0x2b, 0x07, 0x26, 0x3f, 0x08, 0x20, 0x33,
  0x05, 0x17, 0x23, 0x00, 0x00, 0x00, 0x07, 0x49, 0x81, 0x07, 0x51, 0x8e,
  0x00, 0x17, 0x40, 0x00, 0x33, 0x66, 0x00, 0x0d, 0x27, 0x02, 0x35, 0x65,
  0x02, 0x26, 0x49, 0x04, 0x00, 0x00, 0x04, 0x05, 0x04, 0x02, 0x17, 0x2f,
  0x03, 0x2b, 0x52, 0x03, 0x41, 0x7f, 0x03, 0x3b, 0x6e, 0x03, 0x32, 0x60,
  0x01, 0x2d, 0x59, 0x00, 0x23, 0x4b, 0x01, 0x15, 0x2f, 0x02, 0x03, 0x01,
  0x00, 0x26, 0x51, 0x00, 0x18, 0x39, 0x01, 0x20, 0x40, 0x03, 0x30, 0x58,
  0x00, 0x06, 0x12, 0x00, 0x17, 0x32, 0x01, 0x0f, 0x22, 0x01, 0x0a, 0x19,
  0x01, 0x13, 0x27, 0x00, 0x31, 0x67, 0x03, 0x21, 0x3d, 0x0b, 0x36, 0x5a,
  0x00, 0x2e, 0x5f, 0x00, 0x2e, 0x5f, 0x06, 0x14, 0x1b, 0x0e, 0x25, 0x34,
  0x0f, 0x2b, 0x3d, 0x0e, 0x27, 0x37, 0x10, 0x2d, 0x3e, 0x0e, 0x26, 0x36,
  0x11, 0x27, 0x32, 0x10, 0x21, 0x27, 0x00, 0x0c, 0x1a, 0x01, 0x44, 0x7f,
  0x0d, 0x54, 0x8d, 0x00, 0x0f, 0x2e, 0x19, 0x76, 0xbb, 0x10, 0x68, 0xb7,
  0x18, 0x82, 0xc9, 0x0b, 0x4d, 0x7d, 0x00, 0x0e, 0x40, 0x00, 0x39, 0x78,
  0x02, 0x0f, 0x21, 0x03, 0x08, 0x0a, 0x02, 0x0e, 0x18, 0x05, 0x1e, 0x36,
  0x04, 0x10, 0x1d, 0x04, 0x10, 0x1a, 0x05, 0x13, 0x20, 0x04, 0x10, 0x1d,
  0x02, 0x13, 0x25, 0x03, 0x13, 0x24, 0x02, 0x16, 0x2a, 0x02, 0x17, 0x2d,
  0x00, 0x13, 0x28, 0x04, 0x2d, 0x53, 0x14, 0x5c, 0x9c, 0x16, 0x62, 0xa2,
  0x00, 0x00, 0x0c, 0x0f, 0x4a, 0x7e, 0x04, 0x22, 0x3d, 0x03, 0x23, 0x3f,
  0x05, 0x2c, 0x4c, 0x06, 0x1e, 0x33, 0x05, 0x15, 0x21, 0x01, 0x0d, 0x1a,
  0x02, 0x18, 0x31, 0x00, 0x1d, 0x42, 0x0f, 0x5e, 0x9a, 0x0d, 0x5a, 0x96,
  0x00, 0x26, 0x5a, 0x00, 0x25, 0x50, 0x04, 0x03, 0x00, 0x03, 0x0b, 0x14,
  0x00, 0x0c, 0x23, 0x02, 0x2d, 0x56, 0x01, 0x32, 0x60, 0x01, 0x00, 0x00,
  0x04, 0x1c, 0x2e, 0x03, 0x23, 0x41, 0x04, 0x25, 0x42, 0x05, 0x21, 0x37,
  0x02, 0x16, 0x27, 0x0d, 0x30, 0x4c, 0x12, 0x40, 0x65, 0x05, 0x23, 0x3a,
  0x03, 0x13, 0x1f, 0x04, 0x17, 0x25, 0x00, 0x00, 0x00, 0x03, 0x45, 0x81,
  0x05, 0x4f, 0x91, 0x00, 0x15, 0x3b, 0x00, 0x06, 0x0e, 0x00, 0x14, 0x35,
  0x06, 0x4b, 0x88, 0x02, 0x0d, 0x15, 0x05, 0x18, 0x29, 0x06, 0x17, 0x20,
  0x05, 0x04, 0x00, 0x03, 0x17, 0x2d, 0x01, 0x0c, 0x19, 0x01, 0x0c, 0x17,
  0x02, 0x09, 0x13, 0x02, 0x09, 0x12, 0x03, 0x00, 0x00, 0x01, 0x13, 0x2a,
  0x00, 0x20, 0x49, 0x00, 0x18, 0x38, 0x00, 0x15, 0x32, 0x00, 0x04, 0x12,
  0x00, 0x17, 0x35, 0x00, 0x13, 0x2b, 0x00, 0x12, 0x29, 0x01, 0x02, 0x04,
  0x00, 0x2f, 0x61, 0x00, 0x29, 0x5b, 0x00, 0x1f, 0x44, 0x03, 0x37, 0x6d,
  0x01, 0x37, 0x6b, 0x08, 0x0c, 0x07, 0x11, 0x2e, 0x43, 0x10, 0x29, 0x38,
  0x0e, 0x27, 0x37, 0x0f, 0x26, 0x35, 0x0e, 0x2a, 0x3e, 0x10, 0x30, 0x47,
  0x19, 0x40, 0x5d, 0x1d, 0x47, 0x65, 0x13, 0x30, 0x43, 0x06, 0x06, 0x05,
  0x18, 0x6f, 0xb1, 0x1f, 0x74, 0xb2, 0x00, 0x00, 0x1a, 0x0f, 0x6c, 0xb7,
  0x0c, 0x62, 0xae, 0x13, 0x7c, 0xc3, 0x01, 0x38, 0x67, 0x00, 0x19, 0x48,
  0x00, 0x27, 0x54, 0x06, 0x11, 0x17, 0x02, 0x19, 0x30, 0x01, 0x17, 0x30,
  0x02, 0x10, 0x1e, 0x06, 0x06, 0x00, 0x06, 0x08, 0x09, 0x04, 0x28, 0x4a,
  0x05, 0x28, 0x4b, 0x04, 0x0a, 0x11, 0x03, 0x12, 0x22, 0x02, 0x0f, 0x1c,
  0x02, 0x11, 0x22, 0x00, 0x03, 0x0e, 0x00, 0x19, 0x32, 0x03, 0x24, 0x41,
  0x00, 0x00, 0x0b, 0x0a, 0x39, 0x64, 0x05, 0x1c, 0x2f, 0x03, 0x20, 0x3a,
  0x07, 0x30, 0x53, 0x08, 0x23, 0x3a, 0x05, 0x17, 0x24, 0x04, 0x14, 0x20,
  0x04, 0x05, 0x00, 0x00, 0x17, 0x39, 0x00, 0x2b, 0x60, 0x00, 0x2f, 0x60,
  0x01, 0x0a, 0x13, 0x01, 0x10, 0x23, 0x01, 0x12, 0x26, 0x00, 0x10, 0x2b,
  0x00, 0x23, 0x48, 0x03, 0x46, 0x84, 0x00, 0x1b, 0x3d, 0x02, 0x0f, 0x1c,
  0x02, 0x1f, 0x37, 0x02, 0x1d, 0x37, 0x1c, 0x53, 0x80, 0x0a, 0x33, 0x53,
  0x06, 0x29, 0x45, 0x1f, 0x52, 0x77, 0x20, 0x5a, 0x86, 0x12, 0x3c, 0x5e,
  0x00, 0x07, 0x11, 0x04, 0x16, 0x24, 0x04, 0x17, 0x25, 0x01, 0x00, 0x00,
  0x05, 0x4c, 0x8a, 0x01, 0x4b, 0x8f, 0x12, 0x4e, 0x79, 0x0f, 0x4c, 0x7b,
  0x00, 0x3e, 0x83, 0x05, 0x44, 0x7a, 0x03, 0x00, 0x00, 0x06, 0x25, 0x3f,
  0x08, 0x25, 0x3c, 0x02, 0x00, 0x00, 0x00, 0x00, 0x09, 0x00, 0x09, 0x21,
  0x00, 0x07, 0x15, 0x01, 0x07, 0x0f, 0x02, 0x02, 0x03, 0x00, 0x22, 0x4b,
  0x00, 0x1a, 0x3a, 0x00, 0x12, 0x29, 0x00, 0x1a, 0x39, 0x00, 0x1a, 0x3a,
  0x00, 0x16, 0x33, 0x00, 0x16, 0x31, 0x00, 0x0f, 0x22, 0x01, 0x0f, 0x20,
  0x00, 0x36, 0x72, 0x00, 0x1f, 0x47, 0x00, 0x1f, 0x4b, 0x00, 0x3a, 0x76,
  0x04, 0x0f, 0x1b, 0x0b, 0x1a, 0x21, 0x0a, 0x1b, 0x25, 0x09, 0x1a, 0x22,
  0x09, 0x17, 0x1f, 0x0a, 0x19, 0x22, 0x0c, 0x1b, 0x22, 0x0f, 0x2d, 0x40,
  0x15, 0x3f, 0x5d, 0x18, 0x44, 0x63, 0x1a, 0x43, 0x5f, 0x15, 0x31, 0x42,
  0x00, 0x03, 0x0f, 0x26, 0x8d, 0xd6, 0x15, 0x4f, 0x7d, 0x00, 0x2a, 0x50,
  0x17, 0x7c, 0xc9, 0x0c, 0x61, 0xab, 0x0f, 0x70, 0xb6, 0x00, 0x09, 0x1f,
  0x00, 0x2b, 0x59, 0x04, 0x16, 0x29, 0x0b, 0x1b, 0x23, 0x05, 0x1b, 0x2f,
  0x00, 0x1c, 0x3d, 0x00, 0x1d, 0x3e, 0x02, 0x16, 0x2b, 0x04, 0x24, 0x43,
  0x06, 0x27, 0x46, 0x04, 0x09, 0x0d, 0x04, 0x0f, 0x19, 0x03, 0x0e, 0x19,
  0x0a, 0x35, 0x5d, 0x05, 0x22, 0x3f, 0x01, 0x06, 0x0e, 0x02, 0x0f, 0x1e,
  0x01, 0x12, 0x27, 0x04, 0x1f, 0x3a, 0x00, 0x0e, 0x1b, 0x00, 0x14, 0x28,
  0x05, 0x23, 0x3d, 0x05, 0x1a, 0x2b, 0x05, 0x19, 0x2a, 0x06, 0x20, 0x35,
  0x03, 0x04, 0x02, 0x00, 0x22, 0x4c, 0x01, 0x41, 0x81, 0x00, 0x24, 0x4a,
  0x01, 0x00, 0x02, 0x00, 0x19, 0x37, 0x00, 0x15, 0x31, 0x00, 0x27, 0x4d,
  0x03, 0x3f, 0x75, 0x00, 0x1f, 0x47, 0x01, 0x3e, 0x79, 0x03, 0x22, 0x41,
  0x00, 0x1c, 0x38, 0x0c, 0x2d, 0x48, 0x23, 0x57, 0x80, 0x0c, 0x2c, 0x47,
  0x0b, 0x30, 0x4e, 0x24, 0x58, 0x7d, 0x1f, 0x4f, 0x73, 0x19, 0x44, 0x67,
  0x1f, 0x4e, 0x72, 0x01, 0x15, 0x23, 0x05, 0x19, 0x29, 0x04, 0x16, 0x24,
  0x01, 0x00, 0x00, 0x04, 0x44, 0x7b, 0x04, 0x52, 0x94, 0x00, 0x21, 0x50,
  0x00, 0x35, 0x73, 0x00, 0x43, 0x83, 0x00, 0x1a, 0x36, 0x03, 0x00, 0x00,
  0x05, 0x0f, 0x15, 0x03, 0x2b, 0x4f, 0x02, 0x33, 0x61, 0x08, 0x3c, 0x6b,
  0x07, 0x3f, 0x75, 0x00, 0x20, 0x43, 0x01, 0x09, 0x16, 0x00, 0x22, 0x4a,
  0x00, 0x14, 0x2f, 0x00, 0x1a, 0x38, 0x00, 0x14, 0x2d, 0x00, 0x18, 0x34,
  0x00, 0x14, 0x2d, 0x00, 0x16, 0x33, 0x01, 0x06, 0x0d, 0x00, 0x22, 0x48,
  0x00, 0x2d, 0x62, 0x00, 0x1f, 0x47, 0x00, 0x2a, 0x59, 0x02, 0x2d, 0x56,
  0x09, 0x0c, 0x01, 0x07, 0x14, 0x1d, 0x08, 0x14, 0x1c, 0x0a, 0x1c, 0x28,
  0x0d, 0x22, 0x2f, 0x0f, 0x24, 0x31, 0x0c, 0x20, 0x2b, 0x0b, 0x19, 0x1f,
  0x09, 0x2a, 0x44, 0x17, 0x4b, 0x75, 0x24, 0x5d, 0x87, 0x26, 0x57, 0x7b,
  0x0c, 0x18, 0x1d, 0x09, 0x32, 0x56, 0x27, 0x9b, 0xe7, 0x00, 0x01, 0x1a,
  0x0c, 0x57, 0x94, 0x12, 0x6f, 0xba, 0x05, 0x63, 0xae, 0x08, 0x4a, 0x7b,
  0x00, 0x0e, 0x34, 0x00, 0x27, 0x50, 0x0c, 0x1b, 0x21, 0x0e, 0x27, 0x37,
  0x0b, 0x26, 0x3b, 0x02, 0x22, 0x41, 0x00, 0x21, 0x46, 0x00, 0x20, 0x45,
  0x00, 0x27, 0x4a, 0x02, 0x1c, 0x37, 0x04, 0x01, 0x00, 0x04, 0x17, 0x29,
  0x0c, 0x3f, 0x6d, 0x08, 0x30, 0x56, 0x02, 0x05, 0x09, 0x04, 0x14, 0x25,
  0x03, 0x13, 0x25, 0x01, 0x10, 0x22, 0x14, 0x3d, 0x5d, 0x12, 0x39, 0x59,
  0x05, 0x24, 0x3c, 0x06, 0x1c, 0x30, 0x05, 0x19, 0x27, 0x06, 0x1f, 0x32,
  0x03, 0x07, 0x09, 0x00, 0x27, 0x55, 0x01, 0x3d, 0x79, 0x01, 0x1f, 0x3d,
  0x01, 0x09, 0x13, 0x00, 0x1b, 0x3b, 0x00, 0x1a, 0x38, 0x00, 0x2c, 0x5f,
  0x00, 0x18, 0x37, 0x03, 0x05, 0x02, 0x03, 0x1d, 0x37, 0x04, 0x19, 0x28,
  0x00, 0x10, 0x23, 0x10, 0x35, 0x51, 0x1b, 0x4b, 0x6f, 0x19, 0x3f, 0x5a,
  0x29, 0x5e, 0x86, 0x11, 0x32, 0x4b, 0x1d, 0x49, 0x6a, 0x10, 0x35, 0x52,
  0x1b, 0x47, 0x68, 0x07, 0x1d, 0x30, 0x04, 0x16, 0x23, 0x09, 0x24, 0x39,
  0x04, 0x17, 0x26, 0x01, 0x00, 0x00, 0x02, 0x3b, 0x6e, 0x06, 0x56, 0x9b,
  0x00, 0x30, 0x68, 0x00, 0x22, 0x51, 0x00, 0x33, 0x6a, 0x01, 0x17, 0x2e,
  0x03, 0x00, 0x00, 0x04, 0x3a, 0x6a, 0x08, 0x4f, 0x90, 0x10, 0x57, 0x94,
  0x02, 0x32, 0x61, 0x00, 0x16, 0x2e, 0x01, 0x1e, 0x3f, 0x00, 0x1f, 0x45,
  0x00, 0x1b, 0x3e, 0x00, 0x26, 0x51, 0x00, 0x1d, 0x3f, 0x00, 0x12, 0x29,
  0x00, 0x13, 0x2c, 0x00, 0x10, 0x26, 0x01, 0x0c, 0x1c, 0x00, 0x31, 0x6a,
  0x00, 0x27, 0x56, 0x00, 0x22, 0x4d, 0x01, 0x38, 0x6f, 0x06, 0x0c, 0x12,
  0x09, 0x16, 0x1a, 0x07, 0x15, 0x1c, 0x0b, 0x19, 0x21, 0x0c, 0x1e, 0x28,
  0x07, 0x15, 0x1d, 0x12, 0x2a, 0x37, 0x15, 0x30, 0x42, 0x0e, 0x26, 0x35,
  0x02, 0x0b, 0x0f, 0x0c, 0x2e, 0x4a, 0x1f, 0x59, 0x86, 0x39, 0x7a, 0xa9,
  0x22, 0x4e, 0x6d, 0x09, 0x0b, 0x0a, 0x16, 0x67, 0xa5, 0x1d, 0x73, 0xb1,
  0x00, 0x00, 0x08, 0x0b, 0x5f, 0xa5, 0x00, 0x48, 0x8a, 0x18, 0x7f, 0xc4,
  0x00, 0x12, 0x32, 0x00, 0x24, 0x56, 0x06, 0x18, 0x27, 0x0e, 0x26, 0x36,
  0x0d, 0x25, 0x38, 0x0e, 0x25, 0x34, 0x12, 0x2e, 0x42, 0x0b, 0x29, 0x43,
  0x00, 0x21, 0x42, 0x00, 0x27, 0x53, 0x00, 0x27, 0x51, 0x01, 0x1d, 0x3b,
  0x02, 0x11, 0x21, 0x04, 0x25, 0x43, 0x03, 0x0f, 0x1a, 0x04, 0x12, 0x1e,
  0x03, 0x15, 0x27, 0x03, 0x14, 0x25, 0x1c, 0x4d, 0x74, 0x1a, 0x4d, 0x76,
  0x03, 0x1d, 0x33, 0x09, 0x27, 0x42, 0x05, 0x18, 0x28, 0x05, 0x19, 0x27,
  0x02, 0x0a, 0x10, 0x00, 0x2d, 0x5f, 0x00, 0x3b, 0x77, 0x00, 0x15, 0x2b,
  0x05, 0x0b, 0x0b, 0x05, 0x17, 0x23, 0x05, 0x12, 0x19, 0x00, 0x20, 0x42,
  0x00, 0x20, 0x43, 0x07, 0x14, 0x1d, 0x06, 0x1a, 0x29, 0x05, 0x1b, 0x2c,
  0x06, 0x1a, 0x2a, 0x00, 0x0c, 0x1f, 0x25, 0x53, 0x77, 0x26, 0x55, 0x78,
  0x2b, 0x61, 0x8b, 0x00, 0x0e, 0x1a, 0x03, 0x14, 0x21, 0x0b, 0x28, 0x3d,
  0x0d, 0x2a, 0x3f, 0x11, 0x30, 0x4a, 0x0c, 0x2b, 0x44, 0x09, 0x25, 0x3c,
  0x06, 0x1a, 0x29, 0x02, 0x0f, 0x17, 0x02, 0x00, 0x00, 0x04, 0x31, 0x57,
  0x0d, 0x60, 0xa3, 0x00, 0x2c, 0x62, 0x00, 0x24, 0x52, 0x00, 0x37, 0x6f,
  0x01, 0x1e, 0x3e, 0x02, 0x00, 0x00, 0x01, 0x03, 0x06, 0x00, 0x00, 0x00,
  0x00, 0x03, 0x09, 0x01, 0x07, 0x0c, 0x00, 0x2b, 0x57, 0x00, 0x1d, 0x41,
  0x00, 0x24, 0x4c, 0x00, 0x1e, 0x44, 0x00, 0x21, 0x49, 0x00, 0x1a, 0x3a,
  0x00, 0x1c, 0x41, 0x00, 0x0b, 0x1b, 0x00, 0x23, 0x48, 0x00, 0x33, 0x6d,
  0x00, 0x0a, 0x16, 0x00, 0x28, 0x55, 0x00, 0x2c, 0x59, 0x09, 0x09, 0x00,
  0x09, 0x19, 0x22, 0x08, 0x14, 0x1a, 0x0c, 0x1c, 0x23, 0x0b, 0x19, 0x21,
  0x08, 0x13, 0x18, 0x0e, 0x21, 0x2b, 0x19, 0x37, 0x49, 0x19, 0x38, 0x49,
  0x0b, 0x1f, 0x2b, 0x06, 0x0e, 0x12, 0x0f, 0x3b, 0x5e, 0x2c, 0x70, 0xa1,
  0x26, 0x56, 0x77, 0x11, 0x28, 0x38, 0x03, 0x12, 0x25, 0x1a, 0x7e, 0xc4,
  0x04, 0x21, 0x38, 0x00, 0x30, 0x65, 0x00, 0x3d, 0x7f, 0x15, 0x7a, 0xc2,
  0x0b, 0x4e, 0x7f, 0x00, 0x09, 0x38, 0x01, 0x1d, 0x3b, 0x0b, 0x21, 0x2e,
  0x0a, 0x2e, 0x4d, 0x08, 0x24, 0x3b, 0x0d, 0x25, 0x38, 0x16, 0x3d, 0x58,
  0x19, 0x44, 0x63, 0x0d, 0x2d, 0x46, 0x00, 0x13, 0x2b, 0x00, 0x18, 0x3b,
  0x00, 0x1f, 0x42, 0x00, 0x15, 0x31, 0x02, 0x15, 0x2a, 0x03, 0x0e, 0x17,
  0x05, 0x0c, 0x0f, 0x04, 0x0d, 0x15, 0x13, 0x42, 0x66, 0x0a, 0x30, 0x50,
  0x03, 0x1a, 0x2e, 0x07, 0x20, 0x36, 0x05, 0x1c, 0x31, 0x05, 0x16, 0x21,
  0x02, 0x0a, 0x14, 0x00, 0x1c, 0x3a, 0x00, 0x24, 0x4b, 0x01, 0x0f, 0x1f,
  0x07, 0x12, 0x17, 0x06, 0x18, 0x26, 0x05, 0x17, 0x26, 0x05, 0x16, 0x21,
  0x07, 0x1e, 0x2d, 0x07, 0x23, 0x3a, 0x07, 0x1e, 0x2f, 0x07, 0x21, 0x34,
  0x08, 0x21, 0x37, 0x04, 0x20, 0x35, 0x18, 0x43, 0x62, 0x36, 0x73, 0xa1,
  0x2a, 0x62, 0x8c, 0x23, 0x4c, 0x6c, 0x0e, 0x2e, 0x43, 0x1a, 0x45, 0x66,
  0x18, 0x42, 0x62, 0x10, 0x2f, 0x49, 0x0f, 0x2d, 0x46, 0x11, 0x36, 0x53,
  0x10, 0x38, 0x59, 0x0f, 0x35, 0x54, 0x06, 0x1d, 0x2d, 0x03, 0x00, 0x00,
  0x02, 0x22, 0x3f, 0x0a, 0x53, 0x94, 0x00, 0x29, 0x58, 0x00, 0x2a, 0x5c,
  0x00, 0x35, 0x71, 0x00, 0x20, 0x4a, 0x02, 0x11, 0x20, 0x04, 0x11, 0x1b,
  0x04, 0x0d, 0x10, 0x03, 0x09, 0x11, 0x00, 0x29, 0x58, 0x00, 0x1a, 0x3b,
  0x00, 0x09, 0x1d, 0x01, 0x0f, 0x21, 0x00, 0x18, 0x38, 0x00, 0x1a, 0x3a,
  0x00, 0x1d, 0x41, 0x01, 0x06, 0x0f, 0x00, 0x39, 0x71, 0x00, 0x22, 0x4e,
  0x00, 0x00, 0x00, 0x00, 0x33, 0x68, 0x03, 0x17, 0x2c, 0x0b, 0x13, 0x10,
  0x08, 0x14, 0x1a, 0x0a, 0x18, 0x1f, 0x0d, 0x1e, 0x27, 0x0d, 0x21, 0x2b,
  0x0a, 0x19, 0x21, 0x0a, 0x18, 0x1f, 0x12, 0x2b, 0x38, 0x19, 0x33, 0x40,
  0x0f, 0x25, 0x31, 0x0f, 0x21, 0x2b, 0x04, 0x13, 0x1e, 0x17, 0x57, 0x88,
  0x24, 0x5c, 0x85, 0x0e, 0x24, 0x34, 0x0a, 0x12, 0x12, 0x09, 0x52, 0x91,
  0x12, 0x5e, 0x97, 0x00, 0x00, 0x1c, 0x00, 0x34, 0x75, 0x0a, 0x55, 0x95,
  0x13, 0x73, 0xb5, 0x00, 0x02, 0x30, 0x00, 0x2a, 0x59, 0x09, 0x17, 0x1b,
  0x0b, 0x2c, 0x46, 0x0e, 0x35, 0x55, 0x0b, 0x37, 0x5d, 0x05, 0x26, 0x44,
  0x10, 0x33, 0x4f, 0x24, 0x5a, 0x84, 0x2f, 0x69, 0x92, 0x18, 0x3f, 0x5b,
  0x00, 0x19, 0x30, 0x00, 0x21, 0x44, 0x00, 0x13, 0x30, 0x00, 0x17, 0x38,
  0x00, 0x18, 0x35, 0x01, 0x12, 0x23, 0x0e, 0x30, 0x4b, 0x05, 0x1d, 0x33,
  0x07, 0x20, 0x34, 0x08, 0x23, 0x39, 0x07, 0x1b, 0x2b, 0x05, 0x0f, 0x16,
  0x01, 0x0a, 0x16, 0x00, 0x11, 0x29, 0x00, 0x15, 0x32, 0x01, 0x0f, 0x1d,
  0x04, 0x0d, 0x11, 0x06, 0x1a, 0x29, 0x07, 0x23, 0x39, 0x07, 0x24, 0x3c,
  0x05, 0x25, 0x40, 0x0e, 0x39, 0x5c, 0x0c, 0x2d, 0x47, 0x09, 0x2a, 0x44,
  0x0b, 0x2f, 0x4b, 0x0a, 0x25, 0x38, 0x0b, 0x2d, 0x45, 0x2c, 0x60, 0x87,
  0x36, 0x70, 0x9b, 0x34, 0x64, 0x88, 0x00, 0x13, 0x20, 0x12, 0x37, 0x55,
  0x0e, 0x33, 0x52, 0x03, 0x1f, 0x36, 0x00, 0x12, 0x26, 0x00, 0x0b, 0x1a,
  0x00, 0x14, 0x26, 0x09, 0x24, 0x3b, 0x0e, 0x31, 0x4d, 0x0a, 0x28, 0x41,
  0x05, 0x02, 0x00, 0x02, 0x18, 0x2c, 0x01, 0x3a, 0x6f, 0x00, 0x28, 0x55,
  0x00, 0x18, 0x36, 0x00, 0x17, 0x34, 0x00, 0x19, 0x39, 0x04, 0x09, 0x0b,
  0x05, 0x12, 0x18, 0x03, 0x0c, 0x16, 0x00, 0x1f, 0x47, 0x00, 0x19, 0x38,
  0x07, 0x47, 0x7e, 0x00, 0x2e, 0x5f, 0x00, 0x0e, 0x25, 0x00, 0x18, 0x34,
  0x00, 0x13, 0x2f, 0x00, 0x12, 0x26, 0x00, 0x31, 0x69, 0x02, 0x31, 0x5e,
  0x12, 0x5f, 0x96, 0x00, 0x1e, 0x4e, 0x06, 0x11, 0x17, 0x0a, 0x14, 0x17,
  0x0b, 0x17, 0x1d, 0x09, 0x16, 0x1d, 0x09, 0x16, 0x1c, 0x0d, 0x1f, 0x29,
  0x0b, 0x1d, 0x27, 0x08, 0x18, 0x20, 0x09, 0x1a, 0x23, 0x18, 0x33, 0x3f,
  0x19, 0x32, 0x42, 0x13, 0x2d, 0x3e, 0x02, 0x00, 0x00, 0x0e, 0x39, 0x5e,
  0x1a, 0x54, 0x82, 0x0c, 0x21, 0x2f, 0x0a, 0x1c, 0x23, 0x01, 0x23, 0x47,
  0x15, 0x76, 0xbd, 0x00, 0x09, 0x1c, 0x00, 0x35, 0x70, 0x00, 0x31, 0x6b,
  0x10, 0x79, 0xbf, 0x00, 0x11, 0x2c, 0x00, 0x25, 0x57, 0x03, 0x14, 0x26,
  0x0d, 0x24, 0x32, 0x08, 0x20, 0x35, 0x08, 0x30, 0x51, 0x09, 0x37, 0x5d,
  0x0c, 0x3e, 0x67, 0x0e, 0x3f, 0x69, 0x23, 0x51, 0x75, 0x3c, 0x7b, 0xa5,
  0x34, 0x73, 0xa1, 0x26, 0x5f, 0x88, 0x1a, 0x45, 0x64, 0x0f, 0x31, 0x4d,
  0x00, 0x1f, 0x3c, 0x00, 0x0f, 0x2c, 0x04, 0x1e, 0x34, 0x05, 0x1f, 0x34,
  0x09, 0x2b, 0x48, 0x09, 0x29, 0x43, 0x05, 0x15, 0x1f, 0x01, 0x0e, 0x1f,
  0x00, 0x1c, 0x41, 0x00, 0x2c, 0x5f, 0x00, 0x38, 0x73, 0x00, 0x2c, 0x62,
  0x00, 0x14, 0x32, 0x04, 0x1a, 0x2a, 0x0a, 0x2b, 0x45, 0x09, 0x2d, 0x4a,
  0x07, 0x25, 0x3e, 0x08, 0x28, 0x42, 0x0a, 0x2f, 0x4c, 0x08, 0x25, 0x3d,
  0x09, 0x29, 0x42, 0x00, 0x17, 0x2b, 0x09, 0x29, 0x43, 0x0c, 0x30, 0x4b,
  0x15, 0x38, 0x51, 0x08, 0x21, 0x36, 0x01, 0x1e, 0x37, 0x04, 0x1b, 0x2f,
  0x00, 0x0b, 0x18, 0x09, 0x1f, 0x33, 0x1a, 0x44, 0x64, 0x27, 0x5e, 0x86,
  0x19, 0x43, 0x63, 0x03, 0x1a, 0x2f, 0x02, 0x0c, 0x17, 0x03, 0x0f, 0x19,
  0x08, 0x1f, 0x2f, 0x07, 0x0d, 0x0d, 0x00, 0x00, 0x03, 0x02, 0x37, 0x68,
  0x01, 0x10, 0x20, 0x00, 0x05, 0x0e, 0x01, 0x0b, 0x17, 0x03, 0x0b, 0x11,
  0x06, 0x12, 0x16, 0x01, 0x13, 0x29, 0x00, 0x1c, 0x3f, 0x00, 0x1c, 0x3f,
  0x03, 0x35, 0x64, 0x00, 0x21, 0x4e, 0x00, 0x11, 0x28, 0x00, 0x1b, 0x3a,
  0x00, 0x10, 0x29, 0x00, 0x24, 0x49, 0x00, 0x36, 0x6f, 0x00, 0x1b, 0x41,
  0x00, 0x2d, 0x5b, 0x00, 0x16, 0x39, 0x09, 0x0f, 0x05, 0x0b, 0x17, 0x1e,
  0x0c, 0x1a, 0x1f, 0x0b, 0x18, 0x1d, 0x09, 0x15, 0x19, 0x07, 0x14, 0x19,
  0x09, 0x16, 0x1c, 0x08, 0x17, 0x1f, 0x06, 0x12, 0x19, 0x14, 0x2f, 0x3d,
  0x1e, 0x3d, 0x4d, 0x19, 0x35, 0x44, 0x0e, 0x21, 0x2c, 0x05, 0x1d, 0x33,
  0x17, 0x50, 0x7e, 0x0f, 0x2c, 0x3f, 0x09, 0x1a, 0x28, 0x03, 0x0d, 0x1a,
  0x05, 0x57, 0x9f, 0x02, 0x2c, 0x50, 0x00, 0x20, 0x4b, 0x00, 0x23, 0x5d,
  0x0b, 0x66, 0xae, 0x04, 0x38, 0x60, 0x00, 0x1c, 0x4d, 0x01, 0x1a, 0x39,
  0x08, 0x13, 0x14, 0x0c, 0x2b, 0x45, 0x0a, 0x26, 0x3e, 0x04, 0x1d, 0x32,
  0x07, 0x25, 0x3f, 0x09, 0x37, 0x5d, 0x06, 0x3c, 0x68, 0x05, 0x2a, 0x4c,
  0x1d, 0x45, 0x64, 0x38, 0x75, 0x9d, 0x2c, 0x67, 0x91, 0x3b, 0x80, 0xb1,
  0x33, 0x6d, 0x95, 0x10, 0x3b, 0x5c, 0x04, 0x19, 0x2c, 0x05, 0x1f, 0x35,
  0x07, 0x28, 0x44, 0x08, 0x2a, 0x46, 0x04, 0x15, 0x21, 0x00, 0x10, 0x23,
  0x00, 0x1e, 0x48, 0x05, 0x48, 0x82, 0x0b, 0x58, 0x91, 0x00, 0x18, 0x3f,
  0x00, 0x11, 0x29, 0x06, 0x1b, 0x2a, 0x09, 0x2a, 0x44, 0x10, 0x31, 0x4d,
  0x14, 0x43, 0x69, 0x16, 0x3d, 0x5b, 0x1e, 0x4b, 0x6e, 0x02, 0x1b, 0x2f,
  0x09, 0x2a, 0x48, 0x16, 0x3c, 0x59, 0x05, 0x23, 0x3b, 0x0b, 0x2c, 0x46,
  0x04, 0x20, 0x35, 0x07, 0x22, 0x39, 0x0c, 0x33, 0x50, 0x02, 0x0f, 0x1c,
  0x0b, 0x28, 0x3f, 0x18, 0x43, 0x65, 0x16, 0x3d, 0x5d, 0x14, 0x37, 0x51,
  0x0b, 0x23, 0x36, 0x03, 0x19, 0x2e, 0x03, 0x1a, 0x2e, 0x03, 0x15, 0x25,
  0x01, 0x0b, 0x11, 0x06, 0x13, 0x1d, 0x04, 0x09, 0x0a, 0x00, 0x2b, 0x5b,
  0x05, 0x3b, 0x6b, 0x02, 0x33, 0x63, 0x00, 0x11, 0x29, 0x04, 0x0b, 0x0d,
  0x05, 0x12, 0x18, 0x00, 0x13, 0x2b, 0x00, 0x1a, 0x3c, 0x00, 0x1a, 0x3b,
  0x00, 0x1b, 0x46, 0x00, 0x20, 0x4b, 0x00, 0x15, 0x2e, 0x00, 0x21, 0x49,
  0x00, 0x14, 0x31, 0x01, 0x25, 0x4a, 0x00, 0x31, 0x66, 0x00, 0x22, 0x52,
  0x00, 0x2a, 0x62, 0x01, 0x14, 0x2e, 0x09, 0x0e, 0x05, 0x09, 0x16, 0x1c,
  0x08, 0x11, 0x14, 0x0b, 0x17, 0x1c, 0x0a, 0x17, 0x1d, 0x08, 0x12, 0x17,
  0x08, 0x16, 0x1d, 0x08, 0x14, 0x1b, 0x04, 0x0c, 0x10, 0x0b, 0x1f, 0x28,
  0x1e, 0x40, 0x53, 0x1d, 0x3a, 0x49, 0x12, 0x29, 0x35, 0x04, 0x0f, 0x17,
  0x14, 0x4a, 0x74, 0x13, 0x3f, 0x5f, 0x0d, 0x26, 0x36, 0x09, 0x14, 0x16,
  0x00, 0x34, 0x69, 0x03, 0x34, 0x60, 0x00, 0x13, 0x32, 0x00, 0x27, 0x5f,
  0x06, 0x54, 0x96, 0x06, 0x4e, 0x8a, 0x00, 0x15, 0x42, 0x00, 0x1d, 0x41,
  0x06, 0x06, 0x00, 0x07, 0x1a, 0x2a, 0x11, 0x35, 0x54, 0x14, 0x3d, 0x5e,
  0x13, 0x3b, 0x5b, 0x0e, 0x2f, 0x48, 0x0b, 0x2a, 0x41, 0x02, 0x2b, 0x4d,
  0x00, 0x0a, 0x25, 0x00, 0x07, 0x22, 0x00, 0x21, 0x3e, 0x14, 0x39, 0x55,
  0x19, 0x41, 0x5f, 0x1e, 0x51, 0x7a, 0x03, 0x17, 0x26, 0x05, 0x18, 0x28,
  0x09, 0x28, 0x40, 0x08, 0x23, 0x38, 0x05, 0x19, 0x28, 0x05, 0x17, 0x22,
  0x02, 0x00, 0x00, 0x00, 0x22, 0x4e, 0x00, 0x2b, 0x61, 0x00, 0x1b, 0x3c,
  0x03, 0x02, 0x00, 0x05, 0x1b, 0x2e, 0x07, 0x2e, 0x4f, 0x0a, 0x2f, 0x4c,
  0x12, 0x39, 0x57, 0x2a, 0x61, 0x89, 0x1d, 0x4a, 0x6b, 0x07, 0x2d, 0x4b,
  0x13, 0x43, 0x6a, 0x47, 0x93, 0xc8, 0x2c, 0x5c, 0x7f, 0x00, 0x03, 0x0f,
  0x0b, 0x26, 0x3b, 0x0e, 0x2d, 0x45, 0x08, 0x1d, 0x2b, 0x04, 0x18, 0x2a,
  0x03, 0x18, 0x28, 0x00, 0x07, 0x13, 0x00, 0x17, 0x34, 0x00, 0x1e, 0x43,
  0x07, 0x38, 0x62, 0x09, 0x2b, 0x48, 0x03, 0x15, 0x25, 0x02, 0x12, 0x1d,
  0x05, 0x1e, 0x31, 0x04, 0x11, 0x1c, 0x04, 0x04, 0x00, 0x00, 0x23, 0x4c,
  0x00, 0x25, 0x4f, 0x00, 0x25, 0x4e, 0x00, 0x13, 0x2a, 0x04, 0x0b, 0x0c,
  0x04, 0x0d, 0x11, 0x01, 0x10, 0x21, 0x00, 0x16, 0x30, 0x00, 0x1e, 0x42,
  0x00, 0x21, 0x48, 0x00, 0x23, 0x50, 0x00, 0x1c, 0x40, 0x00, 0x27, 0x55,
  0x00, 0x12, 0x2f, 0x00, 0x2d, 0x5c, 0x00, 0x30, 0x69, 0x00, 0x27, 0x55,
  0x00, 0x2b, 0x60, 0x02, 0x13, 0x2a, 0x09, 0x11, 0x09, 0x08, 0x13, 0x1a,
  0x08, 0x12, 0x14, 0x0a, 0x14, 0x17, 0x0a, 0x15, 0x19, 0x0b, 0x17, 0x1c,
  0x08, 0x15, 0x1c, 0x07, 0x15, 0x1c, 0x06, 0x11, 0x18, 0x01, 0x08, 0x0b,
  0x1b, 0x36, 0x44, 0x24, 0x43, 0x54, 0x0a, 0x16, 0x1c, 0x07, 0x11, 0x16,
  0x0b, 0x2f, 0x4d, 0x13, 0x3e, 0x5f, 0x0e, 0x2a, 0x3d, 0x0b, 0x19, 0x1f,
  0x00, 0x22, 0x47, 0x01, 0x2f, 0x5d, 0x00, 0x12, 0x2b, 0x00, 0x2d, 0x65,
  0x00, 0x34, 0x6a, 0x02, 0x3e, 0x75, 0x00, 0x1a, 0x44, 0x00, 0x1c, 0x40,
  0x06, 0x0d, 0x0c, 0x03, 0x15, 0x26, 0x0a, 0x29, 0x43, 0x15, 0x45, 0x6a,
  0x15, 0x3c, 0x5b, 0x1b, 0x46, 0x67, 0x31, 0x6a, 0x91, 0x2a, 0x5c, 0x7e,
  0x0f, 0x2f, 0x48, 0x06, 0x21, 0x38, 0x00, 0x1b, 0x32, 0x00, 0x11, 0x28,
  0x00, 0x1a, 0x36, 0x00, 0x1b, 0x36, 0x04, 0x19, 0x2b, 0x03, 0x0e, 0x17,
  0x08, 0x1f, 0x32, 0x08, 0x21, 0x33, 0x04, 0x18, 0x28, 0x07, 0x21, 0x34,
  0x04, 0x0b, 0x12, 0x00, 0x2b, 0x60, 0x00, 0x38, 0x76, 0x00, 0x27, 0x54,
  0x03, 0x01, 0x00, 0x04, 0x1d, 0x30, 0x05, 0x25, 0x42, 0x05, 0x1b, 0x2b,
  0x05, 0x1c, 0x2e, 0x20, 0x52, 0x78, 0x11, 0x34, 0x4e, 0x0b, 0x35, 0x58,
  0x0f, 0x37, 0x57, 0x16, 0x38, 0x53, 0x13, 0x38, 0x53, 0x0b, 0x2b, 0x43,
  0x12, 0x37, 0x56, 0x05, 0x14, 0x20, 0x04, 0x14, 0x22, 0x05, 0x17, 0x25,
  0x02, 0x14, 0x26, 0x03, 0x24, 0x47, 0x02, 0x1e, 0x38, 0x01, 0x11, 0x26,
  0x00, 0x1f, 0x44, 0x00, 0x1f, 0x42, 0x01, 0x1a, 0x38, 0x04, 0x1c, 0x33,
  0x04, 0x10, 0x18, 0x06, 0x1c, 0x2d, 0x04, 0x00, 0x00, 0x01, 0x24, 0x4b,
  0x00, 0x25, 0x53, 0x00, 0x17, 0x36, 0x02, 0x09, 0x0f, 0x04, 0x06, 0x00,
  0x04, 0x07, 0x08, 0x02, 0x08, 0x10, 0x01, 0x0c, 0x17, 0x00, 0x09, 0x14,
  0x00, 0x0f, 0x21, 0x00, 0x21, 0x4b, 0x00, 0x1d, 0x3e, 0x00, 0x20, 0x49,
  0x00, 0x12, 0x2e, 0x00, 0x33, 0x6b, 0x00, 0x2a, 0x5b, 0x00, 0x24, 0x54,
  0x00, 0x2a, 0x62, 0x03, 0x0e, 0x1a, 0x09, 0x11, 0x0e, 0x07, 0x10, 0x14,
  0x09, 0x14, 0x17, 0x0c, 0x19, 0x1e, 0x0c, 0x19, 0x1e, 0x0a, 0x14, 0x18,
  0x08, 0x14, 0x18, 0x07, 0x14, 0x1c, 0x07, 0x16, 0x1e, 0x04, 0x0e, 0x12,
  0x0d, 0x1c, 0x23, 0x22, 0x3e, 0x4c, 0x11, 0x24, 0x2f, 0x06, 0x0e, 0x10,
  0x09, 0x27, 0x3f, 0x11, 0x3c, 0x5f, 0x0e, 0x2c, 0x42, 0x0b, 0x1c, 0x23,
  0x00, 0x16, 0x30, 0x00, 0x27, 0x53, 0x00, 0x11, 0x28, 0x00, 0x23, 0x4e,
  0x00, 0x24, 0x4f, 0x00, 0x3a, 0x70, 0x00, 0x17, 0x3e, 0x00, 0x22, 0x4f,
  0x05, 0x09, 0x04, 0x04, 0x0f, 0x17, 0x03, 0x12, 0x1f, 0x01, 0x0e, 0x17,
  0x07, 0x19, 0x25, 0x0b, 0x25, 0x3a, 0x20, 0x4e, 0x71, 0x29, 0x5d, 0x80,
  0x2b, 0x61, 0x87, 0x22, 0x4c, 0x6a, 0x16, 0x37, 0x4e, 0x0d, 0x29, 0x3d,
  0x10, 0x30, 0x47, 0x0d, 0x28, 0x3c, 0x06, 0x1c, 0x2c, 0x05, 0x16, 0x24,
  0x05, 0x14, 0x21, 0x05, 0x18, 0x26, 0x08, 0x21, 0x36, 0x07, 0x23, 0x39,
  0x05, 0x0e, 0x12, 0x00, 0x2b, 0x5d, 0x00, 0x39, 0x76, 0x00, 0x2f, 0x63,
  0x02, 0x00, 0x00, 0x04, 0x1c, 0x30, 0x04, 0x17, 0x28, 0x07, 0x1f, 0x30,
  0x07, 0x28, 0x45, 0x00, 0x19, 0x2f, 0x01, 0x14, 0x24, 0x09, 0x2a, 0x48,
  0x0b, 0x36, 0x59, 0x06, 0x1f, 0x32, 0x0c, 0x29, 0x3f, 0x11, 0x35, 0x50,
  0x09, 0x1f, 0x30, 0x06, 0x1e, 0x30, 0x0c, 0x2d, 0x47, 0x02, 0x0b, 0x12,
  0x03, 0x20, 0x3b, 0x00, 0x14, 0x29, 0x00, 0x16, 0x37, 0x00, 0x34, 0x71,
  0x03, 0x4c, 0x91, 0x03, 0x4d, 0x91, 0x00, 0x39, 0x74, 0x00, 0x23, 0x4d,
  0x03, 0x19, 0x2d, 0x05, 0x13, 0x1c, 0x05, 0x09, 0x06, 0x01, 0x19, 0x36,
  0x00, 0x2a, 0x5a, 0x00, 0x1d, 0x42, 0x02, 0x0d, 0x18, 0x01, 0x1a, 0x38,
  0x00, 0x19, 0x3b, 0x00, 0x21, 0x48, 0x00, 0x18, 0x39, 0x01, 0x2c, 0x58,
  0x01, 0x1c, 0x38, 0x00, 0x10, 0x29, 0x00, 0x22, 0x49, 0x00, 0x26, 0x54,
  0x00, 0x15, 0x35, 0x00, 0x37, 0x6e, 0x00, 0x26, 0x56, 0x00, 0x27, 0x59,
  0x00, 0x27, 0x5b, 0x05, 0x0f, 0x19, 0x09, 0x13, 0x10, 0x08, 0x10, 0x13,
  0x09, 0x13, 0x15, 0x0c, 0x1c, 0x24, 0x0c, 0x1a, 0x21, 0x08, 0x13, 0x17,
  0x08, 0x12, 0x17, 0x07, 0x15, 0x1b, 0x07, 0x15, 0x1d, 0x05, 0x0f, 0x15,
  0x09, 0x17, 0x1c, 0x1b, 0x31, 0x3a, 0x13, 0x26, 0x2f, 0x0a, 0x16, 0x1a,
  0x08, 0x1f, 0x30, 0x0f, 0x38, 0x56, 0x0d, 0x2b, 0x3f, 0x0c, 0x1f, 0x29,
  0x01, 0x12, 0x24, 0x00, 0x25, 0x50, 0x00, 0x12, 0x2a, 0x00, 0x23, 0x50,
  0x00, 0x1e, 0x44, 0x01, 0x3b, 0x74, 0x00, 0x1e, 0x42, 0x00, 0x20, 0x4b,
  0x05, 0x0c, 0x11, 0x07, 0x0f, 0x13, 0x05, 0x0f, 0x16, 0x05, 0x0f, 0x17,
  0x05, 0x12, 0x1c, 0x05, 0x15, 0x21, 0x09, 0x21, 0x33, 0x1b, 0x4a, 0x71,
  0x25, 0x5a, 0x83, 0x18, 0x3d, 0x59, 0x25, 0x58, 0x7d, 0x24, 0x55, 0x7a,
  0x19, 0x40, 0x5c, 0x19, 0x3e, 0x58, 0x09, 0x20, 0x31, 0x08, 0x20, 0x32,
  0x05, 0x18, 0x27, 0x02, 0x0c, 0x13, 0x06, 0x19, 0x28, 0x07, 0x21, 0x36,
  0x04, 0x0b, 0x0a, 0x00, 0x2b, 0x5b, 0x00, 0x32, 0x69, 0x00, 0x30, 0x66,
  0x02, 0x05, 0x08, 0x03, 0x0f, 0x18, 0x0d, 0x2d, 0x47, 0x0f, 0x32, 0x4d,
  0x06, 0x23, 0x3c, 0x00, 0x05, 0x0f, 0x02, 0x1b, 0x30, 0x02, 0x18, 0x2a,
  0x0c, 0x32, 0x51, 0x23, 0x54, 0x78, 0x1f, 0x4b, 0x6c, 0x04, 0x1a, 0x29,
  0x04, 0x14, 0x20, 0x0f, 0x35, 0x55, 0x09, 0x25, 0x3a, 0x04, 0x16, 0x25,
  0x03, 0x16, 0x27, 0x00, 0x0b, 0x24, 0x01, 0x3d, 0x78, 0x05, 0x3d, 0x74,
  0x04, 0x10, 0x1c, 0x04, 0x11, 0x1c, 0x01, 0x1d, 0x3c, 0x00, 0x26, 0x55,
  0x00, 0x17, 0x34, 0x05, 0x12, 0x19, 0x05, 0x0b, 0x0b, 0x01, 0x18, 0x31,
  0x00, 0x2f, 0x5f, 0x00, 0x1b, 0x3d, 0x00, 0x22, 0x49, 0x00, 0x24, 0x4d,
  0x01, 0x11, 0x25, 0x01, 0x0f, 0x1c, 0x00, 0x0a, 0x27, 0x04, 0x4d, 0x8a,
  0x05, 0x39, 0x65, 0x00, 0x03, 0x17, 0x00, 0x26, 0x50, 0x00, 0x2d, 0x60,
  0x00, 0x1d, 0x45, 0x01, 0x3a, 0x72, 0x00, 0x27, 0x56, 0x00, 0x26, 0x57,
  0x00, 0x29, 0x5d, 0x05, 0x0d, 0x13, 0x0a, 0x12, 0x10, 0x08, 0x0f, 0x11,
  0x09, 0x12, 0x14, 0x0a, 0x17, 0x1d, 0x0a, 0x17, 0x1b, 0x09, 0x13, 0x16,
  0x0a, 0x18, 0x1f, 0x0a, 0x18, 0x20, 0x08, 0x15, 0x1d, 0x05, 0x0f, 0x15,
  0x06, 0x11, 0x17, 0x15, 0x29, 0x30, 0x14, 0x29, 0x31, 0x09, 0x16, 0x1c,
  0x06, 0x16, 0x22, 0x0d, 0x32, 0x4f, 0x0b, 0x28, 0x3b, 0x0a, 0x1f, 0x2a,
  0x02, 0x0c, 0x19, 0x00, 0x28, 0x59, 0x00, 0x13, 0x2a, 0x00, 0x27, 0x55,
  0x00, 0x1b, 0x41, 0x02, 0x3e, 0x73, 0x01, 0x29, 0x51, 0x00, 0x22, 0x4b,
  0x03, 0x09, 0x11, 0x09, 0x1d, 0x2a, 0x09, 0x22, 0x35, 0x06, 0x18, 0x28,
  0x03, 0x10, 0x1a, 0x04, 0x1a, 0x2c, 0x21, 0x54, 0x7c, 0x15, 0x42, 0x69,
  0x0a, 0x2f, 0x4e, 0x0a, 0x27, 0x3f, 0x10, 0x2d, 0x43, 0x10, 0x2d, 0x44,
  0x0d, 0x2a, 0x41, 0x0d, 0x2f, 0x4a, 0x09, 0x1d, 0x2c, 0x07, 0x1b, 0x2b,
  0x06, 0x1d, 0x30, 0x03, 0x11, 0x1b, 0x06, 0x18, 0x26, 0x04, 0x16, 0x25,
  0x05, 0x0b, 0x08, 0x00, 0x22, 0x48, 0x00, 0x2d, 0x60, 0x00, 0x38, 0x72,
  0x01, 0x0a, 0x17, 0x01, 0x03, 0x02, 0x0b, 0x2b, 0x43, 0x11, 0x31, 0x49,
  0x03, 0x17, 0x27, 0x16, 0x3c, 0x5a, 0x08, 0x21, 0x35, 0x03, 0x17, 0x27,
  0x00, 0x06, 0x0e, 0x14, 0x34, 0x4c, 0x23, 0x51, 0x75, 0x00, 0x12, 0x20,
  0x08, 0x23, 0x39, 0x0d, 0x32, 0x51, 0x01, 0x0a, 0x11, 0x05, 0x18, 0x29,
  0x00, 0x10, 0x26, 0x00, 0x23, 0x4e, 0x03, 0x33, 0x65, 0x06, 0x0b, 0x03,
  0x05, 0x08, 0x04, 0x05, 0x0e, 0x12, 0x04, 0x03, 0x00, 0x00, 0x1b, 0x3a,
  0x00, 0x1b, 0x3b, 0x05, 0x12, 0x1a, 0x07, 0x0e, 0x0e, 0x02, 0x20, 0x3e,
  0x00, 0x37, 0x6f, 0x00, 0x14, 0x33, 0x00, 0x23, 0x4e, 0x00, 0x1d, 0x3f,
  0x00, 0x07, 0x11, 0x00, 0x10, 0x2c, 0x00, 0x11, 0x32, 0x05, 0x45, 0x7c,
  0x06, 0x47, 0x7b, 0x00, 0x04, 0x20, 0x00, 0x25, 0x4b, 0x00, 0x2e, 0x64,
  0x00, 0x1f, 0x48, 0x01, 0x3d, 0x77, 0x00, 0x2b, 0x5b, 0x00, 0x20, 0x49,
  0x00, 0x25, 0x58, 0x06, 0x0f, 0x16, 0x09, 0x10, 0x0f, 0x07, 0x0f, 0x12,
  0x08, 0x11, 0x12, 0x08, 0x13, 0x16, 0x0c, 0x19, 0x1d, 0x0b, 0x18, 0x1d,
  0x0a, 0x17, 0x1e, 0x0b, 0x1c, 0x24, 0x09, 0x1a, 0x24, 0x07, 0x13, 0x1a,
  0x05, 0x10, 0x16, 0x13, 0x26, 0x30, 0x11, 0x22, 0x2a, 0x09, 0x17, 0x1e,
  0x06, 0x13, 0x1a, 0x0d, 0x2f, 0x49, 0x0a, 0x26, 0x39, 0x08, 0x1a, 0x25,
  0x02, 0x0b, 0x14, 0x00, 0x22, 0x4f, 0x00, 0x0f, 0x24, 0x00, 0x29, 0x59,
  0x00, 0x1e, 0x46, 0x00, 0x3b, 0x70, 0x00, 0x16, 0x37, 0x00, 0x1c, 0x42,
  0x03, 0x0e, 0x1b, 0x05, 0x0b, 0x0a, 0x05, 0x12, 0x1b, 0x05, 0x17, 0x25,
  0x05, 0x1e, 0x32, 0x06, 0x1e, 0x33, 0x0a, 0x28, 0x3f, 0x0a, 0x27, 0x3e,
  0x04, 0x1d, 0x32, 0x03, 0x1a, 0x2e, 0x09, 0x25, 0x3c, 0x0b, 0x2e, 0x4c,
  0x0a, 0x2e, 0x4c, 0x0a, 0x29, 0x43, 0x06, 0x1c, 0x2d, 0x07, 0x1c, 0x2d,
  0x07, 0x1b, 0x2b, 0x0a, 0x20, 0x31, 0x06, 0x17, 0x24, 0x03, 0x15, 0x23,
  0x06, 0x14, 0x1b, 0x01, 0x16, 0x2f, 0x00, 0x2d, 0x61, 0x00, 0x36, 0x70,
  0x00, 0x18, 0x36, 0x02, 0x00, 0x00, 0x02, 0x10, 0x1d, 0x0e, 0x31, 0x4d,
  0x11, 0x2f, 0x45, 0x2c, 0x65, 0x91, 0x15, 0x3c, 0x5b, 0x01, 0x0a, 0x0f,
  0x0a, 0x25, 0x39, 0x15, 0x3d, 0x5d, 0x15, 0x3f, 0x5f, 0x03, 0x14, 0x20,
  0x07, 0x22, 0x38, 0x07, 0x24, 0x3d, 0x02, 0x0d, 0x17, 0x03, 0x14, 0x24,
  0x00, 0x13, 0x2d, 0x00, 0x26, 0x50, 0x01, 0x21, 0x42, 0x04, 0x08, 0x07,
  0x01, 0x10, 0x1e, 0x02, 0x0e, 0x19, 0x05, 0x0b, 0x0c, 0x00, 0x15, 0x2d,
  0x00, 0x19, 0x33, 0x06, 0x12, 0x18, 0x08, 0x17, 0x1e, 0x03, 0x20, 0x3d,
  0x00, 0x33, 0x67, 0x00, 0x1a, 0x3d, 0x00, 0x1c, 0x3f, 0x00, 0x1e, 0x47,
  0x01, 0x29, 0x50, 0x13, 0x6e, 0xb8, 0x00, 0x24, 0x52, 0x02, 0x39, 0x6f,
  0x03, 0x3b, 0x6e, 0x00, 0x11, 0x31, 0x00, 0x28, 0x52, 0x00, 0x33, 0x6b,
  0x00, 0x1e, 0x49, 0x02, 0x46, 0x82, 0x00, 0x1e, 0x45, 0x00, 0x04, 0x15,
  0x00, 0x26, 0x57, 0x04, 0x0d, 0x13, 0x09, 0x13, 0x13, 0x08, 0x13, 0x17,
  0x09, 0x14, 0x17, 0x0d, 0x1c, 0x22, 0x14, 0x28, 0x31, 0x0c, 0x19, 0x1f,
  0x08, 0x13, 0x16, 0x0c, 0x1c, 0x24, 0x0a, 0x1b, 0x27, 0x07, 0x12, 0x18,
  0x06, 0x14, 0x1a, 0x0c, 0x1c, 0x24, 0x0d, 0x1b, 0x22, 0x09, 0x13, 0x19,
  0x07, 0x11, 0x16, 0x0c, 0x27, 0x3a, 0x09, 0x24, 0x37, 0x07, 0x1a, 0x27,
  0x03, 0x0b, 0x16, 0x00, 0x22, 0x4e, 0x00, 0x0c, 0x1d, 0x00, 0x25, 0x51,
  0x00, 0x1b, 0x41, 0x00, 0x34, 0x68, 0x00, 0x22, 0x4c, 0x00, 0x21, 0x4c,
  0x03, 0x10, 0x1d, 0x06, 0x0e, 0x0f, 0x05, 0x0e, 0x13, 0x06, 0x18, 0x27,
  0x0a, 0x2a, 0x44, 0x0a, 0x25, 0x3c, 0x09, 0x24, 0x3a, 0x07, 0x25, 0x3c,
  0x05, 0x20, 0x38, 0x02, 0x18, 0x2f, 0x09, 0x25, 0x3c, 0x07, 0x24, 0x3b,
  0x04, 0x17, 0x29, 0x04, 0x13, 0x21, 0x03, 0x0e, 0x15, 0x04, 0x15, 0x21,
  0x07, 0x1d, 0x2f, 0x09, 0x1d, 0x2a, 0x06, 0x12, 0x19, 0x04, 0x14, 0x21,
  0x05, 0x13, 0x1d, 0x02, 0x0c, 0x14, 0x00, 0x23, 0x4e, 0x00, 0x27, 0x54,
  0x01, 0x14, 0x29, 0x04, 0x01, 0x00, 0x01, 0x02, 0x05, 0x0a, 0x29, 0x42,
  0x0f, 0x2e, 0x45, 0x11, 0x2d, 0x43, 0x1a, 0x4a, 0x6d, 0x00, 0x07, 0x0d,
  0x19, 0x42, 0x5f, 0x23, 0x56, 0x7c, 0x10, 0x32, 0x4e, 0x07, 0x1e, 0x30,
  0x06, 0x1d, 0x2f, 0x05, 0x1a, 0x2b, 0x05, 0x1d, 0x2e, 0x04, 0x1b, 0x2e,
  0x00, 0x15, 0x2f, 0x00, 0x1a, 0x3c, 0x00, 0x1c, 0x42, 0x00, 0x00, 0x00,
  0x07, 0x0b, 0x0a, 0x0b, 0x14, 0x12, 0x01, 0x07, 0x09, 0x00, 0x1c, 0x3e,
  0x01, 0x14, 0x29, 0x06, 0x11, 0x15, 0x07, 0x1b, 0x25, 0x02, 0x19, 0x33,
  0x00, 0x31, 0x66, 0x00, 0x22, 0x49, 0x00, 0x22, 0x49, 0x00, 0x1d, 0x46,
  0x00, 0x16, 0x39, 0x03, 0x2a, 0x4f, 0x00, 0x07, 0x2c, 0x04, 0x3e, 0x75,
  0x0e, 0x5a, 0x98, 0x00, 0x11, 0x39, 0x00, 0x31, 0x61, 0x00, 0x33, 0x69,
  0x00, 0x16, 0x3b, 0x00, 0x46, 0x84, 0x04, 0x3c, 0x6c, 0x0e, 0x46, 0x6f,
  0x00, 0x1f, 0x4f, 0x04, 0x16, 0x2a, 0x09, 0x12, 0x0d, 0x09, 0x16, 0x1f,
  0x0b, 0x16, 0x1c, 0x10, 0x22, 0x29, 0x12, 0x26, 0x30, 0x0f, 0x20, 0x28,
  0x0c, 0x1a, 0x22, 0x0d, 0x20, 0x2b, 0x09, 0x1a, 0x24, 0x08, 0x11, 0x16,
  0x07, 0x14, 0x1a, 0x0c, 0x1b, 0x22, 0x0c, 0x1b, 0x23, 0x07, 0x12, 0x16,
  0x06, 0x11, 0x16, 0x0a, 0x1e, 0x2a, 0x09, 0x1e, 0x2d, 0x07, 0x14, 0x1b,
  0x02, 0x0a, 0x13, 0x00, 0x1f, 0x46, 0x00, 0x0f, 0x23, 0x00, 0x1f, 0x46,
  0x00, 0x17, 0x37, 0x00, 0x28, 0x55, 0x00, 0x23, 0x50, 0x00, 0x1c, 0x45,
  0x04, 0x0e, 0x18, 0x07, 0x11, 0x14, 0x06, 0x12, 0x1a, 0x05, 0x10, 0x18,
  0x09, 0x22, 0x36, 0x09, 0x21, 0x34, 0x08, 0x1e, 0x2f, 0x06, 0x17, 0x25,
  0x04, 0x15, 0x22, 0x03, 0x14, 0x22, 0x02, 0x12, 0x24, 0x04, 0x1a, 0x2e,
  0x07, 0x17, 0x22, 0x06, 0x0d, 0x0f, 0x03, 0x0b, 0x10, 0x03, 0x0a, 0x0d,
  0x03, 0x12, 0x1e, 0x04, 0x15, 0x20, 0x04, 0x0c, 0x11, 0x04, 0x0f, 0x18,
  0x04, 0x12, 0x1c, 0x03, 0x0b, 0x0f, 0x01, 0x06, 0x0b, 0x01, 0x07, 0x0d,
  0x01, 0x0c, 0x1e, 0x01, 0x16, 0x31, 0x02, 0x07, 0x0d, 0x03, 0x10, 0x1a,
  0x10, 0x33, 0x4f, 0x0d, 0x2a, 0x42, 0x03, 0x0e, 0x16, 0x02, 0x0b, 0x10,
  0x12, 0x30, 0x46, 0x16, 0x3d, 0x5a, 0x0a, 0x24, 0x39, 0x07, 0x20, 0x34,
  0x04, 0x16, 0x24, 0x03, 0x14, 0x21, 0x0a, 0x2b, 0x44, 0x05, 0x17, 0x26,
  0x00, 0x21, 0x48, 0x00, 0x24, 0x52, 0x01, 0x4d, 0x96, 0x02, 0x31, 0x59,
  0x49, 0x9a, 0xcf, 0x1f, 0x4f, 0x76, 0x00, 0x06, 0x2f, 0x00, 0x22, 0x48,
  0x02, 0x0b, 0x13, 0x08, 0x1c, 0x2b, 0x09, 0x23, 0x34, 0x00, 0x1a, 0x35,
  0x00, 0x28, 0x54, 0x00, 0x25, 0x51, 0x00, 0x24, 0x4f, 0x03, 0x3c, 0x70,
  0x02, 0x38, 0x6b, 0x07, 0x40, 0x70, 0x03, 0x41, 0x75, 0x15, 0x74, 0xba,
  0x0e, 0x58, 0x94, 0x00, 0x22, 0x56, 0x00, 0x31, 0x64, 0x00, 0x37, 0x73,
  0x00, 0x22, 0x52, 0x00, 0x47, 0x87, 0x03, 0x4a, 0x87, 0x07, 0x28, 0x44,
  0x00, 0x2c, 0x66, 0x03, 0x1d, 0x3a, 0x08, 0x0a, 0x00, 0x08, 0x17, 0x20,
  0x0e, 0x1e, 0x25, 0x15, 0x2c, 0x35, 0x0d, 0x1c, 0x21, 0x13, 0x28, 0x33,
  0x15, 0x29, 0x35, 0x0e, 0x25, 0x34, 0x08, 0x15, 0x1d, 0x0a, 0x14, 0x18,
  0x07, 0x15, 0x1b, 0x0a, 0x1a, 0x22, 0x09, 0x17, 0x1d, 0x07, 0x12, 0x17,
  0x05, 0x0f, 0x15, 0x0a, 0x1d, 0x27, 0x09, 0x1c, 0x28, 0x06, 0x11, 0x16,
  0x02, 0x0c, 0x18, 0x00, 0x1f, 0x45, 0x01, 0x0c, 0x1b, 0x00, 0x21, 0x49,
  0x00, 0x19, 0x38, 0x00, 0x24, 0x4f, 0x00, 0x21, 0x4c, 0x00, 0x17, 0x39,
  0x04, 0x0e, 0x18, 0x08, 0x16, 0x1c, 0x06, 0x16, 0x21, 0x07, 0x16, 0x20,
  0x06, 0x10, 0x15, 0x05, 0x0e, 0x13, 0x05, 0x14, 0x1f, 0x05, 0x19, 0x29,
  0x07, 0x1f, 0x31, 0x06, 0x1b, 0x2a, 0x03, 0x05, 0x02, 0x03, 0x00, 0x00,
  0x03, 0x0f, 0x18, 0x09, 0x27, 0x44, 0x03, 0x08, 0x0b, 0x03, 0x09, 0x0b,
  0x04, 0x11, 0x1c, 0x05, 0x17, 0x25, 0x05, 0x1e, 0x31, 0x03, 0x13, 0x20,
  0x04, 0x0f, 0x18, 0x04, 0x09, 0x0e, 0x01, 0x15, 0x31, 0x00, 0x34, 0x6a,
  0x00, 0x3b, 0x7b, 0x00, 0x20, 0x48, 0x03, 0x07, 0x04, 0x02, 0x05, 0x08,
  0x09, 0x1e, 0x2d, 0x16, 0x3d, 0x5a, 0x0a, 0x20, 0x2f, 0x04, 0x11, 0x1b,
  0x15, 0x39, 0x54, 0x08, 0x20, 0x31, 0x03, 0x10, 0x19, 0x03, 0x14, 0x20,
  0x04, 0x15, 0x23, 0x03, 0x10, 0x19, 0x07, 0x2b, 0x4b, 0x05, 0x1a, 0x29,
  0x00, 0x20, 0x49, 0x00, 0x2d, 0x60, 0x00, 0x39, 0x79, 0x1e, 0x7f, 0xce,
  0x2b, 0x98, 0xea, 0x00, 0x50, 0x9b, 0x00, 0x2c, 0x60, 0x00, 0x18, 0x34,
  0x03, 0x02, 0x00, 0x0c, 0x29, 0x40, 0x08, 0x1e, 0x29, 0x00, 0x21, 0x49,
  0x00, 0x16, 0x3a, 0x00, 0x04, 0x1e, 0x00, 0x24, 0x55, 0x04, 0x17, 0x25,
  0x09, 0x24, 0x36, 0x08, 0x40, 0x72, 0x00, 0x49, 0x90, 0x03, 0x48, 0x8b,
  0x00, 0x25, 0x5b, 0x00, 0x3b, 0x79, 0x00, 0x2b, 0x5d, 0x00, 0x37, 0x74,
  0x00, 0x29, 0x60, 0x00, 0x3e, 0x76, 0x03, 0x56, 0x98, 0x00, 0x00, 0x18,
  0x00, 0x2e, 0x62, 0x02, 0x1f, 0x40, 0x06, 0x06, 0x00, 0x07, 0x15, 0x1e,
  0x10, 0x21, 0x28, 0x18, 0x2f, 0x38, 0x14, 0x27, 0x2f, 0x15, 0x2a, 0x34,
  0x19, 0x38, 0x4c, 0x12, 0x2f, 0x41, 0x0a, 0x11, 0x12, 0x0c, 0x1a, 0x1f,
  0x06, 0x13, 0x1a, 0x08, 0x17, 0x1f, 0x08, 0x12, 0x16, 0x07, 0x11, 0x15,
  0x06, 0x0f, 0x14, 0x0a, 0x1e, 0x29, 0x07, 0x1a, 0x26, 0x06, 0x0d, 0x0f,
  0x01, 0x0e, 0x1d, 0x00, 0x1e, 0x43, 0x01, 0x07, 0x0f, 0x00, 0x1d, 0x41,
  0x00, 0x17, 0x34, 0x00, 0x25, 0x4f, 0x00, 0x24, 0x4f, 0x00, 0x1c, 0x41,
  0x05, 0x0c, 0x12, 0x07, 0x10, 0x16, 0x05, 0x10, 0x18, 0x05, 0x11, 0x1b,
  0x06, 0x1a, 0x2b, 0x06, 0x1f, 0x33, 0x07, 0x1c, 0x2d, 0x07, 0x12, 0x17,
  0x04, 0x00, 0x00, 0x06, 0x16, 0x23, 0x0b, 0x31, 0x55, 0x11, 0x4e, 0x85,
  0x18, 0x66, 0xaa, 0x1b, 0x6f, 0xb7, 0x00, 0x1c, 0x3d, 0x01, 0x0a, 0x12,
  0x03, 0x02, 0x00, 0x04, 0x0f, 0x18, 0x05, 0x1d, 0x30, 0x05, 0x19, 0x29,
  0x04, 0x10, 0x17, 0x00, 0x12, 0x2a, 0x00, 0x22, 0x55, 0x10, 0x64, 0xa8,
  0x07, 0x36, 0x5c, 0x00, 0x03, 0x18, 0x01, 0x16, 0x31, 0x04, 0x09, 0x0a,
  0x03, 0x0c, 0x13, 0x09, 0x1e, 0x2d, 0x09, 0x1d, 0x2b, 0x07, 0x1c, 0x2d,
  0x19, 0x46, 0x6a, 0x08, 0x1d, 0x2c, 0x04, 0x14, 0x1f, 0x04, 0x11, 0x1b,
  0x05, 0x14, 0x1f, 0x04, 0x0a, 0x0e, 0x03, 0x1f, 0x35, 0x08, 0x2f, 0x50,
  0x01, 0x0c, 0x17, 0x00, 0x25, 0x51, 0x00, 0x2d, 0x60, 0x05, 0x51, 0x90,
  0x00, 0x4e, 0x91, 0x00, 0x35, 0x6d, 0x00, 0x21, 0x43, 0x00, 0x00, 0x00,
  0x09, 0x23, 0x36, 0x0e, 0x35, 0x52, 0x03, 0x0b, 0x0c, 0x00, 0x1d, 0x40,
  0x0c, 0x53, 0x91, 0x0e, 0x61, 0xa0, 0x00, 0x3a, 0x74, 0x0a, 0x16, 0x1f,
  0x0f, 0x1d, 0x1d, 0x00, 0x1d, 0x44, 0x00, 0x3e, 0x87, 0x00, 0x30, 0x65,
  0x00, 0x16, 0x37, 0x00, 0x29, 0x5b, 0x00, 0x31, 0x69, 0x00, 0x3a, 0x78,
  0x00, 0x28, 0x60, 0x00, 0x3d, 0x79, 0x07, 0x67, 0xb2, 0x00, 0x12, 0x3d,
  0x00, 0x31, 0x69, 0x01, 0x1e, 0x42, 0x07, 0x07, 0x00, 0x06, 0x12, 0x1a,
  0x10, 0x1f, 0x25, 0x17, 0x2b, 0x34, 0x0e, 0x1c, 0x1e, 0x1f, 0x45, 0x60,
  0x22, 0x56, 0x7e, 0x0c, 0x20, 0x2c, 0x10, 0x1d, 0x20, 0x0a, 0x15, 0x1a,
  0x06, 0x0f, 0x14, 0x05, 0x10, 0x15, 0x07, 0x10, 0x14, 0x06, 0x10, 0x14,
  0x06, 0x0e, 0x12, 0x09, 0x1a, 0x22, 0x07, 0x18, 0x23, 0x05, 0x09, 0x08,
  0x01, 0x11, 0x26, 0x00, 0x1e, 0x42, 0x02, 0x08, 0x0d, 0x00, 0x1a, 0x3b,
  0x00, 0x1a, 0x3a, 0x00, 0x29, 0x54, 0x00, 0x1f, 0x47, 0x00, 0x1c, 0x42,
  0x05, 0x0b, 0x0b, 0x07, 0x17, 0x21, 0x0a, 0x26, 0x3d, 0x0b, 0x31, 0x50,
  0x07, 0x1c, 0x2d, 0x04, 0x08, 0x03, 0x03, 0x11, 0x1a, 0x07, 0x2e, 0x51,
  0x11, 0x4f, 0x87, 0x19, 0x6b, 0xb2, 0x19, 0x6c, 0xb6, 0x1c, 0x71, 0xb9,
  0x18, 0x67, 0xab, 0x13, 0x61, 0xa6, 0x00, 0x0e, 0x25, 0x00, 0x22, 0x4c,
  0x00, 0x13, 0x28, 0x03, 0x03, 0x00, 0x03, 0x0f, 0x19, 0x05, 0x15, 0x22,
  0x05, 0x0c, 0x0e, 0x00, 0x10, 0x25, 0x00, 0x1c, 0x3e, 0x00, 0x08, 0x17,
  0x00, 0x27, 0x53, 0x00, 0x33, 0x69, 0x00, 0x17, 0x35, 0x02, 0x08, 0x0b,
  0x04, 0x0d, 0x14, 0x03, 0x0f, 0x17, 0x05, 0x14, 0x1f, 0x03, 0x12, 0x1d,
  0x01, 0x0b, 0x12, 0x06, 0x18, 0x25, 0x08, 0x1e, 0x2f, 0x05, 0x17, 0x25,
  0x04, 0x19, 0x29, 0x05, 0x16, 0x23, 0x03, 0x0a, 0x0e, 0x06, 0x24, 0x3c,
  0x06, 0x21, 0x38, 0x02, 0x09, 0x0c, 0x00, 0x19, 0x37, 0x06, 0x40, 0x72,
  0x04, 0x34, 0x64, 0x00, 0x16, 0x2e, 0x00, 0x00, 0x00, 0x0c, 0x25, 0x37,
  0x0d, 0x32, 0x50, 0x05, 0x20, 0x34, 0x02, 0x03, 0x04, 0x00, 0x32, 0x66,
  0x0a, 0x46, 0x76, 0x14, 0x6a, 0xa8, 0x00, 0x20, 0x48, 0x0b, 0x21, 0x2e,
  0x10, 0x2e, 0x42, 0x03, 0x25, 0x49, 0x00, 0x3a, 0x82, 0x00, 0x21, 0x49,
  0x03, 0x21, 0x3c, 0x02, 0x33, 0x65, 0x00, 0x44, 0x8b, 0x00, 0x3e, 0x7b,
  0x00, 0x3b, 0x7f, 0x00, 0x42, 0x86, 0x12, 0x7d, 0xca, 0x00, 0x14, 0x3b,
  0x00, 0x2f, 0x6a, 0x00, 0x26, 0x55, 0x05, 0x04, 0x00, 0x09, 0x14, 0x1b,
  0x10, 0x23, 0x2c, 0x11, 0x21, 0x25, 0x1c, 0x3b, 0x4e, 0x47, 0x95, 0xca,
  0x27, 0x61, 0x88, 0x06, 0x08, 0x02, 0x12, 0x27, 0x31, 0x0b, 0x17, 0x1d,
  0x0b, 0x1b, 0x21, 0x09, 0x16, 0x1b, 0x09, 0x13, 0x17, 0x07, 0x11, 0x15,
  0x07, 0x10, 0x14, 0x09, 0x16, 0x1d, 0x07, 0x14, 0x1b, 0x04, 0x07, 0x02,
  0x00, 0x1a, 0x3b, 0x00, 0x1c, 0x3d, 0x02, 0x09, 0x12, 0x00, 0x18, 0x39,
  0x00, 0x1a, 0x39, 0x00, 0x27, 0x54, 0x00, 0x19, 0x3a, 0x00, 0x19, 0x3d,
  0x08, 0x14, 0x18, 0x0a, 0x26, 0x3b, 0x07, 0x18, 0x22, 0x03, 0x00, 0x00,
  0x05, 0x17, 0x28, 0x0d, 0x44, 0x76, 0x14, 0x60, 0xa3, 0x16, 0x6b, 0xb6,
  0x17, 0x6e, 0xba, 0x12, 0x62, 0xa9, 0x12, 0x5d, 0xa1, 0x15, 0x61, 0xa3,
  0x0f, 0x56, 0x97, 0x0d, 0x52, 0x92, 0x01, 0x2a, 0x56, 0x00, 0x2a, 0x56,
  0x00, 0x2d, 0x5f, 0x01, 0x09, 0x15, 0x03, 0x09, 0x0a, 0x03, 0x0e, 0x17,
  0x07, 0x1a, 0x27, 0x05, 0x0e, 0x11, 0x00, 0x03, 0x12, 0x01, 0x38, 0x72,
  0x09, 0x54, 0x97, 0x00, 0x25, 0x4c, 0x00, 0x1e, 0x42, 0x01, 0x11, 0x23,
  0x04, 0x06, 0x01, 0x04, 0x0f, 0x17, 0x04, 0x12, 0x1b, 0x05, 0x17, 0x23,
  0x0c, 0x24, 0x35, 0x0d, 0x28, 0x3c, 0x0a, 0x23, 0x34, 0x0a, 0x25, 0x39,
  0x05, 0x1b, 0x2d, 0x05, 0x18, 0x28, 0x03, 0x0d, 0x14, 0x03, 0x04, 0x01,
  0x04, 0x13, 0x20, 0x05, 0x1b, 0x2d, 0x06, 0x15, 0x1b, 0x02, 0x00, 0x00,
  0x01, 0x00, 0x00, 0x01, 0x02, 0x00, 0x0b, 0x28, 0x3e, 0x1e, 0x4c, 0x6e,
  0x08, 0x21, 0x35, 0x01, 0x00, 0x00, 0x02, 0x2a, 0x50, 0x00, 0x3a, 0x75,
  0x00, 0x14, 0x3e, 0x00, 0x1a, 0x4c, 0x06, 0x16, 0x25, 0x11, 0x32, 0x4a,
  0x17, 0x46, 0x68, 0x0d, 0x2f, 0x4c, 0x00, 0x36, 0x7d, 0x01, 0x41, 0x81,
  0x17, 0x78, 0xc3, 0x06, 0x52, 0x9b, 0x00, 0x4e, 0x9b, 0x08, 0x54, 0x95,
  0x08, 0x5a, 0xa3, 0x00, 0x3b, 0x7f, 0x13, 0x7a, 0xc5, 0x00, 0x22, 0x48,
  0x00, 0x20, 0x52, 0x00, 0x2b, 0x5e, 0x04, 0x0a, 0x0e, 0x09, 0x13, 0x15,
  0x12, 0x2a, 0x38, 0x00, 0x04, 0x01, 0x3e, 0x71, 0x8e, 0x70, 0xc2, 0xef,
  0x0f, 0x29, 0x36, 0x12, 0x21, 0x24, 0x10, 0x23, 0x29, 0x10, 0x23, 0x2b,
  0x0e, 0x1f, 0x25, 0x09, 0x10, 0x12, 0x0c, 0x18, 0x1c, 0x08, 0x12, 0x16,
  0x08, 0x12, 0x17, 0x08, 0x14, 0x1b, 0x07, 0x11, 0x16, 0x04, 0x09, 0x0d,
  0x00, 0x1a, 0x3b, 0x01, 0x11, 0x25, 0x01, 0x0f, 0x20, 0x00, 0x13, 0x2e,
  0x01, 0x21, 0x45, 0x01, 0x25, 0x4f, 0x00, 0x16, 0x36, 0x00, 0x1a, 0x37,
  0x06, 0x10, 0x13, 0x00, 0x00, 0x00, 0x04, 0x18, 0x2b, 0x12, 0x55, 0x91,
  0x18, 0x70, 0xbc, 0x1c, 0x77, 0xc3, 0x19, 0x6b, 0xb3, 0x13, 0x61, 0xa5,
  0x10, 0x5d, 0xa2, 0x0f, 0x5a, 0x9e, 0x16, 0x63, 0xa6, 0x12, 0x5c, 0x9c,
  0x11, 0x59, 0x99, 0x0f, 0x59, 0x9b, 0x09, 0x4f, 0x89, 0x06, 0x37, 0x62,
  0x00, 0x29, 0x5c, 0x00, 0x24, 0x4b, 0x02, 0x02, 0x00, 0x04, 0x0f, 0x16,
  0x06, 0x1c, 0x2d, 0x07, 0x1b, 0x29, 0x01, 0x06, 0x11, 0x00, 0x2c, 0x5c,
  0x00, 0x24, 0x4a, 0x00, 0x28, 0x59, 0x00, 0x10, 0x29, 0x02, 0x02, 0x02,
  0x03, 0x09, 0x0e, 0x04, 0x04, 0x00, 0x04, 0x0a, 0x0c, 0x04, 0x0e, 0x16,
  0x0e, 0x2c, 0x42, 0x12, 0x33, 0x4c, 0x0a, 0x1d, 0x2a, 0x07, 0x15, 0x1f,
  0x05, 0x10, 0x19, 0x04, 0x13, 0x1e, 0x05, 0x17, 0x24, 0x03, 0x0c, 0x11,
  0x04, 0x04, 0x01, 0x03, 0x00, 0x00, 0x03, 0x0b, 0x10, 0x00, 0x0a, 0x14,
  0x03, 0x1f, 0x37, 0x0b, 0x2e, 0x4a, 0x0f, 0x36, 0x53, 0x04, 0x10, 0x19,
  0x01, 0x01, 0x00, 0x00, 0x19, 0x36, 0x00, 0x3d, 0x7b, 0x00, 0x29, 0x5b,
  0x00, 0x1f, 0x46, 0x05, 0x13, 0x1a, 0x06, 0x1b, 0x2a, 0x10, 0x35, 0x54,
  0x24, 0x5b, 0x83, 0x19, 0x3e, 0x53, 0x00, 0x2e, 0x6e, 0x00, 0x46, 0x94,
  0x02, 0x5b, 0xaa, 0x00, 0x46, 0x8e, 0x07, 0x5a, 0xa8, 0x0f, 0x66, 0xaf,
  0x0c, 0x56, 0x9a, 0x04, 0x4b, 0x8d, 0x14, 0x77, 0xc2, 0x09, 0x4c, 0x7f,
  0x00, 0x16, 0x4b, 0x00, 0x30, 0x66, 0x02, 0x14, 0x2c, 0x08, 0x0e, 0x07,
  0x0d, 0x20, 0x2c, 0x0c, 0x1c, 0x24, 0x23, 0x3d, 0x46, 0x36, 0x64, 0x7e,
  0x15, 0x2d, 0x3a, 0x14, 0x24, 0x29, 0x10, 0x1d, 0x20, 0x0e, 0x1b, 0x20,
  0x0c, 0x15, 0x18, 0x0b, 0x16, 0x19, 0x0c, 0x19, 0x1c, 0x08, 0x11, 0x15,
  0x08, 0x14, 0x18, 0x09, 0x13, 0x17, 0x05, 0x0c, 0x0d, 0x02, 0x0b, 0x14,
  0x00, 0x1a, 0x3b, 0x02, 0x0b, 0x17, 0x01, 0x13, 0x2a, 0x00, 0x0c, 0x1f,
  0x00, 0x2a, 0x55, 0x00, 0x1f, 0x41, 0x00, 0x17, 0x36, 0x00, 0x06, 0x18,
  0x05, 0x09, 0x05, 0x0d, 0x3f, 0x6e, 0x1c, 0x74, 0xc0, 0x1b, 0x76, 0xc2,
  0x16, 0x69, 0xb0, 0x11, 0x5e, 0xa1, 0x0a, 0x53, 0x94, 0x10, 0x5c, 0x9e,
  0x11, 0x5c, 0x9d, 0x14, 0x5f, 0xa1, 0x12, 0x5a, 0x9a, 0x10, 0x56, 0x96,
  0x12, 0x5c, 0x9f, 0x10, 0x5c, 0x9f, 0x00, 0x12, 0x30, 0x00, 0x1a, 0x40,
  0x00, 0x22, 0x4c, 0x00, 0x30, 0x65, 0x00, 0x0c, 0x20, 0x04, 0x0a, 0x0c,
  0x05, 0x12, 0x1c, 0x05, 0x13, 0x1e, 0x05, 0x0f, 0x14, 0x02, 0x04, 0x04,
  0x00, 0x15, 0x32, 0x00, 0x0e, 0x1e, 0x03, 0x29, 0x4b, 0x00, 0x24, 0x4b,
  0x00, 0x12, 0x31, 0x00, 0x14, 0x2e, 0x03, 0x0a, 0x0e, 0x04, 0x0b, 0x0e,
  0x05, 0x13, 0x1d, 0x09, 0x1e, 0x2c, 0x0a, 0x1d, 0x2a, 0x09, 0x1c, 0x2a,
  0x06, 0x13, 0x1e, 0x05, 0x17, 0x25, 0x06, 0x20, 0x36, 0x05, 0x1b, 0x2d,
  0x05, 0x20, 0x38, 0x04, 0x22, 0x3c, 0x04, 0x22, 0x3d, 0x10, 0x39, 0x5d,
  0x1c, 0x54, 0x83, 0x08, 0x1b, 0x29, 0x01, 0x0d, 0x17, 0x00, 0x16, 0x30,
  0x00, 0x21, 0x4b, 0x00, 0x26, 0x57, 0x00, 0x19, 0x3a, 0x02, 0x0a, 0x13,
  0x0a, 0x1f, 0x2c, 0x04, 0x20, 0x36, 0x0d, 0x2f, 0x4a, 0x19, 0x44, 0x63,
  0x1d, 0x4a, 0x6d, 0x21, 0x48, 0x60, 0x05, 0x27, 0x4e, 0x00, 0x41, 0x8b,
  0x02, 0x5b, 0xae, 0x00, 0x4b, 0x99, 0x04, 0x4d, 0x92, 0x0a, 0x5f, 0xa6,
  0x09, 0x5a, 0xa0, 0x04, 0x4d, 0x95, 0x11, 0x70, 0xb9, 0x1b, 0x80, 0xc1,
  0x00, 0x00, 0x21, 0x00, 0x28, 0x55, 0x00, 0x24, 0x50, 0x05, 0x04, 0x00,
  0x09, 0x15, 0x1d, 0x10, 0x22, 0x29, 0x0f, 0x1e, 0x22, 0x17, 0x2f, 0x3c,
  0x1e, 0x3a, 0x48, 0x0f, 0x1c, 0x1f, 0x11, 0x1e, 0x21, 0x10, 0x1b, 0x1d,
  0x0e, 0x19, 0x1b, 0x0d, 0x1a, 0x1e, 0x0b, 0x15, 0x18, 0x08, 0x11, 0x15,
  0x09, 0x14, 0x19, 0x08, 0x10, 0x13, 0x05, 0x0a, 0x08, 0x01, 0x0f, 0x21,
  0x00, 0x17, 0x31, 0x02, 0x0a, 0x12, 0x01, 0x11, 0x27, 0x00, 0x0d, 0x1f,
  0x00, 0x2a, 0x57, 0x00, 0x17, 0x32, 0x00, 0x00, 0x15, 0x08, 0x33, 0x56,
  0x20, 0x73, 0xb8, 0x1b, 0x6e, 0xb6, 0x1a, 0x6b, 0xb2, 0x12, 0x60, 0xa2,
  0x15, 0x62, 0xa5, 0x10, 0x59, 0x9c, 0x0e, 0x54, 0x96, 0x10, 0x5a, 0x9b,
  0x13, 0x5f, 0xa1, 0x11, 0x58, 0x97, 0x0d, 0x50, 0x8d, 0x13, 0x5e, 0xa0,
  0x12, 0x5f, 0xa2, 0x0f, 0x5b, 0x9f, 0x00, 0x24, 0x4f, 0x00, 0x24, 0x4d,
  0x00, 0x16, 0x38, 0x02, 0x3d, 0x76, 0x01, 0x33, 0x63, 0x02, 0x00, 0x00,
  0x04, 0x11, 0x19, 0x05, 0x11, 0x19, 0x06, 0x13, 0x1a, 0x04, 0x0a, 0x0c,
  0x02, 0x06, 0x0c, 0x01, 0x1e, 0x3d, 0x00, 0x34, 0x69, 0x00, 0x2d, 0x60,
  0x00, 0x32, 0x68, 0x00, 0x12, 0x2f, 0x02, 0x0c, 0x13, 0x04, 0x0b, 0x0d,
  0x04, 0x0b, 0x10, 0x03, 0x09, 0x0d, 0x05, 0x13, 0x1c, 0x06, 0x16, 0x21,
  0x07, 0x19, 0x27, 0x06, 0x18, 0x25, 0x07, 0x22, 0x39, 0x08, 0x29, 0x45,
  0x0c, 0x35, 0x56, 0x09, 0x3c, 0x66, 0x03, 0x23, 0x41, 0x08, 0x23, 0x38,
  0x04, 0x17, 0x26, 0x00, 0x21, 0x46, 0x00, 0x2b, 0x5b, 0x00, 0x2c, 0x62,
  0x00, 0x2f, 0x62, 0x02, 0x42, 0x78, 0x00, 0x00, 0x04, 0x05, 0x18, 0x23,
  0x10, 0x3a, 0x5c, 0x20, 0x50, 0x74, 0x14, 0x3a, 0x57, 0x39, 0x78, 0xa3,
  0x14, 0x3b, 0x59, 0x1c, 0x49, 0x69, 0x13, 0x2f, 0x40, 0x00, 0x41, 0x87,
  0x00, 0x44, 0x91, 0x00, 0x58, 0xac, 0x00, 0x58, 0xac, 0x0d, 0x69, 0xba,
  0x09, 0x5d, 0xa3, 0x0d, 0x66, 0xb3, 0x0e, 0x61, 0xa8, 0x1f, 0x93, 0xe3,
  0x00, 0x0f, 0x3b, 0x05, 0x38, 0x63, 0x00, 0x37, 0x76, 0x03, 0x0d, 0x1b,
  0x05, 0x0b, 0x08, 0x0a, 0x19, 0x20, 0x0f, 0x1e, 0x24, 0x0e, 0x18, 0x19,
  0x0c, 0x17, 0x19, 0x0d, 0x1c, 0x1f, 0x11, 0x1f, 0x23, 0x0e, 0x1b, 0x1d,
  0x0e, 0x1d, 0x20, 0x0e, 0x1c, 0x20, 0x09, 0x11, 0x13, 0x07, 0x12, 0x16,
  0x07, 0x10, 0x12, 0x06, 0x0d, 0x0e, 0x04, 0x0a, 0x0f, 0x00, 0x13, 0x2c,
  0x01, 0x0e, 0x1c, 0x02, 0x0b, 0x17, 0x01, 0x0c, 0x19, 0x00, 0x15, 0x2c,
  0x00, 0x23, 0x49, 0x00, 0x14, 0x2f, 0x00, 0x00, 0x19, 0x18, 0x67, 0xa8,
  0x1b, 0x73, 0xbc, 0x18, 0x65, 0xa9, 0x18, 0x6a, 0xad, 0x14, 0x62, 0xa5,
  0x14, 0x5f, 0xa1, 0x0f, 0x54, 0x95, 0x11, 0x5a, 0x9a, 0x11, 0x5c, 0x9e,
  0x11, 0x5a, 0x9a, 0x0f, 0x51, 0x8e, 0x0c, 0x4c, 0x89, 0x10, 0x57, 0x97,
  0x13, 0x62, 0xa6, 0x14, 0x62, 0xa5, 0x00, 0x23, 0x4e, 0x00, 0x2b, 0x5c,
  0x00, 0x21, 0x4a, 0x00, 0x31, 0x65, 0x02, 0x49, 0x8a, 0x00, 0x03, 0x14,
  0x04, 0x0b, 0x0c, 0x03, 0x10, 0x1c, 0x01, 0x0c, 0x19, 0x01, 0x0e, 0x20,
  0x02, 0x0c, 0x16, 0x00, 0x1a, 0x42, 0x00, 0x29, 0x53, 0x11, 0x6a, 0xaa,
  0x00, 0x19, 0x3c, 0x00, 0x11, 0x26, 0x01, 0x10, 0x20, 0x04, 0x06, 0x03,
  0x04, 0x0d, 0x15, 0x04, 0x0d, 0x14, 0x03, 0x09, 0x0e, 0x03, 0x0c, 0x12,
  0x04, 0x10, 0x19, 0x06, 0x17, 0x22, 0x06, 0x16, 0x1f, 0x07, 0x1d, 0x2f,
  0x09, 0x29, 0x43, 0x06, 0x32, 0x56, 0x03, 0x24, 0x40, 0x00, 0x11, 0x27,
  0x00, 0x32, 0x68, 0x00, 0x1d, 0x42, 0x00, 0x0b, 0x21, 0x00, 0x30, 0x65,
  0x00, 0x2f, 0x63, 0x0e, 0x5b, 0x98, 0x00, 0x05, 0x21, 0x08, 0x1c, 0x27,
  0x0c, 0x35, 0x55, 0x29, 0x5a, 0x81, 0x14, 0x35, 0x4d, 0x2c, 0x5d, 0x7e,
  0x36, 0x6d, 0x91, 0x36, 0x6b, 0x90, 0x2a, 0x53, 0x6a, 0x00, 0x2e, 0x6a,
  0x00, 0x55, 0xab, 0x02, 0x62, 0xba, 0x02, 0x5a, 0xa9, 0x03, 0x38, 0x6a,
  0x0c, 0x65, 0xb1, 0x13, 0x72, 0xbd, 0x0d, 0x69, 0xb6, 0x27, 0x9b, 0xeb,
  0x0d, 0x5c, 0x9e, 0x00, 0x12, 0x40, 0x00, 0x2e, 0x62, 0x00, 0x21, 0x4c,
  0x06, 0x01, 0x00, 0x07, 0x14, 0x1d, 0x0c, 0x19, 0x1e, 0x0c, 0x1a, 0x1f,
  0x0f, 0x1c, 0x22, 0x12, 0x24, 0x2b, 0x12, 0x20, 0x24, 0x11, 0x21, 0x27,
  0x10, 0x1f, 0x24, 0x09, 0x12, 0x14, 0x07, 0x11, 0x14, 0x06, 0x0e, 0x10,
  0x06, 0x0d, 0x0f, 0x05, 0x0a, 0x09, 0x01, 0x0d, 0x1b, 0x01, 0x14, 0x2c,
  0x02, 0x09, 0x10, 0x01, 0x10, 0x21, 0x01, 0x0a, 0x15, 0x00, 0x20, 0x45,
  0x00, 0x1d, 0x3f, 0x00, 0x0c, 0x2a, 0x00, 0x24, 0x46, 0x1b, 0x71, 0xb6,
  0x1a, 0x6e, 0xb2, 0x1b, 0x6c, 0xaf, 0x1a, 0x6a, 0xac, 0x19, 0x68, 0xaa,
  0x11, 0x5a, 0x9a, 0x16, 0x61, 0xa0, 0x16, 0x5f, 0x9e, 0x13, 0x59, 0x98,
  0x11, 0x58, 0x98, 0x10, 0x54, 0x91, 0x11, 0x54, 0x8e, 0x11, 0x57, 0x93,
  0x11, 0x58, 0x97, 0x0b, 0x4f, 0x8e, 0x00, 0x1b, 0x3c, 0x00, 0x2e, 0x62,
  0x00, 0x33, 0x67, 0x00, 0x18, 0x40, 0x04, 0x53, 0x95, 0x03, 0x3d, 0x6e,
  0x00, 0x00, 0x00, 0x00, 0x1b, 0x3a, 0x00, 0x12, 0x28, 0x00, 0x21, 0x47,
  0x01, 0x0d, 0x1d, 0x00, 0x14, 0x2e, 0x01, 0x33, 0x63, 0x00, 0x2f, 0x62,
  0x00, 0x25, 0x52, 0x00, 0x10, 0x28, 0x00, 0x16, 0x31, 0x02, 0x0a, 0x16,
  0x05, 0x06, 0x01, 0x04, 0x0f, 0x17, 0x03, 0x0c, 0x13, 0x03, 0x0d, 0x13,
  0x04, 0x0c, 0x11, 0x04, 0x0e, 0x14, 0x05, 0x13, 0x1d, 0x06, 0x15, 0x21,
  0x04, 0x17, 0x26, 0x04, 0x18, 0x29, 0x02, 0x00, 0x00, 0x07, 0x4b, 0x84,
  0x01, 0x38, 0x70, 0x00, 0x22, 0x4a, 0x0f, 0x61, 0xa4, 0x00, 0x27, 0x53,
  0x00, 0x23, 0x57, 0x0d, 0x5a, 0x94, 0x00, 0x2e, 0x5a, 0x00, 0x02, 0x0a,
  0x11, 0x30, 0x45, 0x1e, 0x4c, 0x6c, 0x15, 0x3b, 0x57, 0x17, 0x3e, 0x5e,
  0x2d, 0x61, 0x85, 0x32, 0x67, 0x8d, 0x2a, 0x58, 0x77, 0x0b, 0x29, 0x40,
  0x00, 0x59, 0xb2, 0x00, 0x53, 0xaf, 0x00, 0x32, 0x68, 0x00, 0x00, 0x00,
  0x02, 0x46, 0x85, 0x16, 0x74, 0xbc, 0x13, 0x72, 0xbf, 0x20, 0x88, 0xce,
  0x2a, 0xa4, 0xf1, 0x00, 0x00, 0x27, 0x00, 0x2b, 0x5b, 0x00, 0x2e, 0x69,
  0x02, 0x13, 0x29, 0x06, 0x07, 0x00, 0x0a, 0x16, 0x1b, 0x0a, 0x15, 0x19,
  0x0c, 0x18, 0x1b, 0x0f, 0x1c, 0x20, 0x0c, 0x16, 0x17, 0x0f, 0x1e, 0x23,
  0x0d, 0x18, 0x1d, 0x08, 0x10, 0x11, 0x06, 0x0d, 0x0f, 0x06, 0x0d, 0x0f,
  0x05, 0x0b, 0x0c, 0x03, 0x09, 0x0f, 0x00, 0x14, 0x2b, 0x02, 0x0c, 0x17,
  0x02, 0x0b, 0x16, 0x01, 0x0e, 0x1e, 0x01, 0x0e, 0x1f, 0x00, 0x1f, 0x46,
  0x00, 0x1b, 0x38, 0x00, 0x00, 0x17, 0x0c, 0x46, 0x7a, 0x16, 0x69, 0xb1,
  0x12, 0x5f, 0xa1, 0x17, 0x66, 0xa8, 0x18, 0x67, 0xa9, 0x15, 0x60, 0xa0,
  0x16, 0x5f, 0x9e, 0x18, 0x63, 0xa4, 0x12, 0x59, 0x97, 0x12, 0x59, 0x98,
  0x0f, 0x54, 0x90, 0x10, 0x52, 0x8c, 0x12, 0x53, 0x8b, 0x0e, 0x4c, 0x85,
  0x10, 0x51, 0x8b, 0x0a, 0x4a, 0x84, 0x01, 0x0c, 0x1a, 0x00, 0x2f, 0x67,
  0x00, 0x28, 0x57, 0x00, 0x00, 0x00, 0x00, 0x19, 0x3b, 0x09, 0x56, 0x95,
  0x00, 0x0a, 0x1f, 0x00, 0x1c, 0x3c, 0x00, 0x25, 0x4d, 0x00, 0x21, 0x47,
  0x02, 0x34, 0x66, 0x00, 0x0b, 0x1b, 0x01, 0x0c, 0x1b, 0x00, 0x1c, 0x42,
  0x00, 0x39, 0x7a, 0x00, 0x2d, 0x5f, 0x00, 0x08, 0x19, 0x00, 0x1b, 0x3a,
  0x02, 0x0f, 0x20, 0x04, 0x07, 0x02, 0x04, 0x0e, 0x15, 0x04, 0x07, 0x04,
  0x03, 0x0b, 0x10, 0x04, 0x0c, 0x10, 0x04, 0x0b, 0x0f, 0x04, 0x0e, 0x15,
  0x04, 0x14, 0x1f, 0x04, 0x13, 0x20, 0x02, 0x01, 0x00, 0x02, 0x24, 0x42,
  0x00, 0x41, 0x81, 0x00, 0x2e, 0x65, 0x00, 0x3a, 0x73, 0x00, 0x21, 0x4d,
  0x00, 0x2c, 0x60, 0x00, 0x2b, 0x5f, 0x00, 0x2c, 0x58, 0x00, 0x0f, 0x2c,
  0x08, 0x14, 0x17, 0x1c, 0x48, 0x67, 0x16, 0x43, 0x65, 0x16, 0x3e, 0x5e,
  0x17, 0x3a, 0x54, 0x26, 0x52, 0x71, 0x33, 0x65, 0x88, 0x1b, 0x2b, 0x2f,
  0x0b, 0x56, 0x97, 0x00, 0x59, 0xb3, 0x00, 0x45, 0x8c, 0x1b, 0x6c, 0xac,
  0x09, 0x5e, 0xa8, 0x16, 0x78, 0xc0, 0x20, 0x85, 0xcc, 0x17, 0x73, 0xbb,
  0x38, 0xc0, 0xff, 0x20, 0x75, 0xac, 0x00, 0x00, 0x34, 0x00, 0x34, 0x69,
  0x00, 0x28, 0x5b, 0x05, 0x06, 0x00, 0x06, 0x0d, 0x12, 0x07, 0x10, 0x13,
  0x0a, 0x14, 0x17, 0x0d, 0x16, 0x17, 0x0d, 0x16, 0x17, 0x0c, 0x15, 0x18,
  0x08, 0x0e, 0x10, 0x07, 0x0e, 0x0f, 0x06, 0x0d, 0x0e, 0x05, 0x0b, 0x0b,
  0x04, 0x0a, 0x0e, 0x01, 0x0f, 0x1f, 0x02, 0x0f, 0x1f, 0x02, 0x0b, 0x14,
  0x01, 0x10, 0x21, 0x02, 0x09, 0x11, 0x00, 0x18, 0x36, 0x00, 0x18, 0x36,
  0x00, 0x13, 0x2e, 0x00, 0x13, 0x32, 0x12, 0x62, 0xa5, 0x14, 0x5f, 0xa2,
  0x14, 0x5d, 0x9e, 0x13, 0x61, 0xa3, 0x12, 0x5e, 0xa1, 0x12, 0x59, 0x99,
  0x15, 0x60, 0xa1, 0x14, 0x60, 0xa1, 0x14, 0x60, 0xa0, 0x11, 0x5a, 0x9b,
  0x0d, 0x4f, 0x8b, 0x12, 0x56, 0x91, 0x13, 0x59, 0x95, 0x0b, 0x46, 0x7e,
  0x0b, 0x47, 0x7f, 0x0e, 0x4f, 0x8a, 0x00, 0x1d, 0x43, 0x00, 0x21, 0x49,
  0x00, 0x22, 0x4e, 0x01, 0x2d, 0x5a, 0x02, 0x33, 0x64, 0x01, 0x3c, 0x73,
  0x06, 0x48, 0x7f, 0x00, 0x00, 0x00, 0x02, 0x27, 0x4c, 0x04, 0x38, 0x67,
  0x00, 0x32, 0x66, 0x00, 0x27, 0x54, 0x01, 0x13, 0x29, 0x01, 0x0e, 0x1d,
  0x00, 0x36, 0x76, 0x00, 0x44, 0x89, 0x01, 0x34, 0x69, 0x00, 0x07, 0x1a,
  0x00, 0x1d, 0x3f, 0x01, 0x14, 0x2b, 0x04, 0x02, 0x00, 0x01, 0x14, 0x2b,
  0x01, 0x16, 0x32, 0x02, 0x0b, 0x15, 0x03, 0x0c, 0x14, 0x03, 0x08, 0x0b,
  0x03, 0x0b, 0x11, 0x03, 0x0e, 0x19, 0x03, 0x12, 0x20, 0x03, 0x08, 0x0c,
  0x01, 0x1d, 0x3f, 0x00, 0x1d, 0x40, 0x00, 0x14, 0x33, 0x00, 0x1c, 0x3e,
  0x00, 0x1e, 0x42, 0x00, 0x22, 0x4e, 0x00, 0x33, 0x6b, 0x00, 0x3a, 0x7b,
  0x00, 0x10, 0x29, 0x0c, 0x23, 0x2e, 0x11, 0x37, 0x55, 0x16, 0x3f, 0x61,
  0x19, 0x46, 0x68, 0x15, 0x3f, 0x60, 0x36, 0x6b, 0x92, 0x26, 0x4d, 0x6a,
  0x18, 0x3d, 0x55, 0x03, 0x5e, 0xb0, 0x00, 0x4e, 0xa2, 0x05, 0x59, 0xa6,
  0x05, 0x61, 0xb0, 0x09, 0x67, 0xb6, 0x22, 0x7c, 0xbc, 0x1b, 0x84, 0xd2,
  0x1e, 0x83, 0xc6, 0x38, 0xbc, 0xff, 0x00, 0x18, 0x42, 0x00, 0x21, 0x53,
  0x00, 0x28, 0x59, 0x00, 0x1d, 0x41, 0x06, 0x00, 0x00, 0x06, 0x10, 0x19,
  0x08, 0x11, 0x14, 0x0b, 0x14, 0x17, 0x0a, 0x12, 0x13, 0x09, 0x11, 0x13,
  0x07, 0x0f, 0x10, 0x06, 0x0e, 0x0f, 0x05, 0x0c, 0x0e, 0x05, 0x0b, 0x0d,
  0x02, 0x0f, 0x1d, 0x00, 0x0f, 0x20, 0x03, 0x0a, 0x12, 0x02, 0x0f, 0x1e,
  0x01, 0x0a, 0x11, 0x01, 0x10, 0x25, 0x00, 0x1c, 0x41, 0x00, 0x16, 0x2f,
  0x00, 0x00, 0x18, 0x04, 0x3d, 0x70, 0x14, 0x66, 0xad, 0x17, 0x62, 0xa3,
  0x17, 0x61, 0xa2, 0x11, 0x5d, 0x9e, 0x14, 0x5f, 0xa2, 0x18, 0x65, 0xa7,
  0x17, 0x66, 0xa8, 0x12, 0x5c, 0x9d, 0x10, 0x5a, 0x9b, 0x13, 0x5f, 0xa0,
  0x15, 0x61, 0xa2, 0x11, 0x56, 0x94, 0x0b, 0x4e, 0x8b, 0x0f, 0x56, 0x93,
  0x0b, 0x48, 0x82, 0x0d, 0x4e, 0x89, 0x00, 0x48, 0x8d, 0x00, 0x26, 0x53,
  0x00, 0x21, 0x50, 0x05, 0x41, 0x7b, 0x0c, 0x57, 0x98, 0x00, 0x1d, 0x50,
  0x06, 0x4f, 0x8f, 0x02, 0x27, 0x47, 0x01, 0x00, 0x00, 0x03, 0x1d, 0x35,
  0x02, 0x21, 0x42, 0x01, 0x13, 0x2b, 0x03, 0x13, 0x23, 0x05, 0x0b, 0x0a,
  0x00, 0x10, 0x26, 0x00, 0x30, 0x6d, 0x05, 0x5a, 0xa8, 0x03, 0x44, 0x80,
  0x00, 0x00, 0x08, 0x00, 0x12, 0x24, 0x00, 0x18, 0x36, 0x00, 0x1e, 0x44,
  0x00, 0x11, 0x23, 0x01, 0x0e, 0x1e, 0x01, 0x09, 0x11, 0x01, 0x0a, 0x15,
  0x01, 0x0e, 0x1e, 0x02, 0x0c, 0x18, 0x02, 0x09, 0x0f, 0x03, 0x0f, 0x1a,
  0x04, 0x02, 0x00, 0x03, 0x00, 0x00, 0x02, 0x04, 0x03, 0x03, 0x00, 0x00,
  0x02, 0x03, 0x04, 0x01, 0x07, 0x0d, 0x01, 0x22, 0x44, 0x00, 0x30, 0x68,
  0x00, 0x30, 0x69, 0x01, 0x0b, 0x12, 0x0a, 0x1c, 0x2a, 0x0f, 0x31, 0x4c,
  0x08, 0x2e, 0x4f, 0x0b, 0x2f, 0x4b, 0x06, 0x26, 0x3d, 0x09, 0x2f, 0x51,
  0x16, 0x33, 0x49, 0x0f, 0x51, 0x87, 0x00, 0x48, 0x98, 0x00, 0x3d, 0x81,
  0x00, 0x46, 0x8d, 0x00, 0x44, 0x8a, 0x03, 0x47, 0x89, 0x17, 0x76, 0xc1,
  0x03, 0x66, 0xb8, 0x27, 0x9c, 0xe9, 0x26, 0x98, 0xdd, 0x00, 0x00, 0x00,
  0x03, 0x31, 0x50, 0x00, 0x2a, 0x60, 0x00, 0x16, 0x34, 0x05, 0x01, 0x00,
  0x07, 0x11, 0x1a, 0x06, 0x0f, 0x14, 0x08, 0x10, 0x12, 0x08, 0x10, 0x10,
  0x06, 0x0c, 0x0a, 0x05, 0x0b, 0x0a, 0x05, 0x0a, 0x0e, 0x02, 0x0e, 0x1d,
  0x01, 0x11, 0x24, 0x02, 0x0b, 0x14, 0x02, 0x0e, 0x1b, 0x02, 0x0b, 0x15,
  0x01, 0x09, 0x13, 0x00, 0x1b, 0x3d, 0x00, 0x14, 0x2e, 0x00, 0x0c, 0x25,
  0x00, 0x1c, 0x40, 0x11, 0x63, 0xa9, 0x14, 0x61, 0xa3, 0x14, 0x5c, 0x9b,
  0x12, 0x58, 0x98, 0x16, 0x61, 0xa2, 0x17, 0x60, 0x9f, 0x19, 0x67, 0xa8,
  0x16, 0x63, 0xa4, 0x14, 0x5d, 0x9e, 0x0e, 0x54, 0x93, 0x13, 0x5e, 0x9d,
  0x10, 0x59, 0x99, 0x0d, 0x51, 0x90, 0x0a, 0x4e, 0x8e, 0x10, 0x59, 0x9a,
  0x12, 0x57, 0x94, 0x0c, 0x4a, 0x83, 0x00, 0x24, 0x4f, 0x01, 0x15, 0x2d,
  0x00, 0x16, 0x30, 0x00, 0x31, 0x6c, 0x00, 0x1c, 0x48, 0x00, 0x2d, 0x5e,
  0x00, 0x2e, 0x63, 0x05, 0x4c, 0x8c, 0x00, 0x06, 0x14, 0x03, 0x00, 0x00,
  0x05, 0x0c, 0x0e, 0x06, 0x0c, 0x0b, 0x07, 0x18, 0x23, 0x06, 0x19, 0x27,
  0x05, 0x0e, 0x0f, 0x00, 0x12, 0x28, 0x00, 0x2e, 0x68, 0x03, 0x57, 0xa4,
  0x05, 0x55, 0x9c, 0x00, 0x18, 0x33, 0x00, 0x29, 0x5b, 0x00, 0x1a, 0x37,
  0x00, 0x13, 0x2b, 0x02, 0x0e, 0x1c, 0x01, 0x0d, 0x1c, 0x00, 0x1e, 0x40,
  0x00, 0x19, 0x37, 0x02, 0x0e, 0x1b, 0x01, 0x0f, 0x20, 0x02, 0x07, 0x0c,
  0x01, 0x13, 0x27, 0x01, 0x14, 0x2d, 0x01, 0x10, 0x24, 0x00, 0x18, 0x39,
  0x00, 0x1c, 0x40, 0x00, 0x19, 0x38, 0x02, 0x08, 0x13, 0x01, 0x07, 0x0c,
  0x00, 0x32, 0x6b, 0x00, 0x2c, 0x60, 0x06, 0x0b, 0x04, 0x0f, 0x28, 0x3b,
  0x16, 0x33, 0x4a, 0x0e, 0x2c, 0x42, 0x0b, 0x29, 0x44, 0x00, 0x11, 0x26,
  0x09, 0x38, 0x61, 0x0e, 0x2e, 0x45, 0x07, 0x55, 0x97, 0x00, 0x3f, 0x85,
  0x00, 0x4c, 0x99, 0x01, 0x4f, 0x97, 0x07, 0x5d, 0xa7, 0x0c, 0x60, 0xa8,
  0x04, 0x66, 0xbc, 0x00, 0x57, 0xa7, 0x2f, 0xb4, 0xff, 0x17, 0x68, 0xa3,
  0x00, 0x00, 0x32, 0x00, 0x31, 0x64, 0x00, 0x2a, 0x5e, 0x00, 0x17, 0x35,
  0x05, 0x00, 0x00, 0x03, 0x0e, 0x15, 0x04, 0x0f, 0x1c, 0x03, 0x0f, 0x1a,
  0x02, 0x0e, 0x19, 0x02, 0x0d, 0x1a, 0x01, 0x0f, 0x1d, 0x02, 0x0e, 0x1b,
  0x02, 0x0d, 0x18, 0x02, 0x0e, 0x1c, 0x02, 0x09, 0x0e, 0x01, 0x0b, 0x16,
  0x00, 0x1a, 0x3a, 0x00, 0x15, 0x31, 0x00, 0x12, 0x24, 0x00, 0x00, 0x13,
  0x0e, 0x56, 0x93, 0x15, 0x68, 0xaf, 0x12, 0x5b, 0x9c, 0x15, 0x5e, 0x9f,
  0x16, 0x60, 0xa0, 0x13, 0x57, 0x91, 0x11, 0x55, 0x91, 0x14, 0x5b, 0x98,
  0x15, 0x5d, 0x9b, 0x14, 0x5e, 0x9d, 0x0f, 0x56, 0x94, 0x10, 0x56, 0x96,
  0x12, 0x5d, 0x9f, 0x14, 0x60, 0xa2, 0x14, 0x62, 0xa4, 0x14, 0x61, 0xa4,
  0x14, 0x5f, 0xa1, 0x12, 0x59, 0x98, 0x04, 0x08, 0x08, 0x05, 0x0c, 0x09,
  0x06, 0x00, 0x00, 0x00, 0x34, 0x69, 0x00, 0x40, 0x86, 0x00, 0x26, 0x56,
  0x00, 0x1e, 0x47, 0x02, 0x3e, 0x79, 0x05, 0x46, 0x7f, 0x00, 0x00, 0x01,
  0x04, 0x0d, 0x13, 0x05, 0x11, 0x1b, 0x07, 0x1d, 0x2e, 0x0c, 0x2a, 0x40,
  0x08, 0x20, 0x32, 0x04, 0x0d, 0x0e, 0x02, 0x0c, 0x1b, 0x00, 0x1f, 0x4f,
  0x05, 0x5f, 0xb0, 0x00, 0x38, 0x6e, 0x00, 0x2e, 0x62, 0x00, 0x1f, 0x41,
  0x00, 0x25, 0x52, 0x00, 0x13, 0x30, 0x01, 0x2e, 0x57, 0x00, 0x2f, 0x65,
  0x00, 0x1c, 0x42, 0x00, 0x16, 0x33, 0x00, 0x10, 0x24, 0x02, 0x0a, 0x16,
  0x00, 0x14, 0x2c, 0x01, 0x09, 0x13, 0x00, 0x1d, 0x3e, 0x00, 0x28, 0x59,
  0x00, 0x24, 0x51, 0x00, 0x1b, 0x3d, 0x00, 0x17, 0x32, 0x01, 0x0b, 0x15,
  0x01, 0x08, 0x13, 0x00, 0x35, 0x72, 0x00, 0x24, 0x4c, 0x07, 0x11, 0x11,
  0x14, 0x35, 0x4f, 0x1e, 0x4b, 0x6d, 0x0b, 0x36, 0x59, 0x0b, 0x2a, 0x44,
  0x10, 0x33, 0x50, 0x10, 0x2c, 0x45, 0x09, 0x25, 0x37, 0x0e, 0x6e, 0xbc,
  0x00, 0x4f, 0x9f, 0x00, 0x50, 0x9e, 0x00, 0x34, 0x6c, 0x03, 0x49, 0x8e,
  0x02, 0x50, 0x96, 0x00, 0x5f, 0xb4, 0x0c, 0x5d, 0xa7, 0x32, 0xb6, 0xff,
  0x0a, 0x57, 0x8f, 0x00, 0x00, 0x2d, 0x00, 0x30, 0x63, 0x00, 0x2c, 0x63,
  0x00, 0x1d, 0x43, 0x02, 0x08, 0x0f, 0x04, 0x02, 0x00, 0x02, 0x0a, 0x0f,
  0x01, 0x0d, 0x1b, 0x02, 0x0c, 0x19, 0x02, 0x0a, 0x11, 0x02, 0x09, 0x11,
  0x02, 0x0b, 0x13, 0x03, 0x08, 0x0c, 0x01, 0x13, 0x29, 0x00, 0x1b, 0x3e,
  0x00, 0x13, 0x2b, 0x00, 0x16, 0x2d, 0x00, 0x00, 0x15, 0x04, 0x3a, 0x68,
  0x15, 0x6b, 0xb3, 0x16, 0x61, 0xa2, 0x0f, 0x57, 0x96, 0x11, 0x5a, 0x99,
  0x16, 0x60, 0x9d, 0x12, 0x57, 0x92, 0x13, 0x5b, 0x9b, 0x11, 0x55, 0x91,
  0x15, 0x59, 0x96, 0x16, 0x60, 0x9f, 0x12, 0x59, 0x99, 0x0f, 0x56, 0x95,
  0x13, 0x5f, 0xa1, 0x13, 0x5e, 0x9f, 0x10, 0x5b, 0x9d, 0x14, 0x61, 0xa4,
  0x0f, 0x59, 0x9a, 0x11, 0x5b, 0x9c, 0x04, 0x16, 0x26, 0x05, 0x16, 0x25,
  0x07, 0x18, 0x25, 0x04, 0x00, 0x00, 0x00, 0x4b, 0x94, 0x00, 0x36, 0x71,
  0x00, 0x08, 0x18, 0x00, 0x04, 0x1c, 0x04, 0x4a, 0x88, 0x03, 0x37, 0x66,
  0x00, 0x00, 0x00, 0x04, 0x11, 0x18, 0x02, 0x0a, 0x10, 0x06, 0x19, 0x26,
  0x0a, 0x25, 0x3a, 0x04, 0x15, 0x23, 0x06, 0x0d, 0x0d, 0x04, 0x08, 0x06,
  0x00, 0x16, 0x3a, 0x00, 0x27, 0x57, 0x02, 0x43, 0x82, 0x03, 0x34, 0x62,
  0x00, 0x34, 0x6f, 0x00, 0x21, 0x4d, 0x02, 0x37, 0x68, 0x00, 0x3d, 0x7b,
  0x00, 0x2b, 0x61, 0x00, 0x22, 0x4a, 0x00, 0x19, 0x37, 0x00, 0x17, 0x35,
  0x00, 0x21, 0x48, 0x00, 0x0e, 0x22, 0x00, 0x25, 0x4f, 0x00, 0x2a, 0x5a,
  0x00, 0x12, 0x2a, 0x00, 0x11, 0x2b, 0x01, 0x1b, 0x3a, 0x00, 0x21, 0x46,
  0x00, 0x00, 0x00, 0x00, 0x22, 0x48, 0x00, 0x38, 0x76, 0x01, 0x11, 0x24,
  0x05, 0x0d, 0x0c, 0x13, 0x38, 0x55, 0x0d, 0x28, 0x3d, 0x0a, 0x1c, 0x2a,
  0x0c, 0x27, 0x3b, 0x08, 0x1c, 0x29, 0x06, 0x00, 0x00, 0x08, 0x2a, 0x44,
  0x08, 0x62, 0xb1, 0x00, 0x38, 0x7c, 0x04, 0x22, 0x3b, 0x00, 0x17, 0x36,
  0x00, 0x36, 0x6f, 0x05, 0x4d, 0x8c, 0x00, 0x4d, 0x96, 0x06, 0x55, 0x9d,
  0x23, 0xa2, 0xf3, 0x08, 0x54, 0x88, 0x00, 0x00, 0x2b, 0x00, 0x29, 0x5b,
  0x00, 0x18, 0x39, 0x00, 0x1e, 0x48, 0x00, 0x1e, 0x45, 0x02, 0x0c, 0x1a,
  0x03, 0x03, 0x01, 0x02, 0x08, 0x0c, 0x02, 0x0b, 0x15, 0x02, 0x0a, 0x14,
  0x01, 0x0d, 0x1d, 0x00, 0x16, 0x32, 0x00, 0x1b, 0x3c, 0x00, 0x13, 0x2c,
  0x00, 0x1a, 0x35, 0x00, 0x00, 0x17, 0x03, 0x31, 0x5b, 0x19, 0x70, 0xb7,
  0x18, 0x69, 0xac, 0x19, 0x67, 0xa9, 0x0f, 0x54, 0x91, 0x0f, 0x53, 0x8e,
  0x10, 0x56, 0x93, 0x0e, 0x55, 0x93, 0x13, 0x5e, 0x9e, 0x12, 0x5a, 0x99,
  0x17, 0x60, 0x9e, 0x16, 0x5f, 0x9e, 0x14, 0x5c, 0x9a, 0x0d, 0x52, 0x92,
  0x08, 0x4d, 0x8e, 0x08, 0x4c, 0x8d, 0x0d, 0x53, 0x95, 0x0c, 0x51, 0x92,
  0x0b, 0x52, 0x93, 0x0e, 0x53, 0x91, 0x04, 0x19, 0x29, 0x03, 0x15, 0x22,
  0x06, 0x1c, 0x2c, 0x04, 0x0c, 0x0d, 0x02, 0x0e, 0x1a, 0x02, 0x4b, 0x8b,
  0x00, 0x28, 0x56, 0x04, 0x3c, 0x6f, 0x00, 0x2d, 0x5f, 0x08, 0x5b, 0xa1,
  0x00, 0x22, 0x41, 0x01, 0x00, 0x00, 0x05, 0x14, 0x1c, 0x03, 0x0e, 0x16,
  0x03, 0x0b, 0x10, 0x05, 0x15, 0x1f, 0x03, 0x0a, 0x11, 0x04, 0x0e, 0x15,
  0x06, 0x0f, 0x0a, 0x04, 0x08, 0x0c, 0x00, 0x32, 0x69, 0x0e, 0x64, 0xaa,
  0x09, 0x51, 0x8f, 0x00, 0x27, 0x60, 0x01, 0x39, 0x6a, 0x0d, 0x6a, 0xb3,
  0x0a, 0x4b, 0x81, 0x00, 0x1c, 0x47, 0x0e, 0x56, 0x90, 0x00, 0x24, 0x4d,
  0x00, 0x2a, 0x5a, 0x00, 0x12, 0x28, 0x01, 0x3e, 0x7b, 0x00, 0x32, 0x65,
  0x00, 0x0c, 0x1c, 0x02, 0x33, 0x60, 0x00, 0x11, 0x2e, 0x05, 0x44, 0x7d,
  0x03, 0x30, 0x58, 0x00, 0x00, 0x00, 0x00, 0x25, 0x50, 0x00, 0x26, 0x57,
  0x01, 0x07, 0x0f, 0x02, 0x00, 0x00, 0x09, 0x15, 0x1b, 0x09, 0x12, 0x11,
  0x03, 0x02, 0x00, 0x03, 0x00, 0x00, 0x05, 0x08, 0x02, 0x05, 0x00, 0x00,
  0x05, 0x20, 0x35, 0x01, 0x44, 0x83, 0x14, 0x5b, 0x92, 0x06, 0x37, 0x65,
  0x00, 0x22, 0x55, 0x00, 0x2d, 0x5d, 0x00, 0x36, 0x6b, 0x00, 0x3b, 0x83,
  0x00, 0x3f, 0x83, 0x10, 0x81, 0xd2, 0x03, 0x52, 0x92, 0x00, 0x08, 0x23,
  0x02, 0x1f, 0x3c, 0x03, 0x32, 0x5e, 0x00, 0x25, 0x5b, 0x00, 0x2c, 0x61,
  0x00, 0x28, 0x57, 0x00, 0x1d, 0x44, 0x00, 0x15, 0x35, 0x00, 0x1f, 0x45,
  0x00, 0x1e, 0x43, 0x00, 0x1b, 0x3c, 0x01, 0x18, 0x31, 0x00, 0x13, 0x2c,
  0x00, 0x00, 0x0d, 0x00, 0x28, 0x50, 0x1b, 0x72, 0xba, 0x1b, 0x6b, 0xaf,
  0x1b, 0x68, 0xa9, 0x14, 0x5d, 0x9c, 0x0b, 0x4b, 0x88, 0x0e, 0x50, 0x8d,
  0x13, 0x5a, 0x99, 0x10, 0x57, 0x97, 0x0d, 0x4e, 0x89, 0x0d, 0x4e, 0x89,
  0x15, 0x5f, 0x9f, 0x11, 0x56, 0x94, 0x14, 0x5c, 0x99, 0x0f, 0x58, 0x99,
  0x08, 0x49, 0x8a, 0x0a, 0x4f, 0x91, 0x10, 0x59, 0x9b, 0x0e, 0x55, 0x95,
  0x0c, 0x52, 0x93, 0x0c, 0x4f, 0x8b, 0x04, 0x18, 0x28, 0x03, 0x10, 0x1a,
  0x05, 0x15, 0x21, 0x04, 0x17, 0x28, 0x03, 0x00, 0x00, 0x02, 0x19, 0x33,
  0x09, 0x5e, 0xa7, 0x03, 0x3f, 0x78, 0x00, 0x32, 0x6a, 0x00, 0x3b, 0x79,
  0x09, 0x5a, 0x9e, 0x00, 0x0f, 0x25, 0x02, 0x0a, 0x15, 0x04, 0x15, 0x1e,
  0x03, 0x14, 0x21, 0x04, 0x13, 0x1c, 0x0b, 0x24, 0x37, 0x05, 0x15, 0x20,
  0x04, 0x10, 0x1a, 0x07, 0x12, 0x14, 0x04, 0x0d, 0x11, 0x00, 0x24, 0x4a,
  0x02, 0x41, 0x7c, 0x00, 0x1a, 0x44, 0x00, 0x21, 0x41, 0x00, 0x47, 0x86,
  0x10, 0x6d, 0xb3, 0x00, 0x2b, 0x58, 0x00, 0x00, 0x15, 0x02, 0x33, 0x5e,
  0x00, 0x3f, 0x80, 0x00, 0x21, 0x4a, 0x00, 0x48, 0x8c, 0x00, 0x33, 0x68,
  0x00, 0x01, 0x0f, 0x06, 0x43, 0x75, 0x00, 0x0f, 0x29, 0x00, 0x29, 0x59,
  0x10, 0x5e, 0xa0, 0x00, 0x0f, 0x28, 0x00, 0x10, 0x24, 0x00, 0x26, 0x53,
  0x00, 0x27, 0x56, 0x02, 0x0e, 0x1e, 0x01, 0x16, 0x2b, 0x00, 0x20, 0x49,
  0x00, 0x2d, 0x5b, 0x00, 0x38, 0x6e, 0x00, 0x29, 0x5b, 0x01, 0x2d, 0x5c,
  0x02, 0x04, 0x0b, 0x01, 0x03, 0x05, 0x00, 0x25, 0x56, 0x00, 0x2d, 0x66,
  0x00, 0x33, 0x6d, 0x00, 0x21, 0x4e, 0x00, 0x28, 0x55, 0x00, 0x31, 0x64,
  0x00, 0x2d, 0x61, 0x00, 0x25, 0x60, 0x03, 0x64, 0xb6, 0x06, 0x65, 0xb0,
  0x01, 0x2e, 0x57, 0x00, 0x13, 0x30, 0x00, 0x14, 0x36, 0x00, 0x1d, 0x43,
  0x00, 0x20, 0x4a, 0x01, 0x21, 0x40, 0x03, 0x29, 0x48, 0x00, 0x15, 0x30,
  0x00, 0x18, 0x35, 0x00, 0x14, 0x30, 0x00, 0x00, 0x16, 0x00, 0x03, 0x21,
  0x0a, 0x46, 0x78, 0x1c, 0x76, 0xbd, 0x1e, 0x74, 0xba, 0x16, 0x63, 0xa3,
  0x13, 0x59, 0x98, 0x12, 0x5a, 0x99, 0x0e, 0x56, 0x96, 0x0c, 0x53, 0x93,
  0x12, 0x5c, 0x9d, 0x12, 0x59, 0x97, 0x0d, 0x4a, 0x83, 0x0d, 0x4c, 0x86,
  0x0c, 0x4f, 0x8b, 0x10, 0x55, 0x97, 0x12, 0x5a, 0x9b, 0x09, 0x4c, 0x8c,
  0x0b, 0x52, 0x93, 0x0b, 0x50, 0x8e, 0x0b, 0x51, 0x91, 0x0d, 0x55, 0x98,
  0x0c, 0x53, 0x94, 0x0f, 0x51, 0x8d, 0x0a, 0x25, 0x39, 0x0a, 0x24, 0x37,
  0x04, 0x13, 0x1e, 0x04, 0x11, 0x1c, 0x04, 0x17, 0x26, 0x06, 0x05, 0x00,
  0x02, 0x25, 0x42, 0x01, 0x48, 0x8a, 0x00, 0x26, 0x55, 0x00, 0x1b, 0x45,
  0x01, 0x3a, 0x75, 0x04, 0x49, 0x84, 0x00, 0x02, 0x0e, 0x01, 0x06, 0x0e,
  0x04, 0x0e, 0x16, 0x03, 0x0c, 0x12, 0x0f, 0x2e, 0x46, 0x0b, 0x24, 0x35,
  0x09, 0x1d, 0x2a, 0x06, 0x17, 0x22, 0x08, 0x18, 0x21, 0x08, 0x0e, 0x0a,
  0x03, 0x00, 0x00, 0x03, 0x0f, 0x1a, 0x03, 0x0b, 0x0f, 0x00, 0x05, 0x19,
  0x00, 0x2e, 0x62, 0x02, 0x4b, 0x8a, 0x00, 0x15, 0x3a, 0x01, 0x29, 0x4a,
  0x07, 0x64, 0xac, 0x00, 0x2f, 0x65, 0x08, 0x59, 0xa1, 0x1f, 0x84, 0xd1,
  0x00, 0x1f, 0x43, 0x00, 0x10, 0x32, 0x01, 0x23, 0x49, 0x00, 0x28, 0x56,
  0x08, 0x5b, 0xa4, 0x14, 0x67, 0xa7, 0x00, 0x00, 0x08, 0x00, 0x14, 0x29,
  0x00, 0x27, 0x55, 0x00, 0x2c, 0x5f, 0x00, 0x14, 0x2c, 0x00, 0x1d, 0x43,
  0x00, 0x32, 0x6b, 0x00, 0x23, 0x4d, 0x00, 0x1e, 0x40, 0x00, 0x36, 0x73,
  0x00, 0x3a, 0x7b, 0x00, 0x20, 0x46, 0x02, 0x10, 0x20, 0x00, 0x2c, 0x55,
  0x00, 0x31, 0x64, 0x00, 0x27, 0x56, 0x00, 0x23, 0x4d, 0x00, 0x22, 0x48,
  0x00, 0x2a, 0x55, 0x00, 0x2f, 0x5f, 0x00, 0x34, 0x69, 0x00, 0x42, 0x84,
  0x02, 0x5b, 0xaa, 0x01, 0x48, 0x89, 0x00, 0x29, 0x56, 0x00, 0x24, 0x50,
  0x00, 0x15, 0x39, 0x00, 0x1b, 0x44, 0x00, 0x1e, 0x46, 0x00, 0x06, 0x2e,
  0x00, 0x14, 0x41, 0x00, 0x19, 0x44, 0x0d, 0x41, 0x71, 0x21, 0x75, 0xb7,
  0x23, 0x81, 0xcb, 0x1f, 0x75, 0xb9, 0x18, 0x69, 0xab, 0x10, 0x5d, 0xa0,
  0x13, 0x62, 0xa5, 0x15, 0x61, 0xa3, 0x10, 0x59, 0x99, 0x11, 0x5c, 0x9f,
  0x10, 0x59, 0x97, 0x0d, 0x4d, 0x84, 0x0d, 0x4e, 0x89, 0x0d, 0x50, 0x8d,
  0x0d, 0x52, 0x91, 0x0d, 0x55, 0x98, 0x0a, 0x4e, 0x8c, 0x0b, 0x51, 0x92,
  0x0c, 0x56, 0x99, 0x0a, 0x4f, 0x90, 0x08, 0x4c, 0x8c, 0x09, 0x50, 0x92,
  0x0c, 0x4d, 0x89, 0x09, 0x45, 0x7c, 0x08, 0x1f, 0x31, 0x11, 0x34, 0x4f,
  0x0b, 0x24, 0x37, 0x06, 0x18, 0x27, 0x05, 0x1c, 0x2d, 0x08, 0x24, 0x3b,
  0x08, 0x0b, 0x07, 0x03, 0x1e, 0x38, 0x04, 0x4b, 0x87, 0x00, 0x25, 0x4e,
  0x00, 0x1b, 0x3f, 0x00, 0x3b, 0x78, 0x02, 0x43, 0x7e, 0x00, 0x03, 0x0b,
  0x02, 0x08, 0x11, 0x04, 0x0e, 0x11, 0x04, 0x12, 0x1b, 0x06, 0x13, 0x1d,
  0x05, 0x14, 0x1d, 0x04, 0x10, 0x18, 0x05, 0x11, 0x1a, 0x07, 0x1a, 0x29,
  0x07, 0x1a, 0x27, 0x06, 0x12, 0x18, 0x06, 0x14, 0x1b, 0x07, 0x11, 0x13,
  0x03, 0x05, 0x08, 0x00, 0x0c, 0x1f, 0x02, 0x1d, 0x39, 0x00, 0x00, 0x00,
  0x0a, 0x57, 0x8e, 0x02, 0x48, 0x88, 0x04, 0x46, 0x84, 0x09, 0x5d, 0xa4,
  0x00, 0x3d, 0x78, 0x00, 0x20, 0x47, 0x00, 0x38, 0x71, 0x00, 0x28, 0x52,
  0x00, 0x39, 0x72, 0x19, 0x7e, 0xcd, 0x11, 0x5a, 0x94, 0x00, 0x00, 0x07,
  0x00, 0x09, 0x1a, 0x00, 0x2d, 0x59, 0x00, 0x2b, 0x5d, 0x00, 0x1b, 0x3a,
  0x00, 0x1d, 0x3e, 0x00, 0x27, 0x55, 0x01, 0x1e, 0x43, 0x00, 0x2b, 0x5a,
  0x01, 0x48, 0x89, 0x00, 0x32, 0x6a, 0x00, 0x27, 0x57, 0x00, 0x16, 0x31,
  0x01, 0x1b, 0x36, 0x00, 0x1b, 0x37, 0x00, 0x1e, 0x44, 0x00, 0x28, 0x58,
  0x00, 0x28, 0x58, 0x00, 0x27, 0x56, 0x00, 0x1a, 0x42, 0x00, 0x03, 0x1e,
  0x00, 0x00, 0x12, 0x00, 0x0d, 0x32, 0x00, 0x23, 0x55, 0x00, 0x2b, 0x63,
  0x00, 0x2c, 0x61, 0x01, 0x2e, 0x5e, 0x01, 0x34, 0x65, 0x0c, 0x4a, 0x82,
  0x13, 0x59, 0x95, 0x1b, 0x68, 0xa9, 0x23, 0x7e, 0xc4, 0x1e, 0x76, 0xbc,
  0x1a, 0x6a, 0xac, 0x16, 0x66, 0xa7, 0x12, 0x5c, 0x9d, 0x12, 0x5d, 0x9d,
  0x12, 0x5a, 0x99, 0x13, 0x5b, 0x9b, 0x0f, 0x58, 0x98, 0x10, 0x55, 0x92,
  0x0b, 0x49, 0x81, 0x0e, 0x4e, 0x87, 0x0b, 0x45, 0x7c, 0x0d, 0x4c, 0x85,
  0x0d, 0x4c, 0x88, 0x0e, 0x51, 0x8e, 0x0c, 0x49, 0x80, 0x0b, 0x4f, 0x8e,
  0x09, 0x50, 0x95, 0x08, 0x51, 0x94, 0x08, 0x4c, 0x8d, 0x05, 0x3f, 0x75,
  0x0a, 0x43, 0x7a, 0x0b, 0x47, 0x7f, 0x02, 0x0c, 0x13, 0x0a, 0x22, 0x34,
  0x0d, 0x2c, 0x44, 0x09, 0x20, 0x32, 0x06, 0x19, 0x27, 0x06, 0x1a, 0x28,
  0x07, 0x1e, 0x31, 0x06, 0x0e, 0x0e, 0x03, 0x15, 0x26, 0x00, 0x38, 0x6f,
  0x00, 0x26, 0x4f, 0x01, 0x1d, 0x3b, 0x00, 0x45, 0x85, 0x03, 0x41, 0x78,
  0x00, 0x00, 0x02, 0x02, 0x0b, 0x17, 0x04, 0x0b, 0x0d, 0x06, 0x13, 0x1c,
  0x05, 0x17, 0x25, 0x05, 0x14, 0x20, 0x04, 0x10, 0x19, 0x04, 0x10, 0x18,
  0x05, 0x14, 0x1e, 0x05, 0x14, 0x1f, 0x06, 0x16, 0x21, 0x06, 0x17, 0x23,
  0x07, 0x17, 0x22, 0x08, 0x16, 0x1c, 0x04, 0x0f, 0x15, 0x01, 0x0b, 0x17,
  0x00, 0x04, 0x0c, 0x00, 0x27, 0x52, 0x00, 0x16, 0x3b, 0x00, 0x0d, 0x2f,
  0x00, 0x20, 0x4a, 0x00, 0x27, 0x56, 0x00, 0x38, 0x71, 0x00, 0x35, 0x6f,
  0x00, 0x21, 0x45, 0x00, 0x3d, 0x79, 0x18, 0x74, 0xc0, 0x1d, 0x77, 0xb9,
  0x00, 0x15, 0x36, 0x00, 0x00, 0x00, 0x00, 0x12, 0x29, 0x00, 0x2c, 0x5b,
  0x00, 0x24, 0x4e, 0x00, 0x21, 0x47, 0x00, 0x20, 0x4b, 0x00, 0x2e, 0x65,
  0x00, 0x26, 0x59, 0x00, 0x29, 0x5c, 0x00, 0x37, 0x72, 0x00, 0x2e, 0x66,
  0x00, 0x27, 0x58, 0x00, 0x24, 0x51, 0x00, 0x1e, 0x41, 0x00, 0x0e, 0x26,
  0x00, 0x00, 0x01, 0x00, 0x02, 0x13, 0x00, 0x21, 0x43, 0x09, 0x3c, 0x69,
  0x12, 0x4f, 0x81, 0x17, 0x5b, 0x92, 0x1c, 0x66, 0xa0, 0x1b, 0x69, 0xa7,
  0x1f, 0x75, 0xb6, 0x25, 0x7d, 0xc2, 0x25, 0x7f, 0xc4, 0x23, 0x7d, 0xc1,
  0x1c, 0x6e, 0xb0, 0x17, 0x66, 0xa9, 0x19, 0x68, 0xa9, 0x17, 0x65, 0xa5,
  0x15, 0x60, 0x9f, 0x14, 0x5e, 0x9f, 0x13, 0x5f, 0x9f, 0x0f, 0x56, 0x94,
  0x07, 0x45, 0x81, 0x0a, 0x4d, 0x8c, 0x0a, 0x4d, 0x8d, 0x08, 0x46, 0x7e,
  0x0a, 0x47, 0x7d, 0x0b, 0x42, 0x75, 0x0a, 0x44, 0x78, 0x0a, 0x43, 0x78,
  0x0a, 0x42, 0x76, 0x08, 0x3f, 0x73, 0x09, 0x3e, 0x70, 0x06, 0x3e, 0x72,
  0x0c, 0x54, 0x96, 0x09, 0x4f, 0x92, 0x0b, 0x4f, 0x8e, 0x09, 0x42, 0x79,
  0x09, 0x40, 0x74, 0x0a, 0x43, 0x78, 0x02, 0x05, 0x09, 0x04, 0x0f, 0x16,
  0x04, 0x11, 0x1a, 0x06, 0x16, 0x21, 0x06, 0x14, 0x1f, 0x04, 0x15, 0x21,
  0x09, 0x20, 0x30, 0x06, 0x1a, 0x29, 0x05, 0x11, 0x16, 0x03, 0x0a, 0x0f,
  0x00, 0x12, 0x30, 0x12, 0x4f, 0x82, 0x00, 0x2b, 0x59, 0x00, 0x42, 0x81,
  0x02, 0x33, 0x62, 0x00, 0x0a, 0x1b, 0x00, 0x0a, 0x1a, 0x03, 0x08, 0x0c,
  0x05, 0x11, 0x17, 0x05, 0x18, 0x25, 0x04, 0x13, 0x1e, 0x05, 0x10, 0x18,
  0x05, 0x11, 0x19, 0x05, 0x12, 0x1a, 0x06, 0x15, 0x20, 0x06, 0x15, 0x20,
  0x06, 0x17, 0x24, 0x05, 0x10, 0x17, 0x04, 0x2e, 0x55, 0x02, 0x27, 0x4c,
  0x02, 0x18, 0x31, 0x02, 0x07, 0x0b, 0x01, 0x18, 0x30, 0x01, 0x18, 0x35,
  0x00, 0x27, 0x55, 0x00, 0x21, 0x47, 0x01, 0x0a, 0x1a, 0x01, 0x14, 0x29,
  0x00, 0x15, 0x33, 0x00, 0x11, 0x2a, 0x00, 0x39, 0x6f, 0x1e, 0x83, 0xd1,
  0x25, 0x8c, 0xd5, 0x12, 0x57, 0x88, 0x00, 0x0a, 0x1f, 0x00, 0x00, 0x00,
  0x00, 0x15, 0x32, 0x00, 0x1a, 0x3c, 0x00, 0x14, 0x2b, 0x00, 0x13, 0x2a,
  0x00, 0x12, 0x29, 0x01, 0x15, 0x31, 0x00, 0x1b, 0x3d, 0x00, 0x1b, 0x3f,
  0x00, 0x13, 0x2c, 0x01, 0x1f, 0x3e, 0x00, 0x03, 0x1a, 0x03, 0x28, 0x48,
  0x12, 0x55, 0x90, 0x18, 0x63, 0xa4, 0x1b, 0x72, 0xb9, 0x1c, 0x74, 0xbd,
  0x1f, 0x77, 0xbe, 0x1a, 0x6d, 0xb4, 0x1c, 0x6f, 0xb4, 0x1f, 0x72, 0xb6,
  0x1e, 0x73, 0xb6, 0x1b, 0x6a, 0xad, 0x1b, 0x6a, 0xab, 0x16, 0x61, 0xa0,
  0x0f, 0x53, 0x8e, 0x0f, 0x54, 0x91, 0x10, 0x55, 0x92, 0x15, 0x5e, 0x9e,
  0x13, 0x59, 0x97, 0x0f, 0x51, 0x8d, 0x10, 0x50, 0x8b, 0x0d, 0x51, 0x8f,
  0x0b, 0x4f, 0x8d, 0x0b, 0x4c, 0x87, 0x0b, 0x4b, 0x86, 0x09, 0x45, 0x7b,
  0x08, 0x41, 0x75, 0x08, 0x42, 0x75, 0x0b, 0x46, 0x7c, 0x09, 0x42, 0x77,
  0x09, 0x43, 0x76, 0x09, 0x41, 0x76, 0x08, 0x3f, 0x73, 0x05, 0x36, 0x65,
  0x07, 0x45, 0x82, 0x0a, 0x4e, 0x8e, 0x0b, 0x48, 0x80, 0x0b, 0x46, 0x7d,
  0x08, 0x3f, 0x73, 0x0a, 0x44, 0x79, 0x00, 0x2a, 0x55, 0x01, 0x00, 0x00,
  0x06, 0x15, 0x20, 0x06, 0x1b, 0x2b, 0x07, 0x1e, 0x2f, 0x05, 0x11, 0x17,
  0x0b, 0x25, 0x37, 0x0d, 0x2c, 0x43, 0x05, 0x14, 0x20, 0x04, 0x0e, 0x14,
  0x04, 0x0d, 0x12, 0x00, 0x0a, 0x1d, 0x00, 0x23, 0x4f, 0x00, 0x28, 0x5a,
  0x00, 0x3c, 0x76, 0x04, 0x3c, 0x6e, 0x00, 0x12, 0x28, 0x00, 0x0d, 0x23,
  0x02, 0x0a, 0x14, 0x03, 0x0a, 0x0e, 0x05, 0x16, 0x23, 0x07, 0x1b, 0x2a,
  0x07, 0x1a, 0x26, 0x05, 0x13, 0x1d, 0x06, 0x13, 0x1d, 0x07, 0x18, 0x26,
  0x07, 0x1d, 0x2c, 0x06, 0x12, 0x19, 0x02, 0x2b, 0x54, 0x01, 0x2a, 0x55,
  0x04, 0x1b, 0x32, 0x01, 0x22, 0x42, 0x00, 0x24, 0x4c, 0x01, 0x0b, 0x17,
  0x03, 0x09, 0x0d, 0x01, 0x1a, 0x37, 0x01, 0x14, 0x2c, 0x00, 0x15, 0x2e,
  0x00, 0x15, 0x2d, 0x01, 0x11, 0x25, 0x00, 0x0f, 0x25, 0x00, 0x23, 0x4a,
  0x08, 0x51, 0x90, 0x1b, 0x84, 0xd1, 0x1f, 0x82, 0xc7, 0x02, 0x42, 0x7c,
  0x00, 0x1d, 0x3b, 0x01, 0x07, 0x13, 0x00, 0x08, 0x16, 0x01, 0x0a, 0x1a,
  0x00, 0x09, 0x1a, 0x00, 0x0c, 0x1d, 0x00, 0x0d, 0x1e, 0x00, 0x0f, 0x1e,
  0x00, 0x10, 0x2d, 0x00, 0x00, 0x17, 0x00, 0x15, 0x2c, 0x19, 0x6b, 0xb0,
  0x18, 0x6d, 0xb8, 0x19, 0x6a, 0xaf, 0x1c, 0x6f, 0xb3, 0x1c, 0x6d, 0xb0,
  0x18, 0x66, 0xa9, 0x19, 0x69, 0xab, 0x17, 0x67, 0xaa, 0x18, 0x68, 0xaa,
  0x19, 0x67, 0xa7, 0x18, 0x68, 0xa8, 0x1a, 0x6b, 0xad, 0x17, 0x63, 0xa2,
  0x11, 0x54, 0x8f, 0x12, 0x57, 0x94, 0x12, 0x57, 0x93, 0x11, 0x55, 0x91,
  0x11, 0x53, 0x8d, 0x10, 0x51, 0x8a, 0x0e, 0x4e, 0x88, 0x0e, 0x4f, 0x88,
  0x10, 0x52, 0x8d, 0x0f, 0x4e, 0x86, 0x0e, 0x4d, 0x86, 0x0b, 0x48, 0x7f,
  0x0a, 0x44, 0x7a, 0x0a, 0x45, 0x7a, 0x0b, 0x46, 0x7b, 0x0d, 0x4e, 0x88,
  0x08, 0x42, 0x77, 0x04, 0x38, 0x68, 0x05, 0x3b, 0x6f, 0x05, 0x3c, 0x72,
  0x03, 0x38, 0x6d, 0x05, 0x3c, 0x70, 0x07, 0x41, 0x77, 0x08, 0x42, 0x78,
  0x07, 0x3f, 0x73, 0x0a, 0x46, 0x7d, 0x02, 0x3d, 0x77, 0x05, 0x37, 0x62,
  0x02, 0x00, 0x00, 0x06, 0x15, 0x1e, 0x06, 0x1d, 0x30, 0x04, 0x11, 0x1a,
  0x04, 0x0d, 0x14, 0x07, 0x1a, 0x27, 0x06, 0x17, 0x24, 0x06, 0x17, 0x22,
  0x06, 0x14, 0x1c, 0x06, 0x13, 0x17, 0x04, 0x10, 0x1a, 0x00, 0x20, 0x43,
  0x00, 0x2b, 0x5d, 0x01, 0x33, 0x68, 0x03, 0x3c, 0x71, 0x01, 0x25, 0x4a,
  0x00, 0x12, 0x2a, 0x00, 0x02, 0x0c, 0x02, 0x00, 0x00, 0x03, 0x05, 0x04,
  0x05, 0x0e, 0x10, 0x06, 0x11, 0x16, 0x06, 0x12, 0x17, 0x06, 0x13, 0x1b,
  0x06, 0x16, 0x20, 0x02, 0x08, 0x0b, 0x00, 0x1b, 0x38, 0x00, 0x19, 0x35,
  0x01, 0x08, 0x0c, 0x00, 0x1d, 0x3f, 0x01, 0x2c, 0x58, 0x01, 0x10, 0x1f,
  0x05, 0x09, 0x06, 0x02, 0x24, 0x47, 0x00, 0x2b, 0x5a, 0x00, 0x2a, 0x57,
  0x00, 0x0a, 0x17, 0x00, 0x04, 0x17, 0x00, 0x14, 0x32, 0x00, 0x10, 0x2d,
  0x00, 0x0d, 0x26, 0x00, 0x11, 0x36, 0x00, 0x29, 0x5b, 0x01, 0x3d, 0x7a,
  0x01, 0x49, 0x8a, 0x00, 0x3f, 0x7e, 0x00, 0x33, 0x6d, 0x00, 0x37, 0x6f,
  0x00, 0x31, 0x66, 0x00, 0x2d, 0x64, 0x00, 0x26, 0x58, 0x00, 0x15, 0x3f,
  0x00, 0x2a, 0x54, 0x0b, 0x41, 0x71, 0x1b, 0x6f, 0xb4, 0x1c, 0x75, 0xbb,
  0x14, 0x63, 0xa5, 0x17, 0x66, 0xa8, 0x17, 0x65, 0xa6, 0x15, 0x63, 0xa5,
  0x17, 0x69, 0xac, 0x18, 0x69, 0xab, 0x18, 0x68, 0xaa, 0x15, 0x64, 0xa5,
  0x15, 0x61, 0xa2, 0x14, 0x5e, 0x9f, 0x12, 0x5e, 0xa0, 0x0d, 0x50, 0x8e,
  0x0b, 0x48, 0x83, 0x10, 0x52, 0x8d, 0x10, 0x4f, 0x88, 0x10, 0x50, 0x88,
  0x0e, 0x4e, 0x87, 0x10, 0x53, 0x8e, 0x0f, 0x52, 0x8b, 0x0c, 0x4a, 0x83,
  0x0c, 0x4a, 0x83, 0x0e, 0x4d, 0x87, 0x0e, 0x4d, 0x87, 0x0e, 0x4d, 0x85,
  0x0c, 0x4c, 0x85, 0x09, 0x3f, 0x70, 0x08, 0x3f, 0x72, 0x07, 0x42, 0x79,
  0x08, 0x42, 0x78, 0x06, 0x3c, 0x6e, 0x04, 0x3c, 0x70, 0x06, 0x41, 0x7a,
  0x03, 0x38, 0x6b, 0x02, 0x30, 0x5f, 0x06, 0x3b, 0x6e, 0x08, 0x40, 0x75,
  0x06, 0x3d, 0x70, 0x07, 0x41, 0x76, 0x00, 0x25, 0x53, 0x08, 0x4a, 0x86,
  0x08, 0x4d, 0x85, 0x00, 0x09, 0x17, 0x04, 0x0a, 0x0a, 0x07, 0x13, 0x1c,
  0x05, 0x12, 0x1c, 0x04, 0x0e, 0x15, 0x05, 0x11, 0x18, 0x07, 0x17, 0x21,
  0x09, 0x1b, 0x26, 0x07, 0x17, 0x23, 0x08, 0x14, 0x1b, 0x06, 0x0d, 0x0c,
  0x01, 0x14, 0x2c, 0x00, 0x1a, 0x3c, 0x00, 0x1e, 0x44, 0x00, 0x2b, 0x56,
  0x00, 0x0a, 0x17, 0x01, 0x20, 0x3b, 0x02, 0x2c, 0x4d, 0x00, 0x14, 0x2c,
  0x00, 0x0c, 0x1e, 0x02, 0x0f, 0x1f, 0x03, 0x13, 0x21, 0x02, 0x11, 0x1e,
  0x01, 0x0c, 0x18, 0x02, 0x1f, 0x3b, 0x00, 0x0c, 0x1f, 0x00, 0x09, 0x1c,
  0x00, 0x0e, 0x20, 0x03, 0x2a, 0x4c, 0x01, 0x28, 0x4b, 0x00, 0x00, 0x01,
  0x04, 0x0c, 0x10, 0x01, 0x15, 0x2c, 0x02, 0x39, 0x6f, 0x01, 0x1b, 0x37,
  0x00, 0x17, 0x33, 0x0b, 0x51, 0x93, 0x00, 0x27, 0x4f, 0x00, 0x1b, 0x3b,
  0x00, 0x17, 0x33, 0x01, 0x00, 0x00, 0x00, 0x17, 0x31, 0x02, 0x32, 0x63,
  0x00, 0x0d, 0x27, 0x00, 0x13, 0x2b, 0x00, 0x1c, 0x3f, 0x00, 0x1e, 0x3e,
  0x01, 0x1e, 0x3f, 0x00, 0x1a, 0x39, 0x00, 0x0e, 0x23, 0x15, 0x5a, 0x93,
  0x1c, 0x6f, 0xb4, 0x1d, 0x73, 0xba, 0x1b, 0x6d, 0xb1, 0x1f, 0x73, 0xb6,
  0x1d, 0x70, 0xb3, 0x18, 0x66, 0xa8, 0x13, 0x5d, 0x9f, 0x16, 0x64, 0xa6,
  0x17, 0x66, 0xa7, 0x12, 0x5c, 0x9d, 0x17, 0x65, 0xa6, 0x18, 0x64, 0xa4,
  0x16, 0x61, 0xa3, 0x15, 0x60, 0xa2, 0x0e, 0x55, 0x95, 0x0f, 0x55, 0x95,
  0x0f, 0x4f, 0x89, 0x0d, 0x46, 0x7a, 0x11, 0x4d, 0x83, 0x10, 0x4f, 0x87,
  0x0f, 0x4d, 0x86, 0x0e, 0x4c, 0x84, 0x0b, 0x48, 0x7f, 0x0d, 0x4d, 0x88,
  0x0c, 0x4a, 0x83, 0x0d, 0x4b, 0x83, 0x0c, 0x49, 0x82, 0x10, 0x51, 0x8a,
  0x08, 0x42, 0x78, 0x07, 0x3f, 0x73, 0x07, 0x3f, 0x74, 0x08, 0x43, 0x7d,
  0x09, 0x45, 0x7c, 0x07, 0x40, 0x77, 0x05, 0x3d, 0x73, 0x06, 0x44, 0x7d,
  0x05, 0x3f, 0x76, 0x06, 0x3b, 0x6e, 0x06, 0x3a, 0x6c, 0x06, 0x3d, 0x71,
  0x06, 0x3d, 0x70, 0x08, 0x3e, 0x73, 0x00, 0x21, 0x47, 0x00, 0x2a, 0x5e,
  0x01, 0x38, 0x6f, 0x02, 0x37, 0x6a, 0x00, 0x1d, 0x3c, 0x02, 0x08, 0x0e,
  0x06, 0x11, 0x17, 0x05, 0x14, 0x1e, 0x04, 0x12, 0x1c, 0x06, 0x14, 0x1d,
  0x07, 0x15, 0x1d, 0x07, 0x16, 0x1e, 0x06, 0x12, 0x18, 0x06, 0x0f, 0x14,
  0x06, 0x0f, 0x10, 0x05, 0x0c, 0x0d, 0x03, 0x0d, 0x16, 0x00, 0x0b, 0x1f,
  0x05, 0x41, 0x73, 0x09, 0x55, 0x94, 0x07, 0x4e, 0x88, 0x01, 0x34, 0x65,
  0x00, 0x2c, 0x5b, 0x00, 0x20, 0x4d, 0x00, 0x12, 0x3b, 0x00, 0x00, 0x18,
  0x00, 0x09, 0x1e, 0x1b, 0x6c, 0xb1, 0x13, 0x54, 0x8e, 0x0d, 0x4a, 0x80,
  0x11, 0x52, 0x8b, 0x12, 0x57, 0x92, 0x0e, 0x48, 0x7a, 0x02, 0x25, 0x47,
  0x01, 0x0a, 0x14, 0x00, 0x0e, 0x20, 0x01, 0x1f, 0x40, 0x01, 0x0f, 0x22,
  0x00, 0x12, 0x26, 0x0e, 0x4c, 0x7e, 0x01, 0x21, 0x44, 0x00, 0x12, 0x2a,
  0x01, 0x0b, 0x14, 0x00, 0x0a, 0x16, 0x00, 0x1c, 0x37, 0x00, 0x24, 0x4d,
  0x00, 0x03, 0x1b, 0x00, 0x0f, 0x25, 0x00, 0x15, 0x31, 0x01, 0x14, 0x30,
  0x01, 0x15, 0x2f, 0x00, 0x04, 0x15, 0x02, 0x21, 0x3e, 0x1a, 0x70, 0xb9,
  0x19, 0x68, 0xac, 0x19, 0x69, 0xac, 0x1a, 0x6a, 0xae, 0x16, 0x62, 0xa5,
  0x17, 0x65, 0xa7, 0x19, 0x68, 0xaa, 0x17, 0x64, 0xa7, 0x16, 0x64, 0xa5,
  0x15, 0x5f, 0xa0, 0x13, 0x5e, 0x9e, 0x17, 0x63, 0xa3, 0x14, 0x59, 0x94,
  0x14, 0x5b, 0x99, 0x16, 0x62, 0xa2, 0x14, 0x60, 0xa1, 0x11, 0x57, 0x97,
  0x13, 0x58, 0x95, 0x10, 0x4e, 0x85, 0x10, 0x4a, 0x7e, 0x0e, 0x49, 0x7f,
  0x0d, 0x48, 0x7c, 0x0f, 0x4e, 0x86, 0x0a, 0x46, 0x7c, 0x0c, 0x4b, 0x84,
  0x0a, 0x47, 0x7f, 0x0a, 0x44, 0x7b, 0x0b, 0x49, 0x80, 0x09, 0x43, 0x79,
  0x07, 0x3f, 0x74, 0x08, 0x41, 0x77, 0x06, 0x3f, 0x76, 0x07, 0x44, 0x7f,
  0x06, 0x43, 0x7c, 0x04, 0x40, 0x79, 0x04, 0x3d, 0x74, 0x03, 0x3d, 0x76,
  0x08, 0x48, 0x84, 0x06, 0x3e, 0x76, 0x06, 0x40, 0x79, 0x05, 0x3e, 0x75,
  0x06, 0x3e, 0x73, 0x08, 0x43, 0x7b, 0x00, 0x27, 0x55, 0x00, 0x2a, 0x59,
  0x00, 0x25, 0x52, 0x00, 0x1d, 0x46, 0x01, 0x34, 0x66, 0x00, 0x2a, 0x54,
  0x00, 0x11, 0x26, 0x03, 0x0a, 0x0f, 0x03, 0x0f, 0x17, 0x03, 0x16, 0x26,
  0x04, 0x0f, 0x18, 0x04, 0x13, 0x21, 0x04, 0x1d, 0x32, 0x02, 0x11, 0x21,
  0x03, 0x17, 0x29, 0x03, 0x0f, 0x18, 0x05, 0x10, 0x15, 0x03, 0x15, 0x29,
  0x00, 0x1d, 0x44, 0x00, 0x15, 0x3a, 0x00, 0x1e, 0x44, 0x00, 0x23, 0x4e,
  0x00, 0x0e, 0x29, 0x04, 0x26, 0x46, 0x0c, 0x46, 0x7a, 0x11, 0x51, 0x87,
  0x16, 0x60, 0x9d, 0x1b, 0x6e, 0xb3, 0x18, 0x6c, 0xb0, 0x1d, 0x71, 0xb6,
  0x1d, 0x74, 0xba, 0x1c, 0x74, 0xbd, 0x20, 0x7d, 0xcb, 0x1d, 0x75, 0xbf,
  0x00, 0x0b, 0x1c, 0x00, 0x10, 0x2a, 0x00, 0x0f, 0x2f, 0x00, 0x24, 0x4d,
  0x00, 0x1f, 0x47, 0x00, 0x0c, 0x2e, 0x00, 0x25, 0x54, 0x00, 0x21, 0x50,
  0x00, 0x18, 0x41, 0x00, 0x24, 0x56, 0x04, 0x47, 0x83, 0x0d, 0x55, 0x93,
  0x12, 0x6e, 0xb9, 0x00, 0x38, 0x77, 0x00, 0x29, 0x5d, 0x00, 0x1e, 0x46,
  0x00, 0x22, 0x49, 0x00, 0x0b, 0x24, 0x00, 0x18, 0x2f, 0x1c, 0x72, 0xba,
  0x1e, 0x72, 0xb5, 0x1a, 0x6b, 0xad, 0x14, 0x63, 0xa6, 0x14, 0x64, 0xa6,
  0x17, 0x68, 0xaa, 0x14, 0x61, 0xa3, 0x14, 0x61, 0xa3, 0x15, 0x62, 0xa3,
  0x11, 0x5a, 0x9b, 0x16, 0x62, 0xa2, 0x15, 0x5d, 0x9a, 0x12, 0x53, 0x8d,
  0x13, 0x57, 0x91, 0x13, 0x59, 0x96, 0x12, 0x59, 0x98, 0x11, 0x53, 0x8e,
  0x17, 0x5e, 0x9b, 0x17, 0x60, 0x9f, 0x13, 0x58, 0x93, 0x0f, 0x4d, 0x86,
  0x0c, 0x4a, 0x82, 0x0f, 0x51, 0x8c, 0x0d, 0x4e, 0x88, 0x07, 0x41, 0x78,
  0x09, 0x42, 0x79, 0x0a, 0x46, 0x7b, 0x08, 0x41, 0x77, 0x07, 0x3f, 0x74,
  0x09, 0x43, 0x79, 0x08, 0x41, 0x78, 0x08, 0x43, 0x7b, 0x06, 0x40, 0x76,
  0x06, 0x3e, 0x75, 0x05, 0x3d, 0x74, 0x07, 0x41, 0x7a, 0x04, 0x3e, 0x77,
  0x05, 0x40, 0x78, 0x08, 0x44, 0x7c, 0x08, 0x43, 0x7e, 0x06, 0x40, 0x78,
  0x05, 0x3c, 0x72, 0x07, 0x42, 0x79, 0x05, 0x15, 0x23, 0x01, 0x1b, 0x39,
  0x00, 0x23, 0x4c, 0x00, 0x22, 0x4d, 0x00, 0x1f, 0x49, 0x00, 0x22, 0x4d,
  0x00, 0x21, 0x48, 0x00, 0x1c, 0x40, 0x00, 0x0a, 0x1f, 0x00, 0x00, 0x04,
  0x00, 0x07, 0x13, 0x01, 0x10, 0x20, 0x00, 0x15, 0x2b, 0x00, 0x13, 0x29,
  0x00, 0x18, 0x34, 0x02, 0x1c, 0x39, 0x02, 0x16, 0x2c, 0x00, 0x00, 0x03,
  0x08, 0x2d, 0x4a, 0x06, 0x26, 0x42, 0x00, 0x35, 0x64, 0x00, 0x20, 0x4c,
  0x00, 0x21, 0x41, 0x21, 0x7a, 0xc2, 0x20, 0x78, 0xbf, 0x1f, 0x73, 0xb9,
  0x1b, 0x6b, 0xae, 0x19, 0x68, 0xa8, 0x16, 0x64, 0xa5, 0x1b, 0x6c, 0xae,
  0x1e, 0x76, 0xbb, 0x07, 0x37, 0x64, 0x00, 0x23, 0x43, 0x12, 0x5b, 0x98,
  0x00, 0x0a, 0x20, 0x01, 0x1d, 0x36, 0x07, 0x35, 0x5d, 0x00, 0x06, 0x1e,
  0x00, 0x24, 0x4b, 0x00, 0x35, 0x6b, 0x03, 0x44, 0x7e, 0x07, 0x52, 0x94,
  0x07, 0x45, 0x7d, 0x0b, 0x4e, 0x80, 0x16, 0x67, 0xa2, 0x1c, 0x6c, 0xa7,
  0x09, 0x48, 0x79, 0x00, 0x0d, 0x2a, 0x02, 0x19, 0x2c, 0x09, 0x2a, 0x42,
  0x00, 0x12, 0x2f, 0x00, 0x2e, 0x62, 0x00, 0x00, 0x0d, 0x16, 0x61, 0x9f,
  0x21, 0x77, 0xbd, 0x15, 0x63, 0xa5, 0x12, 0x5f, 0xa2, 0x16, 0x61, 0xa1,
  0x18, 0x66, 0xa6, 0x15, 0x5f, 0xa0, 0x14, 0x60, 0x9f, 0x13, 0x5e, 0x9e,
  0x12, 0x5c, 0x9c, 0x15, 0x5e, 0x9d, 0x14, 0x56, 0x91, 0x11, 0x50, 0x88,
  0x13, 0x52, 0x89, 0x14, 0x57, 0x90, 0x0f, 0x4e, 0x86, 0x13, 0x55, 0x8f,
  0x13, 0x56, 0x90, 0x11, 0x54, 0x8c, 0x13, 0x58, 0x95, 0x11, 0x56, 0x93,
  0x10, 0x51, 0x8c, 0x10, 0x51, 0x8a, 0x0e, 0x50, 0x8a, 0x0a, 0x46, 0x7f,
  0x07, 0x3f, 0x75, 0x08, 0x40, 0x74, 0x04, 0x39, 0x6c, 0x07, 0x40, 0x76,
  0x09, 0x47, 0x7e, 0x08, 0x46, 0x7e, 0x09, 0x45, 0x7e, 0x08, 0x3f, 0x74,
  0x06, 0x3b, 0x6f, 0x07, 0x3e, 0x74, 0x07, 0x42, 0x79, 0x04, 0x3c, 0x72,
  0x04, 0x3a, 0x6e, 0x06, 0x39, 0x6a, 0x0a, 0x44, 0x7b, 0x0a, 0x46, 0x7d,
  0x09, 0x41, 0x76, 0x09, 0x43, 0x78, 0x02, 0x00, 0x00, 0x02, 0x00, 0x00,
  0x00, 0x00, 0x00, 0x00, 0x00, 0x01, 0x00, 0x0c, 0x1c, 0x00, 0x09, 0x1c,
  0x00, 0x0b, 0x1f, 0x00, 0x15, 0x2f, 0x01, 0x1f, 0x3b, 0x06, 0x2b, 0x4d,
  0x07, 0x36, 0x60, 0x02, 0x12, 0x21, 0x02, 0x12, 0x25, 0x03, 0x1d, 0x38,
  0x03, 0x1b, 0x34, 0x04, 0x21, 0x3d, 0x02, 0x18, 0x2e, 0x00, 0x00, 0x00,
  0x0f, 0x4e, 0x87, 0x17, 0x63, 0xa6, 0x0e, 0x4a, 0x80, 0x0f, 0x4c, 0x82,
  0x16, 0x5f, 0x9d, 0x20, 0x74, 0xbb, 0x19, 0x69, 0xab, 0x19, 0x6a, 0xac,
  0x13, 0x5e, 0x9f, 0x13, 0x5e, 0xa1, 0x16, 0x64, 0xa7, 0x1a, 0x6b, 0xae,
  0x1f, 0x75, 0xbc, 0x04, 0x39, 0x6b, 0x00, 0x00, 0x00, 0x00, 0x03, 0x07,
  0x00, 0x03, 0x1d, 0x06, 0x2c, 0x4c, 0x1e, 0x75, 0xbe, 0x06, 0x30, 0x55,
  0x00, 0x00, 0x00, 0x00, 0x14, 0x30, 0x00, 0x23, 0x4b, 0x08, 0x44, 0x7c,
  0x16, 0x64, 0xa8, 0x10, 0x5b, 0x9e, 0x00, 0x27, 0x57, 0x00, 0x06, 0x28,
  0x00, 0x08, 0x28, 0x00, 0x00, 0x02, 0x1b, 0x67, 0xa7, 0x19, 0x5a, 0x91,
  0x00, 0x00, 0x18, 0x04, 0x41, 0x7c, 0x00, 0x00, 0x00, 0x14, 0x62, 0xa4,
  0x13, 0x5f, 0xa1, 0x13, 0x5e, 0x9f, 0x10, 0x5a, 0x9c, 0x0d, 0x54, 0x94,
  0x12, 0x59, 0x98, 0x12, 0x59, 0x98, 0x0f, 0x53, 0x91, 0x13, 0x5c, 0x9b,
  0x14, 0x5d, 0x9c, 0x14, 0x59, 0x94, 0x14, 0x56, 0x90, 0x10, 0x4f, 0x85,
  0x0f, 0x4a, 0x81, 0x12, 0x53, 0x8b, 0x10, 0x4f, 0x86, 0x13, 0x55, 0x8e,
  0x12, 0x54, 0x8c, 0x10, 0x4f, 0x86, 0x0e, 0x4d, 0x86, 0x10, 0x52, 0x8d,
  0x12, 0x56, 0x93, 0x11, 0x56, 0x94, 0x0d, 0x4c, 0x86, 0x0e, 0x4f, 0x8b,
  0x0a, 0x47, 0x80, 0x06, 0x3c, 0x70, 0x08, 0x42, 0x7a, 0x09, 0x42, 0x79,
  0x09, 0x40, 0x74, 0x08, 0x43, 0x78, 0x07, 0x40, 0x76, 0x08, 0x3f, 0x73,
  0x08, 0x3f, 0x72, 0x08, 0x3f, 0x72, 0x07, 0x3d, 0x71, 0x07, 0x3e, 0x72,
  0x05, 0x39, 0x6c, 0x05, 0x37, 0x67, 0x07, 0x3a, 0x6b, 0x08, 0x3c, 0x6e,
  0x0a, 0x40, 0x72, 0x0b, 0x42, 0x75, 0x0a, 0x44, 0x7a, 0x0a, 0x43, 0x79,
  0x07, 0x40, 0x75, 0x0a, 0x4b, 0x85, 0x0f, 0x55, 0x92, 0x0f, 0x53, 0x8f,
  0x13, 0x5a, 0x9a, 0x18, 0x68, 0xab, 0x17, 0x68, 0xae, 0x1c, 0x73, 0xbc,
  0x09, 0x38, 0x62, 0x00, 0x00, 0x0d, 0x01, 0x1a, 0x35, 0x00, 0x1c, 0x3d,
  0x00, 0x10, 0x32, 0x00, 0x09, 0x21, 0x00, 0x11, 0x27, 0x00, 0x15, 0x34,
  0x00, 0x15, 0x30, 0x18, 0x6b, 0xb0, 0x1d, 0x73, 0xb9, 0x1b, 0x6d, 0xb2,
  0x1c, 0x71, 0xb6, 0x16, 0x65, 0xa7, 0x16, 0x64, 0xa7, 0x17, 0x68, 0xab,
  0x14, 0x63, 0xa7, 0x15, 0x65, 0xa8, 0x16, 0x67, 0xaa, 0x1a, 0x6c, 0xaf,
  0x19, 0x6d, 0xb4, 0x11, 0x5f, 0xa2, 0x00, 0x1f, 0x47, 0x00, 0x17, 0x3e,
  0x00, 0x00, 0x14, 0x18, 0x61, 0x9c, 0x25, 0x82, 0xcd, 0x21, 0x7d, 0xc9,
  0x07, 0x32, 0x56, 0x00, 0x00, 0x00, 0x01, 0x1f, 0x3d, 0x06, 0x34, 0x5e,
  0x18, 0x5c, 0x94, 0x13, 0x52, 0x88, 0x06, 0x33, 0x5a, 0x00, 0x24, 0x47,
  0x00, 0x17, 0x2f, 0x01, 0x1c, 0x36, 0x1a, 0x6d, 0xb4, 0x1d, 0x70, 0xb7,
  0x0b, 0x3d, 0x69, 0x04, 0x31, 0x57, 0x13, 0x53, 0x8a, 0x17, 0x65, 0xa9,
  0x0c, 0x53, 0x92, 0x12, 0x5c, 0x9d, 0x0f, 0x57, 0x9a, 0x10, 0x5a, 0x9d,
  0x12, 0x5d, 0x9e, 0x14, 0x5d, 0x9d, 0x14, 0x5d, 0x9c, 0x19, 0x65, 0xa5,
  0x12, 0x56, 0x91, 0x0f, 0x4e, 0x87, 0x11, 0x4e, 0x86, 0x10, 0x4d, 0x83,
  0x0f, 0x4e, 0x85, 0x12, 0x53, 0x8b, 0x13, 0x53, 0x8b, 0x0f, 0x4a, 0x7e,
  0x10, 0x4e, 0x84, 0x13, 0x54, 0x8e, 0x10, 0x51, 0x89, 0x0e, 0x4e, 0x86,
  0x10, 0x55, 0x93, 0x0e, 0x51, 0x8e, 0x0e, 0x50, 0x8c, 0x0d, 0x4f, 0x8c,
  0x0b, 0x4f, 0x8e, 0x0b, 0x46, 0x7d, 0x0b, 0x46, 0x7a, 0x0a, 0x42, 0x77,
  0x09, 0x40, 0x74, 0x09, 0x40, 0x75, 0x04, 0x37, 0x69, 0x06, 0x3d, 0x71,
  0x07, 0x3e, 0x72, 0x07, 0x3d, 0x70, 0x06, 0x3b, 0x6f, 0x05, 0x39, 0x68,
  0x06, 0x39, 0x69, 0x09, 0x3f, 0x71, 0x08, 0x3d, 0x6f, 0x05, 0x36, 0x63,
  0x07, 0x39, 0x67, 0x07, 0x3c, 0x6c, 0x16, 0x6c, 0xb6, 0x0e, 0x5b, 0xa1,
  0x11, 0x61, 0xa8, 0x14, 0x64, 0xac, 0x14, 0x65, 0xab, 0x14, 0x66, 0xac,
  0x16, 0x68, 0xaf, 0x16, 0x64, 0xa7, 0x12, 0x5d, 0x9f, 0x1a, 0x6e, 0xb6,
  0x04, 0x2b, 0x4b, 0x00, 0x00, 0x0b, 0x00, 0x1f, 0x43, 0x01, 0x2e, 0x5b,
  0x0c, 0x50, 0x8b, 0x04, 0x38, 0x6a, 0x00, 0x1a, 0x3b, 0x00, 0x12, 0x32,
  0x00, 0x04, 0x14, 0x17, 0x6a, 0xaf, 0x17, 0x69, 0xae, 0x14, 0x62, 0xa4,
  0x12, 0x62, 0xa5, 0x14, 0x62, 0xa5, 0x15, 0x62, 0xa5, 0x11, 0x5e, 0xa0,
  0x0e, 0x5a, 0x9e, 0x0c, 0x56, 0x9a, 0x0f, 0x5d, 0xa1, 0x12, 0x63, 0xa8,
  0x16, 0x69, 0xae, 0x1a, 0x71, 0xb8, 0x18, 0x65, 0xa6, 0x10, 0x52, 0x8b,
  0x1a, 0x66, 0xa4, 0x1b, 0x73, 0xbb, 0x19, 0x6b, 0xb1, 0x18, 0x6b, 0xb1,
  0x00, 0x19, 0x30, 0x00, 0x02, 0x0b, 0x01, 0x09, 0x14, 0x00, 0x04, 0x12,
  0x00, 0x04, 0x1e, 0x02, 0x19, 0x32, 0x0a, 0x2b, 0x4a, 0x02, 0x1e, 0x3d,
  0x00, 0x0b, 0x1b, 0x00, 0x09, 0x1a, 0x12, 0x5d, 0x9d, 0x18, 0x6c, 0xb3,
  0x18, 0x6b, 0xb2, 0x19, 0x6e, 0xb5, 0x1b, 0x70, 0xb6, 0x11, 0x5b, 0x9d,
  0x0f, 0x59, 0x9a, 0x0e, 0x57, 0x97, 0x12, 0x5e, 0xa1, 0x11, 0x5d, 0xa0,
  0x11, 0x61, 0xa5, 0x16, 0x66, 0xa8, 0x14, 0x61, 0xa2, 0x14, 0x60, 0xa3,
  0x0f, 0x51, 0x8c, 0x0b, 0x44, 0x79, 0x0d, 0x4a, 0x80, 0x0e, 0x4a, 0x80,
  0x12, 0x4f, 0x85, 0x11, 0x4e, 0x84, 0x0f, 0x48, 0x7b, 0x0d, 0x45, 0x78,
  0x11, 0x50, 0x86, 0x10, 0x4e, 0x87, 0x0f, 0x4e, 0x86, 0x0e, 0x4a, 0x82,
  0x0d, 0x4f, 0x8c, 0x0d, 0x52, 0x91, 0x0c, 0x4d, 0x8a, 0x0a, 0x4b, 0x87,
  0x0a, 0x4c, 0x8a, 0x09, 0x3e, 0x6f, 0x09, 0x3e, 0x6f, 0x09, 0x44, 0x7a,
  0x07, 0x41, 0x77, 0x07, 0x3e, 0x73, 0x06, 0x3e, 0x73, 0x08, 0x40, 0x75,
  0x07, 0x3f, 0x74, 0x05, 0x3b, 0x71, 0x05, 0x3a, 0x6c, 0x05, 0x38, 0x68,
  0x08, 0x3c, 0x6d, 0x08, 0x3c, 0x6d, 0x07, 0x38, 0x67, 0x07, 0x39, 0x69,
  0x07, 0x3a, 0x67, 0x07, 0x38, 0x67, 0x0c, 0x54, 0x98, 0x0d, 0x57, 0x9b,
  0x0f, 0x5a, 0x9d, 0x12, 0x5e, 0xa1, 0x15, 0x64, 0xa8, 0x12, 0x60, 0xa3,
  0x13, 0x60, 0xa3, 0x0f, 0x57, 0x98, 0x0e, 0x57, 0x97, 0x18, 0x6b, 0xb1,
  0x18, 0x67, 0xab, 0x00, 0x1f, 0x3a, 0x00, 0x07, 0x15, 0x01, 0x1b, 0x37,
  0x06, 0x30, 0x56, 0x01, 0x1b, 0x35, 0x00, 0x15, 0x30, 0x00, 0x14, 0x2b,
  0x14, 0x63, 0xa7, 0x19, 0x70, 0xb7, 0x13, 0x61, 0xa5, 0x11, 0x5d, 0xa0,
  0x11, 0x60, 0xa5, 0x14, 0x63, 0xa7, 0x11, 0x5c, 0x9e, 0x10, 0x5a, 0x9a,
  0x0f, 0x5c, 0x9f, 0x0b, 0x55, 0x9a, 0x08, 0x52, 0x96, 0x09, 0x55, 0x9a,
  0x12, 0x64, 0xaa, 0x15, 0x67, 0xac, 0x17, 0x6b, 0xb2, 0x1b, 0x74, 0xbb,
  0x1a, 0x73, 0xbb, 0x10, 0x5c, 0xa0, 0x13, 0x63, 0xaa, 0x12, 0x5a, 0x99,
  0x00, 0x00, 0x00, 0x00, 0x22, 0x45, 0x00, 0x1e, 0x41, 0x00, 0x24, 0x4e,
  0x02, 0x2c, 0x56, 0x02, 0x2b, 0x54, 0x00, 0x1b, 0x3c, 0x00, 0x1b, 0x3a,
  0x00, 0x1c, 0x3b, 0x00, 0x00, 0x11, 0x14, 0x5d, 0x9a, 0x17, 0x6a, 0xb1,
  0x0e, 0x57, 0x97, 0x12, 0x5f, 0xa2, 0x11, 0x5d, 0x9f, 0x10, 0x5c, 0x9f,
  0x0e, 0x56, 0x97, 0x0b, 0x4d, 0x8c, 0x0f, 0x56, 0x97, 0x0f, 0x57, 0x99,
  0x10, 0x5d, 0xa1, 0x12, 0x5f, 0xa1, 0x0f, 0x57, 0x98, 0x10, 0x59, 0x9d,
  0x13, 0x5d, 0x9e, 0x0e, 0x50, 0x8c, 0x0e, 0x4e, 0x87, 0x0d, 0x48, 0x7c,
  0x0f, 0x4c, 0x82, 0x0f, 0x4e, 0x83, 0x0d, 0x46, 0x78, 0x0f, 0x4a, 0x7e,
  0x0d, 0x47, 0x7b, 0x0f, 0x4b, 0x80, 0x0e, 0x4a, 0x80, 0x0d, 0x49, 0x7f,
  0x0c, 0x4a, 0x82, 0x0a, 0x48, 0x82, 0x0b, 0x47, 0x7f, 0x0b, 0x48, 0x80,
  0x08, 0x41, 0x77, 0x08, 0x3b, 0x6d, 0x07, 0x3b, 0x6b, 0x09, 0x45, 0x7b,
  0x08, 0x42, 0x78, 0x09, 0x41, 0x77, 0x07, 0x41, 0x77, 0x06, 0x3b, 0x6c,
  0x05, 0x38, 0x69, 0x04, 0x38, 0x69, 0x05, 0x3b, 0x6c, 0x06, 0x3c, 0x6e,
  0x08, 0x3e, 0x71, 0x05, 0x38, 0x69, 0x03, 0x33, 0x63, 0x05, 0x37, 0x65,
  0x06, 0x35, 0x62, 0x07, 0x35, 0x62
};

struct IconImage {
    int size; // width == height, in pixels
    const unsigned char* bmp;
};

// Ascending by size.
static const IconImage kIconImages[] = {
    {16, kIconBmp16}, {24, kIconBmp24}, {32, kIconBmp32}, {48, kIconBmp48}, {64, kIconBmp64}, {96, kIconBmp96},
};

#endif // NAMEBREAK_CUDA_ICON_BMP_H
