// Embedded logo for gui_win32.cpp's setup dialog and About box: a 192x128,
// 24-bit bottom-up BMP (complete with its BITMAPFILEHEADER), downscaled from
// namebreak-cuda.png (at the repository root). Embedded as bytes (rather than loaded from disk or a
// .rc resource) so the GUI stays a single self-contained .exe with no
// resource-compiler step or image-decoder dependency. Regenerate with:
//   convert namebreak-cuda.png -resize 192x128! BMP3:logo.bmp
//   (then wrap `xxd -i < logo.bmp` in the array below)
#ifndef NAMEBREAK_GUI_WIN32_RESOURCES_LOGO_BMP_H
#define NAMEBREAK_GUI_WIN32_RESOURCES_LOGO_BMP_H

static const unsigned char kLogoBmp[] = {
  0x42, 0x4d, 0x36, 0x20, 0x01, 0x00, 0x00, 0x00, 0x00, 0x00, 0x36, 0x00,
  0x00, 0x00, 0x28, 0x00, 0x00, 0x00, 0xc0, 0x00, 0x00, 0x00, 0x80, 0x00,
  0x00, 0x00, 0x01, 0x00, 0x18, 0x00, 0x00, 0x00, 0x00, 0x00, 0x00, 0x20,
  0x01, 0x00, 0x00, 0x00, 0x00, 0x00, 0x00, 0x00, 0x00, 0x00, 0x00, 0x00,
  0x00, 0x00, 0x00, 0x00, 0x00, 0x00, 0x02, 0x24, 0x44, 0x02, 0x25, 0x47,
  0x02, 0x24, 0x46, 0x01, 0x22, 0x43, 0x02, 0x23, 0x43, 0x02, 0x25, 0x47,
  0x02, 0x24, 0x45, 0x02, 0x25, 0x47, 0x02, 0x23, 0x45, 0x02, 0x24, 0x45,
  0x01, 0x22, 0x43, 0x02, 0x24, 0x46, 0x02, 0x25, 0x47, 0x02, 0x26, 0x48,
  0x02, 0x28, 0x4c, 0x02, 0x27, 0x4c, 0x02, 0x27, 0x4b, 0x02, 0x26, 0x4a,
  0x02, 0x26, 0x48, 0x02, 0x26, 0x48, 0x02, 0x26, 0x47, 0x02, 0x26, 0x48,
  0x02, 0x26, 0x49, 0x02, 0x24, 0x46, 0x02, 0x26, 0x49, 0x02, 0x27, 0x4b,
  0x02, 0x26, 0x49, 0x02, 0x27, 0x4a, 0x02, 0x27, 0x4a, 0x02, 0x28, 0x4d,
  0x02, 0x26, 0x49, 0x02, 0x26, 0x49, 0x02, 0x24, 0x47, 0x02, 0x25, 0x48,
  0x02, 0x25, 0x48, 0x02, 0x25, 0x47, 0x02, 0x26, 0x49, 0x02, 0x25, 0x48,
  0x02, 0x26, 0x4a, 0x02, 0x25, 0x47, 0x02, 0x26, 0x49, 0x02, 0x24, 0x47,
  0x02, 0x26, 0x49, 0x02, 0x25, 0x48, 0x02, 0x24, 0x46, 0x02, 0x24, 0x46,
  0x01, 0x24, 0x47, 0x02, 0x24, 0x47, 0x02, 0x24, 0x47, 0x02, 0x25, 0x49,
  0x02, 0x27, 0x4b, 0x02, 0x26, 0x48, 0x01, 0x26, 0x4a, 0x02, 0x27, 0x4b,
  0x02, 0x26, 0x4a, 0x02, 0x29, 0x4f, 0x02, 0x29, 0x4e, 0x02, 0x29, 0x4e,
  0x02, 0x2a, 0x50, 0x02, 0x2a, 0x50, 0x02, 0x2b, 0x51, 0x02, 0x2c, 0x53,
  0x02, 0x2b, 0x53, 0x02, 0x2c, 0x55, 0x02, 0x2d, 0x56, 0x02, 0x2c, 0x54,
  0x02, 0x2c, 0x53, 0x02, 0x2d, 0x55, 0x03, 0x2e, 0x57, 0x02, 0x2d, 0x57,
  0x02, 0x2e, 0x57, 0x03, 0x31, 0x5c, 0x02, 0x30, 0x5b, 0x03, 0x2e, 0x57,
  0x03, 0x30, 0x5a, 0x02, 0x2f, 0x58, 0x02, 0x2e, 0x57, 0x02, 0x2f, 0x59,
  0x03, 0x2e, 0x57, 0x02, 0x2c, 0x54, 0x02, 0x2f, 0x59, 0x02, 0x30, 0x5b,
  0x03, 0x30, 0x5b, 0x03, 0x30, 0x5a, 0x02, 0x2f, 0x5a, 0x02, 0x2d, 0x57,
  0x02, 0x2c, 0x55, 0x03, 0x2d, 0x55, 0x02, 0x2c, 0x55, 0x02, 0x2c, 0x54,
  0x02, 0x2b, 0x53, 0x02, 0x2b, 0x54, 0x03, 0x2d, 0x56, 0x02, 0x2c, 0x54,
  0x02, 0x2c, 0x53, 0x02, 0x2b, 0x53, 0x02, 0x2f, 0x5a, 0x02, 0x2f, 0x5a,
  0x02, 0x30, 0x5b, 0x02, 0x2e, 0x58, 0x02, 0x2d, 0x56, 0x02, 0x2d, 0x57,
  0x02, 0x2e, 0x59, 0x02, 0x2f, 0x59, 0x02, 0x2f, 0x5a, 0x02, 0x2d, 0x57,
  0x02, 0x2d, 0x56, 0x02, 0x2e, 0x58, 0x02, 0x2e, 0x59, 0x02, 0x2d, 0x57,
  0x02, 0x2f, 0x59, 0x02, 0x2c, 0x56, 0x02, 0x2e, 0x58, 0x03, 0x31, 0x5c,
  0x02, 0x2e, 0x58, 0x02, 0x2d, 0x57, 0x02, 0x2e, 0x59, 0x02, 0x2e, 0x59,
  0x02, 0x2d, 0x58, 0x02, 0x2f, 0x5b, 0x02, 0x2f, 0x5b, 0x02, 0x2f, 0x5a,
  0x02, 0x2e, 0x59, 0x02, 0x30, 0x5c, 0x02, 0x30, 0x5c, 0x02, 0x2f, 0x5b,
  0x02, 0x2e, 0x59, 0x02, 0x2e, 0x59, 0x02, 0x32, 0x5f, 0x02, 0x30, 0x5d,
  0x02, 0x31, 0x5e, 0x02, 0x30, 0x5c, 0x02, 0x30, 0x5c, 0x02, 0x2f, 0x59,
  0x02, 0x30, 0x5b, 0x02, 0x31, 0x5e, 0x02, 0x31, 0x5c, 0x02, 0x30, 0x5b,
  0x02, 0x30, 0x5c, 0x02, 0x2f, 0x5a, 0x02, 0x2e, 0x59, 0x02, 0x2d, 0x56,
  0x02, 0x2c, 0x56, 0x02, 0x2b, 0x53, 0x02, 0x2c, 0x56, 0x02, 0x2b, 0x54,
  0x02, 0x2a, 0x53, 0x02, 0x2b, 0x53, 0x02, 0x2c, 0x54, 0x02, 0x2d, 0x56,
  0x02, 0x2d, 0x56, 0x02, 0x2c, 0x55, 0x02, 0x2c, 0x54, 0x02, 0x2b, 0x52,
  0x02, 0x29, 0x50, 0x02, 0x2b, 0x52, 0x02, 0x2d, 0x56, 0x02, 0x2c, 0x54,
  0x02, 0x2d, 0x57, 0x02, 0x2c, 0x54, 0x02, 0x2b, 0x51, 0x02, 0x2c, 0x53,
  0x02, 0x2a, 0x50, 0x02, 0x29, 0x4f, 0x02, 0x2c, 0x53, 0x02, 0x2c, 0x53,
  0x02, 0x2c, 0x53, 0x02, 0x2b, 0x51, 0x02, 0x2a, 0x51, 0x02, 0x2b, 0x51,
  0x02, 0x2a, 0x52, 0x03, 0x2b, 0x52, 0x03, 0x2b, 0x52, 0x02, 0x2b, 0x52,
  0x03, 0x2c, 0x53, 0x03, 0x2c, 0x53, 0x03, 0x2c, 0x52, 0x02, 0x2b, 0x52,
  0x02, 0x2d, 0x55, 0x03, 0x2d, 0x55, 0x03, 0x2c, 0x54, 0x02, 0x2a, 0x50,
  0x02, 0x2a, 0x50, 0x02, 0x2a, 0x50, 0x02, 0x2c, 0x53, 0x02, 0x29, 0x4e,
  0x02, 0x29, 0x4d, 0x03, 0x2a, 0x4f, 0x03, 0x2b, 0x51, 0x03, 0x2e, 0x56,
  0x03, 0x2e, 0x54, 0x04, 0x2c, 0x50, 0x02, 0x25, 0x47, 0x02, 0x27, 0x4a,
  0x02, 0x28, 0x4c, 0x02, 0x26, 0x48, 0x02, 0x24, 0x46, 0x02, 0x22, 0x44,
  0x02, 0x24, 0x46, 0x02, 0x26, 0x4b, 0x01, 0x25, 0x48, 0x02, 0x23, 0x45,
  0x02, 0x25, 0x47, 0x01, 0x26, 0x4a, 0x01, 0x25, 0x48, 0x02, 0x25, 0x49,
  0x02, 0x25, 0x47, 0x02, 0x25, 0x49, 0x02, 0x24, 0x46, 0x02, 0x24, 0x46,
  0x02, 0x27, 0x4c, 0x02, 0x25, 0x49, 0x02, 0x25, 0x48, 0x02, 0x27, 0x4c,
  0x02, 0x28, 0x4d, 0x02, 0x27, 0x4c, 0x02, 0x26, 0x4a, 0x02, 0x27, 0x4b,
  0x02, 0x27, 0x4b, 0x02, 0x28, 0x4d, 0x02, 0x28, 0x4c, 0x02, 0x28, 0x4d,
  0x02, 0x27, 0x4c, 0x02, 0x27, 0x4a, 0x02, 0x28, 0x4d, 0x02, 0x28, 0x4e,
  0x02, 0x26, 0x4a, 0x02, 0x25, 0x49, 0x02, 0x28, 0x4d, 0x02, 0x26, 0x49,
  0x02, 0x27, 0x4c, 0x02, 0x29, 0x4f, 0x02, 0x27, 0x4d, 0x02, 0x25, 0x48,
  0x02, 0x24, 0x46, 0x01, 0x25, 0x49, 0x02, 0x26, 0x4a, 0x02, 0x27, 0x4d,
  0x02, 0x27, 0x4d, 0x02, 0x2a, 0x51, 0x02, 0x29, 0x4f, 0x02, 0x28, 0x4f,
  0x02, 0x29, 0x50, 0x02, 0x2a, 0x51, 0x02, 0x2c, 0x53, 0x02, 0x2a, 0x51,
  0x02, 0x2d, 0x56, 0x03, 0x2d, 0x56, 0x02, 0x2d, 0x55, 0x03, 0x2c, 0x54,
  0x02, 0x2d, 0x55, 0x02, 0x2e, 0x58, 0x02, 0x30, 0x5b, 0x03, 0x32, 0x5f,
  0x03, 0x30, 0x5c, 0x03, 0x33, 0x61, 0x03, 0x32, 0x60, 0x02, 0x2f, 0x59,
  0x02, 0x2f, 0x5a, 0x03, 0x2f, 0x5a, 0x02, 0x31, 0x5d, 0x02, 0x31, 0x5e,
  0x03, 0x34, 0x61, 0x03, 0x34, 0x62, 0x03, 0x36, 0x66, 0x03, 0x32, 0x5f,
  0x03, 0x34, 0x61, 0x03, 0x33, 0x61, 0x03, 0x34, 0x62, 0x03, 0x34, 0x61,
  0x03, 0x32, 0x5e, 0x02, 0x2f, 0x59, 0x02, 0x31, 0x5d, 0x02, 0x31, 0x5e,
  0x03, 0x32, 0x5f, 0x03, 0x33, 0x61, 0x02, 0x34, 0x63, 0x02, 0x30, 0x5d,
  0x02, 0x31, 0x5e, 0x03, 0x32, 0x5e, 0x03, 0x30, 0x5c, 0x02, 0x2d, 0x57,
  0x02, 0x2d, 0x58, 0x02, 0x2f, 0x5b, 0x03, 0x31, 0x5c, 0x02, 0x2f, 0x5a,
  0x02, 0x2f, 0x5b, 0x02, 0x2f, 0x5c, 0x02, 0x31, 0x5e, 0x03, 0x32, 0x5f,
  0x02, 0x32, 0x5f, 0x02, 0x30, 0x5d, 0x02, 0x30, 0x5c, 0x03, 0x33, 0x61,
  0x03, 0x32, 0x5f, 0x03, 0x33, 0x60, 0x03, 0x33, 0x60, 0x03, 0x32, 0x60,
  0x03, 0x30, 0x5c, 0x02, 0x31, 0x5d, 0x03, 0x31, 0x5d, 0x02, 0x31, 0x5e,
  0x02, 0x2f, 0x5b, 0x02, 0x2e, 0x59, 0x02, 0x31, 0x5d, 0x02, 0x33, 0x60,
  0x03, 0x34, 0x62, 0x03, 0x34, 0x63, 0x02, 0x33, 0x61, 0x02, 0x32, 0x61,
  0x03, 0x31, 0x5f, 0x02, 0x31, 0x5e, 0x02, 0x32, 0x60, 0x02, 0x33, 0x60,
  0x02, 0x32, 0x60, 0x03, 0x33, 0x61, 0x02, 0x31, 0x5f, 0x02, 0x32, 0x5f,
  0x03, 0x31, 0x5e, 0x02, 0x31, 0x5e, 0x02, 0x32, 0x60, 0x02, 0x2f, 0x5c,
  0x02, 0x30, 0x5d, 0x02, 0x2f, 0x5c, 0x02, 0x2f, 0x5b, 0x02, 0x2f, 0x59,
  0x02, 0x2e, 0x59, 0x02, 0x30, 0x5d, 0x02, 0x31, 0x5d, 0x03, 0x32, 0x60,
  0x03, 0x32, 0x5f, 0x02, 0x2f, 0x5b, 0x02, 0x30, 0x5c, 0x02, 0x2e, 0x59,
  0x02, 0x2d, 0x57, 0x02, 0x2d, 0x58, 0x02, 0x2e, 0x58, 0x02, 0x2d, 0x56,
  0x02, 0x2d, 0x56, 0x02, 0x2d, 0x58, 0x02, 0x2e, 0x58, 0x02, 0x2c, 0x55,
  0x02, 0x2b, 0x54, 0x02, 0x2c, 0x55, 0x02, 0x2a, 0x51, 0x02, 0x2c, 0x54,
  0x02, 0x2c, 0x54, 0x02, 0x2b, 0x53, 0x02, 0x2c, 0x55, 0x02, 0x2a, 0x53,
  0x02, 0x2b, 0x54, 0x02, 0x2c, 0x55, 0x02, 0x2c, 0x55, 0x02, 0x2b, 0x54,
  0x02, 0x2b, 0x52, 0x02, 0x2c, 0x55, 0x02, 0x2d, 0x56, 0x02, 0x2c, 0x55,
  0x02, 0x2a, 0x52, 0x02, 0x2c, 0x54, 0x02, 0x2b, 0x53, 0x02, 0x2a, 0x52,
  0x02, 0x2a, 0x52, 0x02, 0x29, 0x51, 0x02, 0x2a, 0x51, 0x02, 0x29, 0x50,
  0x02, 0x29, 0x50, 0x02, 0x27, 0x4d, 0x03, 0x2c, 0x54, 0x02, 0x2c, 0x54,
  0x02, 0x2b, 0x54, 0x02, 0x2b, 0x53, 0x03, 0x2a, 0x52, 0x02, 0x2a, 0x50,
  0x02, 0x29, 0x50, 0x02, 0x2a, 0x51, 0x02, 0x2b, 0x52, 0x02, 0x2b, 0x52,
  0x03, 0x2a, 0x50, 0x03, 0x2a, 0x50, 0x03, 0x2d, 0x55, 0x03, 0x2d, 0x55,
  0x03, 0x2b, 0x51, 0x03, 0x2a, 0x4f, 0x02, 0x27, 0x4b, 0x02, 0x29, 0x4f,
  0x02, 0x2d, 0x54, 0x02, 0x29, 0x4e, 0x02, 0x28, 0x4d, 0x02, 0x27, 0x4b,
  0x02, 0x27, 0x4c, 0x02, 0x2a, 0x52, 0x01, 0x27, 0x4c, 0x02, 0x26, 0x4a,
  0x02, 0x24, 0x46, 0x02, 0x25, 0x49, 0x02, 0x25, 0x49, 0x02, 0x25, 0x49,
  0x01, 0x25, 0x48, 0x01, 0x25, 0x49, 0x02, 0x26, 0x4b, 0x02, 0x25, 0x49,
  0x02, 0x29, 0x4f, 0x02, 0x2a, 0x51, 0x03, 0x2c, 0x52, 0x03, 0x29, 0x4f,
  0x02, 0x2a, 0x50, 0x02, 0x28, 0x4e, 0x02, 0x28, 0x4d, 0x02, 0x28, 0x4e,
  0x02, 0x27, 0x4d, 0x02, 0x26, 0x4a, 0x02, 0x26, 0x4a, 0x02, 0x28, 0x4d,
  0x02, 0x27, 0x4c, 0x02, 0x29, 0x4e, 0x02, 0x29, 0x4d, 0x02, 0x28, 0x4e,
  0x02, 0x29, 0x4f, 0x02, 0x2a, 0x51, 0x02, 0x28, 0x4e, 0x02, 0x26, 0x4b,
  0x02, 0x28, 0x4d, 0x01, 0x25, 0x49, 0x02, 0x28, 0x4e, 0x02, 0x29, 0x50,
  0x02, 0x28, 0x4f, 0x02, 0x2a, 0x50, 0x02, 0x29, 0x50, 0x02, 0x2a, 0x52,
  0x02, 0x2a, 0x51, 0x01, 0x28, 0x4f, 0x02, 0x2b, 0x54, 0x02, 0x2d, 0x56,
  0x03, 0x2f, 0x59, 0x03, 0x31, 0x5c, 0x04, 0x31, 0x5b, 0x03, 0x2e, 0x58,
  0x03, 0x2f, 0x59, 0x03, 0x2e, 0x57, 0x03, 0x2f, 0x5a, 0x02, 0x2e, 0x58,
  0x03, 0x31, 0x5d, 0x02, 0x30, 0x5b, 0x02, 0x31, 0x5e, 0x03, 0x31, 0x5e,
  0x02, 0x30, 0x5b, 0x03, 0x31, 0x5d, 0x02, 0x2f, 0x59, 0x03, 0x2e, 0x58,
  0x03, 0x31, 0x5e, 0x03, 0x32, 0x61, 0x03, 0x32, 0x5f, 0x02, 0x32, 0x5f,
  0x03, 0x30, 0x5b, 0x03, 0x31, 0x5e, 0x02, 0x31, 0x5f, 0x02, 0x31, 0x5e,
  0x03, 0x33, 0x62, 0x03, 0x33, 0x61, 0x02, 0x32, 0x5f, 0x03, 0x32, 0x5f,
  0x03, 0x34, 0x62, 0x03, 0x31, 0x5e, 0x03, 0x32, 0x5e, 0x03, 0x33, 0x60,
  0x03, 0x32, 0x5f, 0x02, 0x31, 0x5d, 0x02, 0x30, 0x5d, 0x02, 0x30, 0x5d,
  0x03, 0x32, 0x60, 0x03, 0x33, 0x61, 0x02, 0x32, 0x5f, 0x02, 0x30, 0x5c,
  0x02, 0x2f, 0x5b, 0x02, 0x31, 0x5e, 0x02, 0x2f, 0x5b, 0x02, 0x32, 0x5f,
  0x03, 0x33, 0x60, 0x02, 0x31, 0x5e, 0x02, 0x30, 0x5d, 0x02, 0x2f, 0x5b,
  0x03, 0x36, 0x65, 0x03, 0x35, 0x64, 0x03, 0x33, 0x60, 0x03, 0x31, 0x5d,
  0x03, 0x32, 0x60, 0x04, 0x36, 0x66, 0x04, 0x36, 0x66, 0x03, 0x35, 0x64,
  0x03, 0x31, 0x5e, 0x03, 0x33, 0x62, 0x03, 0x32, 0x61, 0x03, 0x32, 0x60,
  0x03, 0x33, 0x62, 0x03, 0x35, 0x65, 0x03, 0x35, 0x66, 0x03, 0x34, 0x63,
  0x02, 0x32, 0x60, 0x02, 0x31, 0x5f, 0x02, 0x32, 0x61, 0x02, 0x31, 0x5f,
  0x03, 0x31, 0x5f, 0x03, 0x31, 0x5f, 0x03, 0x32, 0x60, 0x02, 0x33, 0x62,
  0x03, 0x35, 0x66, 0x03, 0x37, 0x68, 0x03, 0x36, 0x67, 0x03, 0x35, 0x65,
  0x03, 0x34, 0x63, 0x03, 0x33, 0x61, 0x02, 0x2f, 0x5c, 0x02, 0x2f, 0x5c,
  0x02, 0x2f, 0x5b, 0x02, 0x2e, 0x5a, 0x02, 0x2e, 0x59, 0x02, 0x2d, 0x58,
  0x02, 0x2f, 0x5a, 0x02, 0x2e, 0x59, 0x02, 0x2e, 0x59, 0x02, 0x30, 0x5c,
  0x03, 0x30, 0x5d, 0x02, 0x2f, 0x5a, 0x02, 0x30, 0x5c, 0x02, 0x2f, 0x5c,
  0x03, 0x30, 0x5c, 0x02, 0x2e, 0x59, 0x02, 0x2d, 0x58, 0x02, 0x2d, 0x58,
  0x02, 0x2f, 0x5a, 0x02, 0x2d, 0x58, 0x02, 0x2e, 0x59, 0x02, 0x2e, 0x59,
  0x02, 0x2d, 0x57, 0x02, 0x2c, 0x55, 0x02, 0x2d, 0x56, 0x02, 0x2d, 0x58,
  0x02, 0x2d, 0x57, 0x02, 0x2c, 0x57, 0x02, 0x2e, 0x58, 0x03, 0x2f, 0x5a,
  0x02, 0x2c, 0x56, 0x02, 0x2c, 0x56, 0x02, 0x2c, 0x56, 0x02, 0x2e, 0x58,
  0x02, 0x2c, 0x55, 0x02, 0x2c, 0x56, 0x02, 0x2e, 0x58, 0x01, 0x2d, 0x57,
  0x02, 0x2d, 0x57, 0x02, 0x2c, 0x56, 0x02, 0x2b, 0x54, 0x02, 0x2c, 0x56,
  0x02, 0x2a, 0x53, 0x02, 0x2a, 0x53, 0x02, 0x29, 0x52, 0x02, 0x29, 0x52,
  0x02, 0x2a, 0x53, 0x02, 0x29, 0x50, 0x02, 0x29, 0x50, 0x02, 0x2b, 0x54,
  0x02, 0x2b, 0x54, 0x02, 0x2c, 0x56, 0x02, 0x2c, 0x54, 0x02, 0x2b, 0x55,
  0x02, 0x2b, 0x53, 0x02, 0x2b, 0x54, 0x02, 0x2d, 0x57, 0x02, 0x2b, 0x55,
  0x02, 0x2b, 0x53, 0x02, 0x2b, 0x53, 0x02, 0x2e, 0x57, 0x02, 0x2e, 0x59,
  0x02, 0x2c, 0x55, 0x03, 0x2b, 0x52, 0x02, 0x25, 0x47, 0x02, 0x26, 0x49,
  0x02, 0x25, 0x49, 0x02, 0x25, 0x49, 0x02, 0x24, 0x46, 0x02, 0x24, 0x45,
  0x02, 0x24, 0x45, 0x02, 0x25, 0x49, 0x02, 0x25, 0x48, 0x02, 0x25, 0x49,
  0x02, 0x26, 0x4a, 0x02, 0x25, 0x49, 0x02, 0x25, 0x48, 0x02, 0x26, 0x4a,
  0x02, 0x28, 0x4c, 0x02, 0x24, 0x47, 0x02, 0x26, 0x49, 0x02, 0x29, 0x4e,
  0x02, 0x2a, 0x50, 0x03, 0x2a, 0x51, 0x03, 0x2d, 0x56, 0x02, 0x2b, 0x53,
  0x02, 0x28, 0x4e, 0x02, 0x29, 0x4f, 0x02, 0x2a, 0x50, 0x02, 0x29, 0x50,
  0x02, 0x29, 0x50, 0x02, 0x27, 0x4d, 0x02, 0x27, 0x4c, 0x02, 0x27, 0x4a,
  0x02, 0x27, 0x4a, 0x02, 0x28, 0x4c, 0x02, 0x25, 0x49, 0x03, 0x27, 0x4b,
  0x02, 0x29, 0x4e, 0x02, 0x2a, 0x51, 0x02, 0x2b, 0x52, 0x02, 0x2c, 0x53,
  0x02, 0x2c, 0x54, 0x02, 0x27, 0x4b, 0x02, 0x27, 0x4c, 0x02, 0x2a, 0x52,
  0x02, 0x2a, 0x52, 0x02, 0x28, 0x4f, 0x02, 0x27, 0x4d, 0x02, 0x29, 0x50,
  0x02, 0x2c, 0x54, 0x02, 0x2a, 0x51, 0x02, 0x2b, 0x54, 0x03, 0x2f, 0x59,
  0x03, 0x2f, 0x59, 0x03, 0x30, 0x5a, 0x03, 0x2f, 0x5a, 0x03, 0x2f, 0x59,
  0x03, 0x30, 0x5a, 0x03, 0x2d, 0x56, 0x03, 0x2f, 0x5a, 0x03, 0x30, 0x5b,
  0x03, 0x31, 0x5c, 0x03, 0x32, 0x5e, 0x03, 0x31, 0x5c, 0x04, 0x32, 0x5d,
  0x04, 0x33, 0x60, 0x03, 0x33, 0x60, 0x03, 0x33, 0x61, 0x03, 0x31, 0x5e,
  0x03, 0x32, 0x5f, 0x03, 0x35, 0x64, 0x04, 0x33, 0x60, 0x03, 0x30, 0x5b,
  0x03, 0x2e, 0x58, 0x03, 0x30, 0x5b, 0x03, 0x2f, 0x5a, 0x03, 0x30, 0x5c,
  0x03, 0x32, 0x5f, 0x03, 0x32, 0x5f, 0x04, 0x33, 0x60, 0x04, 0x32, 0x5e,
  0x03, 0x32, 0x5f, 0x04, 0x34, 0x61, 0x04, 0x34, 0x61, 0x04, 0x36, 0x64,
  0x05, 0x38, 0x67, 0x05, 0x37, 0x66, 0x04, 0x37, 0x67, 0x04, 0x37, 0x65,
  0x03, 0x36, 0x65, 0x03, 0x35, 0x64, 0x04, 0x35, 0x62, 0x03, 0x31, 0x5c,
  0x03, 0x30, 0x5b, 0x02, 0x30, 0x5b, 0x04, 0x35, 0x62, 0x05, 0x39, 0x68,
  0x04, 0x35, 0x63, 0x03, 0x33, 0x61, 0x03, 0x33, 0x61, 0x03, 0x35, 0x65,
  0x04, 0x3a, 0x6c, 0x03, 0x36, 0x67, 0x02, 0x2f, 0x5c, 0x02, 0x30, 0x5c,
  0x03, 0x35, 0x65, 0x05, 0x3b, 0x6e, 0x05, 0x3a, 0x6b, 0x04, 0x39, 0x69,
  0x05, 0x3b, 0x6c, 0x04, 0x39, 0x6a, 0x04, 0x37, 0x67, 0x05, 0x39, 0x69,
  0x04, 0x35, 0x64, 0x04, 0x36, 0x64, 0x03, 0x35, 0x64, 0x04, 0x37, 0x68,
  0x04, 0x37, 0x68, 0x04, 0x36, 0x66, 0x03, 0x35, 0x65, 0x03, 0x36, 0x65,
  0x03, 0x34, 0x64, 0x03, 0x34, 0x63, 0x03, 0x36, 0x66, 0x03, 0x35, 0x66,
  0x03, 0x36, 0x67, 0x03, 0x35, 0x65, 0x03, 0x34, 0x63, 0x03, 0x34, 0x63,
  0x03, 0x34, 0x62, 0x03, 0x36, 0x66, 0x03, 0x33, 0x61, 0x03, 0x30, 0x5d,
  0x03, 0x31, 0x5e, 0x03, 0x34, 0x63, 0x03, 0x31, 0x5d, 0x03, 0x30, 0x5b,
  0x03, 0x2f, 0x59, 0x03, 0x30, 0x5a, 0x03, 0x2f, 0x5b, 0x02, 0x2e, 0x58,
  0x03, 0x30, 0x5c, 0x03, 0x30, 0x5c, 0x02, 0x30, 0x5c, 0x02, 0x31, 0x5e,
  0x02, 0x32, 0x5f, 0x02, 0x31, 0x5d, 0x02, 0x2d, 0x58, 0x03, 0x2f, 0x5a,
  0x03, 0x31, 0x5e, 0x02, 0x30, 0x5c, 0x03, 0x2f, 0x5b, 0x02, 0x2f, 0x5b,
  0x02, 0x2f, 0x5b, 0x02, 0x2d, 0x57, 0x02, 0x2c, 0x56, 0x02, 0x2d, 0x57,
  0x02, 0x2c, 0x56, 0x02, 0x2c, 0x56, 0x02, 0x2e, 0x59, 0x02, 0x2e, 0x59,
  0x02, 0x2b, 0x55, 0x02, 0x2c, 0x56, 0x02, 0x2d, 0x59, 0x02, 0x2e, 0x59,
  0x02, 0x2e, 0x5a, 0x02, 0x2f, 0x5a, 0x02, 0x2e, 0x5a, 0x02, 0x2e, 0x5a,
  0x02, 0x2d, 0x58, 0x02, 0x2d, 0x57, 0x02, 0x2c, 0x56, 0x02, 0x2b, 0x55,
  0x02, 0x2c, 0x56, 0x02, 0x2c, 0x56, 0x02, 0x2c, 0x56, 0x02, 0x29, 0x51,
  0x02, 0x2a, 0x52, 0x02, 0x2f, 0x5a, 0x02, 0x2b, 0x53, 0x02, 0x2d, 0x56,
  0x03, 0x2e, 0x58, 0x02, 0x2d, 0x57, 0x02, 0x2d, 0x57, 0x02, 0x2d, 0x58,
  0x02, 0x2c, 0x56, 0x02, 0x2c, 0x57, 0x02, 0x2e, 0x59, 0x02, 0x2c, 0x55,
  0x02, 0x2e, 0x59, 0x02, 0x2d, 0x57, 0x02, 0x2d, 0x57, 0x02, 0x2d, 0x58,
  0x02, 0x2c, 0x56, 0x03, 0x29, 0x4d, 0x02, 0x26, 0x49, 0x02, 0x26, 0x49,
  0x02, 0x24, 0x46, 0x02, 0x21, 0x42, 0x02, 0x24, 0x45, 0x02, 0x22, 0x42,
  0x02, 0x22, 0x42, 0x02, 0x24, 0x45, 0x02, 0x26, 0x49, 0x02, 0x25, 0x48,
  0x02, 0x24, 0x46, 0x02, 0x26, 0x4a, 0x02, 0x26, 0x49, 0x02, 0x26, 0x49,
  0x03, 0x28, 0x4c, 0x02, 0x25, 0x48, 0x02, 0x25, 0x47, 0x03, 0x28, 0x4c,
  0x03, 0x2a, 0x50, 0x03, 0x2b, 0x51, 0x02, 0x29, 0x50, 0x02, 0x2b, 0x52,
  0x02, 0x29, 0x4f, 0x03, 0x2a, 0x4f, 0x02, 0x28, 0x4b, 0x02, 0x27, 0x4c,
  0x03, 0x27, 0x4a, 0x03, 0x28, 0x4c, 0x03, 0x28, 0x4c, 0x03, 0x28, 0x4c,
  0x02, 0x29, 0x4e, 0x02, 0x27, 0x4b, 0x03, 0x28, 0x4c, 0x03, 0x28, 0x4d,
  0x03, 0x2a, 0x4f, 0x03, 0x29, 0x4e, 0x03, 0x2c, 0x53, 0x03, 0x2c, 0x52,
  0x03, 0x2c, 0x53, 0x03, 0x2d, 0x55, 0x03, 0x2b, 0x53, 0x03, 0x2d, 0x56,
  0x02, 0x2c, 0x55, 0x01, 0x2c, 0x55, 0x02, 0x2d, 0x57, 0x02, 0x2f, 0x5a,
  0x03, 0x2f, 0x5a, 0x02, 0x2e, 0x57, 0x03, 0x2d, 0x56, 0x03, 0x2e, 0x56,
  0x03, 0x31, 0x5b, 0x04, 0x34, 0x60, 0x04, 0x32, 0x5c, 0x04, 0x30, 0x58,
  0x04, 0x30, 0x59, 0x03, 0x30, 0x5b, 0x03, 0x31, 0x5b, 0x04, 0x31, 0x5b,
  0x03, 0x31, 0x5d, 0x03, 0x31, 0x5d, 0x04, 0x32, 0x5d, 0x05, 0x35, 0x61,
  0x05, 0x35, 0x61, 0x04, 0x35, 0x62, 0x04, 0x32, 0x5e, 0x03, 0x31, 0x5c,
  0x03, 0x30, 0x5c, 0x05, 0x35, 0x62, 0x05, 0x34, 0x61, 0x04, 0x31, 0x5c,
  0x04, 0x31, 0x5c, 0x04, 0x33, 0x5f, 0x04, 0x33, 0x5e, 0x05, 0x32, 0x5d,
  0x05, 0x32, 0x5d, 0x04, 0x31, 0x5c, 0x04, 0x31, 0x5c, 0x04, 0x32, 0x5e,
  0x04, 0x34, 0x62, 0x04, 0x35, 0x63, 0x05, 0x37, 0x65, 0x05, 0x35, 0x62,
  0x06, 0x38, 0x66, 0x06, 0x38, 0x66, 0x06, 0x39, 0x67, 0x06, 0x38, 0x67,
  0x05, 0x36, 0x65, 0x05, 0x37, 0x66, 0x05, 0x37, 0x66, 0x04, 0x35, 0x62,
  0x05, 0x34, 0x61, 0x05, 0x36, 0x64, 0x06, 0x3a, 0x69, 0x06, 0x3a, 0x68,
  0x05, 0x37, 0x65, 0x04, 0x34, 0x61, 0x03, 0x33, 0x5f, 0x04, 0x36, 0x65,
  0x05, 0x39, 0x6a, 0x03, 0x33, 0x60, 0x03, 0x34, 0x62, 0x04, 0x36, 0x65,
  0x03, 0x34, 0x64, 0x03, 0x34, 0x63, 0x05, 0x39, 0x6a, 0x05, 0x3b, 0x6d,
  0x05, 0x3a, 0x6a, 0x05, 0x38, 0x68, 0x05, 0x38, 0x68, 0x06, 0x39, 0x69,
  0x05, 0x37, 0x67, 0x04, 0x35, 0x63, 0x03, 0x34, 0x63, 0x04, 0x36, 0x65,
  0x04, 0x39, 0x6b, 0x05, 0x3c, 0x70, 0x04, 0x39, 0x6b, 0x04, 0x39, 0x6a,
  0x04, 0x36, 0x66, 0x04, 0x38, 0x6a, 0x03, 0x37, 0x69, 0x03, 0x36, 0x67,
  0x03, 0x36, 0x66, 0x03, 0x36, 0x67, 0x03, 0x35, 0x65, 0x03, 0x37, 0x68,
  0x04, 0x3a, 0x6c, 0x03, 0x38, 0x69, 0x04, 0x36, 0x65, 0x04, 0x38, 0x68,
  0x05, 0x39, 0x69, 0x04, 0x36, 0x65, 0x04, 0x36, 0x65, 0x04, 0x35, 0x62,
  0x04, 0x33, 0x5f, 0x03, 0x30, 0x5b, 0x03, 0x31, 0x5c, 0x03, 0x32, 0x5e,
  0x03, 0x2f, 0x5a, 0x03, 0x31, 0x5d, 0x03, 0x32, 0x5f, 0x03, 0x30, 0x5c,
  0x02, 0x30, 0x5c, 0x02, 0x31, 0x5e, 0x03, 0x31, 0x5c, 0x03, 0x31, 0x5d,
  0x03, 0x33, 0x62, 0x03, 0x33, 0x60, 0x03, 0x32, 0x5f, 0x02, 0x30, 0x5c,
  0x02, 0x2e, 0x59, 0x03, 0x2f, 0x5b, 0x03, 0x32, 0x5f, 0x03, 0x31, 0x5d,
  0x02, 0x30, 0x5c, 0x02, 0x2e, 0x58, 0x02, 0x2e, 0x58, 0x02, 0x2e, 0x58,
  0x03, 0x2c, 0x55, 0x02, 0x2a, 0x53, 0x02, 0x2b, 0x54, 0x02, 0x2d, 0x58,
  0x02, 0x30, 0x5c, 0x03, 0x30, 0x5c, 0x02, 0x2f, 0x5c, 0x02, 0x2d, 0x58,
  0x02, 0x2c, 0x56, 0x02, 0x2c, 0x55, 0x03, 0x2d, 0x57, 0x03, 0x2e, 0x58,
  0x02, 0x2d, 0x58, 0x02, 0x2c, 0x56, 0x02, 0x2d, 0x57, 0x02, 0x2d, 0x57,
  0x03, 0x2f, 0x5a, 0x03, 0x2f, 0x59, 0x02, 0x2c, 0x55, 0x03, 0x2e, 0x59,
  0x03, 0x2f, 0x59, 0x03, 0x2f, 0x5a, 0x03, 0x2d, 0x57, 0x02, 0x2b, 0x55,
  0x02, 0x2e, 0x58, 0x02, 0x2e, 0x59, 0x02, 0x2f, 0x5b, 0x03, 0x2e, 0x59,
  0x02, 0x2e, 0x59, 0x02, 0x2d, 0x56, 0x02, 0x2e, 0x58, 0x03, 0x2f, 0x59,
  0x03, 0x2f, 0x59, 0x03, 0x2a, 0x4f, 0x03, 0x23, 0x43, 0x02, 0x2b, 0x50,
  0x02, 0x26, 0x49, 0x02, 0x23, 0x44, 0x02, 0x23, 0x43, 0x02, 0x21, 0x40,
  0x02, 0x21, 0x41, 0x03, 0x26, 0x47, 0x03, 0x29, 0x4c, 0x02, 0x25, 0x47,
  0x02, 0x26, 0x48, 0x02, 0x25, 0x47, 0x02, 0x25, 0x49, 0x02, 0x25, 0x47,
  0x03, 0x26, 0x49, 0x03, 0x25, 0x47, 0x02, 0x24, 0x46, 0x02, 0x24, 0x45,
  0x02, 0x25, 0x48, 0x03, 0x29, 0x4e, 0x02, 0x28, 0x4d, 0x02, 0x28, 0x4d,
  0x03, 0x28, 0x4c, 0x02, 0x28, 0x4d, 0x03, 0x28, 0x4d, 0x03, 0x29, 0x4e,
  0x03, 0x29, 0x4d, 0x03, 0x26, 0x48, 0x03, 0x28, 0x4b, 0x03, 0x27, 0x4a,
  0x03, 0x28, 0x4c, 0x03, 0x2a, 0x4f, 0x03, 0x2b, 0x50, 0x03, 0x2b, 0x50,
  0x03, 0x2b, 0x51, 0x04, 0x2b, 0x50, 0x04, 0x2a, 0x4e, 0x03, 0x2a, 0x4d,
  0x03, 0x2a, 0x4f, 0x03, 0x2a, 0x4f, 0x03, 0x2a, 0x4f, 0x03, 0x2b, 0x51,
  0x02, 0x2a, 0x51, 0x02, 0x2b, 0x52, 0x02, 0x2b, 0x53, 0x03, 0x2c, 0x53,
  0x03, 0x2c, 0x54, 0x03, 0x2d, 0x54, 0x04, 0x2f, 0x57, 0x04, 0x2e, 0x56,
  0x03, 0x2f, 0x59, 0x04, 0x31, 0x5a, 0x04, 0x31, 0x5b, 0x04, 0x30, 0x59,
  0x04, 0x2e, 0x56, 0x04, 0x2e, 0x56, 0x04, 0x31, 0x5a, 0x05, 0x32, 0x5c,
  0x04, 0x31, 0x5b, 0x05, 0x31, 0x5c, 0x05, 0x32, 0x5c, 0x06, 0x35, 0x5f,
  0x06, 0x34, 0x5e, 0x06, 0x34, 0x5e, 0x05, 0x35, 0x60, 0x06, 0x37, 0x63,
  0x06, 0x37, 0x64, 0x04, 0x32, 0x5d, 0x05, 0x35, 0x61, 0x05, 0x34, 0x60,
  0x05, 0x34, 0x5f, 0x06, 0x36, 0x61, 0x06, 0x34, 0x5f, 0x06, 0x36, 0x60,
  0x06, 0x35, 0x60, 0x05, 0x34, 0x5e, 0x05, 0x34, 0x5f, 0x05, 0x32, 0x5d,
  0x04, 0x34, 0x60, 0x04, 0x34, 0x60, 0x06, 0x37, 0x64, 0x07, 0x37, 0x64,
  0x07, 0x37, 0x63, 0x06, 0x35, 0x62, 0x06, 0x36, 0x62, 0x05, 0x34, 0x60,
  0x05, 0x34, 0x60, 0x05, 0x36, 0x62, 0x05, 0x35, 0x61, 0x05, 0x37, 0x65,
  0x07, 0x3a, 0x69, 0x08, 0x3e, 0x6e, 0x08, 0x3e, 0x6f, 0x06, 0x39, 0x67,
  0x06, 0x38, 0x67, 0x05, 0x36, 0x65, 0x03, 0x31, 0x5d, 0x04, 0x33, 0x5e,
  0x05, 0x37, 0x65, 0x06, 0x3a, 0x6b, 0x05, 0x39, 0x69, 0x05, 0x39, 0x69,
  0x05, 0x38, 0x69, 0x05, 0x38, 0x67, 0x06, 0x3c, 0x6d, 0x06, 0x3d, 0x6e,
  0x05, 0x39, 0x6a, 0x05, 0x39, 0x68, 0x05, 0x38, 0x67, 0x06, 0x3b, 0x6b,
  0x06, 0x3e, 0x71, 0x04, 0x3a, 0x6b, 0x04, 0x38, 0x69, 0x04, 0x37, 0x67,
  0x04, 0x38, 0x68, 0x05, 0x39, 0x69, 0x04, 0x36, 0x66, 0x03, 0x35, 0x64,
  0x03, 0x36, 0x66, 0x03, 0x38, 0x6a, 0x04, 0x3a, 0x6d, 0x04, 0x3a, 0x6d,
  0x04, 0x39, 0x6b, 0x03, 0x37, 0x69, 0x03, 0x37, 0x68, 0x04, 0x3a, 0x6b,
  0x04, 0x3a, 0x6c, 0x03, 0x37, 0x68, 0x04, 0x38, 0x69, 0x05, 0x3a, 0x6b,
  0x04, 0x35, 0x63, 0x04, 0x34, 0x61, 0x04, 0x35, 0x63, 0x05, 0x36, 0x64,
  0x04, 0x34, 0x60, 0x03, 0x32, 0x5e, 0x03, 0x31, 0x5c, 0x03, 0x31, 0x5d,
  0x03, 0x31, 0x5c, 0x03, 0x32, 0x5e, 0x03, 0x34, 0x61, 0x02, 0x2f, 0x5b,
  0x03, 0x30, 0x5b, 0x02, 0x2f, 0x5a, 0x03, 0x2f, 0x5b, 0x03, 0x32, 0x60,
  0x02, 0x31, 0x5e, 0x02, 0x2f, 0x5b, 0x02, 0x2f, 0x5c, 0x03, 0x32, 0x5f,
  0x03, 0x33, 0x61, 0x03, 0x33, 0x61, 0x03, 0x32, 0x5f, 0x03, 0x30, 0x5b,
  0x03, 0x30, 0x5c, 0x03, 0x2f, 0x5a, 0x03, 0x2f, 0x5a, 0x03, 0x31, 0x5d,
  0x03, 0x2f, 0x59, 0x03, 0x2e, 0x58, 0x03, 0x2e, 0x58, 0x02, 0x2d, 0x56,
  0x02, 0x2f, 0x5a, 0x03, 0x30, 0x5c, 0x02, 0x2e, 0x58, 0x02, 0x2d, 0x57,
  0x02, 0x2c, 0x55, 0x02, 0x2c, 0x55, 0x02, 0x2c, 0x56, 0x03, 0x2e, 0x58,
  0x03, 0x2e, 0x58, 0x02, 0x2b, 0x54, 0x02, 0x2b, 0x54, 0x02, 0x2d, 0x56,
  0x04, 0x30, 0x5a, 0x03, 0x2e, 0x57, 0x03, 0x2e, 0x57, 0x03, 0x2e, 0x57,
  0x03, 0x30, 0x5a, 0x03, 0x30, 0x5a, 0x03, 0x2c, 0x56, 0x02, 0x2b, 0x53,
  0x02, 0x2c, 0x55, 0x02, 0x2d, 0x57, 0x02, 0x2e, 0x58, 0x02, 0x2e, 0x59,
  0x03, 0x2f, 0x5a, 0x03, 0x2e, 0x59, 0x02, 0x2e, 0x57, 0x02, 0x2e, 0x58,
  0x02, 0x2d, 0x57, 0x03, 0x29, 0x4e, 0x02, 0x21, 0x3f, 0x02, 0x28, 0x4c,
  0x02, 0x29, 0x4e, 0x02, 0x25, 0x47, 0x02, 0x23, 0x43, 0x03, 0x23, 0x43,
  0x03, 0x27, 0x49, 0x03, 0x27, 0x49, 0x03, 0x27, 0x49, 0x03, 0x26, 0x48,
  0x03, 0x26, 0x48, 0x02, 0x24, 0x45, 0x02, 0x25, 0x48, 0x02, 0x26, 0x49,
  0x02, 0x26, 0x49, 0x02, 0x25, 0x47, 0x02, 0x24, 0x45, 0x02, 0x24, 0x46,
  0x02, 0x25, 0x48, 0x02, 0x26, 0x48, 0x03, 0x29, 0x4f, 0x02, 0x28, 0x4d,
  0x02, 0x29, 0x4e, 0x03, 0x29, 0x4e, 0x03, 0x2a, 0x4e, 0x03, 0x2a, 0x4e,
  0x03, 0x2a, 0x50, 0x03, 0x2c, 0x54, 0x04, 0x2b, 0x50, 0x03, 0x2a, 0x4e,
  0x04, 0x2d, 0x53, 0x04, 0x2f, 0x55, 0x03, 0x2b, 0x51, 0x03, 0x2b, 0x50,
  0x04, 0x2d, 0x52, 0x04, 0x2d, 0x52, 0x04, 0x2c, 0x52, 0x05, 0x2c, 0x51,
  0x04, 0x2b, 0x50, 0x04, 0x2a, 0x4f, 0x04, 0x2b, 0x50, 0x03, 0x2c, 0x52,
  0x03, 0x2d, 0x54, 0x03, 0x2c, 0x52, 0x03, 0x2c, 0x52, 0x04, 0x2d, 0x53,
  0x05, 0x30, 0x57, 0x05, 0x31, 0x59, 0x04, 0x30, 0x58, 0x04, 0x2f, 0x57,
  0x03, 0x2e, 0x56, 0x04, 0x2f, 0x59, 0x05, 0x36, 0x63, 0x05, 0x35, 0x62,
  0x05, 0x32, 0x5c, 0x05, 0x32, 0x5a, 0x04, 0x31, 0x5b, 0x05, 0x32, 0x5b,
  0x05, 0x31, 0x5a, 0x05, 0x32, 0x5a, 0x05, 0x30, 0x59, 0x06, 0x32, 0x5b,
  0x07, 0x33, 0x5a, 0x06, 0x33, 0x5a, 0x07, 0x35, 0x5f, 0x07, 0x36, 0x60,
  0x06, 0x35, 0x5f, 0x05, 0x33, 0x5c, 0x05, 0x32, 0x5c, 0x06, 0x36, 0x61,
  0x06, 0x37, 0x64, 0x05, 0x34, 0x5f, 0x05, 0x33, 0x5e, 0x06, 0x34, 0x5e,
  0x06, 0x33, 0x5d, 0x06, 0x35, 0x60, 0x06, 0x35, 0x60, 0x06, 0x36, 0x60,
  0x07, 0x37, 0x62, 0x06, 0x36, 0x63, 0x05, 0x34, 0x60, 0x07, 0x36, 0x61,
  0x06, 0x36, 0x60, 0x07, 0x36, 0x61, 0x07, 0x36, 0x60, 0x05, 0x33, 0x5d,
  0x05, 0x32, 0x5d, 0x05, 0x34, 0x5f, 0x06, 0x36, 0x62, 0x07, 0x3b, 0x69,
  0x08, 0x3d, 0x6d, 0x08, 0x3f, 0x70, 0x09, 0x41, 0x72, 0x08, 0x3e, 0x6e,
  0x07, 0x3a, 0x68, 0x06, 0x38, 0x65, 0x05, 0x37, 0x65, 0x05, 0x35, 0x61,
  0x05, 0x36, 0x63, 0x05, 0x38, 0x66, 0x05, 0x35, 0x62, 0x05, 0x35, 0x61,
  0x06, 0x3a, 0x6a, 0x07, 0x3b, 0x6b, 0x08, 0x3f, 0x71, 0x06, 0x3b, 0x6b,
  0x06, 0x3d, 0x6e, 0x06, 0x3e, 0x70, 0x06, 0x3b, 0x6b, 0x04, 0x37, 0x67,
  0x05, 0x3b, 0x6d, 0x06, 0x3b, 0x6c, 0x04, 0x37, 0x67, 0x04, 0x38, 0x67,
  0x04, 0x37, 0x67, 0x04, 0x34, 0x62, 0x04, 0x37, 0x66, 0x05, 0x3a, 0x6a,
  0x04, 0x38, 0x68, 0x03, 0x35, 0x65, 0x03, 0x36, 0x66, 0x03, 0x38, 0x6a,
  0x04, 0x3a, 0x6b, 0x04, 0x38, 0x68, 0x04, 0x37, 0x66, 0x03, 0x37, 0x67,
  0x04, 0x37, 0x68, 0x04, 0x38, 0x69, 0x04, 0x36, 0x64, 0x04, 0x37, 0x66,
  0x04, 0x34, 0x62, 0x05, 0x36, 0x63, 0x04, 0x37, 0x64, 0x05, 0x37, 0x65,
  0x05, 0x35, 0x60, 0x04, 0x33, 0x5e, 0x03, 0x31, 0x5c, 0x03, 0x30, 0x5c,
  0x03, 0x31, 0x5d, 0x03, 0x30, 0x5c, 0x03, 0x33, 0x60, 0x03, 0x31, 0x5c,
  0x02, 0x2f, 0x5a, 0x02, 0x2d, 0x57, 0x03, 0x2c, 0x57, 0x02, 0x2f, 0x5b,
  0x02, 0x30, 0x5f, 0x02, 0x2e, 0x5a, 0x02, 0x2e, 0x59, 0x02, 0x33, 0x61,
  0x03, 0x31, 0x5f, 0x03, 0x32, 0x5e, 0x04, 0x33, 0x61, 0x03, 0x32, 0x5e,
  0x03, 0x31, 0x5d, 0x03, 0x30, 0x5c, 0x03, 0x30, 0x5c, 0x03, 0x2f, 0x5a,
  0x02, 0x2f, 0x5a, 0x03, 0x30, 0x5c, 0x03, 0x30, 0x5a, 0x03, 0x30, 0x5b,
  0x03, 0x2f, 0x5a, 0x03, 0x2f, 0x5a, 0x03, 0x2f, 0x5a, 0x03, 0x30, 0x5b,
  0x03, 0x2e, 0x58, 0x03, 0x2d, 0x56, 0x03, 0x2d, 0x56, 0x03, 0x2e, 0x58,
  0x03, 0x31, 0x5c, 0x02, 0x2e, 0x58, 0x02, 0x2c, 0x56, 0x02, 0x2c, 0x55,
  0x03, 0x2f, 0x59, 0x03, 0x2e, 0x57, 0x03, 0x2f, 0x58, 0x04, 0x33, 0x5e,
  0x04, 0x32, 0x5e, 0x04, 0x32, 0x5d, 0x02, 0x30, 0x5c, 0x02, 0x32, 0x5f,
  0x02, 0x2f, 0x5a, 0x02, 0x2c, 0x56, 0x03, 0x2e, 0x59, 0x03, 0x2e, 0x59,
  0x03, 0x30, 0x5b, 0x03, 0x31, 0x5d, 0x03, 0x31, 0x5e, 0x03, 0x2f, 0x5a,
  0x03, 0x2e, 0x58, 0x03, 0x2a, 0x4f, 0x02, 0x22, 0x41, 0x02, 0x26, 0x4a,
  0x02, 0x28, 0x4c, 0x02, 0x27, 0x4b, 0x02, 0x25, 0x47, 0x03, 0x26, 0x48,
  0x03, 0x28, 0x4a, 0x03, 0x27, 0x48, 0x03, 0x29, 0x4b, 0x03, 0x28, 0x4c,
  0x03, 0x27, 0x4b, 0x02, 0x27, 0x4a, 0x02, 0x29, 0x4e, 0x02, 0x28, 0x4d,
  0x02, 0x29, 0x4e, 0x02, 0x29, 0x4e, 0x02, 0x25, 0x47, 0x02, 0x26, 0x49,
  0x03, 0x2a, 0x4e, 0x02, 0x26, 0x49, 0x03, 0x28, 0x4c, 0x03, 0x28, 0x4d,
  0x02, 0x27, 0x4b, 0x02, 0x27, 0x4a, 0x02, 0x27, 0x4a, 0x02, 0x27, 0x4a,
  0x03, 0x2b, 0x50, 0x03, 0x2b, 0x51, 0x04, 0x2b, 0x51, 0x04, 0x2e, 0x54,
  0x04, 0x2e, 0x56, 0x04, 0x2e, 0x56, 0x04, 0x2d, 0x54, 0x04, 0x2d, 0x53,
  0x04, 0x2e, 0x54, 0x04, 0x2e, 0x53, 0x04, 0x2d, 0x53, 0x04, 0x2b, 0x50,
  0x04, 0x2d, 0x52, 0x04, 0x2c, 0x53, 0x04, 0x2c, 0x53, 0x05, 0x30, 0x57,
  0x04, 0x31, 0x59, 0x03, 0x30, 0x58, 0x04, 0x2f, 0x57, 0x05, 0x30, 0x58,
  0x07, 0x35, 0x5f, 0x06, 0x33, 0x5d, 0x05, 0x32, 0x5c, 0x05, 0x32, 0x5d,
  0x05, 0x33, 0x5e, 0x05, 0x35, 0x61, 0x05, 0x35, 0x62, 0x04, 0x34, 0x61,
  0x04, 0x33, 0x5e, 0x04, 0x30, 0x59, 0x05, 0x31, 0x5a, 0x06, 0x33, 0x5d,
  0x05, 0x33, 0x5d, 0x05, 0x34, 0x5e, 0x06, 0x31, 0x59, 0x06, 0x33, 0x5b,
  0x05, 0x31, 0x58, 0x07, 0x34, 0x5c, 0x08, 0x37, 0x60, 0x08, 0x38, 0x61,
  0x07, 0x35, 0x5e, 0x06, 0x34, 0x5d, 0x05, 0x34, 0x5f, 0x05, 0x35, 0x60,
  0x06, 0x38, 0x65, 0x06, 0x36, 0x62, 0x06, 0x34, 0x5e, 0x06, 0x34, 0x5e,
  0x07, 0x34, 0x5d, 0x05, 0x34, 0x5e, 0x05, 0x34, 0x5f, 0x06, 0x35, 0x5f,
  0x07, 0x37, 0x62, 0x07, 0x38, 0x64, 0x05, 0x34, 0x5e, 0x06, 0x35, 0x5f,
  0x06, 0x36, 0x60, 0x06, 0x36, 0x61, 0x07, 0x36, 0x60, 0x06, 0x34, 0x5e,
  0x07, 0x38, 0x65, 0x07, 0x37, 0x64, 0x07, 0x37, 0x62, 0x08, 0x3a, 0x67,
  0x08, 0x3b, 0x69, 0x08, 0x3d, 0x6d, 0x08, 0x3c, 0x6b, 0x08, 0x3d, 0x6b,
  0x07, 0x3a, 0x67, 0x06, 0x36, 0x62, 0x07, 0x39, 0x67, 0x07, 0x3b, 0x6b,
  0x05, 0x38, 0x66, 0x05, 0x37, 0x65, 0x06, 0x37, 0x64, 0x07, 0x35, 0x61,
  0x06, 0x35, 0x61, 0x06, 0x35, 0x60, 0x07, 0x39, 0x66, 0x07, 0x3a, 0x69,
  0x07, 0x3b, 0x6c, 0x06, 0x3b, 0x6c, 0x05, 0x3a, 0x6a, 0x05, 0x38, 0x68,
  0x05, 0x3a, 0x6b, 0x05, 0x3b, 0x6e, 0x05, 0x3b, 0x6d, 0x05, 0x3a, 0x6a,
  0x05, 0x3a, 0x6a, 0x05, 0x38, 0x68, 0x05, 0x39, 0x68, 0x05, 0x39, 0x6a,
  0x05, 0x39, 0x6a, 0x03, 0x34, 0x62, 0x02, 0x33, 0x63, 0x03, 0x37, 0x68,
  0x04, 0x3a, 0x6b, 0x05, 0x38, 0x67, 0x05, 0x38, 0x69, 0x05, 0x3a, 0x69,
  0x05, 0x3a, 0x6b, 0x05, 0x3a, 0x6a, 0x04, 0x35, 0x63, 0x04, 0x34, 0x61,
  0x05, 0x35, 0x62, 0x05, 0x36, 0x64, 0x05, 0x35, 0x62, 0x05, 0x35, 0x61,
  0x05, 0x35, 0x60, 0x04, 0x31, 0x5b, 0x04, 0x2f, 0x58, 0x04, 0x31, 0x5c,
  0x03, 0x32, 0x5f, 0x03, 0x31, 0x5d, 0x03, 0x31, 0x5e, 0x04, 0x33, 0x60,
  0x03, 0x30, 0x5c, 0x03, 0x2f, 0x5b, 0x02, 0x2d, 0x58, 0x02, 0x2c, 0x56,
  0x02, 0x2f, 0x5d, 0x02, 0x30, 0x5e, 0x03, 0x30, 0x5c, 0x02, 0x30, 0x5d,
  0x02, 0x2f, 0x5c, 0x03, 0x32, 0x5f, 0x03, 0x32, 0x5e, 0x03, 0x31, 0x5e,
  0x03, 0x31, 0x5e, 0x03, 0x30, 0x5c, 0x03, 0x30, 0x5c, 0x03, 0x30, 0x5b,
  0x03, 0x32, 0x5e, 0x03, 0x31, 0x5d, 0x03, 0x2e, 0x58, 0x03, 0x31, 0x5d,
  0x03, 0x31, 0x5c, 0x03, 0x30, 0x5b, 0x03, 0x2f, 0x5b, 0x03, 0x30, 0x5c,
  0x03, 0x2f, 0x58, 0x03, 0x2e, 0x57, 0x03, 0x2c, 0x54, 0x03, 0x2c, 0x54,
  0x02, 0x2c, 0x54, 0x02, 0x2c, 0x55, 0x03, 0x2d, 0x57, 0x03, 0x2d, 0x56,
  0x03, 0x2c, 0x55, 0x03, 0x2e, 0x58, 0x03, 0x2e, 0x57, 0x04, 0x32, 0x5c,
  0x05, 0x35, 0x62, 0x04, 0x34, 0x60, 0x03, 0x30, 0x5c, 0x02, 0x2f, 0x5a,
  0x02, 0x2f, 0x59, 0x02, 0x2e, 0x58, 0x03, 0x2d, 0x57, 0x03, 0x2f, 0x59,
  0x03, 0x2f, 0x5a, 0x03, 0x32, 0x5e, 0x03, 0x31, 0x5d, 0x03, 0x30, 0x5b,
  0x03, 0x2f, 0x5b, 0x03, 0x2b, 0x51, 0x02, 0x22, 0x41, 0x02, 0x26, 0x4b,
  0x02, 0x26, 0x49, 0x02, 0x25, 0x48, 0x02, 0x25, 0x47, 0x02, 0x27, 0x4b,
  0x03, 0x29, 0x4c, 0x03, 0x26, 0x48, 0x03, 0x27, 0x49, 0x03, 0x28, 0x4b,
  0x02, 0x29, 0x4d, 0x02, 0x28, 0x4d, 0x02, 0x29, 0x50, 0x02, 0x28, 0x4d,
  0x02, 0x27, 0x4b, 0x02, 0x2a, 0x51, 0x02, 0x2b, 0x51, 0x02, 0x28, 0x4c,
  0x03, 0x2a, 0x50, 0x03, 0x2a, 0x4f, 0x03, 0x29, 0x4e, 0x02, 0x26, 0x49,
  0x03, 0x27, 0x4a, 0x03, 0x27, 0x4a, 0x03, 0x27, 0x4a, 0x03, 0x27, 0x4b,
  0x03, 0x28, 0x4b, 0x03, 0x2a, 0x4e, 0x04, 0x2c, 0x53, 0x04, 0x2d, 0x53,
  0x03, 0x2a, 0x4f, 0x03, 0x2b, 0x51, 0x03, 0x2d, 0x52, 0x04, 0x2e, 0x54,
  0x05, 0x2f, 0x57, 0x05, 0x2f, 0x55, 0x04, 0x2c, 0x50, 0x03, 0x2b, 0x4f,
  0x04, 0x2e, 0x54, 0x04, 0x2e, 0x54, 0x04, 0x2d, 0x53, 0x04, 0x2e, 0x55,
  0x05, 0x34, 0x5f, 0x05, 0x36, 0x63, 0x05, 0x35, 0x5f, 0x06, 0x37, 0x63,
  0x07, 0x39, 0x65, 0x07, 0x39, 0x66, 0x06, 0x38, 0x64, 0x06, 0x36, 0x63,
  0x06, 0x36, 0x63, 0x05, 0x36, 0x63, 0x04, 0x31, 0x5d, 0x04, 0x35, 0x62,
  0x05, 0x36, 0x64, 0x04, 0x33, 0x5f, 0x04, 0x31, 0x5b, 0x06, 0x34, 0x5e,
  0x04, 0x2f, 0x57, 0x04, 0x2e, 0x55, 0x07, 0x34, 0x5d, 0x06, 0x34, 0x5d,
  0x06, 0x30, 0x57, 0x06, 0x2f, 0x55, 0x07, 0x33, 0x5b, 0x07, 0x35, 0x5e,
  0x06, 0x34, 0x5e, 0x05, 0x33, 0x5c, 0x06, 0x33, 0x5d, 0x05, 0x33, 0x5e,
  0x05, 0x34, 0x5f, 0x06, 0x38, 0x64, 0x07, 0x3a, 0x68, 0x07, 0x35, 0x60,
  0x06, 0x32, 0x5a, 0x05, 0x33, 0x5d, 0x05, 0x35, 0x60, 0x05, 0x35, 0x61,
  0x06, 0x38, 0x65, 0x06, 0x37, 0x63, 0x06, 0x34, 0x5f, 0x06, 0x34, 0x5e,
  0x07, 0x37, 0x63, 0x08, 0x3b, 0x68, 0x07, 0x37, 0x62, 0x07, 0x37, 0x62,
  0x08, 0x3c, 0x6a, 0x08, 0x3a, 0x66, 0x07, 0x38, 0x63, 0x07, 0x38, 0x64,
  0x07, 0x38, 0x65, 0x06, 0x30, 0x58, 0x07, 0x36, 0x62, 0x07, 0x3c, 0x6b,
  0x07, 0x3a, 0x69, 0x07, 0x39, 0x67, 0x07, 0x38, 0x66, 0x08, 0x3b, 0x69,
  0x07, 0x3c, 0x6b, 0x08, 0x3b, 0x6a, 0x08, 0x3c, 0x6a, 0x08, 0x3c, 0x6b,
  0x07, 0x3b, 0x6a, 0x08, 0x3c, 0x6a, 0x07, 0x3a, 0x67, 0x07, 0x3c, 0x6c,
  0x06, 0x3b, 0x6b, 0x07, 0x3d, 0x6d, 0x07, 0x3b, 0x6a, 0x07, 0x3d, 0x6d,
  0x06, 0x3c, 0x6d, 0x07, 0x3e, 0x70, 0x07, 0x3d, 0x6e, 0x08, 0x40, 0x71,
  0x08, 0x3f, 0x71, 0x07, 0x3d, 0x6e, 0x06, 0x3b, 0x6b, 0x06, 0x3c, 0x6d,
  0x06, 0x3c, 0x6d, 0x04, 0x38, 0x68, 0x04, 0x37, 0x67, 0x05, 0x39, 0x69,
  0x05, 0x3a, 0x6c, 0x05, 0x38, 0x69, 0x06, 0x3b, 0x6c, 0x07, 0x3f, 0x72,
  0x06, 0x3c, 0x6c, 0x05, 0x39, 0x69, 0x04, 0x36, 0x64, 0x04, 0x33, 0x5f,
  0x05, 0x34, 0x5f, 0x05, 0x35, 0x62, 0x05, 0x35, 0x60, 0x06, 0x37, 0x63,
  0x06, 0x34, 0x5f, 0x05, 0x31, 0x5a, 0x05, 0x31, 0x5a, 0x05, 0x32, 0x5b,
  0x05, 0x32, 0x5d, 0x05, 0x34, 0x60, 0x04, 0x34, 0x61, 0x03, 0x34, 0x62,
  0x03, 0x33, 0x60, 0x03, 0x35, 0x64, 0x03, 0x35, 0x65, 0x03, 0x32, 0x60,
  0x02, 0x31, 0x5f, 0x03, 0x31, 0x5d, 0x03, 0x2f, 0x5b, 0x03, 0x2f, 0x5b,
  0x03, 0x32, 0x5e, 0x03, 0x33, 0x60, 0x03, 0x32, 0x5f, 0x04, 0x34, 0x62,
  0x03, 0x34, 0x62, 0x04, 0x34, 0x62, 0x03, 0x32, 0x5f, 0x03, 0x32, 0x5e,
  0x03, 0x32, 0x5d, 0x03, 0x31, 0x5c, 0x03, 0x2e, 0x58, 0x03, 0x2e, 0x57,
  0x03, 0x2f, 0x5a, 0x03, 0x2f, 0x58, 0x03, 0x2e, 0x58, 0x03, 0x30, 0x5a,
  0x04, 0x32, 0x5d, 0x03, 0x31, 0x5c, 0x03, 0x2f, 0x58, 0x03, 0x2c, 0x54,
  0x02, 0x2c, 0x54, 0x03, 0x2b, 0x53, 0x03, 0x2c, 0x56, 0x03, 0x2f, 0x59,
  0x03, 0x2d, 0x55, 0x03, 0x2e, 0x56, 0x03, 0x2e, 0x56, 0x04, 0x2f, 0x58,
  0x05, 0x34, 0x5f, 0x04, 0x34, 0x60, 0x03, 0x30, 0x5b, 0x02, 0x2d, 0x56,
  0x02, 0x2e, 0x58, 0x02, 0x2f, 0x58, 0x04, 0x30, 0x5a, 0x04, 0x31, 0x5b,
  0x03, 0x2f, 0x58, 0x03, 0x2e, 0x58, 0x03, 0x2f, 0x5a, 0x03, 0x30, 0x5b,
  0x03, 0x32, 0x5e, 0x03, 0x2b, 0x52, 0x02, 0x24, 0x44, 0x02, 0x24, 0x47,
  0x02, 0x26, 0x4a, 0x02, 0x25, 0x48, 0x02, 0x24, 0x46, 0x03, 0x27, 0x4c,
  0x03, 0x2b, 0x50, 0x03, 0x27, 0x4a, 0x02, 0x27, 0x4a, 0x03, 0x2a, 0x4e,
  0x02, 0x29, 0x4e, 0x02, 0x26, 0x4b, 0x02, 0x26, 0x49, 0x02, 0x27, 0x4c,
  0x02, 0x26, 0x4b, 0x03, 0x28, 0x4e, 0x02, 0x29, 0x50, 0x02, 0x28, 0x4d,
  0x02, 0x28, 0x4c, 0x03, 0x2a, 0x50, 0x03, 0x29, 0x4e, 0x02, 0x28, 0x4d,
  0x02, 0x26, 0x49, 0x02, 0x25, 0x47, 0x03, 0x27, 0x4a, 0x03, 0x28, 0x4a,
  0x03, 0x28, 0x4c, 0x04, 0x2c, 0x52, 0x04, 0x2e, 0x55, 0x04, 0x2f, 0x56,
  0x04, 0x2d, 0x54, 0x04, 0x2d, 0x54, 0x03, 0x2d, 0x54, 0x04, 0x30, 0x58,
  0x04, 0x31, 0x5a, 0x05, 0x2f, 0x56, 0x04, 0x2b, 0x50, 0x04, 0x2c, 0x51,
  0x04, 0x2c, 0x53, 0x04, 0x2d, 0x53, 0x04, 0x2d, 0x54, 0x06, 0x33, 0x5d,
  0x07, 0x3a, 0x68, 0x08, 0x3c, 0x6c, 0x09, 0x3f, 0x6e, 0x08, 0x3b, 0x69,
  0x06, 0x38, 0x66, 0x06, 0x39, 0x67, 0x06, 0x37, 0x65, 0x05, 0x37, 0x64,
  0x05, 0x35, 0x61, 0x06, 0x36, 0x63, 0x05, 0x37, 0x65, 0x05, 0x36, 0x63,
  0x05, 0x38, 0x68, 0x05, 0x3a, 0x6c, 0x04, 0x37, 0x66, 0x04, 0x35, 0x62,
  0x04, 0x33, 0x5f, 0x07, 0x38, 0x66, 0x09, 0x3c, 0x6a, 0x07, 0x37, 0x62,
  0x06, 0x34, 0x5e, 0x05, 0x30, 0x57, 0x04, 0x2d, 0x53, 0x06, 0x33, 0x5c,
  0x06, 0x32, 0x5a, 0x05, 0x32, 0x5b, 0x05, 0x32, 0x5b, 0x06, 0x35, 0x60,
  0x06, 0x38, 0x64, 0x07, 0x3a, 0x68, 0x07, 0x3b, 0x69, 0x06, 0x36, 0x60,
  0x07, 0x35, 0x60, 0x07, 0x36, 0x61, 0x07, 0x37, 0x62, 0x06, 0x37, 0x64,
  0x05, 0x38, 0x67, 0x06, 0x3c, 0x6d, 0x07, 0x3c, 0x6a, 0x07, 0x38, 0x64,
  0x07, 0x3a, 0x67, 0x09, 0x3c, 0x69, 0x08, 0x39, 0x65, 0x07, 0x38, 0x63,
  0x08, 0x3a, 0x66, 0x09, 0x3d, 0x6b, 0x09, 0x3c, 0x69, 0x08, 0x39, 0x65,
  0x09, 0x3d, 0x6c, 0x05, 0x2b, 0x4e, 0x03, 0x20, 0x3e, 0x06, 0x32, 0x5b,
  0x08, 0x3d, 0x6c, 0x08, 0x3c, 0x6b, 0x08, 0x3c, 0x6a, 0x08, 0x3c, 0x6a,
  0x08, 0x3b, 0x69, 0x08, 0x3d, 0x6b, 0x07, 0x3a, 0x67, 0x06, 0x34, 0x5e,
  0x06, 0x31, 0x58, 0x06, 0x30, 0x57, 0x04, 0x2a, 0x4f, 0x05, 0x2d, 0x53,
  0x07, 0x3c, 0x6c, 0x07, 0x3f, 0x72, 0x08, 0x3f, 0x71, 0x07, 0x3f, 0x71,
  0x07, 0x3e, 0x6f, 0x09, 0x42, 0x75, 0x09, 0x43, 0x77, 0x08, 0x40, 0x71,
  0x08, 0x3f, 0x6f, 0x08, 0x40, 0x71, 0x08, 0x41, 0x73, 0x07, 0x3d, 0x6e,
  0x07, 0x3d, 0x6e, 0x06, 0x3d, 0x6f, 0x06, 0x3d, 0x6d, 0x06, 0x3a, 0x69,
  0x05, 0x39, 0x69, 0x05, 0x3a, 0x6c, 0x06, 0x3c, 0x6c, 0x08, 0x40, 0x74,
  0x07, 0x3e, 0x6e, 0x06, 0x39, 0x67, 0x06, 0x37, 0x64, 0x06, 0x37, 0x64,
  0x05, 0x36, 0x63, 0x05, 0x36, 0x62, 0x05, 0x36, 0x62, 0x06, 0x37, 0x63,
  0x06, 0x35, 0x5f, 0x05, 0x33, 0x5d, 0x06, 0x34, 0x5f, 0x06, 0x35, 0x5f,
  0x07, 0x38, 0x64, 0x05, 0x36, 0x62, 0x04, 0x35, 0x63, 0x04, 0x37, 0x68,
  0x04, 0x39, 0x6a, 0x04, 0x39, 0x6c, 0x05, 0x39, 0x6b, 0x03, 0x35, 0x65,
  0x03, 0x33, 0x60, 0x03, 0x32, 0x5f, 0x03, 0x31, 0x5d, 0x04, 0x30, 0x5b,
  0x04, 0x30, 0x5a, 0x04, 0x35, 0x63, 0x04, 0x39, 0x69, 0x04, 0x37, 0x67,
  0x04, 0x36, 0x66, 0x04, 0x37, 0x68, 0x04, 0x35, 0x64, 0x03, 0x32, 0x5f,
  0x03, 0x32, 0x5e, 0x03, 0x31, 0x5d, 0x03, 0x2e, 0x58, 0x03, 0x2d, 0x55,
  0x03, 0x2f, 0x59, 0x03, 0x2e, 0x57, 0x04, 0x2e, 0x56, 0x03, 0x2d, 0x55,
  0x03, 0x30, 0x5a, 0x03, 0x2f, 0x5a, 0x03, 0x2e, 0x58, 0x03, 0x2d, 0x55,
  0x03, 0x2b, 0x53, 0x03, 0x2c, 0x55, 0x03, 0x2d, 0x57, 0x03, 0x2e, 0x58,
  0x03, 0x2f, 0x59, 0x04, 0x2f, 0x57, 0x04, 0x30, 0x59, 0x04, 0x31, 0x5b,
  0x04, 0x33, 0x5e, 0x04, 0x33, 0x5f, 0x04, 0x32, 0x5d, 0x03, 0x2f, 0x58,
  0x03, 0x2f, 0x59, 0x03, 0x30, 0x5c, 0x03, 0x31, 0x5d, 0x03, 0x31, 0x5c,
  0x03, 0x2f, 0x5a, 0x03, 0x2f, 0x59, 0x03, 0x2e, 0x57, 0x02, 0x2e, 0x58,
  0x03, 0x2f, 0x5a, 0x03, 0x2a, 0x4f, 0x02, 0x23, 0x43, 0x02, 0x24, 0x46,
  0x02, 0x26, 0x4a, 0x02, 0x26, 0x4b, 0x02, 0x25, 0x48, 0x02, 0x27, 0x4a,
  0x03, 0x27, 0x4a, 0x03, 0x27, 0x4a, 0x03, 0x28, 0x4b, 0x03, 0x28, 0x4b,
  0x02, 0x25, 0x49, 0x02, 0x24, 0x47, 0x02, 0x25, 0x48, 0x02, 0x28, 0x4d,
  0x02, 0x29, 0x4f, 0x02, 0x2a, 0x51, 0x03, 0x2b, 0x52, 0x02, 0x29, 0x4f,
  0x02, 0x26, 0x4a, 0x02, 0x28, 0x4d, 0x02, 0x28, 0x4c, 0x03, 0x28, 0x4c,
  0x03, 0x26, 0x4a, 0x03, 0x28, 0x4c, 0x03, 0x29, 0x4d, 0x03, 0x29, 0x4d,
  0x04, 0x2a, 0x4f, 0x04, 0x2d, 0x54, 0x04, 0x2e, 0x54, 0x04, 0x2f, 0x57,
  0x04, 0x2d, 0x53, 0x04, 0x2e, 0x55, 0x04, 0x2e, 0x55, 0x04, 0x2e, 0x56,
  0x04, 0x30, 0x59, 0x05, 0x2e, 0x55, 0x04, 0x2d, 0x53, 0x05, 0x2f, 0x56,
  0x04, 0x2c, 0x52, 0x03, 0x2c, 0x53, 0x05, 0x31, 0x5a, 0x05, 0x35, 0x61,
  0x06, 0x38, 0x65, 0x07, 0x3b, 0x69, 0x08, 0x3b, 0x6a, 0x06, 0x38, 0x66,
  0x06, 0x38, 0x66, 0x05, 0x36, 0x61, 0x04, 0x2b, 0x52, 0x05, 0x2f, 0x57,
  0x05, 0x33, 0x5e, 0x06, 0x37, 0x65, 0x07, 0x39, 0x67, 0x06, 0x38, 0x66,
  0x04, 0x38, 0x68, 0x05, 0x3b, 0x6d, 0x05, 0x3b, 0x6c, 0x05, 0x3a, 0x6b,
  0x06, 0x3c, 0x6e, 0x07, 0x3f, 0x70, 0x08, 0x3d, 0x6d, 0x08, 0x3c, 0x6b,
  0x07, 0x3a, 0x69, 0x08, 0x3c, 0x6b, 0x06, 0x35, 0x5f, 0x06, 0x34, 0x5e,
  0x07, 0x34, 0x5d, 0x06, 0x34, 0x5d, 0x06, 0x33, 0x5c, 0x05, 0x35, 0x60,
  0x06, 0x37, 0x63, 0x07, 0x39, 0x65, 0x07, 0x39, 0x66, 0x07, 0x34, 0x5e,
  0x07, 0x36, 0x61, 0x07, 0x37, 0x61, 0x07, 0x38, 0x64, 0x06, 0x39, 0x67,
  0x05, 0x39, 0x68, 0x07, 0x40, 0x73, 0x08, 0x40, 0x72, 0x07, 0x3b, 0x69,
  0x08, 0x3b, 0x68, 0x09, 0x3b, 0x68, 0x08, 0x3a, 0x67, 0x09, 0x3c, 0x68,
  0x09, 0x3b, 0x67, 0x0a, 0x3e, 0x6c, 0x0a, 0x3f, 0x6d, 0x0a, 0x3e, 0x6c,
  0x0a, 0x3f, 0x6f, 0x07, 0x32, 0x5a, 0x02, 0x1f, 0x3d, 0x02, 0x1f, 0x3c,
  0x04, 0x2b, 0x4f, 0x08, 0x3c, 0x6b, 0x0a, 0x41, 0x71, 0x0a, 0x41, 0x71,
  0x08, 0x3c, 0x6b, 0x05, 0x2a, 0x4f, 0x01, 0x1c, 0x39, 0x01, 0x1d, 0x3b,
  0x01, 0x19, 0x35, 0x01, 0x17, 0x32, 0x01, 0x17, 0x31, 0x01, 0x11, 0x26,
  0x04, 0x28, 0x4b, 0x08, 0x3b, 0x6a, 0x08, 0x3b, 0x69, 0x0a, 0x42, 0x74,
  0x07, 0x3a, 0x67, 0x05, 0x2e, 0x54, 0x05, 0x2e, 0x55, 0x09, 0x3e, 0x6c,
  0x09, 0x42, 0x75, 0x09, 0x41, 0x73, 0x0a, 0x43, 0x76, 0x0a, 0x42, 0x74,
  0x08, 0x3e, 0x6f, 0x07, 0x3f, 0x71, 0x08, 0x40, 0x71, 0x09, 0x40, 0x71,
  0x07, 0x3d, 0x6e, 0x06, 0x3c, 0x6d, 0x07, 0x3b, 0x6c, 0x07, 0x3d, 0x6e,
  0x07, 0x3b, 0x6a, 0x06, 0x39, 0x66, 0x08, 0x3c, 0x6b, 0x08, 0x3b, 0x6a,
  0x07, 0x3a, 0x6a, 0x08, 0x3d, 0x6e, 0x07, 0x3b, 0x6a, 0x06, 0x37, 0x64,
  0x06, 0x35, 0x5f, 0x06, 0x35, 0x60, 0x06, 0x35, 0x5f, 0x06, 0x35, 0x61,
  0x08, 0x3c, 0x6a, 0x06, 0x39, 0x68, 0x05, 0x3a, 0x6b, 0x04, 0x38, 0x6a,
  0x04, 0x3a, 0x6e, 0x04, 0x39, 0x6b, 0x05, 0x37, 0x65, 0x04, 0x33, 0x60,
  0x04, 0x33, 0x60, 0x05, 0x37, 0x66, 0x05, 0x36, 0x62, 0x05, 0x34, 0x60,
  0x04, 0x31, 0x5b, 0x04, 0x35, 0x64, 0x04, 0x3a, 0x6c, 0x04, 0x37, 0x67,
  0x04, 0x35, 0x65, 0x04, 0x39, 0x6b, 0x04, 0x3a, 0x6c, 0x03, 0x38, 0x69,
  0x03, 0x34, 0x64, 0x03, 0x33, 0x60, 0x03, 0x31, 0x5d, 0x02, 0x2f, 0x59,
  0x03, 0x30, 0x5b, 0x03, 0x30, 0x5b, 0x03, 0x31, 0x5d, 0x04, 0x30, 0x5a,
  0x04, 0x31, 0x5b, 0x03, 0x30, 0x5b, 0x03, 0x30, 0x5c, 0x03, 0x2c, 0x55,
  0x03, 0x2c, 0x55, 0x03, 0x2e, 0x57, 0x03, 0x2d, 0x57, 0x03, 0x2d, 0x57,
  0x03, 0x2d, 0x57, 0x03, 0x2e, 0x57, 0x03, 0x2e, 0x56, 0x03, 0x2f, 0x59,
  0x03, 0x30, 0x58, 0x04, 0x31, 0x5a, 0x03, 0x31, 0x5c, 0x03, 0x30, 0x5b,
  0x02, 0x2e, 0x58, 0x03, 0x30, 0x5b, 0x02, 0x2f, 0x5a, 0x02, 0x30, 0x5b,
  0x02, 0x30, 0x5b, 0x03, 0x2e, 0x58, 0x03, 0x2e, 0x58, 0x02, 0x2d, 0x56,
  0x02, 0x2e, 0x57, 0x03, 0x2b, 0x50, 0x02, 0x24, 0x43, 0x02, 0x27, 0x4a,
  0x02, 0x26, 0x4a, 0x02, 0x26, 0x4a, 0x02, 0x29, 0x4f, 0x02, 0x27, 0x4b,
  0x02, 0x24, 0x46, 0x02, 0x25, 0x48, 0x03, 0x29, 0x4d, 0x03, 0x28, 0x4b,
  0x02, 0x26, 0x49, 0x02, 0x27, 0x4c, 0x02, 0x27, 0x4d, 0x02, 0x2a, 0x50,
  0x02, 0x2a, 0x51, 0x02, 0x28, 0x4e, 0x02, 0x29, 0x50, 0x02, 0x28, 0x4e,
  0x02, 0x26, 0x4a, 0x02, 0x27, 0x4b, 0x02, 0x28, 0x4c, 0x03, 0x27, 0x4c,
  0x03, 0x27, 0x4a, 0x03, 0x27, 0x4a, 0x03, 0x28, 0x4b, 0x03, 0x2a, 0x50,
  0x04, 0x2d, 0x53, 0x04, 0x2f, 0x57, 0x04, 0x2e, 0x55, 0x05, 0x2f, 0x56,
  0x04, 0x2e, 0x54, 0x04, 0x2f, 0x55, 0x04, 0x2e, 0x55, 0x04, 0x2d, 0x54,
  0x05, 0x2f, 0x56, 0x04, 0x2d, 0x53, 0x05, 0x2e, 0x53, 0x04, 0x2d, 0x53,
  0x04, 0x2c, 0x51, 0x04, 0x2d, 0x54, 0x04, 0x2f, 0x57, 0x04, 0x32, 0x5c,
  0x05, 0x36, 0x62, 0x06, 0x36, 0x62, 0x06, 0x38, 0x65, 0x07, 0x39, 0x66,
  0x07, 0x3b, 0x6a, 0x07, 0x3a, 0x68, 0x04, 0x2a, 0x4e, 0x02, 0x1d, 0x38,
  0x04, 0x21, 0x3f, 0x04, 0x28, 0x4b, 0x06, 0x34, 0x5e, 0x06, 0x3a, 0x69,
  0x05, 0x38, 0x68, 0x04, 0x38, 0x68, 0x05, 0x3b, 0x6c, 0x05, 0x3b, 0x6c,
  0x05, 0x3a, 0x6b, 0x05, 0x3a, 0x6b, 0x06, 0x3c, 0x6d, 0x07, 0x3d, 0x6e,
  0x07, 0x3b, 0x6b, 0x06, 0x3b, 0x69, 0x05, 0x34, 0x5f, 0x06, 0x33, 0x5d,
  0x06, 0x33, 0x5c, 0x06, 0x33, 0x5c, 0x06, 0x34, 0x5f, 0x06, 0x35, 0x5e,
  0x06, 0x35, 0x60, 0x07, 0x37, 0x61, 0x07, 0x36, 0x61, 0x07, 0x34, 0x5d,
  0x07, 0x37, 0x62, 0x07, 0x37, 0x61, 0x07, 0x36, 0x62, 0x06, 0x38, 0x66,
  0x05, 0x3c, 0x6d, 0x06, 0x40, 0x75, 0x07, 0x43, 0x79, 0x06, 0x3c, 0x6d,
  0x08, 0x3b, 0x68, 0x08, 0x3d, 0x6d, 0x08, 0x3d, 0x6d, 0x09, 0x40, 0x6f,
  0x0a, 0x3e, 0x6c, 0x0a, 0x3d, 0x6b, 0x0a, 0x3f, 0x6d, 0x0a, 0x3e, 0x6d,
  0x09, 0x3e, 0x6d, 0x07, 0x35, 0x60, 0x02, 0x1f, 0x3e, 0x02, 0x20, 0x40,
  0x01, 0x19, 0x33, 0x06, 0x2e, 0x55, 0x0b, 0x42, 0x73, 0x0a, 0x3f, 0x6f,
  0x06, 0x2d, 0x51, 0x01, 0x15, 0x2b, 0x01, 0x14, 0x2a, 0x04, 0x22, 0x41,
  0x06, 0x36, 0x62, 0x05, 0x34, 0x61, 0x02, 0x1a, 0x33, 0x02, 0x18, 0x31,
  0x01, 0x19, 0x33, 0x02, 0x17, 0x30, 0x02, 0x18, 0x31, 0x02, 0x19, 0x32,
  0x02, 0x15, 0x2b, 0x02, 0x19, 0x34, 0x01, 0x20, 0x40, 0x03, 0x1f, 0x3d,
  0x06, 0x2c, 0x52, 0x09, 0x3f, 0x6f, 0x0b, 0x44, 0x76, 0x09, 0x41, 0x72,
  0x07, 0x3e, 0x72, 0x08, 0x42, 0x76, 0x09, 0x42, 0x74, 0x09, 0x40, 0x71,
  0x08, 0x3f, 0x70, 0x06, 0x3c, 0x6d, 0x07, 0x3e, 0x6e, 0x07, 0x3e, 0x6e,
  0x07, 0x3d, 0x6d, 0x08, 0x3e, 0x6e, 0x08, 0x3e, 0x6d, 0x09, 0x40, 0x70,
  0x09, 0x42, 0x74, 0x08, 0x41, 0x74, 0x09, 0x42, 0x74, 0x06, 0x38, 0x66,
  0x06, 0x38, 0x64, 0x06, 0x36, 0x62, 0x05, 0x36, 0x61, 0x05, 0x36, 0x62,
  0x07, 0x39, 0x67, 0x07, 0x3b, 0x69, 0x06, 0x39, 0x67, 0x04, 0x35, 0x62,
  0x04, 0x35, 0x64, 0x04, 0x39, 0x69, 0x04, 0x36, 0x64, 0x04, 0x34, 0x61,
  0x05, 0x36, 0x63, 0x06, 0x3b, 0x6b, 0x05, 0x35, 0x62, 0x05, 0x34, 0x60,
  0x05, 0x34, 0x60, 0x05, 0x36, 0x63, 0x05, 0x38, 0x68, 0x06, 0x3a, 0x6c,
  0x04, 0x38, 0x69, 0x05, 0x3c, 0x6f, 0x04, 0x3b, 0x70, 0x03, 0x39, 0x6c,
  0x04, 0x37, 0x69, 0x03, 0x34, 0x63, 0x03, 0x33, 0x61, 0x03, 0x32, 0x5f,
  0x04, 0x33, 0x60, 0x04, 0x38, 0x68, 0x04, 0x36, 0x65, 0x04, 0x32, 0x5e,
  0x04, 0x32, 0x5c, 0x04, 0x32, 0x5d, 0x04, 0x32, 0x5c, 0x04, 0x30, 0x59,
  0x03, 0x2f, 0x58, 0x04, 0x30, 0x5b, 0x04, 0x30, 0x5a, 0x03, 0x2f, 0x59,
  0x03, 0x2e, 0x58, 0x03, 0x2f, 0x59, 0x03, 0x2e, 0x58, 0x03, 0x2e, 0x58,
  0x03, 0x2f, 0x58, 0x04, 0x30, 0x5a, 0x03, 0x30, 0x5a, 0x03, 0x2f, 0x5a,
  0x02, 0x2e, 0x59, 0x02, 0x2e, 0x59, 0x03, 0x2f, 0x5b, 0x03, 0x31, 0x5d,
  0x02, 0x2e, 0x59, 0x02, 0x2d, 0x56, 0x03, 0x30, 0x5b, 0x02, 0x2b, 0x54,
  0x03, 0x2e, 0x58, 0x04, 0x2d, 0x53, 0x03, 0x25, 0x45, 0x02, 0x27, 0x4b,
  0x02, 0x27, 0x4c, 0x02, 0x26, 0x49, 0x02, 0x29, 0x4f, 0x02, 0x29, 0x4f,
  0x02, 0x24, 0x46, 0x02, 0x23, 0x45, 0x02, 0x27, 0x4a, 0x02, 0x27, 0x4b,
  0x02, 0x25, 0x49, 0x02, 0x26, 0x4a, 0x02, 0x26, 0x4b, 0x02, 0x27, 0x4d,
  0x03, 0x2a, 0x51, 0x02, 0x29, 0x50, 0x02, 0x27, 0x4b, 0x02, 0x27, 0x4b,
  0x02, 0x27, 0x4b, 0x02, 0x28, 0x4d, 0x02, 0x27, 0x4a, 0x03, 0x26, 0x49,
  0x03, 0x27, 0x49, 0x03, 0x25, 0x47, 0x03, 0x27, 0x4a, 0x03, 0x2a, 0x4f,
  0x04, 0x2e, 0x55, 0x05, 0x2f, 0x57, 0x05, 0x2e, 0x54, 0x05, 0x30, 0x57,
  0x04, 0x2e, 0x54, 0x04, 0x2c, 0x52, 0x05, 0x2f, 0x55, 0x04, 0x2d, 0x54,
  0x05, 0x2f, 0x57, 0x05, 0x2f, 0x55, 0x04, 0x2c, 0x51, 0x04, 0x2c, 0x52,
  0x04, 0x2b, 0x51, 0x04, 0x2f, 0x56, 0x04, 0x2f, 0x56, 0x05, 0x32, 0x5c,
  0x06, 0x36, 0x61, 0x07, 0x38, 0x64, 0x06, 0x38, 0x65, 0x07, 0x39, 0x66,
  0x07, 0x3a, 0x69, 0x07, 0x3b, 0x6b, 0x08, 0x3f, 0x70, 0x05, 0x2a, 0x4e,
  0x02, 0x1c, 0x37, 0x02, 0x1d, 0x39, 0x03, 0x21, 0x40, 0x06, 0x2c, 0x51,
  0x06, 0x36, 0x62, 0x06, 0x3b, 0x6b, 0x07, 0x3f, 0x71, 0x05, 0x3a, 0x6c,
  0x05, 0x39, 0x69, 0x05, 0x39, 0x6a, 0x05, 0x3a, 0x6a, 0x06, 0x3a, 0x6a,
  0x06, 0x3b, 0x6b, 0x07, 0x3a, 0x68, 0x05, 0x31, 0x5a, 0x05, 0x33, 0x5c,
  0x06, 0x34, 0x5c, 0x06, 0x32, 0x5b, 0x06, 0x34, 0x5e, 0x06, 0x34, 0x5e,
  0x07, 0x37, 0x61, 0x07, 0x35, 0x5e, 0x07, 0x34, 0x5e, 0x07, 0x35, 0x5e,
  0x06, 0x35, 0x5f, 0x06, 0x33, 0x5b, 0x06, 0x36, 0x62, 0x05, 0x3b, 0x6b,
  0x04, 0x3c, 0x6f, 0x05, 0x3c, 0x70, 0x04, 0x3b, 0x6d, 0x06, 0x3d, 0x70,
  0x08, 0x40, 0x73, 0x08, 0x40, 0x74, 0x09, 0x3e, 0x6f, 0x09, 0x3d, 0x6d,
  0x0a, 0x40, 0x70, 0x09, 0x3d, 0x6b, 0x09, 0x3e, 0x6c, 0x0a, 0x3f, 0x6d,
  0x09, 0x3c, 0x69, 0x08, 0x3a, 0x66, 0x03, 0x21, 0x41, 0x02, 0x1d, 0x3b,
  0x01, 0x18, 0x32, 0x03, 0x1b, 0x35, 0x06, 0x2a, 0x4d, 0x03, 0x1f, 0x3d,
  0x02, 0x19, 0x34, 0x02, 0x1b, 0x38, 0x01, 0x19, 0x35, 0x03, 0x1c, 0x37,
  0x07, 0x3d, 0x6d, 0x07, 0x3b, 0x6a, 0x03, 0x20, 0x3e, 0x01, 0x1b, 0x39,
  0x01, 0x23, 0x47, 0x02, 0x24, 0x48, 0x02, 0x21, 0x42, 0x02, 0x1f, 0x3f,
  0x03, 0x23, 0x45, 0x02, 0x18, 0x31, 0x03, 0x21, 0x3f, 0x03, 0x23, 0x43,
  0x01, 0x1b, 0x38, 0x02, 0x1e, 0x3c, 0x08, 0x37, 0x62, 0x0a, 0x43, 0x75,
  0x09, 0x42, 0x74, 0x08, 0x3f, 0x73, 0x08, 0x41, 0x74, 0x09, 0x41, 0x72,
  0x0a, 0x44, 0x76, 0x08, 0x40, 0x72, 0x08, 0x40, 0x71, 0x09, 0x41, 0x73,
  0x07, 0x3d, 0x6d, 0x0a, 0x42, 0x73, 0x0a, 0x44, 0x76, 0x0c, 0x46, 0x79,
  0x0b, 0x46, 0x79, 0x09, 0x43, 0x76, 0x07, 0x3b, 0x6b, 0x06, 0x36, 0x63,
  0x06, 0x38, 0x65, 0x07, 0x39, 0x65, 0x06, 0x39, 0x66, 0x05, 0x38, 0x65,
  0x05, 0x37, 0x64, 0x06, 0x36, 0x62, 0x06, 0x36, 0x62, 0x05, 0x34, 0x60,
  0x04, 0x33, 0x5f, 0x03, 0x32, 0x5f, 0x04, 0x35, 0x63, 0x04, 0x34, 0x60,
  0x05, 0x36, 0x63, 0x06, 0x37, 0x66, 0x05, 0x35, 0x63, 0x05, 0x35, 0x63,
  0x04, 0x34, 0x61, 0x05, 0x35, 0x61, 0x04, 0x35, 0x62, 0x04, 0x36, 0x65,
  0x05, 0x3c, 0x6f, 0x05, 0x3c, 0x6f, 0x04, 0x39, 0x6b, 0x03, 0x37, 0x69,
  0x03, 0x35, 0x65, 0x04, 0x36, 0x65, 0x03, 0x33, 0x61, 0x03, 0x33, 0x62,
  0x04, 0x36, 0x65, 0x06, 0x39, 0x68, 0x05, 0x37, 0x65, 0x04, 0x32, 0x5e,
  0x05, 0x35, 0x61, 0x05, 0x35, 0x60, 0x05, 0x33, 0x5d, 0x04, 0x2e, 0x57,
  0x04, 0x2e, 0x57, 0x04, 0x2f, 0x58, 0x05, 0x31, 0x5a, 0x03, 0x30, 0x5a,
  0x03, 0x2f, 0x5a, 0x03, 0x30, 0x5b, 0x03, 0x31, 0x5c, 0x03, 0x30, 0x5b,
  0x03, 0x31, 0x5b, 0x03, 0x31, 0x5c, 0x03, 0x2f, 0x5a, 0x03, 0x30, 0x5b,
  0x02, 0x2e, 0x59, 0x02, 0x2e, 0x59, 0x02, 0x30, 0x5b, 0x03, 0x34, 0x61,
  0x02, 0x31, 0x5d, 0x02, 0x2d, 0x57, 0x03, 0x2f, 0x59, 0x03, 0x2e, 0x58,
  0x03, 0x33, 0x5f, 0x04, 0x2f, 0x55, 0x03, 0x25, 0x45, 0x02, 0x25, 0x48,
  0x02, 0x29, 0x4f, 0x02, 0x26, 0x4a, 0x02, 0x27, 0x4b, 0x03, 0x2a, 0x50,
  0x02, 0x25, 0x48, 0x02, 0x24, 0x46, 0x02, 0x25, 0x48, 0x02, 0x28, 0x4d,
  0x02, 0x26, 0x4a, 0x02, 0x24, 0x47, 0x02, 0x25, 0x48, 0x02, 0x27, 0x4c,
  0x03, 0x2b, 0x52, 0x03, 0x29, 0x4f, 0x02, 0x26, 0x49, 0x02, 0x25, 0x47,
  0x03, 0x26, 0x48, 0x03, 0x26, 0x48, 0x03, 0x26, 0x48, 0x03, 0x28, 0x4b,
  0x03, 0x27, 0x4a, 0x03, 0x27, 0x4a, 0x03, 0x28, 0x4b, 0x03, 0x29, 0x4c,
  0x04, 0x2c, 0x51, 0x05, 0x30, 0x57, 0x05, 0x30, 0x57, 0x06, 0x30, 0x57,
  0x05, 0x2e, 0x54, 0x05, 0x2c, 0x51, 0x05, 0x2d, 0x53, 0x04, 0x2d, 0x53,
  0x05, 0x2e, 0x55, 0x05, 0x2f, 0x56, 0x04, 0x2d, 0x54, 0x04, 0x2d, 0x53,
  0x04, 0x2e, 0x54, 0x04, 0x2f, 0x57, 0x04, 0x2e, 0x54, 0x05, 0x30, 0x59,
  0x06, 0x35, 0x5f, 0x06, 0x36, 0x62, 0x05, 0x35, 0x61, 0x05, 0x36, 0x63,
  0x06, 0x37, 0x63, 0x07, 0x39, 0x67, 0x06, 0x3c, 0x6c, 0x08, 0x3e, 0x6f,
  0x03, 0x26, 0x48, 0x02, 0x1d, 0x39, 0x02, 0x1d, 0x39, 0x02, 0x1a, 0x34,
  0x03, 0x1f, 0x3c, 0x04, 0x2a, 0x4e, 0x07, 0x3b, 0x6a, 0x08, 0x41, 0x75,
  0x08, 0x42, 0x75, 0x08, 0x40, 0x72, 0x06, 0x3d, 0x70, 0x06, 0x3b, 0x6b,
  0x07, 0x3d, 0x6d, 0x07, 0x3f, 0x70, 0x06, 0x39, 0x66, 0x07, 0x38, 0x63,
  0x09, 0x3b, 0x68, 0x08, 0x3a, 0x66, 0x07, 0x37, 0x63, 0x07, 0x37, 0x62,
  0x07, 0x36, 0x60, 0x07, 0x36, 0x5f, 0x07, 0x34, 0x5e, 0x06, 0x33, 0x5c,
  0x06, 0x32, 0x5a, 0x06, 0x32, 0x5b, 0x05, 0x34, 0x60, 0x05, 0x3a, 0x6b,
  0x04, 0x3a, 0x6c, 0x04, 0x39, 0x6b, 0x05, 0x3a, 0x6c, 0x06, 0x3d, 0x70,
  0x05, 0x3d, 0x71, 0x06, 0x3d, 0x6f, 0x07, 0x3d, 0x6c, 0x08, 0x3b, 0x69,
  0x0a, 0x40, 0x6f, 0x08, 0x3b, 0x69, 0x09, 0x3c, 0x69, 0x0a, 0x3e, 0x6b,
  0x08, 0x3b, 0x69, 0x07, 0x32, 0x59, 0x02, 0x1b, 0x36, 0x01, 0x16, 0x2e,
  0x02, 0x18, 0x32, 0x01, 0x18, 0x32, 0x01, 0x18, 0x31, 0x02, 0x1d, 0x3c,
  0x02, 0x1d, 0x3b, 0x02, 0x1f, 0x3f, 0x02, 0x1c, 0x38, 0x02, 0x1a, 0x35,
  0x02, 0x1b, 0x39, 0x02, 0x1a, 0x36, 0x02, 0x19, 0x34, 0x01, 0x15, 0x2d,
  0x04, 0x26, 0x47, 0x06, 0x2f, 0x57, 0x05, 0x30, 0x58, 0x03, 0x22, 0x42,
  0x02, 0x1b, 0x38, 0x02, 0x1e, 0x3b, 0x0a, 0x3a, 0x66, 0x0b, 0x41, 0x70,
  0x04, 0x23, 0x43, 0x01, 0x16, 0x2f, 0x03, 0x20, 0x3d, 0x0b, 0x45, 0x78,
  0x0a, 0x42, 0x74, 0x08, 0x41, 0x73, 0x09, 0x42, 0x75, 0x0a, 0x44, 0x78,
  0x0b, 0x48, 0x7c, 0x0a, 0x46, 0x7b, 0x08, 0x41, 0x73, 0x09, 0x40, 0x71,
  0x09, 0x41, 0x71, 0x0b, 0x43, 0x74, 0x0a, 0x43, 0x74, 0x0a, 0x44, 0x77,
  0x0b, 0x48, 0x7c, 0x08, 0x40, 0x72, 0x05, 0x35, 0x62, 0x07, 0x39, 0x65,
  0x06, 0x38, 0x65, 0x07, 0x3a, 0x67, 0x07, 0x3a, 0x67, 0x05, 0x37, 0x64,
  0x05, 0x37, 0x64, 0x06, 0x37, 0x63, 0x05, 0x34, 0x5f, 0x04, 0x33, 0x5e,
  0x04, 0x31, 0x5d, 0x04, 0x34, 0x60, 0x06, 0x37, 0x64, 0x05, 0x34, 0x60,
  0x06, 0x37, 0x64, 0x06, 0x38, 0x65, 0x05, 0x36, 0x63, 0x06, 0x38, 0x65,
  0x05, 0x37, 0x64, 0x06, 0x36, 0x63, 0x05, 0x34, 0x60, 0x04, 0x33, 0x5f,
  0x04, 0x37, 0x67, 0x03, 0x35, 0x65, 0x04, 0x36, 0x66, 0x04, 0x37, 0x68,
  0x03, 0x36, 0x68, 0x03, 0x36, 0x65, 0x05, 0x37, 0x67, 0x04, 0x36, 0x65,
  0x05, 0x36, 0x62, 0x06, 0x36, 0x61, 0x06, 0x36, 0x61, 0x06, 0x35, 0x60,
  0x08, 0x39, 0x65, 0x07, 0x38, 0x65, 0x06, 0x34, 0x5e, 0x04, 0x2e, 0x56,
  0x04, 0x2f, 0x58, 0x04, 0x2f, 0x58, 0x04, 0x2f, 0x58, 0x03, 0x2f, 0x58,
  0x04, 0x30, 0x5b, 0x04, 0x31, 0x5d, 0x03, 0x2f, 0x58, 0x03, 0x31, 0x5b,
  0x03, 0x30, 0x5b, 0x03, 0x31, 0x5c, 0x03, 0x2f, 0x59, 0x03, 0x2f, 0x58,
  0x03, 0x2e, 0x58, 0x03, 0x2f, 0x59, 0x02, 0x2f, 0x59, 0x02, 0x2f, 0x59,
  0x03, 0x30, 0x5b, 0x02, 0x2d, 0x56, 0x03, 0x2f, 0x5a, 0x03, 0x2e, 0x58,
  0x04, 0x31, 0x5c, 0x04, 0x2d, 0x54, 0x03, 0x24, 0x44, 0x02, 0x23, 0x46,
  0x02, 0x29, 0x4e, 0x02, 0x25, 0x49, 0x03, 0x28, 0x4b, 0x03, 0x29, 0x4e,
  0x02, 0x27, 0x4a, 0x02, 0x26, 0x4a, 0x02, 0x25, 0x48, 0x02, 0x29, 0x4e,
  0x02, 0x27, 0x4c, 0x02, 0x26, 0x49, 0x02, 0x26, 0x49, 0x03, 0x26, 0x4a,
  0x02, 0x27, 0x4a, 0x03, 0x26, 0x49, 0x03, 0x25, 0x47, 0x03, 0x26, 0x48,
  0x03, 0x27, 0x4a, 0x03, 0x26, 0x49, 0x03, 0x27, 0x49, 0x03, 0x26, 0x48,
  0x03, 0x27, 0x4a, 0x03, 0x27, 0x49, 0x03, 0x27, 0x4a, 0x03, 0x2a, 0x4e,
  0x03, 0x2a, 0x4f, 0x05, 0x2e, 0x54, 0x05, 0x2d, 0x53, 0x05, 0x2f, 0x54,
  0x05, 0x2c, 0x51, 0x04, 0x2b, 0x50, 0x04, 0x2d, 0x52, 0x04, 0x2d, 0x53,
  0x05, 0x2e, 0x54, 0x04, 0x2d, 0x53, 0x05, 0x2f, 0x55, 0x05, 0x2f, 0x56,
  0x05, 0x31, 0x58, 0x05, 0x2f, 0x55, 0x05, 0x2f, 0x56, 0x05, 0x30, 0x58,
  0x06, 0x32, 0x5b, 0x06, 0x32, 0x5b, 0x05, 0x34, 0x5e, 0x05, 0x36, 0x62,
  0x06, 0x37, 0x62, 0x06, 0x37, 0x63, 0x06, 0x38, 0x65, 0x09, 0x40, 0x73,
  0x06, 0x34, 0x5f, 0x02, 0x1e, 0x3a, 0x03, 0x1d, 0x39, 0x02, 0x1e, 0x3b,
  0x02, 0x1c, 0x37, 0x03, 0x1b, 0x35, 0x03, 0x20, 0x3e, 0x05, 0x30, 0x57,
  0x08, 0x40, 0x72, 0x07, 0x3f, 0x72, 0x06, 0x3b, 0x6c, 0x06, 0x3c, 0x6d,
  0x07, 0x3e, 0x6f, 0x08, 0x43, 0x78, 0x08, 0x40, 0x73, 0x07, 0x3a, 0x69,
  0x08, 0x3c, 0x6b, 0x08, 0x3d, 0x6b, 0x07, 0x38, 0x64, 0x07, 0x36, 0x60,
  0x07, 0x37, 0x60, 0x07, 0x34, 0x5e, 0x07, 0x34, 0x5e, 0x06, 0x31, 0x59,
  0x05, 0x31, 0x58, 0x05, 0x32, 0x5b, 0x05, 0x35, 0x61, 0x05, 0x36, 0x64,
  0x04, 0x38, 0x68, 0x04, 0x3a, 0x6c, 0x05, 0x38, 0x69, 0x07, 0x40, 0x73,
  0x07, 0x3f, 0x72, 0x07, 0x3f, 0x71, 0x09, 0x41, 0x73, 0x0a, 0x43, 0x75,
  0x0b, 0x42, 0x72, 0x0a, 0x3e, 0x6c, 0x0a, 0x3e, 0x6c, 0x0a, 0x40, 0x6e,
  0x06, 0x30, 0x57, 0x02, 0x19, 0x32, 0x02, 0x19, 0x31, 0x04, 0x22, 0x40,
  0x02, 0x15, 0x2b, 0x02, 0x16, 0x2d, 0x02, 0x1e, 0x3a, 0x02, 0x1c, 0x37,
  0x05, 0x28, 0x49, 0x04, 0x23, 0x41, 0x01, 0x17, 0x30, 0x01, 0x1b, 0x38,
  0x01, 0x1a, 0x38, 0x01, 0x18, 0x33, 0x05, 0x2a, 0x4e, 0x08, 0x39, 0x66,
  0x08, 0x3e, 0x6f, 0x09, 0x44, 0x77, 0x0a, 0x48, 0x7e, 0x06, 0x36, 0x61,
  0x01, 0x1a, 0x35, 0x03, 0x23, 0x44, 0x06, 0x2a, 0x4f, 0x09, 0x37, 0x61,
  0x04, 0x22, 0x41, 0x02, 0x1b, 0x37, 0x02, 0x18, 0x32, 0x09, 0x36, 0x60,
  0x0c, 0x47, 0x7b, 0x08, 0x40, 0x71, 0x0b, 0x45, 0x79, 0x0b, 0x46, 0x7a,
  0x0a, 0x46, 0x7b, 0x0a, 0x47, 0x7c, 0x0b, 0x49, 0x7e, 0x0a, 0x43, 0x76,
  0x09, 0x41, 0x73, 0x0a, 0x41, 0x73, 0x0a, 0x43, 0x77, 0x0b, 0x46, 0x79,
  0x0a, 0x46, 0x7a, 0x08, 0x40, 0x72, 0x06, 0x38, 0x66, 0x07, 0x39, 0x66,
  0x07, 0x38, 0x64, 0x07, 0x39, 0x66, 0x06, 0x38, 0x65, 0x06, 0x39, 0x66,
  0x07, 0x38, 0x64, 0x06, 0x37, 0x62, 0x05, 0x35, 0x61, 0x05, 0x34, 0x60,
  0x04, 0x33, 0x5f, 0x05, 0x35, 0x60, 0x06, 0x33, 0x5d, 0x05, 0x33, 0x5d,
  0x06, 0x35, 0x60, 0x06, 0x36, 0x61, 0x07, 0x36, 0x61, 0x07, 0x38, 0x64,
  0x08, 0x39, 0x65, 0x07, 0x38, 0x63, 0x06, 0x36, 0x61, 0x05, 0x33, 0x5e,
  0x04, 0x34, 0x61, 0x04, 0x34, 0x63, 0x04, 0x35, 0x64, 0x04, 0x38, 0x6a,
  0x04, 0x37, 0x68, 0x04, 0x36, 0x66, 0x05, 0x3b, 0x6c, 0x06, 0x3a, 0x69,
  0x07, 0x37, 0x63, 0x07, 0x38, 0x64, 0x07, 0x36, 0x60, 0x07, 0x36, 0x5f,
  0x09, 0x39, 0x64, 0x08, 0x39, 0x63, 0x07, 0x37, 0x62, 0x06, 0x33, 0x5c,
  0x05, 0x30, 0x58, 0x04, 0x2f, 0x56, 0x05, 0x30, 0x58, 0x05, 0x31, 0x5b,
  0x04, 0x31, 0x5b, 0x04, 0x30, 0x5a, 0x04, 0x31, 0x5a, 0x03, 0x2f, 0x58,
  0x04, 0x31, 0x5c, 0x04, 0x30, 0x5b, 0x04, 0x30, 0x5a, 0x03, 0x2f, 0x58,
  0x03, 0x2e, 0x58, 0x03, 0x30, 0x5b, 0x02, 0x2f, 0x5a, 0x02, 0x2f, 0x5b,
  0x02, 0x2e, 0x58, 0x03, 0x2f, 0x59, 0x03, 0x31, 0x5c, 0x02, 0x2f, 0x5a,
  0x04, 0x31, 0x5c, 0x04, 0x2f, 0x56, 0x03, 0x23, 0x42, 0x02, 0x27, 0x4b,
  0x02, 0x29, 0x4e, 0x02, 0x26, 0x49, 0x02, 0x26, 0x49, 0x02, 0x27, 0x4b,
  0x02, 0x28, 0x4c, 0x02, 0x27, 0x4b, 0x02, 0x27, 0x4b, 0x02, 0x27, 0x4c,
  0x02, 0x27, 0x4b, 0x02, 0x26, 0x4a, 0x02, 0x25, 0x48, 0x02, 0x25, 0x47,
  0x02, 0x24, 0x46, 0x03, 0x25, 0x46, 0x03, 0x26, 0x47, 0x03, 0x28, 0x4b,
  0x03, 0x28, 0x4b, 0x03, 0x28, 0x4a, 0x03, 0x28, 0x4a, 0x04, 0x28, 0x4a,
  0x03, 0x28, 0x4a, 0x03, 0x28, 0x4b, 0x03, 0x28, 0x4b, 0x03, 0x27, 0x4b,
  0x04, 0x2b, 0x4f, 0x04, 0x2a, 0x4e, 0x04, 0x2b, 0x50, 0x05, 0x2d, 0x51,
  0x05, 0x2c, 0x51, 0x05, 0x2d, 0x52, 0x06, 0x2e, 0x54, 0x06, 0x31, 0x57,
  0x06, 0x33, 0x5c, 0x06, 0x34, 0x5d, 0x05, 0x2f, 0x55, 0x05, 0x2e, 0x54,
  0x05, 0x32, 0x5a, 0x05, 0x30, 0x57, 0x05, 0x30, 0x58, 0x05, 0x31, 0x59,
  0x06, 0x33, 0x5b, 0x06, 0x33, 0x5b, 0x06, 0x33, 0x5c, 0x06, 0x37, 0x63,
  0x08, 0x3b, 0x69, 0x07, 0x38, 0x65, 0x05, 0x35, 0x62, 0x08, 0x3c, 0x6c,
  0x09, 0x3f, 0x70, 0x04, 0x29, 0x4c, 0x02, 0x1c, 0x37, 0x02, 0x1d, 0x3a,
  0x02, 0x20, 0x40, 0x03, 0x1d, 0x3a, 0x03, 0x1c, 0x37, 0x02, 0x19, 0x32,
  0x03, 0x23, 0x43, 0x06, 0x37, 0x64, 0x07, 0x3d, 0x6e, 0x07, 0x3c, 0x6c,
  0x07, 0x3a, 0x69, 0x06, 0x3e, 0x70, 0x07, 0x3f, 0x72, 0x07, 0x3b, 0x69,
  0x07, 0x39, 0x66, 0x07, 0x39, 0x66, 0x07, 0x37, 0x62, 0x07, 0x37, 0x62,
  0x08, 0x37, 0x62, 0x07, 0x35, 0x5e, 0x07, 0x35, 0x5e, 0x05, 0x30, 0x58,
  0x05, 0x31, 0x59, 0x05, 0x31, 0x59, 0x05, 0x32, 0x5c, 0x06, 0x35, 0x60,
  0x05, 0x34, 0x60, 0x05, 0x39, 0x69, 0x06, 0x3c, 0x6e, 0x08, 0x43, 0x76,
  0x0a, 0x43, 0x77, 0x08, 0x3e, 0x6f, 0x09, 0x3f, 0x71, 0x0a, 0x43, 0x75,
  0x0a, 0x42, 0x73, 0x0a, 0x40, 0x70, 0x0b, 0x42, 0x72, 0x0b, 0x43, 0x74,
  0x03, 0x21, 0x3f, 0x02, 0x13, 0x27, 0x03, 0x17, 0x2d, 0x04, 0x24, 0x44,
  0x02, 0x19, 0x31, 0x02, 0x16, 0x2d, 0x02, 0x14, 0x29, 0x02, 0x1b, 0x35,
  0x09, 0x3d, 0x6c, 0x09, 0x3f, 0x6f, 0x05, 0x29, 0x4e, 0x03, 0x21, 0x42,
  0x01, 0x1c, 0x3b, 0x01, 0x1c, 0x3c, 0x02, 0x1f, 0x3f, 0x06, 0x33, 0x5e,
  0x07, 0x3e, 0x6f, 0x09, 0x40, 0x71, 0x09, 0x43, 0x76, 0x0a, 0x44, 0x77,
  0x07, 0x36, 0x62, 0x06, 0x2d, 0x53, 0x03, 0x21, 0x41, 0x00, 0x1b, 0x39,
  0x01, 0x1d, 0x3c, 0x03, 0x25, 0x49, 0x03, 0x26, 0x4a, 0x01, 0x19, 0x35,
  0x08, 0x35, 0x5d, 0x0d, 0x47, 0x7b, 0x0e, 0x4b, 0x7f, 0x0b, 0x47, 0x7c,
  0x09, 0x43, 0x78, 0x0a, 0x46, 0x7b, 0x0a, 0x48, 0x7d, 0x0b, 0x46, 0x7b,
  0x0a, 0x43, 0x76, 0x09, 0x42, 0x75, 0x0b, 0x46, 0x7b, 0x0a, 0x45, 0x78,
  0x0b, 0x47, 0x7b, 0x0a, 0x47, 0x7b, 0x06, 0x39, 0x67, 0x07, 0x38, 0x63,
  0x06, 0x37, 0x63, 0x07, 0x39, 0x66, 0x07, 0x3a, 0x67, 0x07, 0x39, 0x66,
  0x07, 0x38, 0x64, 0x07, 0x3a, 0x67, 0x07, 0x3b, 0x6a, 0x06, 0x3c, 0x6c,
  0x04, 0x36, 0x65, 0x05, 0x36, 0x62, 0x05, 0x31, 0x5b, 0x05, 0x33, 0x5d,
  0x06, 0x37, 0x62, 0x07, 0x36, 0x60, 0x09, 0x38, 0x63, 0x07, 0x35, 0x5f,
  0x07, 0x36, 0x61, 0x07, 0x37, 0x61, 0x06, 0x35, 0x5f, 0x05, 0x34, 0x5e,
  0x04, 0x31, 0x5b, 0x03, 0x31, 0x5d, 0x04, 0x34, 0x62, 0x05, 0x39, 0x6a,
  0x04, 0x36, 0x66, 0x04, 0x35, 0x64, 0x04, 0x36, 0x66, 0x05, 0x35, 0x62,
  0x07, 0x36, 0x61, 0x07, 0x36, 0x61, 0x07, 0x36, 0x60, 0x07, 0x36, 0x5f,
  0x08, 0x38, 0x61, 0x0a, 0x3b, 0x66, 0x07, 0x36, 0x60, 0x06, 0x34, 0x5d,
  0x06, 0x32, 0x5a, 0x05, 0x2e, 0x54, 0x05, 0x2f, 0x55, 0x05, 0x30, 0x59,
  0x05, 0x31, 0x5a, 0x05, 0x30, 0x59, 0x05, 0x31, 0x5a, 0x04, 0x30, 0x5a,
  0x04, 0x31, 0x5a, 0x05, 0x31, 0x5a, 0x05, 0x34, 0x60, 0x03, 0x2f, 0x59,
  0x03, 0x2f, 0x59, 0x03, 0x30, 0x5b, 0x04, 0x31, 0x5c, 0x03, 0x32, 0x5d,
  0x02, 0x2d, 0x57, 0x03, 0x32, 0x5d, 0x03, 0x31, 0x5d, 0x04, 0x33, 0x5e,
  0x04, 0x33, 0x5f, 0x04, 0x2f, 0x58, 0x02, 0x22, 0x41, 0x02, 0x27, 0x4b,
  0x02, 0x28, 0x4c, 0x02, 0x27, 0x4c, 0x02, 0x25, 0x48, 0x02, 0x25, 0x48,
  0x02, 0x25, 0x49, 0x02, 0x27, 0x4a, 0x02, 0x27, 0x4a, 0x02, 0x24, 0x46,
  0x02, 0x26, 0x4b, 0x02, 0x27, 0x4b, 0x02, 0x26, 0x49, 0x03, 0x26, 0x49,
  0x03, 0x28, 0x4a, 0x03, 0x27, 0x48, 0x03, 0x27, 0x49, 0x04, 0x2a, 0x4d,
  0x03, 0x29, 0x4c, 0x03, 0x28, 0x4b, 0x03, 0x28, 0x4a, 0x04, 0x2a, 0x4e,
  0x03, 0x2a, 0x4e, 0x03, 0x29, 0x4c, 0x03, 0x2a, 0x4f, 0x03, 0x2b, 0x50,
  0x04, 0x2c, 0x51, 0x04, 0x2b, 0x4f, 0x05, 0x2d, 0x53, 0x05, 0x2f, 0x55,
  0x05, 0x2e, 0x53, 0x06, 0x30, 0x55, 0x06, 0x30, 0x56, 0x07, 0x34, 0x5b,
  0x08, 0x37, 0x62, 0x08, 0x3b, 0x68, 0x08, 0x3a, 0x67, 0x06, 0x34, 0x5d,
  0x06, 0x32, 0x5a, 0x06, 0x32, 0x5a, 0x05, 0x33, 0x5c, 0x05, 0x33, 0x5c,
  0x07, 0x35, 0x5f, 0x07, 0x34, 0x5c, 0x07, 0x35, 0x5e, 0x08, 0x38, 0x62,
  0x08, 0x3b, 0x68, 0x08, 0x3d, 0x6c, 0x07, 0x3b, 0x6a, 0x07, 0x3b, 0x6b,
  0x08, 0x3f, 0x6f, 0x07, 0x3b, 0x6a, 0x03, 0x21, 0x40, 0x02, 0x1c, 0x38,
  0x02, 0x1d, 0x38, 0x02, 0x20, 0x3f, 0x02, 0x1f, 0x3d, 0x02, 0x1f, 0x3d,
  0x02, 0x1b, 0x35, 0x02, 0x1e, 0x3a, 0x05, 0x31, 0x59, 0x07, 0x3b, 0x6a,
  0x08, 0x3c, 0x6c, 0x06, 0x3a, 0x6a, 0x05, 0x39, 0x6a, 0x05, 0x39, 0x67,
  0x05, 0x35, 0x61, 0x06, 0x36, 0x61, 0x08, 0x3a, 0x66, 0x08, 0x3a, 0x67,
  0x06, 0x36, 0x62, 0x07, 0x35, 0x60, 0x06, 0x34, 0x5d, 0x06, 0x34, 0x5d,
  0x07, 0x35, 0x5e, 0x06, 0x32, 0x5a, 0x05, 0x30, 0x58, 0x06, 0x34, 0x5e,
  0x07, 0x37, 0x62, 0x06, 0x37, 0x64, 0x07, 0x3f, 0x72, 0x08, 0x43, 0x77,
  0x09, 0x42, 0x75, 0x07, 0x3c, 0x6c, 0x08, 0x3f, 0x70, 0x08, 0x3e, 0x70,
  0x08, 0x40, 0x72, 0x09, 0x43, 0x76, 0x09, 0x43, 0x77, 0x08, 0x3a, 0x67,
  0x03, 0x1a, 0x32, 0x02, 0x17, 0x2f, 0x02, 0x1a, 0x34, 0x01, 0x18, 0x32,
  0x02, 0x1b, 0x37, 0x03, 0x1b, 0x35, 0x02, 0x1a, 0x33, 0x02, 0x1e, 0x3d,
  0x04, 0x2b, 0x50, 0x09, 0x42, 0x75, 0x09, 0x43, 0x76, 0x09, 0x43, 0x77,
  0x07, 0x36, 0x62, 0x03, 0x1e, 0x3b, 0x01, 0x18, 0x34, 0x01, 0x19, 0x35,
  0x06, 0x35, 0x61, 0x09, 0x43, 0x77, 0x08, 0x3f, 0x6f, 0x0b, 0x43, 0x75,
  0x0c, 0x47, 0x7a, 0x0d, 0x49, 0x7d, 0x0b, 0x44, 0x75, 0x08, 0x38, 0x63,
  0x07, 0x36, 0x5f, 0x09, 0x34, 0x5c, 0x03, 0x2c, 0x52, 0x02, 0x27, 0x4d,
  0x01, 0x1a, 0x36, 0x06, 0x28, 0x4a, 0x06, 0x2a, 0x4c, 0x0a, 0x42, 0x74,
  0x09, 0x45, 0x7a, 0x08, 0x41, 0x75, 0x08, 0x43, 0x79, 0x0a, 0x46, 0x7b,
  0x09, 0x43, 0x77, 0x0a, 0x45, 0x7a, 0x0d, 0x4b, 0x81, 0x0b, 0x46, 0x7a,
  0x0a, 0x45, 0x79, 0x0a, 0x48, 0x7e, 0x09, 0x41, 0x73, 0x07, 0x39, 0x67,
  0x04, 0x37, 0x66, 0x05, 0x38, 0x67, 0x06, 0x39, 0x68, 0x06, 0x39, 0x66,
  0x06, 0x39, 0x67, 0x08, 0x3d, 0x6c, 0x08, 0x40, 0x72, 0x07, 0x3f, 0x72,
  0x05, 0x39, 0x69, 0x06, 0x3a, 0x6b, 0x07, 0x3b, 0x6b, 0x06, 0x3a, 0x69,
  0x08, 0x3d, 0x6c, 0x07, 0x37, 0x62, 0x06, 0x34, 0x5f, 0x06, 0x36, 0x61,
  0x06, 0x34, 0x5f, 0x06, 0x33, 0x5d, 0x06, 0x35, 0x5f, 0x05, 0x34, 0x5f,
  0x03, 0x2f, 0x58, 0x04, 0x33, 0x5f, 0x05, 0x36, 0x64, 0x05, 0x37, 0x65,
  0x05, 0x39, 0x69, 0x05, 0x35, 0x62, 0x04, 0x32, 0x5d, 0x04, 0x31, 0x5b,
  0x05, 0x32, 0x5c, 0x06, 0x36, 0x61, 0x07, 0x38, 0x63, 0x08, 0x38, 0x62,
  0x08, 0x37, 0x61, 0x08, 0x38, 0x61, 0x07, 0x37, 0x61, 0x08, 0x37, 0x61,
  0x07, 0x36, 0x5f, 0x06, 0x30, 0x57, 0x06, 0x31, 0x59, 0x06, 0x33, 0x5c,
  0x05, 0x32, 0x5a, 0x05, 0x2f, 0x57, 0x05, 0x31, 0x5a, 0x04, 0x32, 0x5c,
  0x05, 0x33, 0x5e, 0x05, 0x32, 0x5c, 0x05, 0x34, 0x61, 0x04, 0x32, 0x5e,
  0x04, 0x33, 0x5e, 0x04, 0x31, 0x5c, 0x04, 0x33, 0x5e, 0x03, 0x32, 0x5e,
  0x03, 0x31, 0x5d, 0x03, 0x32, 0x5e, 0x03, 0x30, 0x5b, 0x04, 0x35, 0x61,
  0x04, 0x32, 0x5d, 0x04, 0x30, 0x59, 0x02, 0x23, 0x43, 0x02, 0x27, 0x4a,
  0x02, 0x29, 0x4e, 0x02, 0x28, 0x4d, 0x02, 0x26, 0x4a, 0x02, 0x25, 0x49,
  0x02, 0x24, 0x47, 0x02, 0x26, 0x49, 0x02, 0x24, 0x46, 0x02, 0x23, 0x44,
  0x03, 0x27, 0x4b, 0x03, 0x28, 0x4d, 0x02, 0x27, 0x4b, 0x03, 0x2a, 0x4e,
  0x04, 0x2c, 0x51, 0x04, 0x2b, 0x4f, 0x04, 0x2a, 0x4d, 0x04, 0x2b, 0x4e,
  0x04, 0x2a, 0x4e, 0x04, 0x2a, 0x4e, 0x03, 0x2a, 0x4e, 0x03, 0x2b, 0x50,
  0x04, 0x2c, 0x51, 0x04, 0x2b, 0x50, 0x04, 0x2c, 0x52, 0x04, 0x2e, 0x55,
  0x04, 0x2b, 0x50, 0x04, 0x2c, 0x52, 0x05, 0x30, 0x57, 0x05, 0x30, 0x58,
  0x06, 0x30, 0x56, 0x06, 0x2f, 0x53, 0x07, 0x32, 0x59, 0x07, 0x36, 0x60,
  0x09, 0x3a, 0x66, 0x08, 0x3a, 0x66, 0x07, 0x39, 0x65, 0x07, 0x38, 0x64,
  0x07, 0x37, 0x62, 0x07, 0x36, 0x5f, 0x07, 0x37, 0x62, 0x07, 0x38, 0x63,
  0x07, 0x35, 0x5d, 0x07, 0x35, 0x5d, 0x08, 0x37, 0x62, 0x08, 0x39, 0x65,
  0x08, 0x3b, 0x69, 0x08, 0x3d, 0x6d, 0x07, 0x3c, 0x6c, 0x07, 0x3d, 0x6d,
  0x08, 0x3d, 0x6d, 0x09, 0x42, 0x73, 0x06, 0x30, 0x58, 0x02, 0x20, 0x3f,
  0x02, 0x1f, 0x3c, 0x02, 0x1b, 0x36, 0x02, 0x1e, 0x3b, 0x02, 0x21, 0x42,
  0x02, 0x1f, 0x3c, 0x02, 0x1b, 0x34, 0x02, 0x1b, 0x35, 0x04, 0x28, 0x49,
  0x07, 0x3b, 0x6a, 0x08, 0x3e, 0x70, 0x07, 0x3d, 0x6d, 0x07, 0x3c, 0x6c,
  0x06, 0x37, 0x66, 0x06, 0x37, 0x64, 0x07, 0x3e, 0x6e, 0x09, 0x41, 0x73,
  0x06, 0x37, 0x63, 0x06, 0x37, 0x62, 0x07, 0x37, 0x62, 0x08, 0x39, 0x63,
  0x08, 0x39, 0x64, 0x06, 0x33, 0x5c, 0x07, 0x35, 0x60, 0x07, 0x37, 0x63,
  0x07, 0x39, 0x66, 0x06, 0x36, 0x63, 0x06, 0x3a, 0x6b, 0x09, 0x42, 0x75,
  0x09, 0x41, 0x74, 0x08, 0x3e, 0x6f, 0x08, 0x3f, 0x70, 0x09, 0x40, 0x71,
  0x08, 0x41, 0x74, 0x08, 0x3b, 0x6a, 0x06, 0x31, 0x59, 0x02, 0x19, 0x31,
  0x01, 0x1a, 0x35, 0x02, 0x1c, 0x39, 0x02, 0x18, 0x2f, 0x02, 0x16, 0x2e,
  0x02, 0x1d, 0x39, 0x02, 0x1d, 0x39, 0x02, 0x1a, 0x35, 0x02, 0x1c, 0x39,
  0x02, 0x1e, 0x3b, 0x06, 0x37, 0x64, 0x09, 0x44, 0x77, 0x09, 0x43, 0x77,
  0x0a, 0x48, 0x7f, 0x0b, 0x44, 0x76, 0x04, 0x20, 0x3e, 0x01, 0x15, 0x2f,
  0x01, 0x1c, 0x3a, 0x07, 0x3a, 0x68, 0x0a, 0x44, 0x78, 0x0b, 0x45, 0x78,
  0x0d, 0x48, 0x7b, 0x0d, 0x48, 0x7b, 0x0d, 0x49, 0x7d, 0x0b, 0x47, 0x7b,
  0x0d, 0x49, 0x7d, 0x0d, 0x4a, 0x7e, 0x08, 0x37, 0x60, 0x04, 0x29, 0x4e,
  0x03, 0x2a, 0x51, 0x01, 0x1f, 0x40, 0x01, 0x20, 0x40, 0x04, 0x29, 0x4f,
  0x09, 0x3e, 0x6f, 0x09, 0x44, 0x79, 0x09, 0x46, 0x7d, 0x09, 0x45, 0x7b,
  0x09, 0x42, 0x74, 0x0b, 0x46, 0x7a, 0x0c, 0x4a, 0x81, 0x0c, 0x49, 0x7e,
  0x0b, 0x48, 0x7c, 0x09, 0x45, 0x7a, 0x0a, 0x46, 0x7c, 0x07, 0x3f, 0x71,
  0x05, 0x38, 0x67, 0x05, 0x38, 0x67, 0x06, 0x3a, 0x6a, 0x07, 0x3e, 0x6f,
  0x08, 0x3f, 0x71, 0x0a, 0x44, 0x77, 0x0a, 0x49, 0x80, 0x09, 0x47, 0x7e,
  0x07, 0x42, 0x77, 0x09, 0x46, 0x7b, 0x09, 0x42, 0x75, 0x06, 0x3b, 0x6b,
  0x07, 0x3d, 0x6c, 0x07, 0x3a, 0x68, 0x06, 0x36, 0x61, 0x07, 0x36, 0x62,
  0x06, 0x36, 0x61, 0x06, 0x35, 0x60, 0x05, 0x34, 0x5e, 0x05, 0x32, 0x5c,
  0x05, 0x34, 0x60, 0x05, 0x36, 0x62, 0x05, 0x35, 0x61, 0x06, 0x36, 0x62,
  0x06, 0x3a, 0x69, 0x06, 0x3c, 0x6c, 0x07, 0x3a, 0x69, 0x05, 0x34, 0x60,
  0x05, 0x32, 0x5c, 0x07, 0x36, 0x61, 0x06, 0x33, 0x5d, 0x07, 0x35, 0x5f,
  0x07, 0x35, 0x5f, 0x07, 0x36, 0x60, 0x07, 0x37, 0x61, 0x08, 0x38, 0x62,
  0x08, 0x36, 0x5f, 0x07, 0x33, 0x5a, 0x07, 0x35, 0x5d, 0x07, 0x36, 0x5f,
  0x06, 0x33, 0x5c, 0x06, 0x32, 0x5b, 0x06, 0x34, 0x5e, 0x05, 0x34, 0x5f,
  0x07, 0x38, 0x64, 0x07, 0x38, 0x65, 0x05, 0x36, 0x63, 0x04, 0x30, 0x5b,
  0x04, 0x34, 0x60, 0x04, 0x32, 0x5d, 0x03, 0x30, 0x5b, 0x03, 0x33, 0x60,
  0x03, 0x32, 0x5f, 0x03, 0x32, 0x5e, 0x03, 0x31, 0x5c, 0x05, 0x36, 0x62,
  0x04, 0x32, 0x5c, 0x04, 0x30, 0x59, 0x03, 0x24, 0x43, 0x02, 0x28, 0x4d,
  0x02, 0x26, 0x4a, 0x02, 0x29, 0x4e, 0x02, 0x27, 0x4c, 0x02, 0x27, 0x4b,
  0x03, 0x29, 0x4d, 0x02, 0x27, 0x4b, 0x02, 0x25, 0x47, 0x02, 0x27, 0x4c,
  0x03, 0x29, 0x4f, 0x03, 0x2c, 0x53, 0x03, 0x2b, 0x52, 0x05, 0x2e, 0x55,
  0x06, 0x32, 0x59, 0x07, 0x31, 0x57, 0x06, 0x2e, 0x53, 0x04, 0x2b, 0x4e,
  0x03, 0x2a, 0x4e, 0x04, 0x2c, 0x51, 0x04, 0x2c, 0x52, 0x04, 0x2c, 0x51,
  0x04, 0x2b, 0x50, 0x04, 0x2b, 0x4f, 0x04, 0x2d, 0x54, 0x03, 0x2c, 0x51,
  0x03, 0x2a, 0x4f, 0x04, 0x2b, 0x4f, 0x04, 0x2e, 0x55, 0x06, 0x31, 0x58,
  0x07, 0x34, 0x5c, 0x07, 0x33, 0x5b, 0x08, 0x35, 0x5d, 0x08, 0x36, 0x60,
  0x09, 0x3b, 0x67, 0x08, 0x3c, 0x69, 0x07, 0x3a, 0x67, 0x07, 0x3a, 0x69,
  0x07, 0x39, 0x65, 0x07, 0x38, 0x63, 0x07, 0x38, 0x64, 0x08, 0x38, 0x64,
  0x06, 0x33, 0x5c, 0x08, 0x38, 0x63, 0x09, 0x3d, 0x6a, 0x09, 0x3e, 0x6c,
  0x09, 0x40, 0x70, 0x09, 0x3e, 0x6e, 0x08, 0x3e, 0x6f, 0x08, 0x3f, 0x70,
  0x08, 0x3d, 0x6c, 0x0a, 0x41, 0x73, 0x08, 0x3a, 0x66, 0x02, 0x1f, 0x3d,
  0x02, 0x24, 0x45, 0x02, 0x20, 0x3e, 0x02, 0x1c, 0x37, 0x03, 0x1c, 0x37,
  0x02, 0x1e, 0x3c, 0x02, 0x1f, 0x3c, 0x02, 0x1d, 0x39, 0x03, 0x1b, 0x33,
  0x04, 0x26, 0x46, 0x08, 0x3d, 0x6c, 0x0a, 0x44, 0x77, 0x08, 0x3f, 0x70,
  0x08, 0x3e, 0x6e, 0x06, 0x3b, 0x6a, 0x07, 0x3f, 0x73, 0x07, 0x42, 0x78,
  0x09, 0x41, 0x73, 0x09, 0x3c, 0x6b, 0x08, 0x3b, 0x68, 0x08, 0x39, 0x64,
  0x07, 0x38, 0x64, 0x07, 0x38, 0x63, 0x07, 0x3a, 0x67, 0x08, 0x3a, 0x67,
  0x07, 0x3b, 0x6b, 0x07, 0x3e, 0x70, 0x07, 0x3d, 0x6e, 0x08, 0x40, 0x72,
  0x08, 0x41, 0x74, 0x08, 0x3f, 0x71, 0x08, 0x40, 0x71, 0x09, 0x42, 0x76,
  0x08, 0x3a, 0x69, 0x02, 0x1c, 0x38, 0x02, 0x16, 0x2d, 0x02, 0x1b, 0x36,
  0x02, 0x1d, 0x39, 0x04, 0x24, 0x43, 0x07, 0x37, 0x62, 0x02, 0x1a, 0x36,
  0x02, 0x1f, 0x3d, 0x02, 0x22, 0x44, 0x02, 0x1b, 0x35, 0x02, 0x1a, 0x34,
  0x02, 0x1c, 0x39, 0x05, 0x29, 0x4d, 0x09, 0x43, 0x76, 0x0b, 0x46, 0x7b,
  0x0a, 0x47, 0x7c, 0x0b, 0x49, 0x80, 0x0a, 0x43, 0x76, 0x03, 0x1d, 0x38,
  0x01, 0x14, 0x2b, 0x03, 0x1d, 0x39, 0x05, 0x2a, 0x4d, 0x06, 0x32, 0x59,
  0x0d, 0x48, 0x7b, 0x0d, 0x47, 0x7a, 0x0b, 0x45, 0x77, 0x0c, 0x46, 0x79,
  0x0d, 0x46, 0x79, 0x0d, 0x48, 0x7b, 0x0c, 0x47, 0x79, 0x04, 0x24, 0x43,
  0x03, 0x21, 0x41, 0x03, 0x25, 0x48, 0x08, 0x34, 0x5c, 0x03, 0x29, 0x4e,
  0x04, 0x26, 0x48, 0x0c, 0x45, 0x78, 0x0c, 0x4a, 0x81, 0x0b, 0x49, 0x7e,
  0x0b, 0x46, 0x7a, 0x0a, 0x44, 0x78, 0x0a, 0x45, 0x7a, 0x0d, 0x4a, 0x7f,
  0x0d, 0x4b, 0x81, 0x0a, 0x46, 0x7c, 0x08, 0x40, 0x74, 0x05, 0x39, 0x69,
  0x06, 0x39, 0x68, 0x06, 0x39, 0x68, 0x06, 0x3d, 0x6e, 0x07, 0x41, 0x76,
  0x09, 0x43, 0x76, 0x0d, 0x49, 0x7f, 0x0c, 0x4c, 0x84, 0x09, 0x49, 0x80,
  0x0a, 0x48, 0x7e, 0x0d, 0x4b, 0x82, 0x0a, 0x45, 0x79, 0x06, 0x3a, 0x6a,
  0x06, 0x38, 0x66, 0x06, 0x39, 0x67, 0x06, 0x38, 0x66, 0x07, 0x38, 0x65,
  0x07, 0x38, 0x64, 0x07, 0x37, 0x63, 0x06, 0x35, 0x61, 0x06, 0x35, 0x61,
  0x05, 0x35, 0x62, 0x06, 0x37, 0x64, 0x06, 0x36, 0x63, 0x05, 0x36, 0x63,
  0x05, 0x39, 0x68, 0x07, 0x3c, 0x6e, 0x06, 0x38, 0x67, 0x05, 0x33, 0x5f,
  0x05, 0x34, 0x61, 0x05, 0x34, 0x5f, 0x06, 0x36, 0x61, 0x07, 0x35, 0x60,
  0x07, 0x36, 0x60, 0x07, 0x35, 0x60, 0x07, 0x37, 0x61, 0x07, 0x37, 0x61,
  0x07, 0x35, 0x5e, 0x07, 0x34, 0x5d, 0x07, 0x35, 0x5d, 0x07, 0x34, 0x5d,
  0x06, 0x34, 0x5d, 0x07, 0x36, 0x5f, 0x06, 0x36, 0x60, 0x06, 0x37, 0x63,
  0x07, 0x38, 0x64, 0x08, 0x3c, 0x6b, 0x06, 0x38, 0x65, 0x05, 0x33, 0x5d,
  0x04, 0x31, 0x5b, 0x04, 0x31, 0x5c, 0x03, 0x2f, 0x59, 0x04, 0x31, 0x5d,
  0x04, 0x35, 0x63, 0x03, 0x32, 0x5e, 0x04, 0x32, 0x5e, 0x05, 0x36, 0x63,
  0x04, 0x32, 0x5d, 0x04, 0x2b, 0x52, 0x03, 0x25, 0x44, 0x02, 0x26, 0x49,
  0x02, 0x25, 0x49, 0x03, 0x28, 0x4c, 0x03, 0x29, 0x4d, 0x03, 0x28, 0x4c,
  0x03, 0x29, 0x4e, 0x02, 0x26, 0x49, 0x03, 0x27, 0x4a, 0x03, 0x2b, 0x52,
  0x03, 0x2d, 0x55, 0x03, 0x2c, 0x54, 0x03, 0x2d, 0x54, 0x04, 0x30, 0x59,
  0x07, 0x34, 0x5d, 0x07, 0x33, 0x5b, 0x07, 0x33, 0x59, 0x06, 0x30, 0x56,
  0x04, 0x2c, 0x51, 0x04, 0x2c, 0x52, 0x04, 0x2c, 0x53, 0x04, 0x2b, 0x50,
  0x04, 0x2b, 0x50, 0x04, 0x2b, 0x50, 0x04, 0x2c, 0x53, 0x03, 0x2b, 0x51,
  0x03, 0x2b, 0x4f, 0x03, 0x2b, 0x50, 0x04, 0x2d, 0x53, 0x05, 0x32, 0x5a,
  0x07, 0x33, 0x5b, 0x07, 0x35, 0x5e, 0x08, 0x37, 0x60, 0x08, 0x39, 0x63,
  0x09, 0x3c, 0x68, 0x09, 0x3e, 0x6c, 0x08, 0x3c, 0x69, 0x08, 0x3c, 0x6a,
  0x07, 0x3a, 0x67, 0x07, 0x38, 0x63, 0x07, 0x37, 0x63, 0x08, 0x3a, 0x66,
  0x07, 0x37, 0x63, 0x09, 0x3c, 0x6a, 0x09, 0x3e, 0x6d, 0x09, 0x3f, 0x70,
  0x0a, 0x42, 0x73, 0x09, 0x3f, 0x70, 0x09, 0x41, 0x72, 0x09, 0x41, 0x72,
  0x09, 0x40, 0x71, 0x0b, 0x45, 0x78, 0x07, 0x33, 0x5c, 0x02, 0x1a, 0x32,
  0x02, 0x20, 0x3d, 0x02, 0x25, 0x47, 0x02, 0x23, 0x44, 0x02, 0x1d, 0x39,
  0x03, 0x1b, 0x33, 0x02, 0x1f, 0x3c, 0x02, 0x1e, 0x3b, 0x03, 0x1c, 0x36,
  0x02, 0x1c, 0x37, 0x04, 0x25, 0x45, 0x08, 0x3a, 0x68, 0x09, 0x41, 0x73,
  0x07, 0x3a, 0x68, 0x07, 0x3e, 0x6f, 0x07, 0x40, 0x73, 0x07, 0x42, 0x77,
  0x09, 0x46, 0x7d, 0x08, 0x3c, 0x6a, 0x08, 0x39, 0x65, 0x08, 0x38, 0x63,
  0x07, 0x37, 0x62, 0x07, 0x39, 0x65, 0x06, 0x38, 0x65, 0x08, 0x3e, 0x6f,
  0x09, 0x43, 0x76, 0x09, 0x42, 0x76, 0x08, 0x41, 0x74, 0x08, 0x41, 0x74,
  0x09, 0x42, 0x75, 0x09, 0x40, 0x71, 0x0a, 0x43, 0x76, 0x0a, 0x43, 0x76,
  0x03, 0x22, 0x41, 0x01, 0x18, 0x32, 0x02, 0x1c, 0x37, 0x02, 0x1d, 0x3b,
  0x03, 0x1f, 0x3b, 0x08, 0x3f, 0x6e, 0x05, 0x31, 0x5a, 0x02, 0x1e, 0x3c,
  0x02, 0x1b, 0x36, 0x02, 0x1f, 0x3e, 0x02, 0x1c, 0x39, 0x03, 0x17, 0x2d,
  0x02, 0x1b, 0x36, 0x02, 0x1e, 0x3b, 0x0a, 0x3f, 0x6e, 0x0c, 0x49, 0x7f,
  0x0c, 0x4a, 0x80, 0x09, 0x45, 0x7a, 0x0b, 0x49, 0x80, 0x05, 0x27, 0x49,
  0x02, 0x14, 0x2b, 0x01, 0x1a, 0x35, 0x01, 0x18, 0x34, 0x01, 0x19, 0x35,
  0x0c, 0x41, 0x6f, 0x0e, 0x4c, 0x80, 0x0c, 0x47, 0x7a, 0x0c, 0x47, 0x79,
  0x0c, 0x47, 0x7a, 0x0f, 0x4e, 0x83, 0x0d, 0x49, 0x7c, 0x05, 0x29, 0x4c,
  0x01, 0x18, 0x33, 0x09, 0x33, 0x5a, 0x10, 0x4e, 0x84, 0x0a, 0x3b, 0x66,
  0x02, 0x25, 0x48, 0x07, 0x30, 0x56, 0x0c, 0x49, 0x7f, 0x0b, 0x47, 0x7c,
  0x0a, 0x46, 0x7b, 0x0a, 0x47, 0x7d, 0x0e, 0x4b, 0x81, 0x0e, 0x4b, 0x80,
  0x0c, 0x48, 0x7e, 0x09, 0x44, 0x78, 0x06, 0x3c, 0x6d, 0x07, 0x41, 0x74,
  0x09, 0x42, 0x75, 0x09, 0x43, 0x76, 0x09, 0x45, 0x7a, 0x0a, 0x46, 0x7b,
  0x0c, 0x49, 0x7f, 0x0e, 0x4e, 0x85, 0x0b, 0x49, 0x7f, 0x09, 0x45, 0x7a,
  0x07, 0x43, 0x78, 0x07, 0x3f, 0x71, 0x07, 0x3e, 0x71, 0x07, 0x3c, 0x6c,
  0x06, 0x38, 0x66, 0x06, 0x38, 0x66, 0x06, 0x39, 0x66, 0x07, 0x3a, 0x68,
  0x08, 0x39, 0x66, 0x08, 0x38, 0x63, 0x07, 0x37, 0x62, 0x06, 0x35, 0x61,
  0x05, 0x35, 0x61, 0x05, 0x36, 0x63, 0x05, 0x35, 0x62, 0x06, 0x38, 0x66,
  0x05, 0x38, 0x68, 0x04, 0x35, 0x63, 0x04, 0x36, 0x64, 0x04, 0x35, 0x63,
  0x05, 0x36, 0x65, 0x06, 0x38, 0x65, 0x07, 0x39, 0x65, 0x07, 0x35, 0x60,
  0x07, 0x35, 0x5e, 0x07, 0x35, 0x5f, 0x07, 0x37, 0x61, 0x07, 0x37, 0x61,
  0x07, 0x36, 0x5f, 0x08, 0x36, 0x5f, 0x07, 0x35, 0x5d, 0x07, 0x36, 0x5f,
  0x08, 0x37, 0x62, 0x09, 0x3a, 0x64, 0x07, 0x37, 0x62, 0x07, 0x37, 0x63,
  0x06, 0x36, 0x62, 0x08, 0x3b, 0x69, 0x06, 0x37, 0x62, 0x06, 0x35, 0x60,
  0x05, 0x34, 0x5f, 0x05, 0x35, 0x61, 0x05, 0x34, 0x5f, 0x04, 0x33, 0x5f,
  0x04, 0x37, 0x65, 0x04, 0x34, 0x60, 0x03, 0x31, 0x5d, 0x04, 0x35, 0x62,
  0x04, 0x32, 0x5d, 0x04, 0x2c, 0x52, 0x02, 0x23, 0x44, 0x02, 0x26, 0x49,
  0x02, 0x26, 0x4a, 0x02, 0x28, 0x4c, 0x02, 0x28, 0x4d, 0x03, 0x29, 0x4d,
  0x03, 0x2a, 0x50, 0x03, 0x2a, 0x4f, 0x03, 0x29, 0x4e, 0x03, 0x2b, 0x53,
  0x03, 0x30, 0x5a, 0x03, 0x2f, 0x59, 0x03, 0x2f, 0x59, 0x05, 0x33, 0x5d,
  0x05, 0x33, 0x5d, 0x06, 0x33, 0x5b, 0x08, 0x34, 0x5c, 0x06, 0x31, 0x58,
  0x05, 0x2f, 0x55, 0x04, 0x2c, 0x52, 0x04, 0x2d, 0x53, 0x04, 0x2d, 0x53,
  0x04, 0x2d, 0x54, 0x03, 0x2d, 0x53, 0x03, 0x2d, 0x54, 0x03, 0x2c, 0x53,
  0x03, 0x2c, 0x52, 0x04, 0x2d, 0x53, 0x04, 0x2e, 0x54, 0x05, 0x30, 0x58,
  0x05, 0x32, 0x59, 0x06, 0x33, 0x5a, 0x07, 0x35, 0x5e, 0x08, 0x39, 0x64,
  0x09, 0x3c, 0x68, 0x09, 0x3d, 0x6a, 0x09, 0x3d, 0x6b, 0x08, 0x3d, 0x6c,
  0x08, 0x3d, 0x6b, 0x07, 0x3a, 0x68, 0x08, 0x3b, 0x6a, 0x07, 0x3b, 0x6a,
  0x08, 0x3b, 0x69, 0x08, 0x3c, 0x6b, 0x09, 0x3f, 0x6e, 0x09, 0x3f, 0x70,
  0x09, 0x3e, 0x6e, 0x09, 0x3f, 0x70, 0x0a, 0x43, 0x74, 0x0c, 0x46, 0x79,
  0x0c, 0x47, 0x7a, 0x0d, 0x47, 0x7a, 0x08, 0x38, 0x64, 0x03, 0x21, 0x3f,
  0x03, 0x1f, 0x3b, 0x02, 0x21, 0x40, 0x02, 0x24, 0x46, 0x02, 0x23, 0x45,
  0x02, 0x20, 0x3e, 0x03, 0x1d, 0x38, 0x02, 0x1d, 0x39, 0x02, 0x1d, 0x38,
  0x03, 0x1f, 0x3c, 0x03, 0x22, 0x41, 0x03, 0x23, 0x42, 0x06, 0x34, 0x5f,
  0x0a, 0x41, 0x72, 0x0a, 0x41, 0x72, 0x08, 0x3f, 0x70, 0x08, 0x3e, 0x6e,
  0x09, 0x3f, 0x6e, 0x08, 0x3a, 0x67, 0x09, 0x3a, 0x66, 0x09, 0x3c, 0x68,
  0x08, 0x3a, 0x67, 0x09, 0x3d, 0x6d, 0x0b, 0x43, 0x75, 0x0b, 0x47, 0x7c,
  0x0a, 0x46, 0x7a, 0x09, 0x43, 0x76, 0x08, 0x40, 0x73, 0x0b, 0x45, 0x78,
  0x0c, 0x46, 0x79, 0x0b, 0x43, 0x76, 0x0a, 0x44, 0x78, 0x06, 0x30, 0x58,
  0x01, 0x14, 0x2a, 0x07, 0x32, 0x58, 0x05, 0x26, 0x48, 0x01, 0x14, 0x2d,
  0x05, 0x2a, 0x4d, 0x07, 0x3d, 0x6d, 0x02, 0x1f, 0x3d, 0x02, 0x1d, 0x3b,
  0x02, 0x1c, 0x38, 0x02, 0x18, 0x31, 0x02, 0x1d, 0x3a, 0x02, 0x17, 0x2e,
  0x03, 0x19, 0x31, 0x01, 0x19, 0x32, 0x07, 0x2f, 0x55, 0x0e, 0x4d, 0x84,
  0x0e, 0x4e, 0x85, 0x0b, 0x49, 0x7f, 0x09, 0x43, 0x77, 0x03, 0x22, 0x43,
  0x01, 0x14, 0x2d, 0x02, 0x15, 0x2b, 0x01, 0x15, 0x2e, 0x03, 0x1f, 0x3c,
  0x0c, 0x44, 0x74, 0x0e, 0x4d, 0x82, 0x0c, 0x47, 0x7a, 0x0d, 0x49, 0x7d,
  0x0c, 0x48, 0x7c, 0x0e, 0x4c, 0x81, 0x0f, 0x4d, 0x82, 0x0c, 0x45, 0x77,
  0x02, 0x21, 0x41, 0x05, 0x26, 0x48, 0x0d, 0x43, 0x74, 0x08, 0x33, 0x5a,
  0x03, 0x21, 0x40, 0x03, 0x21, 0x41, 0x0c, 0x41, 0x71, 0x0d, 0x49, 0x7e,
  0x0a, 0x45, 0x7a, 0x0b, 0x46, 0x7c, 0x0d, 0x4a, 0x7e, 0x0b, 0x44, 0x77,
  0x0c, 0x49, 0x7e, 0x0b, 0x45, 0x79, 0x09, 0x41, 0x74, 0x0a, 0x46, 0x7b,
  0x09, 0x42, 0x76, 0x07, 0x42, 0x77, 0x0a, 0x47, 0x7e, 0x0d, 0x4a, 0x7f,
  0x0f, 0x50, 0x87, 0x10, 0x52, 0x88, 0x0d, 0x4b, 0x82, 0x09, 0x47, 0x7d,
  0x08, 0x44, 0x7a, 0x07, 0x3f, 0x73, 0x07, 0x3f, 0x71, 0x06, 0x3b, 0x6b,
  0x06, 0x39, 0x68, 0x06, 0x37, 0x64, 0x07, 0x39, 0x67, 0x07, 0x39, 0x66,
  0x07, 0x37, 0x63, 0x07, 0x37, 0x62, 0x07, 0x37, 0x62, 0x05, 0x33, 0x5e,
  0x05, 0x34, 0x60, 0x06, 0x37, 0x63, 0x06, 0x37, 0x64, 0x07, 0x3a, 0x69,
  0x07, 0x3b, 0x6b, 0x06, 0x39, 0x68, 0x05, 0x39, 0x69, 0x05, 0x39, 0x68,
  0x05, 0x37, 0x66, 0x06, 0x3a, 0x6a, 0x06, 0x38, 0x66, 0x06, 0x37, 0x62,
  0x07, 0x36, 0x60, 0x08, 0x36, 0x61, 0x06, 0x35, 0x5e, 0x07, 0x35, 0x5f,
  0x08, 0x37, 0x62, 0x08, 0x36, 0x5f, 0x09, 0x39, 0x64, 0x09, 0x3b, 0x66,
  0x08, 0x38, 0x63, 0x08, 0x38, 0x63, 0x07, 0x37, 0x62, 0x07, 0x36, 0x61,
  0x07, 0x37, 0x61, 0x07, 0x3a, 0x66, 0x07, 0x39, 0x66, 0x06, 0x37, 0x63,
  0x06, 0x37, 0x64, 0x05, 0x37, 0x64, 0x05, 0x38, 0x67, 0x05, 0x38, 0x66,
  0x06, 0x39, 0x69, 0x06, 0x39, 0x67, 0x05, 0x35, 0x62, 0x05, 0x36, 0x64,
  0x05, 0x34, 0x60, 0x04, 0x30, 0x58, 0x02, 0x23, 0x42, 0x02, 0x24, 0x46,
  0x02, 0x27, 0x4b, 0x03, 0x29, 0x4d, 0x03, 0x29, 0x4e, 0x03, 0x29, 0x4f,
  0x03, 0x2a, 0x4f, 0x03, 0x2a, 0x50, 0x03, 0x2c, 0x54, 0x03, 0x2d, 0x55,
  0x03, 0x2f, 0x58, 0x04, 0x33, 0x5e, 0x05, 0x33, 0x5f, 0x04, 0x31, 0x5b,
  0x05, 0x32, 0x5c, 0x05, 0x31, 0x59, 0x06, 0x32, 0x59, 0x06, 0x2f, 0x55,
  0x05, 0x2e, 0x54, 0x04, 0x2b, 0x50, 0x04, 0x2c, 0x53, 0x04, 0x2e, 0x55,
  0x04, 0x30, 0x58, 0x04, 0x2e, 0x56, 0x04, 0x2e, 0x55, 0x04, 0x2c, 0x53,
  0x04, 0x2c, 0x52, 0x04, 0x2e, 0x54, 0x05, 0x2f, 0x56, 0x05, 0x30, 0x58,
  0x04, 0x30, 0x57, 0x05, 0x2f, 0x56, 0x05, 0x30, 0x57, 0x07, 0x36, 0x61,
  0x08, 0x3a, 0x66, 0x07, 0x38, 0x64, 0x08, 0x3c, 0x69, 0x0a, 0x40, 0x70,
  0x09, 0x40, 0x70, 0x07, 0x3c, 0x6b, 0x09, 0x40, 0x70, 0x08, 0x3d, 0x6c,
  0x09, 0x3e, 0x6d, 0x0a, 0x42, 0x73, 0x0b, 0x43, 0x74, 0x0a, 0x41, 0x71,
  0x08, 0x3e, 0x6d, 0x08, 0x3e, 0x6d, 0x0b, 0x46, 0x79, 0x0c, 0x48, 0x7c,
  0x0b, 0x47, 0x7a, 0x09, 0x40, 0x71, 0x0d, 0x48, 0x7d, 0x08, 0x33, 0x59,
  0x02, 0x21, 0x41, 0x03, 0x22, 0x41, 0x03, 0x1d, 0x37, 0x02, 0x21, 0x3f,
  0x02, 0x24, 0x45, 0x02, 0x21, 0x41, 0x03, 0x1d, 0x37, 0x03, 0x1b, 0x34,
  0x02, 0x1f, 0x3c, 0x02, 0x22, 0x43, 0x02, 0x20, 0x3e, 0x03, 0x20, 0x3e,
  0x07, 0x36, 0x61, 0x0b, 0x42, 0x73, 0x0b, 0x44, 0x75, 0x0c, 0x44, 0x75,
  0x0b, 0x40, 0x6e, 0x0a, 0x3e, 0x6b, 0x0a, 0x3d, 0x69, 0x0a, 0x3e, 0x6c,
  0x0c, 0x42, 0x71, 0x0c, 0x45, 0x77, 0x0b, 0x45, 0x78, 0x0a, 0x44, 0x78,
  0x0c, 0x47, 0x7b, 0x0b, 0x46, 0x79, 0x0a, 0x46, 0x7a, 0x0c, 0x48, 0x7d,
  0x0a, 0x44, 0x77, 0x09, 0x42, 0x75, 0x0a, 0x42, 0x75, 0x03, 0x1d, 0x39,
  0x02, 0x19, 0x32, 0x0a, 0x41, 0x71, 0x04, 0x23, 0x44, 0x02, 0x1a, 0x36,
  0x09, 0x3d, 0x6c, 0x07, 0x38, 0x65, 0x02, 0x1e, 0x3d, 0x02, 0x1c, 0x38,
  0x02, 0x1c, 0x37, 0x02, 0x1a, 0x33, 0x02, 0x19, 0x33, 0x02, 0x1a, 0x34,
  0x02, 0x16, 0x2c, 0x02, 0x19, 0x32, 0x04, 0x22, 0x40, 0x0e, 0x4b, 0x7f,
  0x0f, 0x50, 0x86, 0x0e, 0x4d, 0x82, 0x0b, 0x45, 0x79, 0x08, 0x3a, 0x67,
  0x03, 0x1c, 0x36, 0x01, 0x16, 0x2f, 0x01, 0x15, 0x2d, 0x07, 0x29, 0x4a,
  0x0d, 0x4a, 0x7f, 0x0d, 0x49, 0x7c, 0x0d, 0x49, 0x7d, 0x0e, 0x4b, 0x81,
  0x0d, 0x4a, 0x7f, 0x0c, 0x47, 0x7b, 0x0e, 0x4a, 0x7e, 0x0e, 0x4c, 0x82,
  0x0a, 0x3e, 0x6b, 0x02, 0x22, 0x44, 0x03, 0x20, 0x3f, 0x02, 0x18, 0x32,
  0x02, 0x17, 0x30, 0x03, 0x1c, 0x37, 0x0c, 0x43, 0x73, 0x0b, 0x45, 0x78,
  0x0b, 0x46, 0x7a, 0x0b, 0x44, 0x78, 0x09, 0x42, 0x74, 0x0a, 0x43, 0x75,
  0x0b, 0x46, 0x79, 0x0a, 0x40, 0x71, 0x0a, 0x42, 0x73, 0x08, 0x40, 0x73,
  0x07, 0x3f, 0x72, 0x07, 0x41, 0x75, 0x09, 0x47, 0x7d, 0x0c, 0x48, 0x7d,
  0x0d, 0x4c, 0x82, 0x0e, 0x4d, 0x83, 0x0d, 0x4d, 0x84, 0x0b, 0x4a, 0x81,
  0x09, 0x48, 0x80, 0x0a, 0x48, 0x80, 0x08, 0x40, 0x73, 0x06, 0x3c, 0x6d,
  0x06, 0x3a, 0x69, 0x07, 0x3a, 0x69, 0x08, 0x3a, 0x68, 0x07, 0x39, 0x65,
  0x07, 0x37, 0x62, 0x07, 0x38, 0x64, 0x08, 0x38, 0x63, 0x07, 0x37, 0x63,
  0x06, 0x36, 0x62, 0x07, 0x38, 0x64, 0x08, 0x3a, 0x67, 0x08, 0x3d, 0x6c,
  0x09, 0x41, 0x71, 0x08, 0x3e, 0x6f, 0x07, 0x3c, 0x6d, 0x05, 0x3b, 0x6b,
  0x06, 0x39, 0x68, 0x06, 0x37, 0x65, 0x06, 0x36, 0x62, 0x06, 0x35, 0x5f,
  0x07, 0x36, 0x5f, 0x08, 0x37, 0x61, 0x07, 0x38, 0x62, 0x07, 0x37, 0x61,
  0x08, 0x38, 0x63, 0x08, 0x38, 0x62, 0x09, 0x3b, 0x66, 0x09, 0x3b, 0x67,
  0x09, 0x3c, 0x68, 0x09, 0x3c, 0x69, 0x08, 0x39, 0x65, 0x06, 0x36, 0x60,
  0x06, 0x35, 0x5f, 0x06, 0x36, 0x61, 0x07, 0x3a, 0x68, 0x06, 0x39, 0x66,
  0x07, 0x39, 0x67, 0x05, 0x37, 0x65, 0x06, 0x3b, 0x69, 0x06, 0x38, 0x66,
  0x06, 0x3a, 0x69, 0x06, 0x3a, 0x6a, 0x05, 0x37, 0x66, 0x05, 0x37, 0x65,
  0x04, 0x33, 0x5f, 0x04, 0x2f, 0x57, 0x03, 0x23, 0x43, 0x03, 0x27, 0x4a,
  0x02, 0x27, 0x4a, 0x02, 0x27, 0x4c, 0x03, 0x28, 0x4e, 0x04, 0x2b, 0x51,
  0x03, 0x2c, 0x51, 0x04, 0x2d, 0x53, 0x04, 0x30, 0x58, 0x04, 0x30, 0x5a,
  0x04, 0x2f, 0x59, 0x03, 0x32, 0x5d, 0x04, 0x33, 0x5e, 0x05, 0x33, 0x5d,
  0x06, 0x31, 0x59, 0x05, 0x2f, 0x56, 0x05, 0x2d, 0x52, 0x05, 0x2d, 0x52,
  0x05, 0x2c, 0x50, 0x04, 0x2b, 0x51, 0x04, 0x2d, 0x53, 0x04, 0x2e, 0x55,
  0x04, 0x2f, 0x55, 0x05, 0x30, 0x57, 0x04, 0x2f, 0x55, 0x04, 0x2c, 0x51,
  0x04, 0x2c, 0x51, 0x05, 0x30, 0x57, 0x05, 0x31, 0x59, 0x05, 0x31, 0x59,
  0x05, 0x30, 0x58, 0x05, 0x2e, 0x55, 0x05, 0x30, 0x58, 0x06, 0x35, 0x60,
  0x09, 0x3f, 0x6d, 0x07, 0x3b, 0x68, 0x09, 0x3d, 0x6c, 0x0a, 0x42, 0x73,
  0x09, 0x40, 0x71, 0x0a, 0x42, 0x73, 0x0a, 0x42, 0x72, 0x0a, 0x41, 0x71,
  0x0a, 0x40, 0x6f, 0x0a, 0x41, 0x71, 0x0a, 0x3f, 0x6e, 0x09, 0x3f, 0x6d,
  0x08, 0x3e, 0x6d, 0x09, 0x41, 0x71, 0x0a, 0x44, 0x78, 0x0a, 0x46, 0x7a,
  0x09, 0x42, 0x75, 0x0a, 0x44, 0x77, 0x0c, 0x48, 0x7d, 0x0b, 0x41, 0x71,
  0x04, 0x23, 0x41, 0x02, 0x25, 0x46, 0x02, 0x24, 0x45, 0x03, 0x1c, 0x36,
  0x02, 0x1d, 0x37, 0x02, 0x22, 0x42, 0x03, 0x23, 0x44, 0x03, 0x1c, 0x36,
  0x03, 0x1a, 0x32, 0x03, 0x20, 0x3e, 0x02, 0x1f, 0x3e, 0x02, 0x1e, 0x3b,
  0x03, 0x20, 0x3e, 0x07, 0x36, 0x61, 0x0c, 0x44, 0x75, 0x0b, 0x43, 0x74,
  0x0b, 0x42, 0x71, 0x0b, 0x40, 0x6e, 0x0b, 0x42, 0x71, 0x0a, 0x40, 0x70,
  0x0a, 0x40, 0x71, 0x0a, 0x42, 0x73, 0x0a, 0x44, 0x77, 0x0a, 0x43, 0x75,
  0x0b, 0x46, 0x7a, 0x0a, 0x45, 0x78, 0x0a, 0x45, 0x78, 0x0a, 0x45, 0x79,
  0x09, 0x43, 0x75, 0x09, 0x44, 0x77, 0x09, 0x40, 0x71, 0x03, 0x1b, 0x36,
  0x02, 0x18, 0x30, 0x03, 0x1e, 0x3b, 0x01, 0x1a, 0x37, 0x06, 0x31, 0x59,
  0x0b, 0x45, 0x79, 0x06, 0x2d, 0x52, 0x01, 0x1e, 0x3d, 0x02, 0x20, 0x3f,
  0x03, 0x1a, 0x34, 0x02, 0x1b, 0x36, 0x03, 0x16, 0x2c, 0x02, 0x19, 0x32,
  0x02, 0x17, 0x2c, 0x03, 0x18, 0x2f, 0x02, 0x1c, 0x37, 0x0a, 0x3f, 0x6e,
  0x0d, 0x4b, 0x82, 0x0c, 0x4a, 0x80, 0x0b, 0x46, 0x7a, 0x0c, 0x49, 0x7e,
  0x09, 0x34, 0x5b, 0x01, 0x15, 0x2d, 0x02, 0x1a, 0x36, 0x04, 0x20, 0x3c,
  0x0d, 0x49, 0x7c, 0x0e, 0x4b, 0x7f, 0x10, 0x4f, 0x84, 0x0d, 0x4c, 0x82,
  0x0d, 0x48, 0x7c, 0x0c, 0x48, 0x7b, 0x0e, 0x4b, 0x7f, 0x0d, 0x49, 0x7d,
  0x0e, 0x4c, 0x81, 0x0b, 0x3c, 0x68, 0x05, 0x27, 0x49, 0x02, 0x20, 0x3e,
  0x02, 0x1c, 0x37, 0x02, 0x19, 0x31, 0x08, 0x32, 0x59, 0x0d, 0x4a, 0x7f,
  0x0b, 0x46, 0x79, 0x09, 0x42, 0x75, 0x0b, 0x44, 0x78, 0x0b, 0x44, 0x75,
  0x0a, 0x40, 0x70, 0x0b, 0x3f, 0x6d, 0x09, 0x3f, 0x6d, 0x07, 0x3c, 0x6c,
  0x07, 0x3d, 0x6e, 0x07, 0x3f, 0x71, 0x08, 0x42, 0x76, 0x08, 0x40, 0x72,
  0x09, 0x45, 0x79, 0x0d, 0x4c, 0x83, 0x0e, 0x4d, 0x84, 0x0d, 0x4c, 0x82,
  0x0a, 0x49, 0x80, 0x09, 0x47, 0x7f, 0x08, 0x42, 0x77, 0x07, 0x3a, 0x6a,
  0x07, 0x3b, 0x6a, 0x08, 0x3c, 0x6a, 0x07, 0x39, 0x67, 0x07, 0x38, 0x64,
  0x07, 0x39, 0x65, 0x08, 0x3b, 0x68, 0x08, 0x3a, 0x68, 0x09, 0x3f, 0x6e,
  0x0a, 0x42, 0x73, 0x07, 0x39, 0x66, 0x07, 0x37, 0x64, 0x07, 0x3a, 0x68,
  0x0a, 0x3f, 0x6e, 0x0b, 0x43, 0x73, 0x08, 0x3e, 0x6e, 0x07, 0x3a, 0x69,
  0x06, 0x39, 0x68, 0x06, 0x39, 0x67, 0x06, 0x38, 0x64, 0x06, 0x35, 0x5f,
  0x07, 0x36, 0x60, 0x08, 0x39, 0x65, 0x08, 0x3b, 0x68, 0x08, 0x39, 0x64,
  0x09, 0x38, 0x62, 0x08, 0x3a, 0x65, 0x09, 0x3c, 0x69, 0x09, 0x3d, 0x6a,
  0x08, 0x3a, 0x68, 0x07, 0x3a, 0x68, 0x07, 0x39, 0x66, 0x05, 0x35, 0x60,
  0x06, 0x37, 0x63, 0x07, 0x39, 0x66, 0x06, 0x36, 0x62, 0x06, 0x37, 0x65,
  0x07, 0x3a, 0x67, 0x06, 0x39, 0x66, 0x08, 0x3e, 0x6e, 0x06, 0x3b, 0x6a,
  0x05, 0x38, 0x67, 0x06, 0x3a, 0x6b, 0x04, 0x37, 0x66, 0x04, 0x35, 0x62,
  0x04, 0x33, 0x60, 0x04, 0x2f, 0x56, 0x02, 0x24, 0x44, 0x02, 0x28, 0x4c,
  0x02, 0x26, 0x4a, 0x03, 0x28, 0x4d, 0x03, 0x2a, 0x50, 0x03, 0x2b, 0x50,
  0x04, 0x2c, 0x51, 0x04, 0x2e, 0x54, 0x04, 0x2f, 0x58, 0x04, 0x31, 0x5b,
  0x04, 0x30, 0x5a, 0x04, 0x31, 0x5b, 0x04, 0x31, 0x5b, 0x05, 0x32, 0x5b,
  0x05, 0x2f, 0x56, 0x05, 0x2f, 0x56, 0x05, 0x30, 0x57, 0x04, 0x2e, 0x54,
  0x05, 0x2d, 0x52, 0x05, 0x2e, 0x55, 0x04, 0x2f, 0x57, 0x04, 0x2e, 0x55,
  0x05, 0x30, 0x57, 0x05, 0x31, 0x59, 0x05, 0x30, 0x58, 0x04, 0x30, 0x57,
  0x04, 0x2e, 0x55, 0x04, 0x2e, 0x55, 0x05, 0x30, 0x58, 0x05, 0x30, 0x58,
  0x04, 0x2e, 0x56, 0x04, 0x2e, 0x54, 0x04, 0x2e, 0x55, 0x07, 0x3c, 0x6a,
  0x09, 0x44, 0x76, 0x08, 0x41, 0x72, 0x0b, 0x45, 0x78, 0x09, 0x42, 0x74,
  0x09, 0x42, 0x75, 0x08, 0x41, 0x73, 0x0a, 0x44, 0x77, 0x0b, 0x45, 0x77,
  0x09, 0x3f, 0x6e, 0x08, 0x3b, 0x69, 0x09, 0x3d, 0x6b, 0x09, 0x3f, 0x6e,
  0x09, 0x3f, 0x6f, 0x09, 0x40, 0x72, 0x09, 0x43, 0x75, 0x09, 0x44, 0x78,
  0x08, 0x42, 0x75, 0x08, 0x3f, 0x72, 0x0c, 0x46, 0x7a, 0x0b, 0x46, 0x7a,
  0x06, 0x2e, 0x55, 0x02, 0x20, 0x40, 0x02, 0x25, 0x47, 0x02, 0x21, 0x42,
  0x02, 0x1c, 0x37, 0x03, 0x1a, 0x30, 0x02, 0x22, 0x42, 0x03, 0x25, 0x47,
  0x03, 0x1d, 0x38, 0x03, 0x1b, 0x34, 0x03, 0x1e, 0x3a, 0x02, 0x1b, 0x36,
  0x02, 0x1d, 0x3a, 0x03, 0x21, 0x3f, 0x09, 0x3c, 0x6a, 0x0b, 0x42, 0x73,
  0x0b, 0x44, 0x75, 0x0b, 0x42, 0x72, 0x0b, 0x42, 0x73, 0x0b, 0x43, 0x73,
  0x0b, 0x43, 0x75, 0x0b, 0x45, 0x78, 0x0b, 0x45, 0x78, 0x0b, 0x43, 0x76,
  0x0d, 0x48, 0x7c, 0x0b, 0x46, 0x7b, 0x0a, 0x43, 0x76, 0x09, 0x40, 0x73,
  0x09, 0x40, 0x71, 0x09, 0x43, 0x77, 0x0a, 0x42, 0x74, 0x02, 0x1e, 0x3c,
  0x01, 0x1c, 0x39, 0x01, 0x15, 0x2d, 0x04, 0x24, 0x44, 0x09, 0x43, 0x76,
  0x06, 0x31, 0x5a, 0x02, 0x1a, 0x34, 0x02, 0x1f, 0x3d, 0x02, 0x1e, 0x3b,
  0x02, 0x1a, 0x34, 0x02, 0x1b, 0x35, 0x02, 0x16, 0x2b, 0x02, 0x16, 0x2a,
  0x02, 0x16, 0x2b, 0x03, 0x16, 0x2c, 0x01, 0x1a, 0x34, 0x07, 0x32, 0x5a,
  0x0c, 0x4b, 0x81, 0x0b, 0x4a, 0x81, 0x0a, 0x46, 0x7b, 0x0a, 0x45, 0x7a,
  0x09, 0x3a, 0x65, 0x01, 0x18, 0x33, 0x01, 0x1d, 0x3d, 0x02, 0x1a, 0x35,
  0x0c, 0x43, 0x73, 0x0f, 0x4c, 0x80, 0x0f, 0x4f, 0x85, 0x0f, 0x51, 0x88,
  0x0d, 0x4a, 0x7e, 0x0c, 0x48, 0x7a, 0x0c, 0x46, 0x78, 0x0c, 0x47, 0x7a,
  0x0e, 0x4b, 0x7f, 0x0e, 0x4b, 0x7f, 0x0f, 0x4a, 0x7d, 0x07, 0x30, 0x58,
  0x02, 0x21, 0x41, 0x03, 0x1c, 0x36, 0x03, 0x1e, 0x3a, 0x0b, 0x3f, 0x6c,
  0x0e, 0x4b, 0x80, 0x0b, 0x46, 0x7a, 0x0b, 0x47, 0x7c, 0x0d, 0x48, 0x7b,
  0x0c, 0x43, 0x72, 0x0c, 0x42, 0x72, 0x0a, 0x40, 0x6f, 0x09, 0x3d, 0x6a,
  0x09, 0x3d, 0x6b, 0x09, 0x43, 0x75, 0x09, 0x42, 0x74, 0x07, 0x3d, 0x6e,
  0x08, 0x42, 0x75, 0x0c, 0x4a, 0x81, 0x09, 0x47, 0x7d, 0x09, 0x47, 0x7e,
  0x08, 0x46, 0x7d, 0x08, 0x45, 0x7d, 0x0a, 0x47, 0x7e, 0x07, 0x3b, 0x6b,
  0x07, 0x3b, 0x6a, 0x07, 0x39, 0x66, 0x07, 0x39, 0x66, 0x08, 0x3b, 0x69,
  0x07, 0x3d, 0x6d, 0x08, 0x3e, 0x6e, 0x0b, 0x45, 0x78, 0x0c, 0x47, 0x7b,
  0x0c, 0x46, 0x7a, 0x08, 0x3d, 0x6b, 0x08, 0x39, 0x66, 0x08, 0x3c, 0x6b,
  0x09, 0x3e, 0x6c, 0x09, 0x3d, 0x6c, 0x08, 0x3b, 0x68, 0x06, 0x37, 0x64,
  0x06, 0x39, 0x67, 0x06, 0x3a, 0x68, 0x07, 0x3b, 0x69, 0x09, 0x3c, 0x69,
  0x08, 0x3b, 0x67, 0x09, 0x3f, 0x6e, 0x09, 0x3d, 0x6b, 0x07, 0x37, 0x61,
  0x08, 0x38, 0x63, 0x08, 0x3a, 0x66, 0x09, 0x3b, 0x67, 0x09, 0x3e, 0x6d,
  0x07, 0x39, 0x68, 0x06, 0x37, 0x64, 0x06, 0x3c, 0x6b, 0x06, 0x3a, 0x6a,
  0x07, 0x3a, 0x68, 0x06, 0x38, 0x65, 0x06, 0x35, 0x60, 0x05, 0x35, 0x61,
  0x07, 0x3b, 0x6a, 0x06, 0x3a, 0x69, 0x07, 0x3c, 0x6c, 0x06, 0x3a, 0x6a,
  0x05, 0x38, 0x68, 0x06, 0x3a, 0x6a, 0x05, 0x38, 0x66, 0x04, 0x35, 0x62,
  0x04, 0x32, 0x5e, 0x03, 0x2e, 0x56, 0x03, 0x25, 0x46, 0x02, 0x27, 0x4a,
  0x02, 0x25, 0x48, 0x02, 0x28, 0x4c, 0x03, 0x2b, 0x51, 0x03, 0x2a, 0x4e,
  0x04, 0x2c, 0x50, 0x04, 0x2d, 0x53, 0x04, 0x2f, 0x57, 0x05, 0x32, 0x5c,
  0x05, 0x30, 0x59, 0x05, 0x31, 0x5b, 0x05, 0x33, 0x5c, 0x05, 0x2e, 0x54,
  0x05, 0x2f, 0x55, 0x05, 0x31, 0x58, 0x06, 0x32, 0x59, 0x06, 0x30, 0x56,
  0x05, 0x2e, 0x54, 0x05, 0x30, 0x58, 0x04, 0x2d, 0x53, 0x05, 0x30, 0x57,
  0x05, 0x32, 0x5b, 0x06, 0x34, 0x5e, 0x05, 0x31, 0x5a, 0x05, 0x31, 0x59,
  0x05, 0x31, 0x59, 0x05, 0x2f, 0x56, 0x05, 0x30, 0x57, 0x04, 0x2f, 0x57,
  0x04, 0x30, 0x58, 0x04, 0x30, 0x58, 0x04, 0x2d, 0x54, 0x05, 0x37, 0x64,
  0x07, 0x3e, 0x70, 0x09, 0x42, 0x74, 0x09, 0x42, 0x73, 0x09, 0x42, 0x74,
  0x0a, 0x44, 0x78, 0x0a, 0x44, 0x76, 0x0a, 0x44, 0x76, 0x0a, 0x42, 0x73,
  0x09, 0x40, 0x70, 0x09, 0x40, 0x70, 0x09, 0x40, 0x70, 0x09, 0x41, 0x71,
  0x09, 0x41, 0x73, 0x08, 0x40, 0x71, 0x09, 0x40, 0x71, 0x08, 0x42, 0x76,
  0x07, 0x41, 0x75, 0x07, 0x3c, 0x6d, 0x0a, 0x43, 0x75, 0x0a, 0x46, 0x7a,
  0x08, 0x39, 0x65, 0x02, 0x1d, 0x3b, 0x02, 0x22, 0x42, 0x02, 0x22, 0x43,
  0x02, 0x21, 0x41, 0x03, 0x1c, 0x36, 0x03, 0x18, 0x2e, 0x02, 0x20, 0x3f,
  0x03, 0x23, 0x43, 0x03, 0x1d, 0x39, 0x03, 0x1b, 0x34, 0x03, 0x1a, 0x32,
  0x02, 0x1d, 0x38, 0x03, 0x1d, 0x3a, 0x06, 0x2a, 0x4b, 0x0b, 0x42, 0x73,
  0x0b, 0x43, 0x75, 0x0b, 0x43, 0x75, 0x0d, 0x48, 0x7b, 0x0e, 0x4a, 0x7d,
  0x0d, 0x47, 0x7a, 0x0b, 0x44, 0x76, 0x0a, 0x43, 0x76, 0x0b, 0x44, 0x78,
  0x0c, 0x49, 0x7e, 0x0b, 0x48, 0x7d, 0x09, 0x40, 0x71, 0x07, 0x3d, 0x6d,
  0x08, 0x3f, 0x70, 0x0a, 0x47, 0x7c, 0x07, 0x33, 0x5b, 0x01, 0x1b, 0x38,
  0x02, 0x19, 0x33, 0x07, 0x2d, 0x51, 0x0a, 0x44, 0x77, 0x09, 0x45, 0x7a,
  0x05, 0x2e, 0x54, 0x02, 0x19, 0x33, 0x02, 0x1b, 0x36, 0x02, 0x1a, 0x34,
  0x02, 0x1a, 0x33, 0x02, 0x18, 0x2f, 0x02, 0x17, 0x2d, 0x02, 0x14, 0x27,
  0x02, 0x16, 0x2c, 0x03, 0x15, 0x28, 0x02, 0x18, 0x31, 0x06, 0x28, 0x49,
  0x0c, 0x49, 0x7f, 0x0a, 0x48, 0x7e, 0x0c, 0x49, 0x7f, 0x0d, 0x4e, 0x85,
  0x0a, 0x39, 0x63, 0x01, 0x15, 0x2e, 0x02, 0x1b, 0x38, 0x01, 0x16, 0x2f,
  0x08, 0x33, 0x5c, 0x0f, 0x4f, 0x85, 0x0e, 0x4c, 0x81, 0x0d, 0x4c, 0x82,
  0x0d, 0x4a, 0x7f, 0x0c, 0x46, 0x78, 0x0c, 0x46, 0x77, 0x0c, 0x45, 0x76,
  0x0e, 0x4a, 0x7d, 0x0f, 0x4c, 0x7f, 0x10, 0x4e, 0x83, 0x0d, 0x41, 0x6f,
  0x04, 0x27, 0x4a, 0x02, 0x19, 0x32, 0x02, 0x1c, 0x37, 0x03, 0x1f, 0x3b,
  0x09, 0x34, 0x5d, 0x0e, 0x4d, 0x81, 0x0d, 0x4a, 0x7f, 0x0d, 0x49, 0x7d,
  0x0e, 0x49, 0x7c, 0x0f, 0x4b, 0x7f, 0x0d, 0x46, 0x77, 0x0b, 0x40, 0x6f,
  0x0b, 0x40, 0x6e, 0x0b, 0x45, 0x78, 0x0a, 0x41, 0x72, 0x08, 0x3d, 0x6c,
  0x0e, 0x4b, 0x7f, 0x0e, 0x4e, 0x84, 0x0b, 0x4a, 0x82, 0x0c, 0x4d, 0x86,
  0x0a, 0x48, 0x81, 0x0a, 0x4a, 0x82, 0x0c, 0x4c, 0x84, 0x0c, 0x4a, 0x80,
  0x08, 0x40, 0x71, 0x07, 0x3b, 0x6b, 0x08, 0x3d, 0x6e, 0x0a, 0x42, 0x74,
  0x0c, 0x48, 0x7e, 0x0d, 0x4c, 0x82, 0x0d, 0x4a, 0x80, 0x0c, 0x48, 0x7c,
  0x0c, 0x45, 0x76, 0x0a, 0x3e, 0x6c, 0x0a, 0x3f, 0x6d, 0x09, 0x3e, 0x6d,
  0x07, 0x3b, 0x69, 0x08, 0x3c, 0x69, 0x09, 0x3c, 0x69, 0x07, 0x3b, 0x68,
  0x07, 0x3b, 0x68, 0x07, 0x3a, 0x68, 0x07, 0x3b, 0x68, 0x08, 0x39, 0x66,
  0x07, 0x39, 0x66, 0x08, 0x3b, 0x6a, 0x07, 0x39, 0x65, 0x07, 0x36, 0x60,
  0x08, 0x3a, 0x67, 0x08, 0x38, 0x64, 0x0a, 0x3c, 0x68, 0x09, 0x3d, 0x6b,
  0x05, 0x37, 0x64, 0x05, 0x38, 0x66, 0x06, 0x3b, 0x6c, 0x05, 0x3a, 0x69,
  0x06, 0x3b, 0x6a, 0x08, 0x3d, 0x6d, 0x07, 0x3a, 0x67, 0x07, 0x39, 0x65,
  0x07, 0x39, 0x67, 0x06, 0x3b, 0x6b, 0x06, 0x3c, 0x6c, 0x06, 0x3a, 0x6a,
  0x06, 0x3b, 0x6c, 0x07, 0x3c, 0x6c, 0x04, 0x35, 0x63, 0x03, 0x33, 0x60,
  0x04, 0x33, 0x5f, 0x04, 0x2d, 0x53, 0x03, 0x24, 0x44, 0x03, 0x28, 0x4c,
  0x02, 0x25, 0x48, 0x03, 0x27, 0x49, 0x04, 0x29, 0x4d, 0x04, 0x2a, 0x4d,
  0x04, 0x2a, 0x4d, 0x04, 0x2a, 0x4e, 0x04, 0x2e, 0x55, 0x04, 0x33, 0x5e,
  0x04, 0x30, 0x5a, 0x05, 0x32, 0x5b, 0x05, 0x31, 0x58, 0x05, 0x2d, 0x52,
  0x05, 0x30, 0x56, 0x06, 0x32, 0x59, 0x06, 0x34, 0x5b, 0x05, 0x31, 0x58,
  0x05, 0x30, 0x57, 0x05, 0x30, 0x57, 0x04, 0x2f, 0x57, 0x05, 0x31, 0x59,
  0x05, 0x32, 0x5c, 0x06, 0x36, 0x62, 0x06, 0x36, 0x61, 0x06, 0x34, 0x5f,
  0x06, 0x35, 0x60, 0x05, 0x32, 0x5a, 0x05, 0x33, 0x5c, 0x04, 0x31, 0x59,
  0x04, 0x2f, 0x56, 0x05, 0x32, 0x5b, 0x06, 0x33, 0x5b, 0x06, 0x36, 0x61,
  0x07, 0x3d, 0x6c, 0x0a, 0x41, 0x71, 0x09, 0x3e, 0x6f, 0x09, 0x42, 0x73,
  0x0a, 0x44, 0x77, 0x09, 0x41, 0x73, 0x09, 0x42, 0x74, 0x08, 0x3e, 0x6e,
  0x09, 0x40, 0x71, 0x09, 0x42, 0x72, 0x07, 0x3e, 0x6e, 0x08, 0x40, 0x71,
  0x08, 0x3e, 0x6e, 0x09, 0x40, 0x71, 0x07, 0x3d, 0x6d, 0x07, 0x40, 0x72,
  0x07, 0x41, 0x75, 0x06, 0x3d, 0x6f, 0x08, 0x42, 0x75, 0x0b, 0x47, 0x7b,
  0x0a, 0x40, 0x71, 0x03, 0x22, 0x41, 0x03, 0x23, 0x44, 0x02, 0x20, 0x3f,
  0x02, 0x22, 0x41, 0x02, 0x22, 0x42, 0x02, 0x1d, 0x38, 0x03, 0x19, 0x2f,
  0x03, 0x1c, 0x34, 0x03, 0x21, 0x3f, 0x03, 0x1c, 0x37, 0x03, 0x1e, 0x38,
  0x03, 0x18, 0x2e, 0x03, 0x1f, 0x3d, 0x03, 0x21, 0x3e, 0x07, 0x2f, 0x54,
  0x0c, 0x45, 0x77, 0x0b, 0x43, 0x74, 0x0e, 0x4b, 0x7f, 0x0c, 0x47, 0x7b,
  0x0b, 0x46, 0x79, 0x0b, 0x45, 0x78, 0x0d, 0x48, 0x7c, 0x0c, 0x46, 0x7a,
  0x0b, 0x47, 0x7c, 0x08, 0x3f, 0x71, 0x07, 0x3c, 0x6d, 0x09, 0x40, 0x71,
  0x09, 0x42, 0x76, 0x09, 0x3e, 0x6d, 0x02, 0x1c, 0x37, 0x02, 0x1d, 0x3c,
  0x03, 0x1d, 0x38, 0x0b, 0x41, 0x73, 0x0a, 0x43, 0x77, 0x0b, 0x47, 0x7b,
  0x04, 0x28, 0x4c, 0x02, 0x17, 0x30, 0x03, 0x18, 0x2f, 0x02, 0x1b, 0x36,
  0x02, 0x19, 0x33, 0x03, 0x16, 0x2b, 0x02, 0x13, 0x25, 0x03, 0x13, 0x24,
  0x03, 0x16, 0x2c, 0x03, 0x15, 0x28, 0x02, 0x16, 0x2c, 0x03, 0x1e, 0x39,
  0x0a, 0x43, 0x74, 0x0c, 0x4a, 0x81, 0x0c, 0x49, 0x7f, 0x0c, 0x4c, 0x82,
  0x05, 0x26, 0x45, 0x01, 0x12, 0x27, 0x02, 0x18, 0x31, 0x02, 0x18, 0x31,
  0x03, 0x1a, 0x33, 0x09, 0x37, 0x61, 0x0c, 0x48, 0x7d, 0x0f, 0x4e, 0x83,
  0x11, 0x52, 0x88, 0x10, 0x4e, 0x84, 0x0f, 0x4a, 0x7c, 0x0f, 0x49, 0x7b,
  0x0f, 0x4a, 0x7d, 0x0f, 0x4b, 0x7e, 0x10, 0x4d, 0x80, 0x12, 0x51, 0x85,
  0x08, 0x2e, 0x53, 0x04, 0x25, 0x45, 0x02, 0x19, 0x31, 0x02, 0x21, 0x40,
  0x04, 0x25, 0x45, 0x0c, 0x43, 0x73, 0x10, 0x4f, 0x86, 0x0e, 0x4c, 0x81,
  0x10, 0x4f, 0x84, 0x0f, 0x4d, 0x81, 0x0d, 0x48, 0x7a, 0x0e, 0x48, 0x7a,
  0x0d, 0x48, 0x7b, 0x0d, 0x47, 0x7a, 0x0a, 0x42, 0x75, 0x0c, 0x44, 0x75,
  0x0f, 0x4d, 0x81, 0x0f, 0x4f, 0x84, 0x0c, 0x4b, 0x81, 0x0d, 0x4c, 0x84,
  0x0d, 0x4d, 0x84, 0x0b, 0x49, 0x7f, 0x0e, 0x4e, 0x86, 0x0d, 0x4d, 0x85,
  0x0c, 0x4a, 0x80, 0x0a, 0x46, 0x7b, 0x0b, 0x45, 0x79, 0x0c, 0x4a, 0x7f,
  0x0b, 0x4a, 0x83, 0x0a, 0x4b, 0x84, 0x09, 0x44, 0x78, 0x09, 0x40, 0x70,
  0x0b, 0x42, 0x71, 0x0c, 0x42, 0x70, 0x0c, 0x44, 0x74, 0x0c, 0x45, 0x76,
  0x0a, 0x3e, 0x6d, 0x0b, 0x40, 0x6e, 0x0b, 0x40, 0x6e, 0x09, 0x3c, 0x68,
  0x09, 0x3c, 0x69, 0x08, 0x39, 0x66, 0x06, 0x36, 0x62, 0x07, 0x37, 0x62,
  0x07, 0x38, 0x64, 0x08, 0x3b, 0x68, 0x08, 0x3b, 0x67, 0x07, 0x37, 0x62,
  0x09, 0x3a, 0x66, 0x08, 0x3a, 0x65, 0x09, 0x3c, 0x69, 0x08, 0x3c, 0x6a,
  0x05, 0x38, 0x67, 0x06, 0x3c, 0x6c, 0x06, 0x3a, 0x69, 0x05, 0x38, 0x67,
  0x06, 0x3a, 0x6a, 0x06, 0x3b, 0x6b, 0x06, 0x3a, 0x69, 0x07, 0x3b, 0x69,
  0x06, 0x39, 0x68, 0x06, 0x3a, 0x6a, 0x07, 0x3c, 0x6c, 0x07, 0x3d, 0x6e,
  0x06, 0x3c, 0x6f, 0x06, 0x3f, 0x72, 0x05, 0x39, 0x6a, 0x04, 0x35, 0x63,
  0x04, 0x33, 0x5f, 0x03, 0x2b, 0x51, 0x03, 0x24, 0x43, 0x03, 0x2a, 0x4e,
  0x03, 0x2a, 0x4f, 0x03, 0x28, 0x4a, 0x04, 0x29, 0x4d, 0x03, 0x29, 0x4d,
  0x04, 0x2a, 0x4d, 0x04, 0x2c, 0x51, 0x04, 0x2e, 0x55, 0x05, 0x33, 0x5d,
  0x05, 0x31, 0x59, 0x05, 0x30, 0x57, 0x05, 0x2d, 0x52, 0x06, 0x2e, 0x53,
  0x06, 0x2f, 0x54, 0x05, 0x2f, 0x54, 0x06, 0x31, 0x58, 0x06, 0x32, 0x59,
  0x05, 0x31, 0x58, 0x05, 0x32, 0x5a, 0x04, 0x30, 0x59, 0x05, 0x33, 0x5e,
  0x06, 0x3a, 0x6a, 0x07, 0x3d, 0x6e, 0x09, 0x42, 0x73, 0x07, 0x39, 0x66,
  0x05, 0x31, 0x5a, 0x06, 0x35, 0x5f, 0x06, 0x33, 0x5d, 0x04, 0x31, 0x58,
  0x05, 0x2f, 0x56, 0x05, 0x31, 0x58, 0x06, 0x32, 0x59, 0x08, 0x3b, 0x69,
  0x09, 0x40, 0x70, 0x08, 0x3f, 0x6f, 0x08, 0x3f, 0x6f, 0x08, 0x40, 0x72,
  0x09, 0x44, 0x7a, 0x0b, 0x47, 0x7c, 0x09, 0x43, 0x75, 0x09, 0x43, 0x75,
  0x09, 0x42, 0x75, 0x08, 0x41, 0x74, 0x07, 0x3d, 0x6e, 0x07, 0x3b, 0x6b,
  0x08, 0x3d, 0x6c, 0x07, 0x3b, 0x6b, 0x07, 0x3b, 0x6a, 0x07, 0x3e, 0x6f,
  0x07, 0x41, 0x75, 0x07, 0x41, 0x75, 0x08, 0x42, 0x76, 0x0a, 0x44, 0x77,
  0x0c, 0x47, 0x7a, 0x05, 0x24, 0x43, 0x02, 0x21, 0x40, 0x02, 0x23, 0x44,
  0x02, 0x21, 0x41, 0x02, 0x24, 0x45, 0x02, 0x22, 0x42, 0x03, 0x1b, 0x33,
  0x03, 0x17, 0x2b, 0x03, 0x18, 0x2e, 0x03, 0x21, 0x3e, 0x03, 0x1e, 0x3a,
  0x03, 0x18, 0x2e, 0x03, 0x15, 0x29, 0x03, 0x1d, 0x38, 0x03, 0x1f, 0x3b,
  0x07, 0x30, 0x55, 0x0c, 0x45, 0x77, 0x0e, 0x4a, 0x7e, 0x0c, 0x49, 0x7e,
  0x09, 0x41, 0x73, 0x0a, 0x41, 0x73, 0x0d, 0x47, 0x7b, 0x0d, 0x47, 0x7b,
  0x0a, 0x44, 0x79, 0x0a, 0x43, 0x77, 0x08, 0x40, 0x72, 0x0a, 0x43, 0x77,
  0x08, 0x41, 0x74, 0x04, 0x26, 0x48, 0x01, 0x14, 0x2a, 0x02, 0x17, 0x30,
  0x03, 0x1e, 0x3a, 0x0a, 0x42, 0x75, 0x0b, 0x46, 0x7a, 0x08, 0x3f, 0x6f,
  0x02, 0x1f, 0x3d, 0x02, 0x1a, 0x34, 0x03, 0x16, 0x2b, 0x02, 0x17, 0x2d,
  0x02, 0x18, 0x2f, 0x03, 0x13, 0x24, 0x03, 0x10, 0x20, 0x03, 0x11, 0x21,
  0x03, 0x15, 0x27, 0x03, 0x16, 0x2a, 0x03, 0x15, 0x28, 0x02, 0x1a, 0x33,
  0x09, 0x3b, 0x67, 0x0d, 0x4c, 0x83, 0x0d, 0x4c, 0x83, 0x06, 0x2c, 0x4e,
  0x01, 0x12, 0x28, 0x02, 0x1b, 0x38, 0x01, 0x1e, 0x3d, 0x02, 0x1e, 0x3d,
  0x02, 0x1d, 0x3b, 0x00, 0x14, 0x2c, 0x0a, 0x3e, 0x6d, 0x10, 0x50, 0x86,
  0x10, 0x4c, 0x81, 0x12, 0x53, 0x89, 0x0f, 0x4c, 0x80, 0x0e, 0x4a, 0x7d,
  0x11, 0x4e, 0x83, 0x11, 0x50, 0x84, 0x10, 0x4c, 0x80, 0x13, 0x53, 0x89,
  0x09, 0x32, 0x57, 0x04, 0x25, 0x46, 0x03, 0x20, 0x3d, 0x05, 0x1f, 0x3a,
  0x03, 0x20, 0x3e, 0x09, 0x37, 0x61, 0x11, 0x51, 0x88, 0x10, 0x50, 0x87,
  0x0e, 0x4c, 0x82, 0x0f, 0x4c, 0x81, 0x10, 0x4e, 0x83, 0x0f, 0x4d, 0x82,
  0x10, 0x4d, 0x82, 0x0c, 0x45, 0x77, 0x0a, 0x42, 0x72, 0x0e, 0x49, 0x7c,
  0x0e, 0x4c, 0x80, 0x0d, 0x4a, 0x7f, 0x0d, 0x4a, 0x7f, 0x0e, 0x4d, 0x83,
  0x0e, 0x4d, 0x82, 0x0d, 0x4b, 0x81, 0x0d, 0x4b, 0x81, 0x0b, 0x49, 0x7f,
  0x0b, 0x49, 0x7f, 0x0c, 0x48, 0x7d, 0x0a, 0x47, 0x7c, 0x0b, 0x48, 0x7f,
  0x0a, 0x4a, 0x83, 0x0b, 0x4a, 0x82, 0x0b, 0x46, 0x7b, 0x09, 0x40, 0x70,
  0x0a, 0x40, 0x6e, 0x09, 0x3e, 0x6c, 0x0b, 0x40, 0x6f, 0x0c, 0x45, 0x76,
  0x0d, 0x45, 0x76, 0x0c, 0x44, 0x73, 0x0a, 0x3f, 0x6d, 0x0a, 0x3c, 0x68,
  0x08, 0x3a, 0x66, 0x06, 0x38, 0x65, 0x08, 0x39, 0x65, 0x08, 0x3a, 0x66,
  0x08, 0x3b, 0x67, 0x08, 0x3a, 0x67, 0x0a, 0x3d, 0x6a, 0x08, 0x39, 0x64,
  0x09, 0x3a, 0x66, 0x09, 0x3b, 0x67, 0x07, 0x3b, 0x69, 0x07, 0x3d, 0x6c,
  0x07, 0x3b, 0x6a, 0x07, 0x3c, 0x6c, 0x05, 0x36, 0x63, 0x06, 0x39, 0x66,
  0x07, 0x3a, 0x68, 0x06, 0x3b, 0x6a, 0x08, 0x3d, 0x6d, 0x08, 0x3e, 0x6d,
  0x08, 0x3d, 0x6e, 0x06, 0x3c, 0x6c, 0x07, 0x3d, 0x6e, 0x06, 0x3a, 0x6a,
  0x05, 0x39, 0x6a, 0x07, 0x41, 0x76, 0x05, 0x3e, 0x70, 0x05, 0x39, 0x69,
  0x04, 0x33, 0x60, 0x03, 0x2d, 0x54, 0x03, 0x26, 0x47, 0x03, 0x2a, 0x4e,
  0x03, 0x2a, 0x50, 0x03, 0x2a, 0x4f, 0x04, 0x2b, 0x4f, 0x04, 0x2b, 0x50,
  0x04, 0x2a, 0x4d, 0x05, 0x2d, 0x51, 0x05, 0x2f, 0x55, 0x05, 0x2d, 0x53,
  0x04, 0x2c, 0x50, 0x05, 0x2d, 0x51, 0x05, 0x2d, 0x51, 0x05, 0x2d, 0x51,
  0x05, 0x2e, 0x53, 0x05, 0x2e, 0x54, 0x05, 0x2f, 0x55, 0x05, 0x30, 0x56,
  0x05, 0x32, 0x5a, 0x05, 0x31, 0x59, 0x05, 0x33, 0x5d, 0x08, 0x41, 0x73,
  0x09, 0x45, 0x7a, 0x08, 0x43, 0x77, 0x09, 0x43, 0x76, 0x07, 0x3d, 0x6c,
  0x05, 0x33, 0x5d, 0x06, 0x34, 0x5e, 0x05, 0x32, 0x5a, 0x05, 0x32, 0x5b,
  0x05, 0x32, 0x5b, 0x05, 0x2f, 0x56, 0x08, 0x38, 0x63, 0x0b, 0x43, 0x74,
  0x09, 0x3e, 0x6f, 0x08, 0x3e, 0x6e, 0x07, 0x3f, 0x71, 0x08, 0x43, 0x78,
  0x08, 0x45, 0x7b, 0x09, 0x44, 0x79, 0x09, 0x42, 0x76, 0x08, 0x3f, 0x71,
  0x08, 0x40, 0x73, 0x07, 0x3e, 0x70, 0x07, 0x3c, 0x6c, 0x07, 0x3c, 0x6c,
  0x08, 0x3c, 0x6b, 0x07, 0x3b, 0x69, 0x07, 0x3c, 0x6b, 0x08, 0x3d, 0x6d,
  0x09, 0x43, 0x76, 0x08, 0x42, 0x78, 0x07, 0x41, 0x74, 0x09, 0x41, 0x73,
  0x0c, 0x49, 0x7e, 0x07, 0x32, 0x5a, 0x02, 0x1d, 0x39, 0x03, 0x1f, 0x3c,
  0x03, 0x21, 0x3f, 0x03, 0x1f, 0x3b, 0x03, 0x22, 0x40, 0x03, 0x21, 0x40,
  0x03, 0x1c, 0x36, 0x03, 0x17, 0x2a, 0x03, 0x17, 0x2b, 0x03, 0x21, 0x3e,
  0x03, 0x1c, 0x36, 0x03, 0x13, 0x24, 0x03, 0x18, 0x2c, 0x03, 0x1f, 0x3b,
  0x02, 0x1d, 0x38, 0x08, 0x34, 0x5c, 0x0a, 0x42, 0x74, 0x0b, 0x44, 0x76,
  0x0a, 0x40, 0x70, 0x0a, 0x41, 0x72, 0x0b, 0x43, 0x75, 0x0d, 0x49, 0x7d,
  0x0a, 0x44, 0x79, 0x0b, 0x47, 0x7d, 0x0a, 0x43, 0x76, 0x0a, 0x46, 0x7a,
  0x09, 0x3c, 0x6a, 0x01, 0x18, 0x31, 0x07, 0x30, 0x55, 0x05, 0x23, 0x42,
  0x02, 0x19, 0x32, 0x0b, 0x43, 0x74, 0x0a, 0x42, 0x74, 0x04, 0x28, 0x4a,
  0x02, 0x1c, 0x38, 0x02, 0x1c, 0x38, 0x02, 0x18, 0x2f, 0x03, 0x13, 0x24,
  0x02, 0x11, 0x20, 0x02, 0x14, 0x29, 0x02, 0x19, 0x33, 0x02, 0x18, 0x30,
  0x03, 0x14, 0x26, 0x02, 0x15, 0x28, 0x02, 0x15, 0x28, 0x01, 0x17, 0x2f,
  0x07, 0x33, 0x5a, 0x0f, 0x52, 0x8a, 0x0d, 0x4d, 0x84, 0x07, 0x2f, 0x54,
  0x02, 0x12, 0x26, 0x01, 0x14, 0x2a, 0x02, 0x15, 0x2d, 0x02, 0x19, 0x32,
  0x02, 0x16, 0x2c, 0x05, 0x23, 0x41, 0x0f, 0x4a, 0x7d, 0x0f, 0x4c, 0x82,
  0x0d, 0x49, 0x7c, 0x11, 0x4f, 0x84, 0x11, 0x51, 0x86, 0x0e, 0x4b, 0x7f,
  0x10, 0x4e, 0x82, 0x12, 0x50, 0x85, 0x10, 0x4e, 0x82, 0x10, 0x50, 0x86,
  0x09, 0x35, 0x5e, 0x01, 0x15, 0x2d, 0x07, 0x28, 0x47, 0x0c, 0x3a, 0x63,
  0x02, 0x1c, 0x38, 0x08, 0x2e, 0x53, 0x0e, 0x4e, 0x84, 0x0d, 0x4c, 0x82,
  0x0f, 0x4e, 0x83, 0x10, 0x4e, 0x84, 0x0e, 0x4b, 0x81, 0x0e, 0x4a, 0x7e,
  0x0f, 0x4b, 0x7f, 0x0c, 0x46, 0x78, 0x0e, 0x4b, 0x7e, 0x10, 0x4c, 0x80,
  0x0e, 0x4a, 0x7f, 0x10, 0x4f, 0x85, 0x0f, 0x4e, 0x83, 0x0e, 0x4d, 0x83,
  0x0e, 0x4e, 0x85, 0x0d, 0x4b, 0x80, 0x0b, 0x48, 0x7e, 0x0d, 0x4c, 0x83,
  0x0f, 0x4f, 0x85, 0x0e, 0x4a, 0x7f, 0x0c, 0x4a, 0x81, 0x0b, 0x4b, 0x83,
  0x0c, 0x4c, 0x83, 0x0b, 0x4a, 0x81, 0x0a, 0x45, 0x79, 0x0b, 0x43, 0x73,
  0x0a, 0x41, 0x70, 0x0a, 0x3f, 0x6d, 0x0a, 0x3e, 0x6d, 0x0a, 0x41, 0x71,
  0x0a, 0x41, 0x70, 0x0b, 0x40, 0x6f, 0x0a, 0x3f, 0x6c, 0x09, 0x3b, 0x67,
  0x09, 0x3d, 0x69, 0x0a, 0x3d, 0x6a, 0x0a, 0x3f, 0x6c, 0x09, 0x3c, 0x68,
  0x09, 0x3d, 0x69, 0x08, 0x3b, 0x68, 0x0b, 0x41, 0x6f, 0x0a, 0x3d, 0x6a,
  0x09, 0x3b, 0x68, 0x09, 0x3c, 0x69, 0x08, 0x3d, 0x6c, 0x08, 0x3f, 0x6f,
  0x08, 0x3c, 0x6a, 0x08, 0x3b, 0x69, 0x08, 0x3d, 0x6c, 0x09, 0x3f, 0x70,
  0x08, 0x3e, 0x6e, 0x07, 0x3d, 0x6c, 0x09, 0x40, 0x71, 0x09, 0x40, 0x70,
  0x09, 0x3f, 0x70, 0x08, 0x3f, 0x70, 0x06, 0x3d, 0x6e, 0x07, 0x3e, 0x70,
  0x07, 0x40, 0x73, 0x06, 0x3e, 0x71, 0x06, 0x3f, 0x71, 0x06, 0x3b, 0x6b,
  0x05, 0x35, 0x62, 0x05, 0x32, 0x5a, 0x03, 0x27, 0x48, 0x03, 0x2a, 0x4e,
  0x03, 0x2b, 0x50, 0x04, 0x2c, 0x51, 0x04, 0x2c, 0x51, 0x04, 0x2d, 0x52,
  0x05, 0x2d, 0x51, 0x05, 0x2d, 0x51, 0x05, 0x2e, 0x54, 0x05, 0x2d, 0x51,
  0x05, 0x2e, 0x52, 0x05, 0x2c, 0x4f, 0x05, 0x2b, 0x4d, 0x06, 0x2e, 0x52,
  0x05, 0x2e, 0x52, 0x05, 0x2d, 0x51, 0x05, 0x2e, 0x52, 0x05, 0x2e, 0x53,
  0x05, 0x30, 0x57, 0x05, 0x31, 0x59, 0x08, 0x3d, 0x6d, 0x08, 0x3f, 0x70,
  0x08, 0x42, 0x76, 0x09, 0x47, 0x7e, 0x07, 0x42, 0x77, 0x07, 0x3f, 0x71,
  0x07, 0x3d, 0x6d, 0x06, 0x3a, 0x69, 0x06, 0x36, 0x62, 0x06, 0x37, 0x63,
  0x06, 0x35, 0x61, 0x07, 0x38, 0x64, 0x09, 0x3e, 0x6d, 0x0a, 0x41, 0x72,
  0x09, 0x41, 0x73, 0x09, 0x42, 0x73, 0x0a, 0x43, 0x77, 0x0b, 0x47, 0x7d,
  0x0a, 0x47, 0x7c, 0x07, 0x40, 0x74, 0x09, 0x44, 0x79, 0x09, 0x43, 0x77,
  0x08, 0x42, 0x76, 0x08, 0x40, 0x72, 0x07, 0x3d, 0x6f, 0x08, 0x3e, 0x6f,
  0x08, 0x3c, 0x6c, 0x09, 0x40, 0x71, 0x08, 0x3d, 0x6d, 0x07, 0x3d, 0x6e,
  0x06, 0x3f, 0x72, 0x07, 0x40, 0x74, 0x07, 0x3d, 0x6f, 0x08, 0x41, 0x73,
  0x0a, 0x44, 0x77, 0x0c, 0x46, 0x78, 0x04, 0x2b, 0x52, 0x02, 0x23, 0x44,
  0x03, 0x1f, 0x3c, 0x03, 0x1d, 0x38, 0x03, 0x1f, 0x3a, 0x03, 0x22, 0x40,
  0x02, 0x22, 0x41, 0x03, 0x1f, 0x3b, 0x04, 0x17, 0x2c, 0x04, 0x17, 0x2a,
  0x03, 0x1e, 0x39, 0x03, 0x1a, 0x31, 0x03, 0x13, 0x23, 0x03, 0x18, 0x2e,
  0x03, 0x1c, 0x36, 0x04, 0x20, 0x3b, 0x08, 0x37, 0x63, 0x09, 0x3e, 0x6e,
  0x0a, 0x41, 0x71, 0x0b, 0x43, 0x74, 0x0a, 0x42, 0x73, 0x0a, 0x42, 0x75,
  0x08, 0x42, 0x75, 0x09, 0x41, 0x73, 0x0a, 0x40, 0x70, 0x0b, 0x49, 0x7e,
  0x05, 0x29, 0x4c, 0x00, 0x12, 0x27, 0x0a, 0x39, 0x63, 0x06, 0x29, 0x4b,
  0x03, 0x1e, 0x38, 0x0c, 0x47, 0x7b, 0x0a, 0x41, 0x72, 0x03, 0x23, 0x42,
  0x02, 0x1c, 0x38, 0x02, 0x1a, 0x35, 0x03, 0x17, 0x2d, 0x03, 0x13, 0x24,
  0x02, 0x0f, 0x1e, 0x02, 0x12, 0x25, 0x02, 0x14, 0x29, 0x02, 0x16, 0x2c,
  0x03, 0x13, 0x25, 0x03, 0x14, 0x27, 0x02, 0x15, 0x28, 0x01, 0x17, 0x2e,
  0x05, 0x2b, 0x4f, 0x0c, 0x4e, 0x85, 0x0c, 0x49, 0x7e, 0x0b, 0x46, 0x79,
  0x03, 0x17, 0x2b, 0x02, 0x10, 0x20, 0x02, 0x14, 0x29, 0x02, 0x17, 0x2f,
  0x01, 0x10, 0x21, 0x0b, 0x38, 0x60, 0x11, 0x51, 0x88, 0x0f, 0x4c, 0x81,
  0x0f, 0x4d, 0x82, 0x10, 0x4f, 0x84, 0x12, 0x52, 0x88, 0x10, 0x4e, 0x82,
  0x0e, 0x49, 0x7c, 0x12, 0x50, 0x85, 0x11, 0x51, 0x87, 0x11, 0x53, 0x8b,
  0x0b, 0x3e, 0x6a, 0x01, 0x17, 0x30, 0x0b, 0x3a, 0x64, 0x0e, 0x44, 0x73,
  0x02, 0x1c, 0x37, 0x04, 0x23, 0x43, 0x0d, 0x4a, 0x80, 0x0b, 0x49, 0x7e,
  0x10, 0x4e, 0x84, 0x10, 0x4e, 0x84, 0x0f, 0x4d, 0x82, 0x0d, 0x47, 0x7a,
  0x0c, 0x46, 0x78, 0x0d, 0x49, 0x7d, 0x0f, 0x4e, 0x84, 0x0f, 0x4e, 0x85,
  0x0d, 0x4b, 0x82, 0x0e, 0x4d, 0x83, 0x10, 0x51, 0x88, 0x0f, 0x50, 0x87,
  0x0c, 0x4c, 0x83, 0x0e, 0x4d, 0x84, 0x0f, 0x4f, 0x86, 0x0e, 0x4e, 0x86,
  0x10, 0x52, 0x89, 0x0d, 0x4c, 0x82, 0x0e, 0x4f, 0x87, 0x0d, 0x4d, 0x85,
  0x0c, 0x4c, 0x84, 0x0e, 0x4f, 0x87, 0x0d, 0x4b, 0x81, 0x0f, 0x4a, 0x7d,
  0x0b, 0x43, 0x74, 0x0b, 0x41, 0x6f, 0x0c, 0x42, 0x72, 0x0a, 0x41, 0x72,
  0x0a, 0x40, 0x70, 0x0c, 0x44, 0x73, 0x0b, 0x40, 0x6e, 0x0b, 0x42, 0x71,
  0x0e, 0x4b, 0x80, 0x0e, 0x4c, 0x82, 0x0c, 0x47, 0x7b, 0x0c, 0x45, 0x76,
  0x08, 0x3c, 0x69, 0x08, 0x3c, 0x69, 0x0a, 0x3e, 0x6c, 0x0a, 0x3e, 0x6b,
  0x09, 0x3b, 0x67, 0x0a, 0x3e, 0x6b, 0x0a, 0x40, 0x6f, 0x0a, 0x3e, 0x6c,
  0x0a, 0x3e, 0x6b, 0x08, 0x3c, 0x68, 0x08, 0x3f, 0x6f, 0x09, 0x43, 0x76,
  0x09, 0x41, 0x73, 0x09, 0x41, 0x72, 0x08, 0x3f, 0x71, 0x08, 0x40, 0x70,
  0x08, 0x3f, 0x70, 0x09, 0x41, 0x73, 0x07, 0x3f, 0x71, 0x07, 0x40, 0x73,
  0x07, 0x41, 0x75, 0x05, 0x3e, 0x71, 0x06, 0x3d, 0x6f, 0x05, 0x39, 0x69,
  0x05, 0x38, 0x67, 0x05, 0x35, 0x60, 0x04, 0x28, 0x48, 0x04, 0x2a, 0x4e,
  0x04, 0x2c, 0x51, 0x04, 0x2c, 0x50, 0x04, 0x2c, 0x50, 0x04, 0x2c, 0x51,
  0x04, 0x2b, 0x4e, 0x05, 0x2b, 0x4e, 0x05, 0x2b, 0x4e, 0x06, 0x30, 0x55,
  0x07, 0x30, 0x56, 0x06, 0x2f, 0x54, 0x06, 0x2d, 0x50, 0x06, 0x2d, 0x51,
  0x05, 0x2c, 0x50, 0x05, 0x2c, 0x4f, 0x05, 0x2e, 0x51, 0x05, 0x2f, 0x54,
  0x04, 0x2d, 0x54, 0x04, 0x2f, 0x57, 0x08, 0x3e, 0x6f, 0x07, 0x3e, 0x71,
  0x06, 0x3f, 0x73, 0x07, 0x43, 0x79, 0x06, 0x41, 0x76, 0x08, 0x42, 0x76,
  0x08, 0x42, 0x76, 0x09, 0x44, 0x77, 0x07, 0x3f, 0x71, 0x08, 0x40, 0x72,
  0x09, 0x40, 0x71, 0x0a, 0x41, 0x72, 0x09, 0x3e, 0x6d, 0x08, 0x3e, 0x6d,
  0x0c, 0x49, 0x7e, 0x0d, 0x4a, 0x7f, 0x0c, 0x48, 0x7e, 0x0c, 0x4b, 0x82,
  0x0b, 0x48, 0x7e, 0x07, 0x3f, 0x72, 0x0a, 0x46, 0x7a, 0x0b, 0x48, 0x7e,
  0x0b, 0x47, 0x7b, 0x0a, 0x44, 0x78, 0x09, 0x43, 0x76, 0x08, 0x41, 0x74,
  0x09, 0x40, 0x71, 0x08, 0x3c, 0x6d, 0x08, 0x3c, 0x6b, 0x06, 0x3d, 0x6f,
  0x04, 0x3d, 0x71, 0x06, 0x40, 0x74, 0x07, 0x3f, 0x72, 0x09, 0x41, 0x73,
  0x09, 0x42, 0x75, 0x0c, 0x49, 0x7e, 0x09, 0x3f, 0x6f, 0x02, 0x22, 0x44,
  0x03, 0x25, 0x49, 0x03, 0x21, 0x3f, 0x03, 0x1b, 0x35, 0x03, 0x1f, 0x3b,
  0x03, 0x20, 0x3d, 0x02, 0x22, 0x41, 0x03, 0x21, 0x3f, 0x03, 0x19, 0x2f,
  0x04, 0x13, 0x23, 0x03, 0x1c, 0x34, 0x03, 0x1b, 0x34, 0x04, 0x12, 0x21,
  0x03, 0x19, 0x31, 0x03, 0x1a, 0x33, 0x05, 0x21, 0x3c, 0x09, 0x3c, 0x6a,
  0x0a, 0x41, 0x70, 0x0b, 0x42, 0x73, 0x0a, 0x43, 0x75, 0x09, 0x40, 0x71,
  0x09, 0x42, 0x75, 0x04, 0x23, 0x41, 0x03, 0x1b, 0x35, 0x09, 0x3a, 0x67,
  0x03, 0x1d, 0x3a, 0x02, 0x15, 0x2b, 0x03, 0x17, 0x2d, 0x03, 0x14, 0x27,
  0x01, 0x13, 0x28, 0x07, 0x2f, 0x54, 0x0e, 0x4f, 0x86, 0x09, 0x3f, 0x6f,
  0x02, 0x1f, 0x3d, 0x02, 0x18, 0x31, 0x02, 0x15, 0x2a, 0x02, 0x15, 0x29,
  0x02, 0x10, 0x1f, 0x02, 0x0e, 0x1a, 0x02, 0x13, 0x25, 0x02, 0x11, 0x22,
  0x03, 0x10, 0x1e, 0x03, 0x15, 0x28, 0x02, 0x15, 0x28, 0x02, 0x16, 0x2d,
  0x04, 0x25, 0x45, 0x0c, 0x4c, 0x83, 0x0c, 0x49, 0x7d, 0x05, 0x25, 0x43,
  0x02, 0x12, 0x25, 0x02, 0x14, 0x2a, 0x01, 0x18, 0x32, 0x02, 0x18, 0x31,
  0x02, 0x14, 0x29, 0x02, 0x18, 0x30, 0x0a, 0x35, 0x5c, 0x11, 0x51, 0x87,
  0x10, 0x4d, 0x82, 0x10, 0x4f, 0x84, 0x11, 0x4f, 0x83, 0x0f, 0x4c, 0x80,
  0x0d, 0x4b, 0x80, 0x10, 0x53, 0x8b, 0x11, 0x54, 0x8d, 0x11, 0x52, 0x89,
  0x11, 0x50, 0x85, 0x04, 0x1f, 0x3b, 0x03, 0x1b, 0x33, 0x04, 0x1a, 0x31,
  0x02, 0x18, 0x30, 0x03, 0x1f, 0x3e, 0x0c, 0x46, 0x79, 0x0d, 0x4b, 0x82,
  0x11, 0x51, 0x88, 0x11, 0x52, 0x89, 0x10, 0x4f, 0x85, 0x0f, 0x4d, 0x82,
  0x0e, 0x48, 0x7a, 0x10, 0x4d, 0x81, 0x10, 0x50, 0x87, 0x0e, 0x50, 0x89,
  0x0c, 0x49, 0x7f, 0x0b, 0x48, 0x7d, 0x0f, 0x4e, 0x85, 0x11, 0x54, 0x8c,
  0x0e, 0x50, 0x89, 0x0e, 0x4e, 0x86, 0x12, 0x56, 0x8f, 0x12, 0x55, 0x8e,
  0x12, 0x54, 0x8c, 0x10, 0x51, 0x88, 0x10, 0x51, 0x88, 0x10, 0x4f, 0x86,
  0x0e, 0x4e, 0x84, 0x10, 0x4e, 0x83, 0x10, 0x4e, 0x84, 0x0f, 0x4c, 0x80,
  0x0e, 0x47, 0x78, 0x0c, 0x44, 0x73, 0x0a, 0x3f, 0x6f, 0x0a, 0x40, 0x6f,
  0x09, 0x3f, 0x6e, 0x0a, 0x40, 0x70, 0x0b, 0x44, 0x75, 0x0f, 0x4f, 0x87,
  0x0c, 0x4e, 0x87, 0x0c, 0x4e, 0x87, 0x09, 0x46, 0x7c, 0x09, 0x41, 0x72,
  0x08, 0x3e, 0x6d, 0x0a, 0x3f, 0x6d, 0x0b, 0x40, 0x6f, 0x0a, 0x3d, 0x6a,
  0x09, 0x3d, 0x6b, 0x0c, 0x43, 0x72, 0x0a, 0x3f, 0x6d, 0x09, 0x3b, 0x67,
  0x0a, 0x3d, 0x6b, 0x09, 0x3c, 0x6a, 0x08, 0x3d, 0x6d, 0x09, 0x42, 0x76,
  0x09, 0x43, 0x75, 0x09, 0x44, 0x76, 0x08, 0x43, 0x76, 0x08, 0x40, 0x72,
  0x08, 0x40, 0x71, 0x08, 0x40, 0x71, 0x08, 0x40, 0x72, 0x07, 0x40, 0x72,
  0x07, 0x40, 0x74, 0x06, 0x3f, 0x72, 0x06, 0x3d, 0x6f, 0x06, 0x3b, 0x6b,
  0x04, 0x38, 0x66, 0x04, 0x32, 0x5b, 0x04, 0x27, 0x47, 0x04, 0x2a, 0x4e,
  0x04, 0x2c, 0x51, 0x04, 0x2b, 0x50, 0x04, 0x2c, 0x52, 0x04, 0x2b, 0x50,
  0x04, 0x2b, 0x4e, 0x05, 0x2b, 0x4d, 0x05, 0x2c, 0x4f, 0x06, 0x2e, 0x52,
  0x07, 0x30, 0x55, 0x06, 0x2f, 0x53, 0x06, 0x2d, 0x51, 0x05, 0x2b, 0x4d,
  0x05, 0x2b, 0x4d, 0x05, 0x2c, 0x4e, 0x06, 0x2f, 0x53, 0x05, 0x2e, 0x52,
  0x05, 0x30, 0x57, 0x05, 0x33, 0x5e, 0x06, 0x3a, 0x69, 0x08, 0x42, 0x76,
  0x07, 0x40, 0x73, 0x05, 0x3d, 0x6f, 0x06, 0x3f, 0x73, 0x08, 0x44, 0x79,
  0x08, 0x42, 0x77, 0x09, 0x45, 0x7a, 0x08, 0x41, 0x74, 0x09, 0x43, 0x76,
  0x0c, 0x46, 0x78, 0x0b, 0x43, 0x74, 0x09, 0x41, 0x73, 0x0b, 0x45, 0x79,
  0x0b, 0x44, 0x76, 0x0a, 0x43, 0x77, 0x09, 0x45, 0x7b, 0x0c, 0x4c, 0x83,
  0x0c, 0x4a, 0x81, 0x09, 0x46, 0x7b, 0x0a, 0x48, 0x7e, 0x0c, 0x4a, 0x81,
  0x0d, 0x4d, 0x84, 0x0c, 0x4c, 0x84, 0x0d, 0x4c, 0x83, 0x0b, 0x46, 0x79,
  0x09, 0x40, 0x72, 0x09, 0x40, 0x72, 0x07, 0x3c, 0x6b, 0x06, 0x3c, 0x6c,
  0x07, 0x42, 0x76, 0x07, 0x42, 0x78, 0x06, 0x40, 0x76, 0x09, 0x42, 0x76,
  0x0b, 0x45, 0x78, 0x0a, 0x42, 0x75, 0x0a, 0x44, 0x77, 0x05, 0x25, 0x44,
  0x02, 0x1f, 0x3d, 0x02, 0x24, 0x46, 0x02, 0x21, 0x41, 0x03, 0x1b, 0x35,
  0x03, 0x1a, 0x32, 0x03, 0x1d, 0x37, 0x02, 0x1d, 0x39, 0x02, 0x1e, 0x3a,
  0x03, 0x19, 0x30, 0x04, 0x11, 0x1f, 0x03, 0x1c, 0x34, 0x03, 0x18, 0x2e,
  0x03, 0x13, 0x23, 0x03, 0x19, 0x31, 0x03, 0x17, 0x2d, 0x06, 0x27, 0x46,
  0x0c, 0x42, 0x72, 0x0b, 0x43, 0x74, 0x0a, 0x43, 0x75, 0x0a, 0x45, 0x7a,
  0x0a, 0x43, 0x76, 0x03, 0x1f, 0x3c, 0x02, 0x19, 0x33, 0x02, 0x18, 0x30,
  0x02, 0x1a, 0x34, 0x02, 0x18, 0x33, 0x02, 0x11, 0x23, 0x02, 0x17, 0x2e,
  0x01, 0x13, 0x29, 0x08, 0x31, 0x58, 0x0a, 0x48, 0x80, 0x0d, 0x4d, 0x84,
  0x0a, 0x40, 0x6f, 0x02, 0x1d, 0x38, 0x02, 0x14, 0x28, 0x02, 0x13, 0x26,
  0x02, 0x11, 0x21, 0x03, 0x0e, 0x1a, 0x02, 0x12, 0x23, 0x02, 0x12, 0x22,
  0x03, 0x0f, 0x1c, 0x02, 0x14, 0x27, 0x02, 0x15, 0x29, 0x02, 0x14, 0x28,
  0x04, 0x21, 0x3e, 0x0b, 0x49, 0x7f, 0x0a, 0x44, 0x77, 0x03, 0x18, 0x2f,
  0x02, 0x11, 0x23, 0x02, 0x11, 0x22, 0x02, 0x12, 0x23, 0x02, 0x14, 0x27,
  0x02, 0x14, 0x27, 0x01, 0x16, 0x2c, 0x05, 0x27, 0x47, 0x0f, 0x4d, 0x83,
  0x10, 0x4c, 0x80, 0x11, 0x50, 0x84, 0x12, 0x51, 0x87, 0x12, 0x52, 0x88,
  0x0f, 0x4f, 0x86, 0x10, 0x56, 0x90, 0x0f, 0x52, 0x8b, 0x10, 0x52, 0x89,
  0x15, 0x57, 0x8f, 0x0f, 0x3f, 0x69, 0x03, 0x19, 0x30, 0x02, 0x16, 0x2c,
  0x02, 0x17, 0x2e, 0x04, 0x22, 0x40, 0x0e, 0x4a, 0x7d, 0x0e, 0x4e, 0x85,
  0x10, 0x51, 0x89, 0x0f, 0x4e, 0x83, 0x0d, 0x4b, 0x80, 0x0e, 0x4e, 0x85,
  0x10, 0x50, 0x87, 0x11, 0x50, 0x85, 0x0f, 0x4e, 0x85, 0x0d, 0x4e, 0x85,
  0x0f, 0x50, 0x88, 0x0f, 0x4e, 0x85, 0x0f, 0x50, 0x87, 0x0c, 0x4b, 0x83,
  0x0e, 0x51, 0x8b, 0x11, 0x55, 0x8e, 0x13, 0x56, 0x8e, 0x12, 0x56, 0x8e,
  0x12, 0x54, 0x8b, 0x12, 0x52, 0x8a, 0x10, 0x51, 0x88, 0x0f, 0x4f, 0x86,
  0x0e, 0x4c, 0x81, 0x0e, 0x4b, 0x7f, 0x11, 0x4f, 0x83, 0x11, 0x4d, 0x80,
  0x10, 0x4c, 0x80, 0x0e, 0x4a, 0x7d, 0x0c, 0x45, 0x78, 0x0d, 0x48, 0x7c,
  0x0b, 0x44, 0x76, 0x0d, 0x48, 0x7c, 0x0e, 0x50, 0x87, 0x0f, 0x4f, 0x86,
  0x0d, 0x4e, 0x88, 0x0c, 0x4e, 0x88, 0x0b, 0x49, 0x7f, 0x09, 0x41, 0x72,
  0x0a, 0x43, 0x74, 0x0b, 0x42, 0x72, 0x0b, 0x41, 0x70, 0x0a, 0x3d, 0x6b,
  0x09, 0x3d, 0x6b, 0x0a, 0x41, 0x71, 0x0a, 0x3f, 0x6e, 0x0a, 0x3e, 0x6c,
  0x0b, 0x41, 0x71, 0x0a, 0x3f, 0x6f, 0x09, 0x41, 0x73, 0x0a, 0x46, 0x7a,
  0x0b, 0x46, 0x7a, 0x0a, 0x44, 0x78, 0x09, 0x42, 0x75, 0x09, 0x44, 0x78,
  0x09, 0x43, 0x76, 0x07, 0x3d, 0x6e, 0x09, 0x41, 0x72, 0x08, 0x41, 0x74,
  0x08, 0x41, 0x73, 0x08, 0x41, 0x74, 0x07, 0x3e, 0x71, 0x04, 0x37, 0x66,
  0x04, 0x35, 0x62, 0x05, 0x32, 0x5c, 0x04, 0x27, 0x48, 0x04, 0x2a, 0x4e,
  0x03, 0x2b, 0x50, 0x04, 0x2b, 0x51, 0x05, 0x2d, 0x52, 0x05, 0x2c, 0x4f,
  0x05, 0x2e, 0x53, 0x06, 0x2e, 0x53, 0x05, 0x2e, 0x52, 0x06, 0x2e, 0x52,
  0x06, 0x31, 0x56, 0x06, 0x2e, 0x52, 0x06, 0x2c, 0x50, 0x05, 0x2a, 0x4d,
  0x05, 0x2a, 0x4d, 0x05, 0x2c, 0x4f, 0x06, 0x2f, 0x53, 0x06, 0x30, 0x56,
  0x05, 0x31, 0x58, 0x06, 0x34, 0x5e, 0x05, 0x39, 0x69, 0x07, 0x40, 0x73,
  0x09, 0x42, 0x76, 0x09, 0x43, 0x77, 0x09, 0x46, 0x7c, 0x0a, 0x49, 0x7f,
  0x08, 0x43, 0x77, 0x07, 0x3f, 0x72, 0x08, 0x41, 0x74, 0x0b, 0x47, 0x7c,
  0x0c, 0x47, 0x7a, 0x0b, 0x46, 0x78, 0x08, 0x39, 0x64, 0x08, 0x39, 0x65,
  0x0c, 0x48, 0x7c, 0x09, 0x46, 0x7b, 0x08, 0x42, 0x76, 0x0c, 0x4b, 0x81,
  0x0a, 0x45, 0x7b, 0x09, 0x46, 0x7c, 0x0d, 0x4d, 0x84, 0x0c, 0x4b, 0x81,
  0x0b, 0x49, 0x7f, 0x0d, 0x4e, 0x87, 0x0c, 0x4d, 0x85, 0x0b, 0x48, 0x7d,
  0x0b, 0x46, 0x79, 0x0c, 0x46, 0x78, 0x08, 0x3f, 0x6f, 0x08, 0x3d, 0x6c,
  0x07, 0x40, 0x74, 0x06, 0x41, 0x77, 0x06, 0x3c, 0x6f, 0x0a, 0x44, 0x78,
  0x0b, 0x45, 0x79, 0x0c, 0x45, 0x78, 0x0e, 0x4a, 0x7f, 0x0b, 0x3b, 0x66,
  0x04, 0x1e, 0x39, 0x02, 0x1f, 0x3c, 0x02, 0x21, 0x42, 0x02, 0x24, 0x45,
  0x03, 0x23, 0x42, 0x03, 0x1f, 0x3b, 0x03, 0x1b, 0x34, 0x02, 0x1b, 0x35,
  0x03, 0x1c, 0x37, 0x03, 0x18, 0x2d, 0x03, 0x12, 0x21, 0x03, 0x1a, 0x32,
  0x03, 0x17, 0x2c, 0x03, 0x13, 0x23, 0x03, 0x1a, 0x32, 0x02, 0x18, 0x2f,
  0x08, 0x32, 0x58, 0x0b, 0x43, 0x74, 0x0b, 0x42, 0x73, 0x09, 0x3a, 0x66,
  0x0b, 0x43, 0x75, 0x06, 0x27, 0x48, 0x01, 0x18, 0x31, 0x01, 0x1a, 0x36,
  0x01, 0x1a, 0x36, 0x01, 0x1a, 0x36, 0x02, 0x16, 0x30, 0x02, 0x15, 0x2d,
  0x02, 0x14, 0x2a, 0x04, 0x22, 0x3f, 0x04, 0x28, 0x4a, 0x07, 0x33, 0x5a,
  0x0d, 0x4a, 0x7f, 0x09, 0x3b, 0x68, 0x02, 0x14, 0x27, 0x02, 0x10, 0x1f,
  0x02, 0x10, 0x20, 0x03, 0x0d, 0x1a, 0x02, 0x10, 0x1e, 0x02, 0x11, 0x21,
  0x02, 0x0f, 0x1c, 0x02, 0x12, 0x24, 0x02, 0x13, 0x24, 0x02, 0x13, 0x26,
  0x03, 0x19, 0x30, 0x06, 0x2a, 0x4c, 0x05, 0x26, 0x46, 0x03, 0x19, 0x2f,
  0x02, 0x0f, 0x1c, 0x02, 0x0f, 0x1c, 0x02, 0x0f, 0x1c, 0x03, 0x12, 0x21,
  0x02, 0x11, 0x1f, 0x02, 0x12, 0x22, 0x0e, 0x41, 0x6e, 0x13, 0x55, 0x8d,
  0x0f, 0x4d, 0x82, 0x10, 0x4d, 0x82, 0x0f, 0x4c, 0x80, 0x0d, 0x49, 0x7c,
  0x0d, 0x49, 0x7e, 0x0e, 0x4c, 0x81, 0x0d, 0x4e, 0x84, 0x10, 0x52, 0x8b,
  0x11, 0x55, 0x8e, 0x14, 0x5a, 0x95, 0x0c, 0x3b, 0x63, 0x02, 0x18, 0x30,
  0x02, 0x17, 0x2f, 0x09, 0x35, 0x5c, 0x10, 0x51, 0x88, 0x10, 0x50, 0x85,
  0x0e, 0x4e, 0x85, 0x0c, 0x4a, 0x7f, 0x0d, 0x4b, 0x82, 0x0f, 0x4f, 0x86,
  0x11, 0x55, 0x8d, 0x11, 0x52, 0x89, 0x0e, 0x4c, 0x82, 0x0e, 0x4e, 0x85,
  0x0e, 0x4d, 0x84, 0x0d, 0x4c, 0x83, 0x0f, 0x51, 0x89, 0x0c, 0x4d, 0x84,
  0x0f, 0x4f, 0x87, 0x11, 0x55, 0x8e, 0x14, 0x59, 0x92, 0x13, 0x57, 0x8f,
  0x11, 0x53, 0x8b, 0x11, 0x54, 0x8c, 0x0f, 0x4f, 0x87, 0x0f, 0x51, 0x89,
  0x12, 0x52, 0x89, 0x10, 0x4e, 0x84, 0x12, 0x51, 0x85, 0x13, 0x51, 0x86,
  0x12, 0x4f, 0x83, 0x11, 0x4f, 0x84, 0x10, 0x51, 0x87, 0x12, 0x52, 0x89,
  0x14, 0x55, 0x8d, 0x15, 0x58, 0x90, 0x11, 0x53, 0x8a, 0x10, 0x52, 0x8a,
  0x0e, 0x4f, 0x87, 0x10, 0x54, 0x8d, 0x10, 0x4f, 0x86, 0x0c, 0x47, 0x7a,
  0x0d, 0x48, 0x7b, 0x0a, 0x41, 0x71, 0x0a, 0x3f, 0x6e, 0x0a, 0x41, 0x70,
  0x0a, 0x3f, 0x6f, 0x0a, 0x3f, 0x6e, 0x0a, 0x40, 0x6f, 0x09, 0x40, 0x6f,
  0x0c, 0x43, 0x71, 0x09, 0x3e, 0x6d, 0x0a, 0x42, 0x73, 0x0b, 0x48, 0x7c,
  0x0a, 0x46, 0x7a, 0x09, 0x44, 0x78, 0x0b, 0x46, 0x7b, 0x0a, 0x45, 0x78,
  0x09, 0x44, 0x78, 0x09, 0x42, 0x74, 0x0a, 0x43, 0x75, 0x09, 0x42, 0x74,
  0x09, 0x43, 0x76, 0x09, 0x42, 0x75, 0x07, 0x3f, 0x71, 0x06, 0x3b, 0x6b,
  0x06, 0x37, 0x65, 0x05, 0x34, 0x5f, 0x03, 0x28, 0x49, 0x04, 0x29, 0x4d,
  0x04, 0x2b, 0x50, 0x04, 0x2c, 0x52, 0x04, 0x2c, 0x51, 0x05, 0x2d, 0x50,
  0x05, 0x2d, 0x51, 0x05, 0x2e, 0x52, 0x04, 0x2d, 0x51, 0x06, 0x30, 0x55,
  0x06, 0x2c, 0x50, 0x05, 0x2e, 0x52, 0x06, 0x2e, 0x52, 0x05, 0x2d, 0x50,
  0x05, 0x2b, 0x4d, 0x05, 0x2d, 0x50, 0x06, 0x2f, 0x54, 0x07, 0x34, 0x5c,
  0x06, 0x33, 0x5a, 0x07, 0x37, 0x62, 0x07, 0x3c, 0x6a, 0x07, 0x3e, 0x6f,
  0x08, 0x42, 0x75, 0x0a, 0x46, 0x79, 0x0a, 0x45, 0x78, 0x08, 0x43, 0x78,
  0x08, 0x44, 0x79, 0x09, 0x44, 0x79, 0x0a, 0x46, 0x7b, 0x0a, 0x47, 0x7c,
  0x0a, 0x46, 0x7a, 0x0d, 0x4a, 0x7f, 0x09, 0x3a, 0x67, 0x03, 0x1e, 0x3a,
  0x05, 0x2a, 0x4c, 0x08, 0x3b, 0x68, 0x0a, 0x45, 0x7a, 0x0c, 0x49, 0x7f,
  0x0c, 0x49, 0x7f, 0x0a, 0x48, 0x7e, 0x0b, 0x49, 0x7f, 0x0b, 0x49, 0x7f,
  0x0d, 0x4d, 0x84, 0x0e, 0x50, 0x87, 0x0b, 0x4a, 0x81, 0x0b, 0x48, 0x7e,
  0x0d, 0x4b, 0x7f, 0x0c, 0x48, 0x7c, 0x08, 0x41, 0x73, 0x07, 0x3d, 0x6e,
  0x08, 0x40, 0x74, 0x07, 0x41, 0x76, 0x07, 0x3e, 0x70, 0x09, 0x43, 0x77,
  0x0a, 0x45, 0x79, 0x0b, 0x45, 0x78, 0x0d, 0x47, 0x7a, 0x0c, 0x48, 0x7e,
  0x08, 0x34, 0x5c, 0x03, 0x1a, 0x34, 0x02, 0x1b, 0x35, 0x02, 0x1d, 0x38,
  0x03, 0x23, 0x42, 0x02, 0x25, 0x45, 0x03, 0x1b, 0x35, 0x03, 0x18, 0x2d,
  0x03, 0x1a, 0x31, 0x03, 0x1b, 0x35, 0x03, 0x17, 0x2c, 0x03, 0x10, 0x1d,
  0x03, 0x19, 0x31, 0x03, 0x15, 0x28, 0x03, 0x13, 0x25, 0x03, 0x1b, 0x36,
  0x03, 0x1c, 0x34, 0x0a, 0x3d, 0x69, 0x0d, 0x46, 0x77, 0x03, 0x19, 0x30,
  0x03, 0x1d, 0x37, 0x03, 0x1f, 0x3d, 0x01, 0x1b, 0x3a, 0x02, 0x17, 0x30,
  0x02, 0x13, 0x27, 0x02, 0x14, 0x29, 0x02, 0x17, 0x30, 0x02, 0x15, 0x2c,
  0x02, 0x15, 0x2b, 0x01, 0x13, 0x29, 0x01, 0x15, 0x2c, 0x02, 0x10, 0x21,
  0x05, 0x22, 0x3f, 0x07, 0x2d, 0x51, 0x03, 0x15, 0x29, 0x02, 0x0d, 0x19,
  0x02, 0x0e, 0x1b, 0x02, 0x0d, 0x17, 0x03, 0x0d, 0x18, 0x02, 0x0e, 0x1a,
  0x02, 0x0e, 0x19, 0x03, 0x10, 0x1f, 0x02, 0x12, 0x25, 0x01, 0x15, 0x2c,
  0x01, 0x15, 0x2c, 0x01, 0x14, 0x2b, 0x01, 0x13, 0x2a, 0x02, 0x13, 0x27,
  0x02, 0x13, 0x26, 0x02, 0x12, 0x24, 0x03, 0x12, 0x22, 0x03, 0x10, 0x1e,
  0x03, 0x10, 0x1d, 0x03, 0x11, 0x1f, 0x06, 0x22, 0x3c, 0x06, 0x25, 0x43,
  0x05, 0x23, 0x41, 0x04, 0x1f, 0x39, 0x03, 0x1b, 0x33, 0x03, 0x18, 0x2e,
  0x03, 0x19, 0x2f, 0x03, 0x1a, 0x32, 0x03, 0x1e, 0x38, 0x07, 0x2b, 0x4c,
  0x09, 0x35, 0x5d, 0x0d, 0x43, 0x72, 0x10, 0x48, 0x78, 0x03, 0x1a, 0x31,
  0x01, 0x17, 0x30, 0x07, 0x2a, 0x4b, 0x10, 0x4f, 0x84, 0x11, 0x50, 0x85,
  0x10, 0x50, 0x86, 0x0c, 0x4a, 0x7f, 0x0d, 0x4c, 0x83, 0x0f, 0x4e, 0x84,
  0x11, 0x51, 0x87, 0x11, 0x50, 0x86, 0x11, 0x51, 0x87, 0x0f, 0x4f, 0x86,
  0x0c, 0x4a, 0x81, 0x0f, 0x50, 0x88, 0x11, 0x54, 0x8d, 0x12, 0x55, 0x8e,
  0x14, 0x58, 0x91, 0x13, 0x58, 0x91, 0x13, 0x56, 0x8f, 0x14, 0x59, 0x91,
  0x13, 0x57, 0x8f, 0x10, 0x51, 0x87, 0x0e, 0x4c, 0x82, 0x0e, 0x4e, 0x85,
  0x13, 0x55, 0x8c, 0x14, 0x55, 0x8b, 0x11, 0x50, 0x85, 0x13, 0x51, 0x86,
  0x14, 0x55, 0x8a, 0x12, 0x54, 0x8a, 0x12, 0x52, 0x89, 0x12, 0x52, 0x89,
  0x15, 0x58, 0x8f, 0x14, 0x57, 0x8f, 0x13, 0x55, 0x8c, 0x11, 0x52, 0x89,
  0x0e, 0x4e, 0x86, 0x11, 0x53, 0x8b, 0x11, 0x52, 0x8a, 0x0c, 0x4a, 0x7e,
  0x0d, 0x49, 0x7d, 0x0c, 0x46, 0x78, 0x0a, 0x41, 0x71, 0x0a, 0x41, 0x71,
  0x0b, 0x41, 0x70, 0x0b, 0x41, 0x70, 0x0b, 0x43, 0x73, 0x09, 0x40, 0x70,
  0x0a, 0x42, 0x72, 0x08, 0x3d, 0x6c, 0x0b, 0x43, 0x75, 0x0c, 0x49, 0x7e,
  0x0c, 0x4a, 0x80, 0x0b, 0x48, 0x7d, 0x0b, 0x47, 0x7c, 0x0a, 0x44, 0x78,
  0x0a, 0x46, 0x7a, 0x0a, 0x44, 0x78, 0x0a, 0x44, 0x77, 0x0b, 0x45, 0x78,
  0x0a, 0x45, 0x7a, 0x08, 0x41, 0x74, 0x07, 0x41, 0x74, 0x08, 0x40, 0x70,
  0x07, 0x3a, 0x68, 0x05, 0x35, 0x61, 0x04, 0x29, 0x4a, 0x03, 0x2a, 0x4e,
  0x04, 0x2d, 0x53, 0x05, 0x2f, 0x57, 0x05, 0x30, 0x57, 0x05, 0x2b, 0x4f,
  0x05, 0x2b, 0x4d, 0x05, 0x2c, 0x4f, 0x05, 0x2e, 0x53, 0x06, 0x30, 0x56,
  0x06, 0x2e, 0x52, 0x05, 0x2d, 0x51, 0x05, 0x2e, 0x52, 0x06, 0x2e, 0x52,
  0x06, 0x2f, 0x53, 0x05, 0x30, 0x55, 0x06, 0x31, 0x57, 0x07, 0x35, 0x5d,
  0x08, 0x37, 0x5f, 0x09, 0x3b, 0x65, 0x08, 0x3c, 0x68, 0x08, 0x3e, 0x6c,
  0x08, 0x3f, 0x6f, 0x08, 0x3f, 0x6e, 0x0b, 0x44, 0x77, 0x0a, 0x47, 0x7c,
  0x0a, 0x47, 0x7c, 0x0a, 0x46, 0x7c, 0x0b, 0x48, 0x7e, 0x08, 0x43, 0x77,
  0x0a, 0x47, 0x7c, 0x0b, 0x47, 0x7c, 0x0c, 0x49, 0x7e, 0x06, 0x2d, 0x52,
  0x03, 0x1f, 0x3a, 0x03, 0x21, 0x3f, 0x06, 0x2e, 0x54, 0x0a, 0x44, 0x77,
  0x0c, 0x4c, 0x83, 0x0a, 0x47, 0x7d, 0x0b, 0x48, 0x7d, 0x0f, 0x50, 0x87,
  0x10, 0x52, 0x8a, 0x0f, 0x50, 0x88, 0x0d, 0x4c, 0x82, 0x0c, 0x49, 0x7f,
  0x0d, 0x4a, 0x7f, 0x0c, 0x47, 0x7a, 0x09, 0x40, 0x71, 0x08, 0x3f, 0x70,
  0x08, 0x3f, 0x72, 0x07, 0x3f, 0x72, 0x08, 0x41, 0x75, 0x0a, 0x46, 0x7b,
  0x0a, 0x45, 0x7a, 0x0b, 0x45, 0x79, 0x0d, 0x49, 0x7d, 0x0c, 0x46, 0x7a,
  0x0b, 0x41, 0x70, 0x03, 0x1d, 0x39, 0x02, 0x1c, 0x36, 0x03, 0x19, 0x2f,
  0x02, 0x17, 0x2d, 0x02, 0x19, 0x2f, 0x03, 0x1b, 0x33, 0x03, 0x1a, 0x32,
  0x03, 0x17, 0x2b, 0x03, 0x15, 0x28, 0x02, 0x19, 0x31, 0x03, 0x16, 0x2a,
  0x03, 0x10, 0x1e, 0x03, 0x17, 0x2c, 0x03, 0x13, 0x25, 0x04, 0x14, 0x25,
  0x02, 0x18, 0x2f, 0x05, 0x22, 0x3e, 0x0d, 0x49, 0x7d, 0x07, 0x29, 0x4a,
  0x01, 0x14, 0x2a, 0x01, 0x1c, 0x39, 0x02, 0x14, 0x29, 0x02, 0x10, 0x21,
  0x02, 0x16, 0x2e, 0x02, 0x10, 0x21, 0x02, 0x0f, 0x1c, 0x02, 0x15, 0x2b,
  0x02, 0x13, 0x28, 0x02, 0x19, 0x33, 0x02, 0x14, 0x28, 0x02, 0x12, 0x23,
  0x01, 0x14, 0x29, 0x01, 0x13, 0x28, 0x01, 0x17, 0x2f, 0x02, 0x15, 0x2b,
  0x02, 0x14, 0x29, 0x02, 0x12, 0x26, 0x02, 0x0f, 0x1e, 0x02, 0x0d, 0x19,
  0x02, 0x11, 0x20, 0x02, 0x15, 0x2c, 0x01, 0x16, 0x2e, 0x01, 0x15, 0x2d,
  0x01, 0x15, 0x2e, 0x02, 0x15, 0x2a, 0x02, 0x11, 0x21, 0x02, 0x0d, 0x19,
  0x02, 0x0d, 0x18, 0x02, 0x0d, 0x19, 0x02, 0x0e, 0x1b, 0x02, 0x10, 0x1f,
  0x03, 0x15, 0x26, 0x03, 0x16, 0x27, 0x02, 0x11, 0x20, 0x02, 0x0f, 0x1d,
  0x02, 0x0d, 0x1a, 0x02, 0x10, 0x1f, 0x03, 0x13, 0x23, 0x03, 0x15, 0x27,
  0x03, 0x16, 0x2a, 0x02, 0x16, 0x29, 0x02, 0x14, 0x27, 0x02, 0x10, 0x20,
  0x02, 0x0f, 0x1e, 0x02, 0x12, 0x23, 0x05, 0x1d, 0x34, 0x04, 0x14, 0x24,
  0x02, 0x16, 0x2c, 0x02, 0x1b, 0x35, 0x0e, 0x46, 0x76, 0x14, 0x56, 0x8e,
  0x12, 0x51, 0x87, 0x10, 0x4e, 0x83, 0x10, 0x50, 0x86, 0x11, 0x50, 0x86,
  0x12, 0x54, 0x8b, 0x12, 0x52, 0x89, 0x13, 0x54, 0x8a, 0x11, 0x51, 0x87,
  0x12, 0x53, 0x8b, 0x11, 0x53, 0x8a, 0x12, 0x55, 0x8e, 0x13, 0x56, 0x8e,
  0x15, 0x58, 0x90, 0x12, 0x55, 0x8d, 0x14, 0x57, 0x8f, 0x15, 0x59, 0x91,
  0x15, 0x58, 0x90, 0x15, 0x56, 0x8d, 0x10, 0x4e, 0x83, 0x10, 0x4f, 0x85,
  0x13, 0x53, 0x88, 0x12, 0x50, 0x85, 0x17, 0x58, 0x8e, 0x16, 0x59, 0x8f,
  0x16, 0x59, 0x90, 0x12, 0x54, 0x8b, 0x11, 0x51, 0x87, 0x12, 0x52, 0x8a,
  0x12, 0x53, 0x8a, 0x15, 0x58, 0x90, 0x13, 0x56, 0x8d, 0x11, 0x51, 0x87,
  0x11, 0x51, 0x87, 0x13, 0x57, 0x8f, 0x15, 0x5a, 0x93, 0x10, 0x52, 0x8a,
  0x0c, 0x4a, 0x80, 0x0e, 0x4b, 0x80, 0x0c, 0x47, 0x7c, 0x0a, 0x43, 0x76,
  0x0a, 0x42, 0x74, 0x0b, 0x43, 0x74, 0x0c, 0x47, 0x7b, 0x0b, 0x44, 0x75,
  0x0a, 0x42, 0x73, 0x0d, 0x47, 0x79, 0x0f, 0x4e, 0x83, 0x0c, 0x4a, 0x80,
  0x0c, 0x4c, 0x84, 0x0d, 0x50, 0x89, 0x0c, 0x4c, 0x84, 0x09, 0x43, 0x78,
  0x09, 0x44, 0x77, 0x09, 0x45, 0x78, 0x09, 0x43, 0x76, 0x09, 0x42, 0x75,
  0x09, 0x44, 0x77, 0x08, 0x43, 0x78, 0x08, 0x43, 0x76, 0x08, 0x40, 0x70,
  0x07, 0x3a, 0x68, 0x05, 0x34, 0x5e, 0x04, 0x2a, 0x4b, 0x04, 0x2b, 0x50,
  0x05, 0x2e, 0x55, 0x05, 0x30, 0x57, 0x05, 0x30, 0x58, 0x05, 0x2e, 0x52,
  0x05, 0x2c, 0x50, 0x05, 0x2d, 0x51, 0x06, 0x30, 0x56, 0x06, 0x2f, 0x54,
  0x06, 0x31, 0x57, 0x06, 0x31, 0x57, 0x06, 0x2e, 0x52, 0x06, 0x2e, 0x51,
  0x06, 0x31, 0x56, 0x05, 0x30, 0x56, 0x06, 0x32, 0x59, 0x07, 0x35, 0x5d,
  0x09, 0x39, 0x61, 0x09, 0x39, 0x62, 0x07, 0x3a, 0x66, 0x07, 0x3d, 0x6c,
  0x09, 0x3e, 0x6e, 0x09, 0x41, 0x71, 0x0a, 0x44, 0x78, 0x0a, 0x47, 0x7c,
  0x0a, 0x45, 0x79, 0x0b, 0x46, 0x7a, 0x0a, 0x44, 0x77, 0x09, 0x43, 0x77,
  0x0a, 0x45, 0x7a, 0x0b, 0x47, 0x7b, 0x0c, 0x49, 0x7f, 0x0a, 0x3d, 0x6a,
  0x04, 0x21, 0x3d, 0x04, 0x24, 0x43, 0x03, 0x20, 0x3d, 0x05, 0x26, 0x45,
  0x0b, 0x40, 0x6e, 0x0d, 0x4c, 0x82, 0x0e, 0x4d, 0x83, 0x0f, 0x4f, 0x86,
  0x10, 0x52, 0x8b, 0x10, 0x52, 0x89, 0x0e, 0x4b, 0x80, 0x0b, 0x44, 0x77,
  0x0b, 0x45, 0x77, 0x0b, 0x42, 0x74, 0x08, 0x3d, 0x6c, 0x08, 0x3f, 0x70,
  0x08, 0x40, 0x73, 0x09, 0x43, 0x78, 0x0a, 0x48, 0x7e, 0x0a, 0x46, 0x7b,
  0x08, 0x43, 0x77, 0x0a, 0x44, 0x78, 0x0b, 0x46, 0x7b, 0x0c, 0x48, 0x7d,
  0x0e, 0x4b, 0x80, 0x06, 0x2a, 0x4d, 0x01, 0x18, 0x32, 0x02, 0x1d, 0x39,
  0x02, 0x1c, 0x36, 0x02, 0x1a, 0x32, 0x02, 0x19, 0x30, 0x02, 0x1a, 0x32,
  0x02, 0x19, 0x30, 0x03, 0x15, 0x29, 0x03, 0x13, 0x23, 0x02, 0x18, 0x30,
  0x03, 0x16, 0x2a, 0x03, 0x10, 0x1f, 0x03, 0x1a, 0x32, 0x03, 0x15, 0x27,
  0x03, 0x13, 0x22, 0x02, 0x15, 0x28, 0x06, 0x2e, 0x52, 0x05, 0x22, 0x3f,
  0x01, 0x14, 0x2a, 0x02, 0x17, 0x2f, 0x03, 0x10, 0x1e, 0x02, 0x12, 0x25,
  0x02, 0x1e, 0x3f, 0x02, 0x13, 0x25, 0x03, 0x0d, 0x17, 0x02, 0x0e, 0x1b,
  0x02, 0x15, 0x2b, 0x01, 0x17, 0x2f, 0x02, 0x11, 0x23, 0x02, 0x10, 0x1f,
  0x02, 0x16, 0x2c, 0x02, 0x17, 0x31, 0x02, 0x15, 0x2b, 0x02, 0x14, 0x2a,
  0x02, 0x14, 0x29, 0x02, 0x11, 0x23, 0x02, 0x11, 0x24, 0x01, 0x13, 0x28,
  0x01, 0x16, 0x2f, 0x01, 0x15, 0x2d, 0x01, 0x16, 0x2e, 0x02, 0x14, 0x28,
  0x02, 0x10, 0x1f, 0x02, 0x0e, 0x1b, 0x03, 0x10, 0x1e, 0x03, 0x16, 0x28,
  0x04, 0x1a, 0x2e, 0x03, 0x1b, 0x30, 0x03, 0x19, 0x2e, 0x03, 0x15, 0x27,
  0x03, 0x12, 0x22, 0x03, 0x15, 0x25, 0x03, 0x19, 0x2d, 0x04, 0x1a, 0x2f,
  0x04, 0x18, 0x2a, 0x03, 0x13, 0x22, 0x03, 0x10, 0x1d, 0x03, 0x12, 0x1f,
  0x04, 0x17, 0x29, 0x03, 0x18, 0x2a, 0x03, 0x1e, 0x35, 0x05, 0x20, 0x38,
  0x04, 0x1b, 0x2f, 0x03, 0x15, 0x25, 0x03, 0x0e, 0x1a, 0x03, 0x0d, 0x18,
  0x03, 0x0e, 0x1a, 0x02, 0x12, 0x25, 0x06, 0x25, 0x42, 0x0e, 0x43, 0x6f,
  0x11, 0x4c, 0x7d, 0x10, 0x4b, 0x7e, 0x11, 0x4d, 0x81, 0x11, 0x4d, 0x80,
  0x11, 0x4b, 0x7d, 0x11, 0x4d, 0x80, 0x11, 0x4f, 0x83, 0x10, 0x4f, 0x84,
  0x11, 0x51, 0x87, 0x11, 0x52, 0x8a, 0x11, 0x53, 0x8c, 0x11, 0x53, 0x8b,
  0x11, 0x53, 0x8b, 0x13, 0x55, 0x8d, 0x13, 0x55, 0x8c, 0x12, 0x55, 0x8d,
  0x12, 0x52, 0x89, 0x14, 0x55, 0x8c, 0x14, 0x55, 0x8b, 0x13, 0x54, 0x8a,
  0x13, 0x53, 0x89, 0x12, 0x52, 0x87, 0x15, 0x56, 0x8b, 0x14, 0x55, 0x8a,
  0x11, 0x50, 0x85, 0x10, 0x4e, 0x84, 0x0e, 0x4d, 0x84, 0x11, 0x54, 0x8b,
  0x11, 0x52, 0x89, 0x14, 0x58, 0x91, 0x14, 0x57, 0x8f, 0x11, 0x51, 0x88,
  0x13, 0x54, 0x8b, 0x16, 0x5a, 0x92, 0x15, 0x58, 0x91, 0x12, 0x54, 0x8b,
  0x11, 0x51, 0x88, 0x0f, 0x4f, 0x86, 0x10, 0x52, 0x89, 0x0c, 0x4a, 0x81,
  0x0b, 0x49, 0x7f, 0x0c, 0x4a, 0x81, 0x0f, 0x52, 0x8a, 0x10, 0x52, 0x8a,
  0x0e, 0x4e, 0x84, 0x0f, 0x4e, 0x85, 0x0f, 0x4e, 0x85, 0x0c, 0x4c, 0x82,
  0x0b, 0x4c, 0x84, 0x0d, 0x51, 0x8b, 0x0d, 0x4f, 0x87, 0x09, 0x47, 0x7d,
  0x09, 0x44, 0x79, 0x09, 0x45, 0x7a, 0x09, 0x46, 0x7a, 0x09, 0x44, 0x76,
  0x08, 0x42, 0x75, 0x07, 0x43, 0x79, 0x09, 0x47, 0x7e, 0x08, 0x42, 0x75,
  0x08, 0x3c, 0x6b, 0x07, 0x36, 0x60, 0x04, 0x2a, 0x4c, 0x04, 0x2c, 0x51,
  0x04, 0x2b, 0x50, 0x04, 0x2d, 0x52, 0x04, 0x2e, 0x53, 0x05, 0x2c, 0x4f,
  0x05, 0x2d, 0x51, 0x05, 0x2d, 0x51, 0x06, 0x30, 0x54, 0x06, 0x30, 0x55,
  0x06, 0x31, 0x57, 0x07, 0x33, 0x5a, 0x07, 0x30, 0x54, 0x06, 0x2e, 0x52,
  0x06, 0x31, 0x58, 0x06, 0x34, 0x5d, 0x06, 0x33, 0x5b, 0x07, 0x36, 0x5f,
  0x08, 0x39, 0x63, 0x07, 0x36, 0x5f, 0x07, 0x37, 0x61, 0x07, 0x3a, 0x67,
  0x09, 0x3d, 0x6b, 0x09, 0x40, 0x70, 0x0a, 0x46, 0x79, 0x0b, 0x47, 0x7c,
  0x0b, 0x48, 0x7e, 0x0a, 0x44, 0x78, 0x0b, 0x45, 0x78, 0x0a, 0x47, 0x7b,
  0x0c, 0x49, 0x7d, 0x0d, 0x49, 0x7e, 0x0b, 0x47, 0x7b, 0x0b, 0x45, 0x77,
  0x06, 0x28, 0x47, 0x04, 0x20, 0x3b, 0x04, 0x23, 0x43, 0x04, 0x21, 0x3d,
  0x04, 0x22, 0x3f, 0x07, 0x35, 0x5e, 0x0d, 0x4b, 0x82, 0x0d, 0x4b, 0x81,
  0x10, 0x51, 0x87, 0x10, 0x51, 0x88, 0x0f, 0x4f, 0x85, 0x0d, 0x48, 0x7c,
  0x0a, 0x42, 0x75, 0x0c, 0x45, 0x78, 0x0a, 0x42, 0x74, 0x09, 0x42, 0x75,
  0x0a, 0x46, 0x7a, 0x0b, 0x49, 0x81, 0x0a, 0x4a, 0x82, 0x09, 0x48, 0x80,
  0x08, 0x46, 0x7d, 0x08, 0x46, 0x7e, 0x09, 0x47, 0x7f, 0x09, 0x46, 0x7d,
  0x0b, 0x49, 0x80, 0x0b, 0x48, 0x7e, 0x09, 0x36, 0x60, 0x04, 0x20, 0x3d,
  0x02, 0x1b, 0x34, 0x03, 0x1e, 0x39, 0x03, 0x1e, 0x3b, 0x03, 0x1c, 0x36,
  0x03, 0x1b, 0x33, 0x03, 0x19, 0x2f, 0x03, 0x14, 0x25, 0x03, 0x13, 0x23,
  0x03, 0x15, 0x29, 0x03, 0x15, 0x27, 0x03, 0x11, 0x1f, 0x03, 0x1a, 0x33,
  0x03, 0x14, 0x27, 0x03, 0x12, 0x23, 0x02, 0x11, 0x21, 0x01, 0x11, 0x23,
  0x02, 0x13, 0x28, 0x02, 0x15, 0x2b, 0x02, 0x0f, 0x1e, 0x02, 0x10, 0x21,
  0x02, 0x16, 0x2d, 0x03, 0x0d, 0x17, 0x02, 0x11, 0x20, 0x02, 0x13, 0x25,
  0x02, 0x13, 0x27, 0x01, 0x15, 0x2b, 0x01, 0x15, 0x2d, 0x01, 0x16, 0x2f,
  0x02, 0x13, 0x28, 0x02, 0x17, 0x2f, 0x02, 0x16, 0x2c, 0x02, 0x12, 0x26,
  0x02, 0x12, 0x25, 0x01, 0x16, 0x2e, 0x01, 0x16, 0x30, 0x02, 0x14, 0x2a,
  0x02, 0x14, 0x2a, 0x02, 0x12, 0x25, 0x02, 0x10, 0x1f, 0x02, 0x0d, 0x19,
  0x02, 0x0d, 0x18, 0x02, 0x0e, 0x1b, 0x03, 0x15, 0x27, 0x03, 0x1e, 0x37,
  0x04, 0x1f, 0x38, 0x05, 0x21, 0x3b, 0x05, 0x21, 0x3b, 0x04, 0x24, 0x40,
  0x04, 0x1f, 0x37, 0x03, 0x15, 0x26, 0x03, 0x11, 0x1e, 0x04, 0x15, 0x24,
  0x05, 0x1d, 0x32, 0x05, 0x1f, 0x36, 0x06, 0x1f, 0x35, 0x05, 0x1c, 0x30,
  0x04, 0x16, 0x26, 0x03, 0x13, 0x22, 0x03, 0x16, 0x28, 0x04, 0x1a, 0x2e,
  0x04, 0x17, 0x29, 0x03, 0x14, 0x25, 0x03, 0x15, 0x27, 0x04, 0x1a, 0x2e,
  0x04, 0x1c, 0x31, 0x03, 0x19, 0x2d, 0x03, 0x16, 0x28, 0x03, 0x19, 0x2e,
  0x03, 0x1b, 0x33, 0x03, 0x1b, 0x33, 0x04, 0x1d, 0x36, 0x03, 0x1d, 0x37,
  0x02, 0x1b, 0x33, 0x03, 0x1f, 0x3a, 0x04, 0x23, 0x41, 0x05, 0x26, 0x46,
  0x05, 0x26, 0x46, 0x06, 0x2a, 0x4c, 0x08, 0x33, 0x59, 0x09, 0x35, 0x5d,
  0x0a, 0x39, 0x64, 0x0f, 0x46, 0x75, 0x0f, 0x4a, 0x7c, 0x11, 0x51, 0x86,
  0x14, 0x57, 0x8e, 0x16, 0x5c, 0x95, 0x16, 0x5c, 0x95, 0x15, 0x57, 0x8f,
  0x15, 0x58, 0x8f, 0x12, 0x53, 0x8a, 0x13, 0x55, 0x8c, 0x13, 0x53, 0x89,
  0x11, 0x4f, 0x84, 0x0f, 0x4c, 0x81, 0x0d, 0x4b, 0x81, 0x0d, 0x4b, 0x82,
  0x0e, 0x4e, 0x85, 0x11, 0x52, 0x8a, 0x13, 0x55, 0x8d, 0x12, 0x53, 0x8a,
  0x14, 0x56, 0x8e, 0x14, 0x56, 0x8e, 0x10, 0x51, 0x88, 0x0f, 0x50, 0x86,
  0x10, 0x51, 0x89, 0x10, 0x51, 0x8a, 0x0f, 0x50, 0x89, 0x0e, 0x51, 0x8a,
  0x0e, 0x53, 0x8e, 0x0e, 0x54, 0x90, 0x0e, 0x53, 0x8e, 0x12, 0x59, 0x95,
  0x10, 0x56, 0x90, 0x0f, 0x50, 0x88, 0x0f, 0x4f, 0x87, 0x0d, 0x4e, 0x86,
  0x0f, 0x53, 0x8e, 0x0d, 0x51, 0x8b, 0x0b, 0x4a, 0x81, 0x09, 0x47, 0x7e,
  0x08, 0x43, 0x78, 0x09, 0x43, 0x76, 0x0a, 0x46, 0x7a, 0x09, 0x46, 0x7b,
  0x09, 0x45, 0x79, 0x08, 0x45, 0x7b, 0x09, 0x47, 0x7e, 0x08, 0x43, 0x78,
  0x07, 0x3e, 0x6e, 0x06, 0x37, 0x62, 0x05, 0x29, 0x4b, 0x04, 0x2b, 0x4f,
  0x03, 0x2a, 0x4f, 0x04, 0x2e, 0x55, 0x05, 0x2e, 0x53, 0x05, 0x2d, 0x51,
  0x06, 0x30, 0x55, 0x06, 0x2f, 0x55, 0x06, 0x30, 0x56, 0x06, 0x31, 0x58,
  0x06, 0x32, 0x59, 0x07, 0x32, 0x59, 0x06, 0x30, 0x55, 0x06, 0x30, 0x55,
  0x06, 0x32, 0x59, 0x06, 0x34, 0x5d, 0x05, 0x33, 0x5b, 0x06, 0x35, 0x5e,
  0x07, 0x37, 0x61, 0x08, 0x36, 0x5e, 0x08, 0x38, 0x61, 0x07, 0x38, 0x63,
  0x07, 0x39, 0x64, 0x08, 0x3a, 0x66, 0x09, 0x3e, 0x6f, 0x0a, 0x45, 0x79,
  0x0a, 0x47, 0x7c, 0x08, 0x42, 0x75, 0x0b, 0x47, 0x7b, 0x0c, 0x4a, 0x80,
  0x0d, 0x4b, 0x80, 0x0c, 0x48, 0x7d, 0x0b, 0x45, 0x79, 0x0a, 0x45, 0x7a,
  0x07, 0x30, 0x55, 0x04, 0x1e, 0x39, 0x04, 0x21, 0x3e, 0x04, 0x1f, 0x39,
  0x04, 0x20, 0x3c, 0x03, 0x20, 0x3d, 0x07, 0x31, 0x57, 0x0c, 0x47, 0x7b,
  0x0c, 0x48, 0x7d, 0x0c, 0x4a, 0x81, 0x10, 0x51, 0x88, 0x10, 0x50, 0x87,
  0x0b, 0x43, 0x75, 0x0c, 0x46, 0x78, 0x0c, 0x46, 0x7a, 0x09, 0x43, 0x77,
  0x09, 0x42, 0x77, 0x08, 0x44, 0x79, 0x08, 0x44, 0x7b, 0x09, 0x49, 0x82,
  0x09, 0x4d, 0x88, 0x0a, 0x4d, 0x88, 0x0a, 0x4a, 0x83, 0x08, 0x44, 0x7a,
  0x09, 0x47, 0x7d, 0x09, 0x47, 0x7e, 0x0b, 0x4b, 0x83, 0x0a, 0x42, 0x73,
  0x06, 0x2a, 0x4c, 0x04, 0x1d, 0x36, 0x02, 0x1a, 0x31, 0x02, 0x1c, 0x37,
  0x02, 0x1d, 0x38, 0x03, 0x1c, 0x35, 0x03, 0x1a, 0x30, 0x03, 0x14, 0x25,
  0x03, 0x10, 0x1e, 0x03, 0x13, 0x24, 0x03, 0x14, 0x26, 0x03, 0x12, 0x22,
  0x03, 0x17, 0x2c, 0x03, 0x12, 0x22, 0x03, 0x11, 0x21, 0x02, 0x13, 0x25,
  0x02, 0x13, 0x26, 0x02, 0x10, 0x22, 0x02, 0x16, 0x2d, 0x01, 0x1a, 0x36,
  0x02, 0x19, 0x33, 0x02, 0x11, 0x22, 0x02, 0x19, 0x34, 0x02, 0x1a, 0x34,
  0x02, 0x11, 0x21, 0x02, 0x15, 0x2d, 0x02, 0x13, 0x27, 0x02, 0x14, 0x29,
  0x02, 0x12, 0x25, 0x02, 0x10, 0x1f, 0x02, 0x10, 0x20, 0x02, 0x13, 0x29,
  0x01, 0x16, 0x30, 0x01, 0x15, 0x2d, 0x01, 0x15, 0x2e, 0x02, 0x14, 0x2a,
  0x02, 0x0e, 0x1c, 0x02, 0x0e, 0x1a, 0x03, 0x11, 0x1f, 0x03, 0x13, 0x22,
  0x03, 0x14, 0x24, 0x03, 0x14, 0x24, 0x03, 0x14, 0x24, 0x03, 0x15, 0x27,
  0x03, 0x14, 0x25, 0x03, 0x15, 0x25, 0x03, 0x16, 0x27, 0x04, 0x17, 0x29,
  0x04, 0x1d, 0x32, 0x04, 0x1f, 0x38, 0x04, 0x1c, 0x32, 0x04, 0x14, 0x23,
  0x04, 0x10, 0x1b, 0x05, 0x17, 0x26, 0x05, 0x1b, 0x2f, 0x05, 0x1d, 0x32,
  0x05, 0x1b, 0x2f, 0x05, 0x15, 0x23, 0x04, 0x12, 0x1e, 0x04, 0x11, 0x1d,
  0x04, 0x15, 0x25, 0x05, 0x1d, 0x32, 0x05, 0x1c, 0x31, 0x06, 0x20, 0x37,
  0x07, 0x28, 0x45, 0x06, 0x26, 0x41, 0x05, 0x22, 0x3b, 0x04, 0x1d, 0x36,
  0x03, 0x20, 0x3a, 0x03, 0x1f, 0x38, 0x03, 0x1d, 0x34, 0x03, 0x1b, 0x32,
  0x03, 0x1b, 0x32, 0x03, 0x1c, 0x34, 0x03, 0x1c, 0x33, 0x02, 0x1c, 0x34,
  0x02, 0x1c, 0x37, 0x02, 0x1c, 0x36, 0x02, 0x1d, 0x37, 0x02, 0x1d, 0x37,
  0x02, 0x1c, 0x36, 0x03, 0x21, 0x3f, 0x03, 0x22, 0x40, 0x05, 0x25, 0x44,
  0x07, 0x2c, 0x4e, 0x0a, 0x35, 0x5d, 0x0c, 0x3e, 0x6a, 0x0c, 0x40, 0x6e,
  0x0f, 0x43, 0x70, 0x10, 0x4a, 0x7b, 0x13, 0x51, 0x85, 0x14, 0x54, 0x88,
  0x12, 0x53, 0x89, 0x11, 0x51, 0x87, 0x13, 0x55, 0x8c, 0x13, 0x55, 0x8d,
  0x10, 0x50, 0x86, 0x10, 0x50, 0x87, 0x12, 0x52, 0x88, 0x13, 0x55, 0x8b,
  0x14, 0x56, 0x8d, 0x14, 0x57, 0x8d, 0x13, 0x56, 0x8c, 0x12, 0x55, 0x8c,
  0x0e, 0x4e, 0x86, 0x0f, 0x50, 0x88, 0x0c, 0x4d, 0x85, 0x0e, 0x52, 0x8d,
  0x0d, 0x50, 0x8b, 0x0d, 0x52, 0x8c, 0x0e, 0x53, 0x8d, 0x0d, 0x50, 0x8a,
  0x0e, 0x51, 0x8b, 0x0f, 0x53, 0x8d, 0x11, 0x54, 0x8e, 0x0f, 0x53, 0x8c,
  0x10, 0x56, 0x90, 0x0e, 0x53, 0x8e, 0x0b, 0x4b, 0x82, 0x0b, 0x4b, 0x82,
  0x09, 0x45, 0x7a, 0x09, 0x44, 0x79, 0x0a, 0x45, 0x7a, 0x09, 0x46, 0x7c,
  0x0a, 0x48, 0x7f, 0x0a, 0x48, 0x7f, 0x09, 0x46, 0x7d, 0x07, 0x41, 0x75,
  0x07, 0x3e, 0x6f, 0x06, 0x38, 0x64, 0x05, 0x2b, 0x4d, 0x04, 0x2d, 0x52,
  0x04, 0x2c, 0x51, 0x07, 0x34, 0x5d, 0x07, 0x32, 0x59, 0x05, 0x2f, 0x54,
  0x07, 0x32, 0x58, 0x06, 0x32, 0x58, 0x06, 0x31, 0x58, 0x06, 0x33, 0x5b,
  0x07, 0x32, 0x59, 0x07, 0x32, 0x59, 0x07, 0x32, 0x59, 0x07, 0x33, 0x5a,
  0x07, 0x33, 0x5b, 0x07, 0x34, 0x5e, 0x06, 0x35, 0x5e, 0x06, 0x36, 0x61,
  0x06, 0x36, 0x60, 0x07, 0x34, 0x5c, 0x08, 0x37, 0x60, 0x08, 0x39, 0x63,
  0x08, 0x3a, 0x65, 0x08, 0x3a, 0x65, 0x08, 0x3b, 0x67, 0x09, 0x42, 0x75,
  0x08, 0x40, 0x72, 0x09, 0x42, 0x75, 0x0c, 0x4c, 0x83, 0x0b, 0x48, 0x7d,
  0x0d, 0x49, 0x7e, 0x0c, 0x48, 0x7c, 0x0b, 0x45, 0x78, 0x0a, 0x44, 0x78,
  0x08, 0x36, 0x61, 0x03, 0x1e, 0x3a, 0x03, 0x1e, 0x39, 0x04, 0x1e, 0x39,
  0x04, 0x1d, 0x35, 0x04, 0x21, 0x3e, 0x03, 0x1e, 0x38, 0x06, 0x2d, 0x52,
  0x0b, 0x46, 0x7b, 0x0c, 0x4a, 0x81, 0x0d, 0x4b, 0x81, 0x0e, 0x4b, 0x81,
  0x0d, 0x46, 0x79, 0x0a, 0x42, 0x74, 0x0b, 0x44, 0x77, 0x0b, 0x45, 0x7a,
  0x08, 0x42, 0x76, 0x0a, 0x44, 0x78, 0x0b, 0x49, 0x7f, 0x0a, 0x49, 0x82,
  0x09, 0x48, 0x80, 0x09, 0x49, 0x81, 0x08, 0x45, 0x7c, 0x08, 0x43, 0x78,
  0x08, 0x45, 0x7b, 0x08, 0x45, 0x7c, 0x09, 0x47, 0x7d, 0x0a, 0x46, 0x7b,
  0x0b, 0x48, 0x7f, 0x0a, 0x43, 0x74, 0x08, 0x38, 0x62, 0x05, 0x2c, 0x50,
  0x03, 0x1d, 0x37, 0x02, 0x18, 0x2e, 0x02, 0x18, 0x2f, 0x03, 0x18, 0x2e,
  0x03, 0x15, 0x27, 0x03, 0x11, 0x20, 0x03, 0x13, 0x23, 0x03, 0x11, 0x21,
  0x03, 0x10, 0x1f, 0x02, 0x13, 0x25, 0x03, 0x13, 0x24, 0x02, 0x14, 0x26,
  0x02, 0x12, 0x23, 0x02, 0x14, 0x2a, 0x01, 0x18, 0x32, 0x02, 0x14, 0x2a,
  0x02, 0x1a, 0x35, 0x02, 0x1b, 0x38, 0x02, 0x16, 0x2c, 0x03, 0x0e, 0x1b,
  0x03, 0x0f, 0x1b, 0x01, 0x15, 0x2d, 0x02, 0x13, 0x28, 0x02, 0x11, 0x22,
  0x02, 0x0d, 0x19, 0x02, 0x10, 0x20, 0x01, 0x16, 0x2d, 0x01, 0x15, 0x2d,
  0x01, 0x16, 0x30, 0x01, 0x16, 0x2f, 0x01, 0x11, 0x24, 0x02, 0x0e, 0x1c,
  0x04, 0x16, 0x28, 0x05, 0x22, 0x3b, 0x05, 0x20, 0x38, 0x04, 0x1b, 0x31,
  0x05, 0x20, 0x38, 0x05, 0x25, 0x42, 0x04, 0x23, 0x3f, 0x04, 0x20, 0x39,
  0x05, 0x1e, 0x35, 0x04, 0x1c, 0x32, 0x03, 0x18, 0x2a, 0x03, 0x14, 0x24,
  0x03, 0x10, 0x1c, 0x03, 0x12, 0x1e, 0x04, 0x15, 0x25, 0x05, 0x1c, 0x30,
  0x05, 0x18, 0x28, 0x03, 0x10, 0x1c, 0x03, 0x10, 0x1b, 0x04, 0x10, 0x1b,
  0x04, 0x11, 0x1c, 0x05, 0x13, 0x20, 0x05, 0x12, 0x1e, 0x04, 0x11, 0x1d,
  0x03, 0x12, 0x20, 0x04, 0x17, 0x29, 0x05, 0x19, 0x2b, 0x03, 0x16, 0x26,
  0x04, 0x19, 0x2c, 0x05, 0x1a, 0x2d, 0x05, 0x1d, 0x32, 0x05, 0x1d, 0x33,
  0x04, 0x1c, 0x30, 0x04, 0x1c, 0x31, 0x04, 0x1a, 0x2f, 0x04, 0x1a, 0x2f,
  0x04, 0x19, 0x2e, 0x03, 0x19, 0x2d, 0x04, 0x19, 0x2e, 0x03, 0x19, 0x2e,
  0x03, 0x1a, 0x30, 0x03, 0x19, 0x2e, 0x03, 0x1b, 0x31, 0x03, 0x1b, 0x33,
  0x03, 0x1c, 0x34, 0x04, 0x1d, 0x35, 0x03, 0x1b, 0x32, 0x03, 0x1a, 0x31,
  0x03, 0x1a, 0x31, 0x03, 0x1c, 0x35, 0x03, 0x1e, 0x38, 0x02, 0x20, 0x3d,
  0x03, 0x1f, 0x39, 0x04, 0x20, 0x3b, 0x05, 0x24, 0x41, 0x07, 0x29, 0x4a,
  0x08, 0x2f, 0x53, 0x0b, 0x3a, 0x63, 0x10, 0x49, 0x79, 0x12, 0x4f, 0x82,
  0x11, 0x50, 0x85, 0x14, 0x56, 0x8c, 0x16, 0x59, 0x92, 0x16, 0x5b, 0x94,
  0x14, 0x58, 0x91, 0x15, 0x5b, 0x95, 0x14, 0x57, 0x90, 0x13, 0x56, 0x8f,
  0x14, 0x57, 0x8f, 0x10, 0x52, 0x89, 0x0d, 0x4d, 0x85, 0x0e, 0x4f, 0x88,
  0x10, 0x54, 0x8d, 0x0f, 0x54, 0x8e, 0x0e, 0x50, 0x8a, 0x10, 0x52, 0x8b,
  0x0e, 0x51, 0x8a, 0x0e, 0x50, 0x89, 0x11, 0x57, 0x91, 0x11, 0x57, 0x92,
  0x12, 0x59, 0x95, 0x10, 0x56, 0x92, 0x0d, 0x4f, 0x87, 0x0d, 0x4c, 0x83,
  0x0b, 0x49, 0x7e, 0x09, 0x45, 0x79, 0x09, 0x44, 0x78, 0x09, 0x45, 0x79,
  0x09, 0x47, 0x7d, 0x09, 0x46, 0x7b, 0x09, 0x48, 0x7e, 0x08, 0x44, 0x78,
  0x06, 0x3c, 0x6c, 0x07, 0x38, 0x62, 0x05, 0x2c, 0x4e, 0x04, 0x2b, 0x4f,
  0x04, 0x2c, 0x50, 0x05, 0x2f, 0x55, 0x06, 0x31, 0x57, 0x05, 0x2f, 0x55,
  0x06, 0x30, 0x55, 0x06, 0x30, 0x55, 0x06, 0x31, 0x57, 0x06, 0x32, 0x59,
  0x07, 0x34, 0x5b, 0x07, 0x34, 0x5b, 0x08, 0x33, 0x5a, 0x08, 0x34, 0x5b,
  0x07, 0x34, 0x5b, 0x08, 0x39, 0x64, 0x07, 0x37, 0x63, 0x06, 0x38, 0x63,
  0x07, 0x38, 0x63, 0x07, 0x36, 0x60, 0x07, 0x35, 0x5e, 0x09, 0x38, 0x62,
  0x09, 0x3b, 0x66, 0x09, 0x39, 0x63, 0x08, 0x3a, 0x65, 0x08, 0x3e, 0x6e,
  0x08, 0x3f, 0x70, 0x0b, 0x47, 0x7c, 0x0d, 0x4d, 0x83, 0x0b, 0x48, 0x7d,
  0x0c, 0x49, 0x7e, 0x0d, 0x4a, 0x7f, 0x0c, 0x47, 0x7b, 0x09, 0x42, 0x76,
  0x0b, 0x41, 0x72, 0x04, 0x20, 0x3c, 0x03, 0x1b, 0x32, 0x04, 0x1d, 0x36,
  0x04, 0x1d, 0x37, 0x04, 0x1d, 0x35, 0x04, 0x1e, 0x37, 0x03, 0x1e, 0x38,
  0x06, 0x2c, 0x4f, 0x0d, 0x4a, 0x80, 0x0e, 0x4b, 0x80, 0x0d, 0x4c, 0x82,
  0x0e, 0x4b, 0x7e, 0x0c, 0x43, 0x74, 0x0d, 0x47, 0x7a, 0x0d, 0x47, 0x7a,
  0x0b, 0x46, 0x79, 0x0b, 0x45, 0x77, 0x0e, 0x4c, 0x82, 0x0b, 0x49, 0x7f,
  0x09, 0x46, 0x7d, 0x0b, 0x4b, 0x83, 0x0d, 0x4c, 0x83, 0x0c, 0x49, 0x7f,
  0x0b, 0x47, 0x7c, 0x0b, 0x48, 0x7e, 0x0c, 0x4b, 0x81, 0x0c, 0x4b, 0x80,
  0x0a, 0x45, 0x79, 0x0b, 0x46, 0x7a, 0x0b, 0x45, 0x79, 0x0a, 0x46, 0x7a,
  0x0a, 0x43, 0x75, 0x09, 0x38, 0x64, 0x05, 0x28, 0x4a, 0x03, 0x1b, 0x33,
  0x02, 0x16, 0x2b, 0x02, 0x14, 0x27, 0x03, 0x15, 0x29, 0x02, 0x14, 0x26,
  0x03, 0x10, 0x1e, 0x03, 0x11, 0x21, 0x02, 0x13, 0x24, 0x02, 0x14, 0x28,
  0x02, 0x12, 0x24, 0x02, 0x17, 0x2f, 0x02, 0x13, 0x26, 0x01, 0x16, 0x2f,
  0x02, 0x16, 0x2d, 0x01, 0x1b, 0x38, 0x02, 0x11, 0x23, 0x03, 0x0b, 0x12,
  0x03, 0x0d, 0x19, 0x02, 0x13, 0x27, 0x02, 0x12, 0x25, 0x02, 0x0d, 0x1a,
  0x02, 0x13, 0x26, 0x02, 0x12, 0x27, 0x01, 0x13, 0x27, 0x01, 0x18, 0x33,
  0x01, 0x16, 0x30, 0x02, 0x11, 0x21, 0x02, 0x0f, 0x1c, 0x03, 0x1a, 0x30,
  0x05, 0x23, 0x3d, 0x05, 0x1e, 0x35, 0x03, 0x18, 0x2b, 0x03, 0x16, 0x27,
  0x03, 0x17, 0x29, 0x03, 0x19, 0x2d, 0x04, 0x18, 0x2b, 0x05, 0x17, 0x28,
  0x04, 0x15, 0x24, 0x04, 0x14, 0x23, 0x04, 0x13, 0x21, 0x04, 0x11, 0x1d,
  0x04, 0x0f, 0x18, 0x04, 0x0d, 0x14, 0x03, 0x0c, 0x13, 0x03, 0x0d, 0x16,
  0x04, 0x10, 0x1c, 0x03, 0x11, 0x1e, 0x03, 0x10, 0x1d, 0x03, 0x0f, 0x1b,
  0x03, 0x0f, 0x18, 0x03, 0x0e, 0x17, 0x03, 0x0f, 0x19, 0x03, 0x0e, 0x1a,
  0x03, 0x10, 0x1c, 0x03, 0x10, 0x1c, 0x03, 0x10, 0x1d, 0x03, 0x12, 0x20,
  0x03, 0x13, 0x23, 0x03, 0x13, 0x23, 0x04, 0x12, 0x1f, 0x04, 0x11, 0x1d,
  0x04, 0x12, 0x20, 0x04, 0x15, 0x25, 0x03, 0x14, 0x25, 0x03, 0x13, 0x23,
  0x03, 0x14, 0x25, 0x03, 0x13, 0x23, 0x03, 0x14, 0x25, 0x03, 0x14, 0x25,
  0x03, 0x15, 0x27, 0x03, 0x16, 0x29, 0x03, 0x16, 0x29, 0x03, 0x16, 0x28,
  0x03, 0x15, 0x27, 0x04, 0x17, 0x2a, 0x04, 0x18, 0x2b, 0x03, 0x1a, 0x30,
  0x03, 0x18, 0x2d, 0x03, 0x19, 0x2e, 0x04, 0x1b, 0x31, 0x04, 0x1c, 0x32,
  0x04, 0x1f, 0x38, 0x04, 0x1e, 0x36, 0x04, 0x1c, 0x34, 0x03, 0x1a, 0x31,
  0x03, 0x1a, 0x30, 0x02, 0x1a, 0x31, 0x03, 0x1c, 0x35, 0x04, 0x20, 0x3c,
  0x05, 0x25, 0x42, 0x08, 0x2e, 0x50, 0x09, 0x32, 0x57, 0x0a, 0x34, 0x5a,
  0x0a, 0x36, 0x5d, 0x0c, 0x3d, 0x67, 0x0e, 0x42, 0x6f, 0x0f, 0x46, 0x75,
  0x11, 0x4b, 0x7c, 0x13, 0x51, 0x85, 0x13, 0x51, 0x87, 0x10, 0x4c, 0x80,
  0x10, 0x4e, 0x82, 0x10, 0x50, 0x87, 0x0f, 0x50, 0x88, 0x11, 0x55, 0x8f,
  0x11, 0x56, 0x91, 0x12, 0x58, 0x94, 0x11, 0x58, 0x93, 0x0f, 0x53, 0x8c,
  0x12, 0x57, 0x8f, 0x10, 0x52, 0x8a, 0x0d, 0x4c, 0x81, 0x0e, 0x4c, 0x81,
  0x0d, 0x4b, 0x80, 0x0c, 0x4a, 0x7e, 0x0c, 0x48, 0x7c, 0x09, 0x44, 0x78,
  0x09, 0x46, 0x7c, 0x07, 0x41, 0x76, 0x08, 0x45, 0x7a, 0x08, 0x46, 0x7b,
  0x07, 0x3d, 0x6e, 0x06, 0x37, 0x63, 0x06, 0x2e, 0x51, 0x05, 0x2b, 0x4e,
  0x05, 0x2e, 0x54, 0x05, 0x31, 0x58, 0x06, 0x32, 0x5a, 0x07, 0x33, 0x5a,
  0x06, 0x30, 0x55, 0x06, 0x2f, 0x54, 0x06, 0x32, 0x59, 0x06, 0x30, 0x56,
  0x06, 0x32, 0x5a, 0x07, 0x32, 0x59, 0x07, 0x33, 0x5a, 0x07, 0x32, 0x59,
  0x07, 0x34, 0x5b, 0x08, 0x38, 0x63, 0x08, 0x39, 0x64, 0x08, 0x3b, 0x67,
  0x07, 0x37, 0x62, 0x07, 0x36, 0x5f, 0x07, 0x35, 0x5e, 0x08, 0x37, 0x61,
  0x09, 0x3a, 0x65, 0x08, 0x36, 0x5e, 0x08, 0x36, 0x60, 0x09, 0x3f, 0x6e,
  0x09, 0x42, 0x73, 0x0b, 0x48, 0x7d, 0x0c, 0x4b, 0x80, 0x0b, 0x48, 0x7e,
  0x0b, 0x47, 0x7c, 0x0d, 0x49, 0x7f, 0x0c, 0x47, 0x7b, 0x09, 0x43, 0x77,
  0x0a, 0x41, 0x71, 0x05, 0x24, 0x42, 0x04, 0x1f, 0x3a, 0x04, 0x1a, 0x30,
  0x04, 0x1b, 0x32, 0x04, 0x1d, 0x36, 0x04, 0x1c, 0x33, 0x04, 0x1e, 0x37,
  0x03, 0x1b, 0x31, 0x07, 0x2c, 0x4e, 0x0e, 0x4c, 0x82, 0x0f, 0x4e, 0x84,
  0x0f, 0x4d, 0x82, 0x0d, 0x46, 0x79, 0x0c, 0x45, 0x77, 0x10, 0x4d, 0x81,
  0x0f, 0x4b, 0x7e, 0x0d, 0x49, 0x7d, 0x0d, 0x4b, 0x80, 0x0b, 0x49, 0x7f,
  0x0b, 0x49, 0x81, 0x0d, 0x4d, 0x84, 0x0f, 0x4f, 0x84, 0x0d, 0x49, 0x7d,
  0x0c, 0x47, 0x7c, 0x0e, 0x4d, 0x84, 0x0d, 0x4b, 0x81, 0x0c, 0x48, 0x7d,
  0x0c, 0x48, 0x7d, 0x0c, 0x49, 0x7e, 0x0a, 0x45, 0x78, 0x0a, 0x43, 0x75,
  0x0a, 0x40, 0x6f, 0x09, 0x3c, 0x67, 0x07, 0x33, 0x5b, 0x05, 0x22, 0x3e,
  0x03, 0x13, 0x24, 0x03, 0x14, 0x26, 0x03, 0x12, 0x24, 0x02, 0x13, 0x25,
  0x02, 0x13, 0x26, 0x03, 0x10, 0x1d, 0x02, 0x11, 0x20, 0x02, 0x11, 0x21,
  0x02, 0x13, 0x28, 0x01, 0x17, 0x30, 0x02, 0x15, 0x2b, 0x02, 0x25, 0x49,
  0x02, 0x18, 0x31, 0x02, 0x1c, 0x39, 0x01, 0x17, 0x2f, 0x02, 0x13, 0x25,
  0x02, 0x0e, 0x1a, 0x03, 0x0e, 0x1a, 0x03, 0x0e, 0x1b, 0x02, 0x15, 0x2c,
  0x01, 0x15, 0x2c, 0x02, 0x19, 0x32, 0x01, 0x13, 0x29, 0x01, 0x17, 0x31,
  0x02, 0x10, 0x21, 0x03, 0x10, 0x1d, 0x02, 0x14, 0x27, 0x02, 0x14, 0x27,
  0x03, 0x11, 0x1f, 0x02, 0x12, 0x20, 0x03, 0x12, 0x21, 0x04, 0x12, 0x1e,
  0x04, 0x12, 0x1f, 0x04, 0x11, 0x1e, 0x04, 0x11, 0x1b, 0x05, 0x11, 0x1b,
  0x04, 0x10, 0x19, 0x04, 0x0e, 0x17, 0x04, 0x0d, 0x15, 0x03, 0x0f, 0x18,
  0x03, 0x13, 0x22, 0x03, 0x18, 0x2d, 0x03, 0x19, 0x2f, 0x03, 0x1a, 0x32,
  0x03, 0x1e, 0x38, 0x03, 0x1f, 0x3b, 0x03, 0x21, 0x3f, 0x03, 0x20, 0x3b,
  0x02, 0x1e, 0x38, 0x03, 0x1d, 0x35, 0x04, 0x20, 0x39, 0x03, 0x1e, 0x37,
  0x04, 0x1c, 0x33, 0x04, 0x1a, 0x2f, 0x04, 0x1a, 0x2e, 0x04, 0x18, 0x2c,
  0x03, 0x18, 0x2b, 0x03, 0x18, 0x2c, 0x04, 0x1a, 0x2f, 0x04, 0x1b, 0x30,
  0x04, 0x1a, 0x2e, 0x04, 0x1a, 0x2d, 0x04, 0x1a, 0x2e, 0x04, 0x1a, 0x2e,
  0x04, 0x1d, 0x33, 0x05, 0x1f, 0x36, 0x05, 0x22, 0x3a, 0x06, 0x25, 0x40,
  0x04, 0x24, 0x42, 0x03, 0x24, 0x44, 0x03, 0x22, 0x3f, 0x03, 0x21, 0x3d,
  0x03, 0x22, 0x3f, 0x03, 0x21, 0x3d, 0x03, 0x24, 0x41, 0x04, 0x27, 0x46,
  0x04, 0x20, 0x3b, 0x04, 0x1f, 0x38, 0x04, 0x22, 0x3d, 0x04, 0x21, 0x3c,
  0x04, 0x21, 0x3c, 0x04, 0x22, 0x3d, 0x05, 0x24, 0x3f, 0x05, 0x22, 0x3d,
  0x05, 0x23, 0x3f, 0x05, 0x25, 0x41, 0x06, 0x25, 0x41, 0x06, 0x26, 0x43,
  0x05, 0x23, 0x3f, 0x04, 0x22, 0x3e, 0x04, 0x22, 0x3d, 0x03, 0x1f, 0x39,
  0x03, 0x1c, 0x34, 0x03, 0x1b, 0x32, 0x02, 0x1a, 0x30, 0x03, 0x1a, 0x2f,
  0x04, 0x1b, 0x30, 0x05, 0x1f, 0x36, 0x06, 0x21, 0x3b, 0x05, 0x22, 0x3c,
  0x04, 0x21, 0x3b, 0x04, 0x20, 0x3c, 0x06, 0x27, 0x46, 0x08, 0x31, 0x56,
  0x0a, 0x38, 0x61, 0x0b, 0x3d, 0x69, 0x0c, 0x43, 0x72, 0x0c, 0x47, 0x7b,
  0x0e, 0x4c, 0x82, 0x0e, 0x4c, 0x81, 0x0e, 0x4b, 0x7f, 0x0f, 0x4d, 0x82,
  0x10, 0x4f, 0x84, 0x0f, 0x4d, 0x81, 0x0d, 0x4b, 0x80, 0x0b, 0x49, 0x7d,
  0x0b, 0x4c, 0x83, 0x09, 0x46, 0x7c, 0x08, 0x45, 0x7b, 0x08, 0x46, 0x7b,
  0x08, 0x40, 0x72, 0x08, 0x39, 0x64, 0x07, 0x2f, 0x53, 0x04, 0x2c, 0x51,
  0x05, 0x31, 0x59, 0x07, 0x38, 0x64, 0x07, 0x37, 0x61, 0x07, 0x34, 0x5b,
  0x07, 0x34, 0x5c, 0x06, 0x33, 0x5b, 0x06, 0x32, 0x5a, 0x07, 0x34, 0x5c,
  0x07, 0x32, 0x59, 0x06, 0x31, 0x58, 0x06, 0x31, 0x57, 0x07, 0x32, 0x58,
  0x07, 0x34, 0x5b, 0x08, 0x35, 0x5d, 0x08, 0x34, 0x5c, 0x08, 0x36, 0x5e,
  0x08, 0x38, 0x61, 0x07, 0x35, 0x5e, 0x07, 0x37, 0x60, 0x09, 0x38, 0x62,
  0x09, 0x39, 0x63, 0x07, 0x33, 0x5a, 0x08, 0x37, 0x60, 0x0a, 0x40, 0x71,
  0x0a, 0x43, 0x75, 0x0a, 0x45, 0x78, 0x0c, 0x4c, 0x82, 0x0c, 0x4b, 0x82,
  0x0d, 0x4c, 0x82, 0x0e, 0x4b, 0x7f, 0x0c, 0x46, 0x78, 0x0b, 0x45, 0x78,
  0x0b, 0x42, 0x73, 0x04, 0x22, 0x3f, 0x03, 0x23, 0x44, 0x04, 0x1e, 0x3a,
  0x04, 0x1a, 0x2f, 0x04, 0x1a, 0x31, 0x04, 0x1c, 0x35, 0x04, 0x19, 0x2e,
  0x04, 0x1c, 0x34, 0x03, 0x18, 0x2c, 0x09, 0x34, 0x5c, 0x0e, 0x4d, 0x84,
  0x0e, 0x4a, 0x7e, 0x0f, 0x4b, 0x7f, 0x0e, 0x49, 0x7c, 0x10, 0x4d, 0x82,
  0x0e, 0x4b, 0x7f, 0x0f, 0x4d, 0x82, 0x0d, 0x4b, 0x82, 0x0c, 0x4d, 0x84,
  0x0b, 0x49, 0x7f, 0x0d, 0x4a, 0x7f, 0x0e, 0x4a, 0x7d, 0x0c, 0x46, 0x7a,
  0x0c, 0x49, 0x7f, 0x0f, 0x50, 0x88, 0x0d, 0x4b, 0x81, 0x0a, 0x42, 0x73,
  0x09, 0x38, 0x61, 0x08, 0x2e, 0x50, 0x06, 0x27, 0x44, 0x05, 0x20, 0x39,
  0x04, 0x1a, 0x2e, 0x04, 0x15, 0x26, 0x03, 0x13, 0x22, 0x04, 0x14, 0x22,
  0x04, 0x15, 0x24, 0x03, 0x13, 0x24, 0x03, 0x13, 0x23, 0x03, 0x14, 0x24,
  0x03, 0x11, 0x20, 0x03, 0x0f, 0x1b, 0x03, 0x0c, 0x15, 0x02, 0x14, 0x27,
  0x02, 0x14, 0x29, 0x02, 0x1b, 0x37, 0x02, 0x16, 0x2e, 0x02, 0x19, 0x34,
  0x02, 0x1d, 0x3c, 0x02, 0x1f, 0x3d, 0x02, 0x12, 0x26, 0x02, 0x16, 0x2c,
  0x03, 0x0e, 0x1a, 0x03, 0x0d, 0x17, 0x02, 0x16, 0x2f, 0x01, 0x18, 0x35,
  0x01, 0x15, 0x2e, 0x01, 0x18, 0x31, 0x01, 0x17, 0x30, 0x02, 0x10, 0x1f,
  0x03, 0x0e, 0x19, 0x03, 0x13, 0x23, 0x03, 0x18, 0x2d, 0x03, 0x1a, 0x2e,
  0x04, 0x19, 0x2c, 0x04, 0x1a, 0x2e, 0x05, 0x1c, 0x30, 0x05, 0x1d, 0x32,
  0x05, 0x1d, 0x31, 0x05, 0x18, 0x29, 0x05, 0x15, 0x23, 0x04, 0x12, 0x1e,
  0x04, 0x11, 0x1e, 0x03, 0x15, 0x27, 0x03, 0x1a, 0x30, 0x02, 0x1a, 0x34,
  0x02, 0x1c, 0x37, 0x02, 0x19, 0x32, 0x02, 0x1c, 0x37, 0x02, 0x20, 0x3d,
  0x03, 0x21, 0x3e, 0x03, 0x27, 0x48, 0x04, 0x28, 0x49, 0x04, 0x27, 0x47,
  0x03, 0x25, 0x44, 0x03, 0x23, 0x40, 0x04, 0x24, 0x43, 0x05, 0x29, 0x4a,
  0x06, 0x2a, 0x4c, 0x05, 0x28, 0x47, 0x06, 0x28, 0x46, 0x06, 0x27, 0x44,
  0x05, 0x25, 0x42, 0x04, 0x25, 0x43, 0x04, 0x23, 0x40, 0x04, 0x23, 0x41,
  0x04, 0x24, 0x41, 0x04, 0x21, 0x3b, 0x04, 0x1d, 0x33, 0x05, 0x20, 0x39,
  0x06, 0x26, 0x43, 0x06, 0x25, 0x40, 0x06, 0x28, 0x46, 0x04, 0x28, 0x47,
  0x03, 0x24, 0x43, 0x02, 0x24, 0x44, 0x03, 0x23, 0x43, 0x03, 0x25, 0x44,
  0x03, 0x23, 0x41, 0x04, 0x24, 0x41, 0x04, 0x25, 0x43, 0x05, 0x26, 0x43,
  0x04, 0x22, 0x3d, 0x05, 0x25, 0x42, 0x04, 0x26, 0x45, 0x05, 0x26, 0x43,
  0x06, 0x27, 0x44, 0x06, 0x27, 0x44, 0x07, 0x27, 0x44, 0x07, 0x26, 0x43,
  0x08, 0x2a, 0x47, 0x08, 0x29, 0x45, 0x09, 0x27, 0x42, 0x09, 0x27, 0x41,
  0x08, 0x28, 0x43, 0x09, 0x2b, 0x47, 0x08, 0x2a, 0x47, 0x06, 0x24, 0x40,
  0x06, 0x27, 0x44, 0x06, 0x2b, 0x4b, 0x07, 0x2c, 0x4d, 0x06, 0x2b, 0x4c,
  0x06, 0x29, 0x47, 0x06, 0x27, 0x43, 0x05, 0x23, 0x3e, 0x06, 0x23, 0x3c,
  0x06, 0x23, 0x3c, 0x06, 0x22, 0x3b, 0x04, 0x1e, 0x34, 0x04, 0x1b, 0x31,
  0x04, 0x1a, 0x30, 0x03, 0x19, 0x2e, 0x03, 0x19, 0x2f, 0x04, 0x21, 0x3b,
  0x07, 0x30, 0x54, 0x0d, 0x46, 0x78, 0x10, 0x4f, 0x84, 0x0f, 0x4c, 0x7f,
  0x10, 0x4d, 0x81, 0x10, 0x4d, 0x82, 0x0d, 0x4a, 0x7e, 0x0d, 0x4a, 0x7d,
  0x0c, 0x49, 0x7e, 0x09, 0x46, 0x7a, 0x09, 0x45, 0x7a, 0x0a, 0x49, 0x7e,
  0x08, 0x40, 0x71, 0x07, 0x36, 0x60, 0x06, 0x2f, 0x52, 0x06, 0x30, 0x57,
  0x07, 0x35, 0x5e, 0x08, 0x3b, 0x68, 0x07, 0x37, 0x63, 0x06, 0x33, 0x5c,
  0x07, 0x36, 0x60, 0x07, 0x39, 0x65, 0x07, 0x38, 0x64, 0x08, 0x3b, 0x68,
  0x07, 0x38, 0x64, 0x07, 0x35, 0x5e, 0x06, 0x32, 0x5a, 0x06, 0x30, 0x57,
  0x06, 0x33, 0x5a, 0x07, 0x34, 0x5c, 0x07, 0x32, 0x58, 0x07, 0x33, 0x59,
  0x07, 0x35, 0x5d, 0x07, 0x35, 0x5d, 0x08, 0x37, 0x5f, 0x0a, 0x3a, 0x64,
  0x0a, 0x3a, 0x64, 0x07, 0x33, 0x5a, 0x08, 0x38, 0x63, 0x0a, 0x42, 0x74,
  0x0a, 0x43, 0x75, 0x09, 0x41, 0x73, 0x08, 0x41, 0x75, 0x08, 0x45, 0x7b,
  0x0c, 0x4b, 0x82, 0x0d, 0x4a, 0x7f, 0x0b, 0x45, 0x79, 0x0c, 0x45, 0x78,
  0x0d, 0x49, 0x7e, 0x06, 0x25, 0x43, 0x03, 0x1b, 0x34, 0x03, 0x21, 0x3f,
  0x04, 0x1e, 0x39, 0x05, 0x18, 0x2b, 0x04, 0x1a, 0x30, 0x03, 0x1c, 0x35,
  0x04, 0x16, 0x29, 0x04, 0x1c, 0x33, 0x04, 0x18, 0x2c, 0x0b, 0x3d, 0x68,
  0x0d, 0x4a, 0x80, 0x0d, 0x49, 0x7c, 0x0d, 0x4a, 0x7f, 0x0e, 0x4c, 0x81,
  0x0e, 0x4d, 0x83, 0x0d, 0x4a, 0x7f, 0x0c, 0x49, 0x80, 0x0c, 0x4b, 0x82,
  0x0a, 0x48, 0x7e, 0x0b, 0x46, 0x7b, 0x0d, 0x4b, 0x80, 0x0e, 0x4a, 0x7f,
  0x0e, 0x47, 0x78, 0x0a, 0x37, 0x5f, 0x07, 0x29, 0x48, 0x05, 0x20, 0x38,
  0x04, 0x1c, 0x32, 0x05, 0x1c, 0x32, 0x05, 0x1c, 0x31, 0x05, 0x1e, 0x34,
  0x05, 0x1d, 0x32, 0x05, 0x1b, 0x2e, 0x05, 0x1b, 0x2e, 0x04, 0x17, 0x27,
  0x04, 0x16, 0x26, 0x04, 0x16, 0x26, 0x03, 0x11, 0x1d, 0x03, 0x10, 0x1c,
  0x02, 0x14, 0x26, 0x03, 0x0f, 0x1a, 0x03, 0x0f, 0x1c, 0x02, 0x17, 0x30,
  0x02, 0x14, 0x28, 0x02, 0x14, 0x29, 0x01, 0x19, 0x35, 0x01, 0x17, 0x32,
  0x02, 0x20, 0x3f, 0x02, 0x15, 0x2c, 0x03, 0x0c, 0x15, 0x03, 0x0b, 0x13,
  0x03, 0x0c, 0x15, 0x02, 0x17, 0x31, 0x01, 0x19, 0x37, 0x01, 0x18, 0x33,
  0x02, 0x19, 0x36, 0x02, 0x17, 0x30, 0x02, 0x0f, 0x1f, 0x03, 0x0f, 0x1c,
  0x05, 0x1a, 0x2e, 0x05, 0x22, 0x3a, 0x06, 0x23, 0x3c, 0x06, 0x22, 0x3b,
  0x06, 0x20, 0x37, 0x06, 0x20, 0x37, 0x07, 0x22, 0x39, 0x05, 0x20, 0x36,
  0x04, 0x17, 0x28, 0x04, 0x12, 0x1f, 0x03, 0x14, 0x24, 0x03, 0x1c, 0x33,
  0x04, 0x24, 0x40, 0x03, 0x23, 0x41, 0x02, 0x1b, 0x33, 0x02, 0x16, 0x2c,
  0x02, 0x15, 0x29, 0x02, 0x15, 0x2a, 0x02, 0x17, 0x2e, 0x02, 0x18, 0x2f,
  0x03, 0x19, 0x2f, 0x05, 0x23, 0x3d, 0x04, 0x20, 0x3a, 0x03, 0x1f, 0x39,
  0x03, 0x1c, 0x33, 0x06, 0x1f, 0x36, 0x0b, 0x2b, 0x48, 0x09, 0x2d, 0x4d,
  0x06, 0x27, 0x45, 0x05, 0x23, 0x3d, 0x05, 0x24, 0x3f, 0x05, 0x22, 0x3b,
  0x04, 0x1f, 0x38, 0x03, 0x1c, 0x34, 0x03, 0x1b, 0x31, 0x05, 0x20, 0x3a,
  0x04, 0x25, 0x43, 0x04, 0x1e, 0x37, 0x04, 0x18, 0x2b, 0x05, 0x22, 0x3b,
  0x07, 0x26, 0x41, 0x08, 0x27, 0x42, 0x04, 0x23, 0x3f, 0x04, 0x22, 0x3e,
  0x05, 0x2a, 0x4a, 0x04, 0x27, 0x47, 0x02, 0x23, 0x42, 0x04, 0x27, 0x48,
  0x07, 0x2b, 0x4c, 0x08, 0x2f, 0x52, 0x06, 0x2c, 0x4e, 0x05, 0x29, 0x49,
  0x04, 0x28, 0x49, 0x05, 0x2a, 0x4c, 0x05, 0x2c, 0x50, 0x07, 0x2e, 0x51,
  0x08, 0x2d, 0x4d, 0x0a, 0x2c, 0x4a, 0x0a, 0x2b, 0x46, 0x0a, 0x2b, 0x47,
  0x0b, 0x2a, 0x44, 0x0b, 0x28, 0x40, 0x11, 0x31, 0x4a, 0x0f, 0x30, 0x4a,
  0x09, 0x29, 0x42, 0x0b, 0x2d, 0x48, 0x08, 0x24, 0x3b, 0x08, 0x23, 0x3b,
  0x08, 0x28, 0x43, 0x07, 0x2b, 0x49, 0x06, 0x25, 0x40, 0x07, 0x25, 0x3f,
  0x07, 0x29, 0x46, 0x07, 0x28, 0x44, 0x07, 0x27, 0x41, 0x07, 0x24, 0x3c,
  0x07, 0x24, 0x3c, 0x07, 0x25, 0x3f, 0x07, 0x27, 0x42, 0x08, 0x25, 0x40,
  0x07, 0x23, 0x3b, 0x07, 0x23, 0x3b, 0x07, 0x1f, 0x35, 0x04, 0x1a, 0x2d,
  0x03, 0x17, 0x2b, 0x05, 0x1f, 0x38, 0x0a, 0x3a, 0x63, 0x0f, 0x4a, 0x7d,
  0x0e, 0x49, 0x7b, 0x10, 0x4e, 0x82, 0x0f, 0x4c, 0x7f, 0x0b, 0x47, 0x7a,
  0x0b, 0x46, 0x7a, 0x0a, 0x46, 0x7a, 0x09, 0x46, 0x7a, 0x09, 0x46, 0x7b,
  0x07, 0x3d, 0x6d, 0x07, 0x37, 0x61, 0x06, 0x2e, 0x51, 0x07, 0x34, 0x5c,
  0x08, 0x35, 0x5e, 0x07, 0x33, 0x5a, 0x07, 0x33, 0x5c, 0x08, 0x38, 0x63,
  0x06, 0x37, 0x64, 0x07, 0x38, 0x63, 0x08, 0x3a, 0x66, 0x08, 0x3c, 0x6a,
  0x07, 0x3a, 0x67, 0x07, 0x39, 0x64, 0x07, 0x37, 0x62, 0x07, 0x37, 0x61,
  0x07, 0x36, 0x5f, 0x07, 0x37, 0x60, 0x08, 0x35, 0x5c, 0x07, 0x34, 0x5c,
  0x07, 0x33, 0x5b, 0x08, 0x36, 0x5f, 0x08, 0x35, 0x5e, 0x09, 0x38, 0x60,
  0x09, 0x38, 0x60, 0x07, 0x36, 0x5e, 0x09, 0x3e, 0x6b, 0x0a, 0x43, 0x76,
  0x0a, 0x42, 0x74, 0x08, 0x42, 0x75, 0x06, 0x41, 0x77, 0x07, 0x43, 0x78,
  0x0b, 0x4b, 0x82, 0x0b, 0x46, 0x7a, 0x0b, 0x45, 0x78, 0x0c, 0x48, 0x7b,
  0x0e, 0x4b, 0x81, 0x07, 0x24, 0x42, 0x04, 0x19, 0x2f, 0x04, 0x1c, 0x33,
  0x04, 0x20, 0x3d, 0x04, 0x1b, 0x33, 0x05, 0x17, 0x29, 0x04, 0x1b, 0x32,
  0x04, 0x17, 0x2a, 0x04, 0x17, 0x29, 0x04, 0x18, 0x2d, 0x05, 0x1a, 0x2f,
  0x0d, 0x43, 0x72, 0x0e, 0x4a, 0x7f, 0x0b, 0x46, 0x79, 0x0c, 0x48, 0x7e,
  0x0b, 0x47, 0x7c, 0x0a, 0x43, 0x76, 0x0e, 0x4b, 0x81, 0x0f, 0x50, 0x87,
  0x0c, 0x4a, 0x81, 0x0b, 0x43, 0x74, 0x09, 0x36, 0x5e, 0x06, 0x2a, 0x49,
  0x05, 0x20, 0x38, 0x05, 0x1d, 0x33, 0x05, 0x1f, 0x35, 0x05, 0x1f, 0x36,
  0x05, 0x1f, 0x36, 0x05, 0x1f, 0x35, 0x06, 0x1f, 0x34, 0x05, 0x1e, 0x34,
  0x05, 0x1c, 0x31, 0x05, 0x1e, 0x34, 0x06, 0x1c, 0x2e, 0x05, 0x18, 0x29,
  0x05, 0x18, 0x29, 0x04, 0x17, 0x27, 0x03, 0x13, 0x21, 0x03, 0x10, 0x1c,
  0x03, 0x11, 0x1e, 0x03, 0x10, 0x1c, 0x02, 0x14, 0x29, 0x01, 0x16, 0x2e,
  0x02, 0x15, 0x2d, 0x02, 0x13, 0x28, 0x02, 0x0d, 0x1a, 0x01, 0x18, 0x32,
  0x01, 0x17, 0x30, 0x02, 0x12, 0x24, 0x02, 0x16, 0x2c, 0x02, 0x10, 0x20,
  0x02, 0x14, 0x2a, 0x01, 0x15, 0x2c, 0x01, 0x18, 0x35, 0x02, 0x1b, 0x3a,
  0x02, 0x17, 0x2f, 0x02, 0x0e, 0x1d, 0x04, 0x19, 0x2d, 0x06, 0x28, 0x44,
  0x08, 0x2f, 0x50, 0x0a, 0x33, 0x55, 0x09, 0x2a, 0x46, 0x09, 0x24, 0x3b,
  0x07, 0x21, 0x36, 0x05, 0x1c, 0x30, 0x05, 0x15, 0x24, 0x04, 0x10, 0x1a,
  0x03, 0x16, 0x26, 0x04, 0x21, 0x3d, 0x04, 0x26, 0x46, 0x03, 0x27, 0x49,
  0x04, 0x22, 0x3e, 0x03, 0x19, 0x2d, 0x02, 0x15, 0x2a, 0x02, 0x15, 0x2b,
  0x02, 0x16, 0x2b, 0x02, 0x16, 0x2c, 0x02, 0x17, 0x2d, 0x02, 0x1a, 0x33,
  0x03, 0x1e, 0x3a, 0x05, 0x23, 0x40, 0x05, 0x26, 0x44, 0x05, 0x25, 0x43,
  0x03, 0x1b, 0x32, 0x06, 0x25, 0x42, 0x0b, 0x2f, 0x50, 0x07, 0x2b, 0x4b,
  0x03, 0x20, 0x3b, 0x03, 0x1e, 0x38, 0x04, 0x1d, 0x36, 0x03, 0x1c, 0x35,
  0x05, 0x1f, 0x38, 0x04, 0x1b, 0x32, 0x05, 0x20, 0x39, 0x05, 0x22, 0x3e,
  0x04, 0x1f, 0x38, 0x04, 0x21, 0x3b, 0x05, 0x22, 0x3e, 0x05, 0x23, 0x3f,
  0x07, 0x26, 0x41, 0x06, 0x27, 0x44, 0x05, 0x24, 0x40, 0x06, 0x28, 0x47,
  0x06, 0x2c, 0x4f, 0x08, 0x32, 0x58, 0x07, 0x30, 0x55, 0x0d, 0x33, 0x54,
  0x13, 0x3f, 0x65, 0x09, 0x2f, 0x4f, 0x07, 0x2a, 0x48, 0x07, 0x2b, 0x49,
  0x07, 0x27, 0x44, 0x05, 0x25, 0x42, 0x05, 0x29, 0x49, 0x06, 0x29, 0x48,
  0x08, 0x27, 0x42, 0x0b, 0x2a, 0x44, 0x0b, 0x27, 0x3f, 0x0b, 0x28, 0x40,
  0x0b, 0x26, 0x3b, 0x0d, 0x29, 0x3e, 0x0d, 0x2b, 0x43, 0x0f, 0x2f, 0x48,
  0x13, 0x35, 0x50, 0x0c, 0x2b, 0x44, 0x0d, 0x2c, 0x45, 0x0c, 0x2a, 0x43,
  0x0a, 0x2a, 0x45, 0x0b, 0x2a, 0x44, 0x13, 0x37, 0x52, 0x11, 0x35, 0x51,
  0x0a, 0x28, 0x42, 0x0b, 0x2c, 0x48, 0x08, 0x27, 0x42, 0x06, 0x1f, 0x33,
  0x06, 0x1d, 0x32, 0x07, 0x22, 0x39, 0x07, 0x21, 0x39, 0x08, 0x21, 0x36,
  0x09, 0x23, 0x37, 0x08, 0x20, 0x33, 0x07, 0x1f, 0x33, 0x07, 0x1f, 0x34,
  0x05, 0x1a, 0x2d, 0x05, 0x19, 0x2b, 0x03, 0x16, 0x27, 0x08, 0x31, 0x54,
  0x0f, 0x4b, 0x7e, 0x0f, 0x4b, 0x7e, 0x0e, 0x4b, 0x7e, 0x0b, 0x47, 0x7b,
  0x0a, 0x44, 0x78, 0x0a, 0x46, 0x7a, 0x09, 0x45, 0x7a, 0x09, 0x45, 0x7a,
  0x08, 0x40, 0x71, 0x08, 0x39, 0x65, 0x07, 0x2e, 0x50, 0x07, 0x35, 0x5c,
  0x08, 0x34, 0x5c, 0x05, 0x21, 0x3b, 0x04, 0x20, 0x3a, 0x06, 0x2a, 0x4b,
  0x06, 0x34, 0x5d, 0x08, 0x3c, 0x69, 0x09, 0x3d, 0x6b, 0x08, 0x3c, 0x6a,
  0x08, 0x3c, 0x69, 0x07, 0x38, 0x63, 0x07, 0x38, 0x63, 0x08, 0x38, 0x63,
  0x08, 0x37, 0x60, 0x08, 0x38, 0x61, 0x08, 0x37, 0x60, 0x08, 0x36, 0x5e,
  0x07, 0x36, 0x5f, 0x07, 0x34, 0x5c, 0x07, 0x34, 0x5b, 0x09, 0x38, 0x62,
  0x09, 0x39, 0x63, 0x09, 0x3a, 0x65, 0x0b, 0x42, 0x71, 0x0a, 0x3f, 0x6f,
  0x0a, 0x42, 0x72, 0x09, 0x41, 0x72, 0x06, 0x3f, 0x72, 0x08, 0x44, 0x7b,
  0x0d, 0x4a, 0x7f, 0x0d, 0x47, 0x7a, 0x0c, 0x46, 0x79, 0x0d, 0x4a, 0x7f,
  0x0c, 0x41, 0x6f, 0x04, 0x1b, 0x32, 0x04, 0x1b, 0x32, 0x05, 0x1a, 0x2f,
  0x04, 0x1b, 0x32, 0x04, 0x1f, 0x3b, 0x05, 0x18, 0x2c, 0x05, 0x16, 0x27,
  0x04, 0x19, 0x2f, 0x05, 0x14, 0x23, 0x05, 0x17, 0x29, 0x04, 0x15, 0x25,
  0x07, 0x22, 0x3b, 0x0c, 0x46, 0x79, 0x0c, 0x46, 0x7a, 0x0c, 0x48, 0x7d,
  0x0c, 0x46, 0x7a, 0x0c, 0x4a, 0x80, 0x0c, 0x46, 0x79, 0x0a, 0x3a, 0x66,
  0x07, 0x2f, 0x52, 0x05, 0x22, 0x3c, 0x04, 0x1a, 0x2d, 0x05, 0x1c, 0x30,
  0x05, 0x1f, 0x36, 0x06, 0x21, 0x38, 0x07, 0x21, 0x37, 0x06, 0x1c, 0x2f,
  0x05, 0x1b, 0x2e, 0x05, 0x20, 0x38, 0x06, 0x23, 0x3d, 0x05, 0x1f, 0x35,
  0x05, 0x1f, 0x35, 0x06, 0x1f, 0x35, 0x06, 0x1e, 0x31, 0x06, 0x1a, 0x2a,
  0x05, 0x1a, 0x2c, 0x04, 0x16, 0x26, 0x04, 0x13, 0x21, 0x03, 0x10, 0x1c,
  0x04, 0x0e, 0x17, 0x03, 0x10, 0x1e, 0x01, 0x13, 0x29, 0x02, 0x11, 0x23,
  0x01, 0x15, 0x2d, 0x02, 0x12, 0x26, 0x03, 0x0d, 0x17, 0x02, 0x14, 0x29,
  0x02, 0x16, 0x2e, 0x03, 0x0e, 0x19, 0x03, 0x11, 0x1f, 0x02, 0x17, 0x2f,
  0x02, 0x15, 0x2d, 0x02, 0x19, 0x32, 0x02, 0x1a, 0x36, 0x02, 0x19, 0x35,
  0x02, 0x10, 0x21, 0x06, 0x20, 0x38, 0x09, 0x30, 0x52, 0x09, 0x32, 0x54,
  0x09, 0x2d, 0x4d, 0x06, 0x1e, 0x32, 0x06, 0x15, 0x22, 0x06, 0x13, 0x1f,
  0x05, 0x11, 0x1c, 0x04, 0x11, 0x1d, 0x03, 0x14, 0x24, 0x04, 0x1f, 0x37,
  0x03, 0x26, 0x45, 0x03, 0x24, 0x42, 0x05, 0x2a, 0x4b, 0x06, 0x2b, 0x4c,
  0x05, 0x26, 0x44, 0x03, 0x14, 0x26, 0x02, 0x17, 0x2d, 0x02, 0x17, 0x2d,
  0x03, 0x20, 0x3d, 0x02, 0x29, 0x4e, 0x02, 0x2d, 0x55, 0x02, 0x2a, 0x52,
  0x04, 0x32, 0x5e, 0x06, 0x39, 0x69, 0x08, 0x39, 0x64, 0x0b, 0x37, 0x5e,
  0x0c, 0x33, 0x56, 0x07, 0x29, 0x4a, 0x03, 0x24, 0x44, 0x04, 0x23, 0x40,
  0x03, 0x1e, 0x37, 0x03, 0x22, 0x3f, 0x04, 0x1f, 0x38, 0x08, 0x27, 0x44,
  0x0e, 0x35, 0x57, 0x06, 0x29, 0x49, 0x03, 0x24, 0x42, 0x03, 0x21, 0x3f,
  0x05, 0x26, 0x46, 0x07, 0x2c, 0x4d, 0x06, 0x2b, 0x4c, 0x07, 0x2f, 0x52,
  0x0f, 0x3c, 0x61, 0x0d, 0x39, 0x5e, 0x08, 0x31, 0x55, 0x08, 0x2d, 0x4e,
  0x08, 0x2a, 0x47, 0x08, 0x2a, 0x46, 0x08, 0x24, 0x3b, 0x09, 0x28, 0x42,
  0x0b, 0x2e, 0x4b, 0x08, 0x20, 0x34, 0x08, 0x1f, 0x32, 0x08, 0x1e, 0x32,
  0x07, 0x1e, 0x30, 0x09, 0x23, 0x39, 0x07, 0x23, 0x3c, 0x07, 0x22, 0x3a,
  0x0c, 0x2b, 0x45, 0x1d, 0x45, 0x64, 0x0c, 0x28, 0x3f, 0x0d, 0x2c, 0x45,
  0x11, 0x33, 0x4c, 0x12, 0x32, 0x4a, 0x16, 0x3c, 0x58, 0x26, 0x54, 0x75,
  0x2e, 0x61, 0x86, 0x1e, 0x4b, 0x6c, 0x17, 0x3f, 0x5e, 0x10, 0x36, 0x53,
  0x11, 0x36, 0x53, 0x14, 0x36, 0x52, 0x16, 0x3d, 0x5a, 0x10, 0x3b, 0x5b,
  0x0d, 0x35, 0x56, 0x0e, 0x38, 0x5b, 0x0d, 0x32, 0x50, 0x16, 0x3d, 0x5c,
  0x10, 0x32, 0x4d, 0x0d, 0x2d, 0x47, 0x14, 0x3b, 0x5a, 0x0e, 0x2c, 0x44,
  0x09, 0x1f, 0x31, 0x12, 0x31, 0x48, 0x12, 0x36, 0x51, 0x09, 0x25, 0x3c,
  0x08, 0x20, 0x34, 0x07, 0x1d, 0x2f, 0x05, 0x18, 0x29, 0x03, 0x15, 0x25,
  0x0d, 0x41, 0x6e, 0x10, 0x4c, 0x80, 0x0d, 0x48, 0x7b, 0x0d, 0x4b, 0x80,
  0x0a, 0x44, 0x77, 0x08, 0x43, 0x76, 0x08, 0x45, 0x7a, 0x09, 0x44, 0x77,
  0x08, 0x40, 0x72, 0x07, 0x38, 0x63, 0x07, 0x2f, 0x51, 0x07, 0x32, 0x59,
  0x07, 0x33, 0x5c, 0x05, 0x2d, 0x50, 0x04, 0x1c, 0x34, 0x04, 0x1b, 0x31,
  0x04, 0x1d, 0x35, 0x06, 0x28, 0x46, 0x08, 0x37, 0x61, 0x09, 0x3e, 0x6c,
  0x09, 0x3e, 0x6c, 0x09, 0x3b, 0x68, 0x08, 0x3a, 0x66, 0x08, 0x37, 0x60,
  0x08, 0x36, 0x5f, 0x09, 0x39, 0x64, 0x09, 0x3a, 0x65, 0x07, 0x36, 0x5f,
  0x07, 0x33, 0x5b, 0x08, 0x36, 0x5f, 0x0a, 0x3b, 0x66, 0x0b, 0x3f, 0x6c,
  0x0b, 0x41, 0x70, 0x0c, 0x43, 0x72, 0x0a, 0x40, 0x6e, 0x0a, 0x3f, 0x6d,
  0x0b, 0x41, 0x70, 0x0b, 0x43, 0x72, 0x0a, 0x41, 0x70, 0x09, 0x41, 0x73,
  0x0c, 0x46, 0x79, 0x0e, 0x48, 0x7c, 0x0c, 0x46, 0x78, 0x0e, 0x4a, 0x7f,
  0x0b, 0x3e, 0x6b, 0x04, 0x1c, 0x34, 0x04, 0x1e, 0x38, 0x05, 0x1c, 0x33,
  0x05, 0x18, 0x2b, 0x04, 0x19, 0x2f, 0x04, 0x1d, 0x37, 0x05, 0x16, 0x27,
  0x04, 0x15, 0x27, 0x04, 0x17, 0x29, 0x05, 0x12, 0x1e, 0x05, 0x17, 0x28,
  0x04, 0x13, 0x22, 0x08, 0x28, 0x46, 0x0d, 0x4a, 0x80, 0x0e, 0x4b, 0x81,
  0x0b, 0x44, 0x77, 0x08, 0x37, 0x61, 0x04, 0x26, 0x45, 0x03, 0x1e, 0x38,
  0x04, 0x1e, 0x37, 0x05, 0x1f, 0x38, 0x05, 0x20, 0x39, 0x04, 0x22, 0x3e,
  0x06, 0x25, 0x41, 0x06, 0x1d, 0x31, 0x05, 0x1c, 0x30, 0x06, 0x1d, 0x31,
  0x06, 0x25, 0x41, 0x06, 0x23, 0x3d, 0x06, 0x24, 0x3e, 0x06, 0x20, 0x37,
  0x06, 0x1d, 0x30, 0x06, 0x1c, 0x2e, 0x05, 0x1d, 0x31, 0x06, 0x1b, 0x2e,
  0x05, 0x1a, 0x2b, 0x05, 0x19, 0x2b, 0x03, 0x19, 0x2d, 0x03, 0x12, 0x20,
  0x04, 0x0e, 0x18, 0x02, 0x14, 0x2a, 0x02, 0x1a, 0x35, 0x02, 0x19, 0x32,
  0x01, 0x14, 0x2a, 0x03, 0x0f, 0x1d, 0x03, 0x0d, 0x17, 0x03, 0x0e, 0x1a,
  0x02, 0x10, 0x1f, 0x03, 0x0c, 0x15, 0x03, 0x11, 0x1f, 0x01, 0x1c, 0x3c,
  0x02, 0x18, 0x31, 0x03, 0x20, 0x40, 0x02, 0x18, 0x32, 0x02, 0x12, 0x23,
  0x06, 0x26, 0x42, 0x08, 0x32, 0x56, 0x09, 0x32, 0x55, 0x09, 0x2a, 0x46,
  0x05, 0x17, 0x27, 0x03, 0x0f, 0x19, 0x04, 0x11, 0x1c, 0x06, 0x17, 0x25,
  0x05, 0x1b, 0x2f, 0x03, 0x22, 0x3e, 0x03, 0x22, 0x3e, 0x03, 0x1e, 0x36,
  0x03, 0x1b, 0x30, 0x05, 0x1f, 0x36, 0x07, 0x28, 0x44, 0x09, 0x2e, 0x4b,
  0x05, 0x1b, 0x30, 0x02, 0x15, 0x29, 0x02, 0x1c, 0x36, 0x02, 0x28, 0x4d,
  0x02, 0x34, 0x64, 0x02, 0x29, 0x50, 0x02, 0x1a, 0x33, 0x03, 0x14, 0x25,
  0x03, 0x15, 0x26, 0x03, 0x1b, 0x31, 0x06, 0x30, 0x58, 0x0a, 0x38, 0x61,
  0x09, 0x30, 0x55, 0x10, 0x3d, 0x64, 0x0f, 0x39, 0x5f, 0x0a, 0x2e, 0x4e,
  0x08, 0x2a, 0x49, 0x08, 0x29, 0x47, 0x09, 0x2c, 0x4a, 0x07, 0x2b, 0x4a,
  0x06, 0x28, 0x46, 0x05, 0x2b, 0x4e, 0x06, 0x2f, 0x54, 0x07, 0x2f, 0x53,
  0x0c, 0x39, 0x60, 0x0a, 0x39, 0x61, 0x09, 0x34, 0x5b, 0x08, 0x33, 0x59,
  0x07, 0x2d, 0x4d, 0x07, 0x2c, 0x4c, 0x08, 0x2c, 0x4b, 0x08, 0x27, 0x42,
  0x08, 0x23, 0x39, 0x06, 0x1d, 0x30, 0x09, 0x28, 0x41, 0x0e, 0x37, 0x59,
  0x10, 0x39, 0x5b, 0x0a, 0x22, 0x36, 0x08, 0x1e, 0x2f, 0x07, 0x1e, 0x30,
  0x10, 0x30, 0x4a, 0x17, 0x41, 0x62, 0x13, 0x36, 0x54, 0x0e, 0x2e, 0x49,
  0x0f, 0x31, 0x4d, 0x13, 0x36, 0x52, 0x0f, 0x2f, 0x48, 0x14, 0x3c, 0x5b,
  0x1c, 0x45, 0x65, 0x18, 0x3c, 0x58, 0x13, 0x35, 0x50, 0x19, 0x3f, 0x5c,
  0x1a, 0x3e, 0x59, 0x0c, 0x2c, 0x46, 0x07, 0x25, 0x3f, 0x07, 0x22, 0x3a,
  0x09, 0x28, 0x43, 0x06, 0x25, 0x40, 0x04, 0x22, 0x3d, 0x04, 0x24, 0x40,
  0x07, 0x29, 0x45, 0x09, 0x29, 0x44, 0x0a, 0x29, 0x43, 0x0c, 0x2b, 0x45,
  0x12, 0x34, 0x4f, 0x11, 0x34, 0x4e, 0x12, 0x32, 0x4c, 0x0e, 0x2b, 0x40,
  0x0b, 0x24, 0x37, 0x13, 0x36, 0x50, 0x11, 0x32, 0x4b, 0x07, 0x1e, 0x30,
  0x08, 0x1f, 0x32, 0x07, 0x1d, 0x2e, 0x04, 0x14, 0x22, 0x07, 0x25, 0x41,
  0x0f, 0x4b, 0x7d, 0x0f, 0x4a, 0x7e, 0x0e, 0x49, 0x7b, 0x0d, 0x47, 0x79,
  0x0c, 0x46, 0x78, 0x0a, 0x44, 0x77, 0x0a, 0x47, 0x7c, 0x0b, 0x48, 0x7d,
  0x09, 0x41, 0x74, 0x08, 0x3a, 0x66, 0x07, 0x2e, 0x51, 0x07, 0x32, 0x59,
  0x06, 0x32, 0x5a, 0x07, 0x38, 0x63, 0x06, 0x27, 0x46, 0x04, 0x1a, 0x30,
  0x04, 0x1e, 0x36, 0x05, 0x1b, 0x31, 0x05, 0x1f, 0x38, 0x06, 0x2e, 0x51,
  0x09, 0x3e, 0x6c, 0x09, 0x3d, 0x6b, 0x09, 0x3b, 0x68, 0x09, 0x39, 0x63,
  0x09, 0x39, 0x63, 0x08, 0x3b, 0x67, 0x09, 0x3c, 0x68, 0x0a, 0x3d, 0x69,
  0x0a, 0x3c, 0x67, 0x09, 0x3b, 0x66, 0x0b, 0x3e, 0x6b, 0x0b, 0x41, 0x6f,
  0x0b, 0x3f, 0x6c, 0x0c, 0x43, 0x72, 0x0a, 0x40, 0x6f, 0x0b, 0x41, 0x70,
  0x0c, 0x44, 0x74, 0x0d, 0x45, 0x77, 0x0d, 0x44, 0x74, 0x0d, 0x44, 0x74,
  0x0d, 0x45, 0x76, 0x0d, 0x45, 0x77, 0x0d, 0x47, 0x79, 0x0e, 0x4b, 0x80,
  0x08, 0x33, 0x5a, 0x04, 0x1e, 0x3a, 0x04, 0x21, 0x3e, 0x04, 0x23, 0x42,
  0x05, 0x19, 0x2e, 0x05, 0x15, 0x25, 0x04, 0x1a, 0x31, 0x04, 0x1b, 0x32,
  0x05, 0x13, 0x21, 0x04, 0x15, 0x26, 0x05, 0x14, 0x23, 0x05, 0x12, 0x1d,
  0x06, 0x15, 0x24, 0x05, 0x12, 0x1f, 0x06, 0x29, 0x48, 0x08, 0x34, 0x5d,
  0x05, 0x24, 0x42, 0x04, 0x1f, 0x38, 0x05, 0x21, 0x3a, 0x06, 0x21, 0x3a,
  0x05, 0x21, 0x3b, 0x05, 0x24, 0x40, 0x04, 0x26, 0x45, 0x04, 0x26, 0x45,
  0x05, 0x23, 0x3e, 0x05, 0x1d, 0x32, 0x05, 0x1c, 0x31, 0x05, 0x24, 0x3f,
  0x07, 0x26, 0x40, 0x05, 0x1a, 0x2c, 0x06, 0x21, 0x39, 0x06, 0x21, 0x39,
  0x06, 0x16, 0x23, 0x06, 0x1b, 0x2c, 0x06, 0x23, 0x3c, 0x06, 0x1f, 0x35,
  0x05, 0x1c, 0x30, 0x05, 0x15, 0x22, 0x03, 0x16, 0x27, 0x03, 0x11, 0x1f,
  0x03, 0x10, 0x1e, 0x01, 0x18, 0x34, 0x02, 0x17, 0x2f, 0x02, 0x1a, 0x35,
  0x02, 0x15, 0x2c, 0x03, 0x0d, 0x17, 0x03, 0x0f, 0x1b, 0x03, 0x0f, 0x1b,
  0x03, 0x0f, 0x1a, 0x03, 0x0d, 0x16, 0x02, 0x1a, 0x36, 0x01, 0x1c, 0x3c,
  0x01, 0x17, 0x32, 0x01, 0x18, 0x31, 0x02, 0x14, 0x27, 0x08, 0x28, 0x43,
  0x07, 0x2f, 0x51, 0x06, 0x27, 0x43, 0x07, 0x21, 0x36, 0x03, 0x13, 0x22,
  0x03, 0x12, 0x20, 0x08, 0x1f, 0x31, 0x0c, 0x29, 0x41, 0x0a, 0x2a, 0x44,
  0x06, 0x20, 0x37, 0x05, 0x1c, 0x31, 0x04, 0x16, 0x27, 0x04, 0x19, 0x2b,
  0x06, 0x22, 0x3a, 0x06, 0x21, 0x37, 0x07, 0x21, 0x37, 0x06, 0x1e, 0x32,
  0x03, 0x13, 0x23, 0x02, 0x1c, 0x38, 0x02, 0x26, 0x4b, 0x02, 0x2d, 0x5b,
  0x02, 0x21, 0x41, 0x03, 0x11, 0x20, 0x03, 0x0f, 0x1b, 0x03, 0x18, 0x2d,
  0x03, 0x1d, 0x38, 0x02, 0x13, 0x24, 0x02, 0x11, 0x22, 0x03, 0x27, 0x4b,
  0x04, 0x2d, 0x54, 0x03, 0x27, 0x48, 0x10, 0x3d, 0x63, 0x16, 0x47, 0x6f,
  0x15, 0x45, 0x6c, 0x10, 0x39, 0x5c, 0x13, 0x3f, 0x63, 0x11, 0x3f, 0x64,
  0x12, 0x42, 0x6a, 0x10, 0x45, 0x71, 0x0f, 0x43, 0x6f, 0x10, 0x3f, 0x67,
  0x0a, 0x39, 0x62, 0x06, 0x2f, 0x55, 0x07, 0x32, 0x59, 0x07, 0x2b, 0x4b,
  0x0b, 0x2d, 0x49, 0x0e, 0x35, 0x56, 0x0c, 0x32, 0x52, 0x0c, 0x33, 0x52,
  0x0d, 0x2e, 0x49, 0x0f, 0x31, 0x4d, 0x11, 0x3c, 0x5f, 0x0c, 0x35, 0x57,
  0x11, 0x3d, 0x61, 0x12, 0x37, 0x55, 0x15, 0x38, 0x53, 0x16, 0x39, 0x53,
  0x14, 0x39, 0x56, 0x1f, 0x49, 0x69, 0x21, 0x4d, 0x6e, 0x14, 0x3a, 0x58,
  0x0f, 0x33, 0x51, 0x0c, 0x29, 0x42, 0x0a, 0x27, 0x40, 0x0b, 0x2b, 0x46,
  0x09, 0x2a, 0x48, 0x05, 0x25, 0x43, 0x07, 0x28, 0x45, 0x06, 0x23, 0x3f,
  0x03, 0x1c, 0x34, 0x0b, 0x32, 0x53, 0x09, 0x37, 0x5f, 0x06, 0x28, 0x47,
  0x06, 0x21, 0x3a, 0x04, 0x1d, 0x36, 0x08, 0x2e, 0x4f, 0x09, 0x35, 0x5c,
  0x06, 0x26, 0x45, 0x04, 0x20, 0x3a, 0x07, 0x28, 0x47, 0x06, 0x27, 0x46,
  0x06, 0x23, 0x3e, 0x07, 0x23, 0x3a, 0x09, 0x24, 0x3b, 0x0c, 0x27, 0x3c,
  0x0c, 0x27, 0x3c, 0x0b, 0x26, 0x3b, 0x09, 0x23, 0x37, 0x08, 0x1f, 0x31,
  0x06, 0x19, 0x29, 0x05, 0x17, 0x26, 0x08, 0x29, 0x45, 0x0f, 0x4d, 0x80,
  0x0f, 0x4e, 0x82, 0x0f, 0x4a, 0x7d, 0x0f, 0x4b, 0x7e, 0x0c, 0x46, 0x78,
  0x0c, 0x46, 0x78, 0x0c, 0x49, 0x7d, 0x0a, 0x47, 0x7c, 0x0a, 0x47, 0x7b,
  0x0a, 0x42, 0x74, 0x09, 0x3c, 0x68, 0x08, 0x31, 0x55, 0x07, 0x35, 0x5e,
  0x07, 0x33, 0x5b, 0x08, 0x39, 0x64, 0x08, 0x39, 0x65, 0x04, 0x1f, 0x37,
  0x05, 0x1e, 0x35, 0x05, 0x20, 0x3a, 0x05, 0x1d, 0x34, 0x05, 0x1d, 0x33,
  0x06, 0x27, 0x46, 0x09, 0x3b, 0x68, 0x0b, 0x40, 0x70, 0x0a, 0x3d, 0x69,
  0x08, 0x38, 0x63, 0x08, 0x39, 0x65, 0x0a, 0x40, 0x6e, 0x0d, 0x47, 0x79,
  0x0c, 0x44, 0x75, 0x0c, 0x43, 0x73, 0x0b, 0x42, 0x71, 0x0b, 0x40, 0x6e,
  0x0b, 0x3f, 0x6d, 0x0c, 0x43, 0x71, 0x0c, 0x42, 0x71, 0x0c, 0x43, 0x73,
  0x0d, 0x46, 0x77, 0x0d, 0x46, 0x77, 0x0e, 0x46, 0x77, 0x0f, 0x49, 0x7a,
  0x0e, 0x47, 0x78, 0x0e, 0x47, 0x78, 0x0d, 0x48, 0x7c, 0x0d, 0x48, 0x7b,
  0x04, 0x1f, 0x3b, 0x04, 0x20, 0x3b, 0x05, 0x1e, 0x37, 0x04, 0x1f, 0x3a,
  0x04, 0x1f, 0x38, 0x05, 0x16, 0x27, 0x05, 0x14, 0x22, 0x04, 0x1a, 0x32,
  0x05, 0x18, 0x2b, 0x05, 0x10, 0x1b, 0x05, 0x15, 0x25, 0x05, 0x12, 0x1e,
  0x06, 0x12, 0x1d, 0x06, 0x13, 0x20, 0x04, 0x16, 0x27, 0x04, 0x20, 0x3a,
  0x05, 0x22, 0x3c, 0x06, 0x23, 0x3c, 0x06, 0x27, 0x44, 0x06, 0x28, 0x44,
  0x06, 0x25, 0x40, 0x06, 0x25, 0x40, 0x05, 0x1c, 0x30, 0x05, 0x21, 0x3a,
  0x05, 0x23, 0x3e, 0x05, 0x1e, 0x35, 0x05, 0x1d, 0x34, 0x05, 0x21, 0x3a,
  0x06, 0x1f, 0x34, 0x05, 0x17, 0x27, 0x06, 0x1f, 0x35, 0x06, 0x20, 0x36,
  0x05, 0x14, 0x21, 0x07, 0x1f, 0x33, 0x07, 0x22, 0x3a, 0x05, 0x1d, 0x32,
  0x05, 0x1a, 0x2c, 0x04, 0x13, 0x1f, 0x04, 0x10, 0x1b, 0x04, 0x0d, 0x16,
  0x02, 0x13, 0x26, 0x01, 0x1c, 0x3c, 0x01, 0x18, 0x33, 0x01, 0x1a, 0x38,
  0x03, 0x12, 0x24, 0x02, 0x10, 0x21, 0x02, 0x16, 0x2f, 0x02, 0x15, 0x2a,
  0x03, 0x0f, 0x1c, 0x02, 0x15, 0x2b, 0x01, 0x1e, 0x3f, 0x02, 0x1e, 0x3e,
  0x02, 0x1d, 0x3b, 0x02, 0x14, 0x28, 0x08, 0x25, 0x3f, 0x09, 0x2d, 0x4b,
  0x08, 0x24, 0x3d, 0x06, 0x1c, 0x2f, 0x03, 0x12, 0x20, 0x08, 0x1f, 0x34,
  0x14, 0x37, 0x52, 0x0e, 0x2f, 0x49, 0x08, 0x20, 0x34, 0x06, 0x1b, 0x2c,
  0x04, 0x15, 0x24, 0x04, 0x17, 0x28, 0x05, 0x1e, 0x33, 0x09, 0x23, 0x38,
  0x0a, 0x25, 0x39, 0x07, 0x1e, 0x30, 0x05, 0x19, 0x28, 0x03, 0x13, 0x20,
  0x03, 0x19, 0x2f, 0x02, 0x1f, 0x3e, 0x02, 0x23, 0x45, 0x02, 0x26, 0x4b,
  0x03, 0x15, 0x27, 0x03, 0x0d, 0x18, 0x03, 0x1f, 0x3a, 0x03, 0x2b, 0x54,
  0x02, 0x26, 0x4c, 0x02, 0x2e, 0x59, 0x02, 0x1a, 0x33, 0x02, 0x0f, 0x1c,
  0x03, 0x27, 0x49, 0x05, 0x31, 0x59, 0x04, 0x2e, 0x55, 0x05, 0x32, 0x5a,
  0x07, 0x30, 0x56, 0x0a, 0x34, 0x5a, 0x10, 0x3f, 0x68, 0x15, 0x48, 0x72,
  0x12, 0x44, 0x6d, 0x10, 0x40, 0x69, 0x07, 0x34, 0x5d, 0x05, 0x2a, 0x4d,
  0x04, 0x2b, 0x50, 0x02, 0x29, 0x4d, 0x06, 0x30, 0x55, 0x06, 0x27, 0x43,
  0x0f, 0x34, 0x51, 0x17, 0x43, 0x65, 0x0e, 0x34, 0x53, 0x07, 0x29, 0x44,
  0x0b, 0x2d, 0x4b, 0x1c, 0x48, 0x6a, 0x1d, 0x4d, 0x72, 0x1a, 0x46, 0x69,
  0x14, 0x3c, 0x5c, 0x1a, 0x43, 0x61, 0x1d, 0x45, 0x64, 0x17, 0x39, 0x54,
  0x13, 0x33, 0x4d, 0x13, 0x35, 0x52, 0x0c, 0x2e, 0x4a, 0x08, 0x27, 0x43,
  0x06, 0x25, 0x41, 0x04, 0x20, 0x3a, 0x06, 0x20, 0x39, 0x08, 0x26, 0x42,
  0x11, 0x3f, 0x67, 0x0d, 0x3c, 0x65, 0x04, 0x1b, 0x33, 0x04, 0x18, 0x2c,
  0x04, 0x18, 0x2b, 0x05, 0x1a, 0x2f, 0x0b, 0x3d, 0x67, 0x06, 0x2b, 0x4c,
  0x02, 0x15, 0x29, 0x03, 0x1b, 0x33, 0x03, 0x1b, 0x34, 0x0c, 0x3a, 0x61,
  0x06, 0x25, 0x42, 0x03, 0x1a, 0x32, 0x04, 0x1d, 0x36, 0x0c, 0x37, 0x5c,
  0x0e, 0x43, 0x71, 0x04, 0x2a, 0x4f, 0x03, 0x19, 0x30, 0x05, 0x1e, 0x36,
  0x06, 0x1e, 0x32, 0x07, 0x1c, 0x2f, 0x06, 0x1d, 0x30, 0x06, 0x1c, 0x2f,
  0x06, 0x22, 0x3b, 0x0e, 0x3e, 0x66, 0x12, 0x50, 0x85, 0x10, 0x4e, 0x83,
  0x10, 0x4d, 0x82, 0x0f, 0x4c, 0x80, 0x0d, 0x48, 0x7c, 0x0d, 0x48, 0x7b,
  0x0e, 0x4a, 0x7d, 0x0d, 0x4a, 0x7d, 0x0a, 0x47, 0x7b, 0x09, 0x42, 0x74,
  0x09, 0x40, 0x71, 0x09, 0x3c, 0x68, 0x08, 0x32, 0x57, 0x08, 0x35, 0x5e,
  0x07, 0x36, 0x5f, 0x08, 0x38, 0x64, 0x07, 0x3b, 0x69, 0x06, 0x2d, 0x50,
  0x05, 0x1a, 0x2f, 0x05, 0x1d, 0x36, 0x04, 0x20, 0x3a, 0x05, 0x1f, 0x37,
  0x05, 0x1d, 0x35, 0x05, 0x24, 0x40, 0x09, 0x3b, 0x67, 0x09, 0x3e, 0x6d,
  0x08, 0x3a, 0x67, 0x0a, 0x3f, 0x6e, 0x0c, 0x43, 0x72, 0x0c, 0x45, 0x77,
  0x0c, 0x46, 0x79, 0x0c, 0x47, 0x7a, 0x0c, 0x47, 0x7a, 0x0b, 0x44, 0x76,
  0x0a, 0x41, 0x71, 0x0b, 0x41, 0x70, 0x0b, 0x43, 0x72, 0x0c, 0x44, 0x75,
  0x0e, 0x47, 0x79, 0x0f, 0x4a, 0x7b, 0x0f, 0x49, 0x7a, 0x0f, 0x49, 0x7a,
  0x0f, 0x4a, 0x7b, 0x0d, 0x45, 0x76, 0x0e, 0x4c, 0x82, 0x0c, 0x3d, 0x69,
  0x03, 0x20, 0x3c, 0x04, 0x23, 0x41, 0x04, 0x1d, 0x35, 0x05, 0x1a, 0x2f,
  0x04, 0x1d, 0x36, 0x04, 0x1a, 0x31, 0x05, 0x13, 0x21, 0x05, 0x15, 0x24,
  0x04, 0x1b, 0x31, 0x04, 0x13, 0x20, 0x05, 0x11, 0x1c, 0x05, 0x11, 0x1d,
  0x05, 0x13, 0x20, 0x05, 0x1c, 0x32, 0x05, 0x21, 0x3c, 0x05, 0x21, 0x3b,
  0x05, 0x20, 0x37, 0x06, 0x23, 0x3d, 0x06, 0x28, 0x46, 0x06, 0x27, 0x45,
  0x06, 0x21, 0x39, 0x06, 0x19, 0x29, 0x06, 0x1b, 0x2c, 0x06, 0x1e, 0x32,
  0x06, 0x1c, 0x2e, 0x05, 0x1b, 0x2f, 0x04, 0x1a, 0x2f, 0x05, 0x1a, 0x2d,
  0x05, 0x18, 0x29, 0x06, 0x1a, 0x2c, 0x07, 0x20, 0x36, 0x08, 0x24, 0x3c,
  0x06, 0x1c, 0x2e, 0x06, 0x1e, 0x33, 0x05, 0x1f, 0x34, 0x05, 0x1a, 0x2a,
  0x05, 0x15, 0x22, 0x04, 0x12, 0x1e, 0x04, 0x10, 0x19, 0x03, 0x0d, 0x15,
  0x02, 0x15, 0x2c, 0x01, 0x19, 0x36, 0x01, 0x1b, 0x3a, 0x02, 0x1b, 0x38,
  0x03, 0x0e, 0x1a, 0x02, 0x15, 0x2c, 0x02, 0x1b, 0x35, 0x03, 0x13, 0x24,
  0x03, 0x0f, 0x1d, 0x01, 0x1f, 0x41, 0x02, 0x1f, 0x40, 0x01, 0x20, 0x43,
  0x01, 0x19, 0x33, 0x06, 0x1b, 0x2f, 0x09, 0x2b, 0x48, 0x09, 0x24, 0x3b,
  0x05, 0x17, 0x27, 0x03, 0x11, 0x1e, 0x0a, 0x23, 0x38, 0x13, 0x37, 0x53,
  0x12, 0x33, 0x4c, 0x06, 0x19, 0x28, 0x04, 0x14, 0x22, 0x04, 0x15, 0x23,
  0x08, 0x1d, 0x2e, 0x0a, 0x24, 0x38, 0x09, 0x23, 0x37, 0x0a, 0x25, 0x3a,
  0x0c, 0x26, 0x38, 0x09, 0x1e, 0x2e, 0x05, 0x15, 0x21, 0x05, 0x10, 0x19,
  0x03, 0x19, 0x30, 0x01, 0x17, 0x2f, 0x02, 0x1a, 0x34, 0x02, 0x20, 0x40,
  0x03, 0x15, 0x26, 0x03, 0x0f, 0x1a, 0x03, 0x29, 0x4d, 0x02, 0x25, 0x4a,
  0x02, 0x22, 0x47, 0x02, 0x23, 0x45, 0x03, 0x2c, 0x54, 0x03, 0x17, 0x2d,
  0x03, 0x0d, 0x19, 0x04, 0x25, 0x44, 0x04, 0x30, 0x59, 0x03, 0x2c, 0x53,
  0x02, 0x2a, 0x51, 0x02, 0x28, 0x4c, 0x01, 0x23, 0x46, 0x01, 0x25, 0x48,
  0x02, 0x26, 0x49, 0x01, 0x27, 0x4c, 0x02, 0x28, 0x4d, 0x03, 0x26, 0x48,
  0x06, 0x2e, 0x53, 0x0d, 0x3a, 0x61, 0x11, 0x43, 0x6c, 0x1b, 0x47, 0x69,
  0x1b, 0x49, 0x6c, 0x14, 0x40, 0x62, 0x10, 0x37, 0x56, 0x0e, 0x32, 0x51,
  0x1c, 0x45, 0x65, 0x23, 0x50, 0x72, 0x1d, 0x49, 0x6b, 0x18, 0x41, 0x61,
  0x0e, 0x33, 0x52, 0x08, 0x27, 0x41, 0x09, 0x2b, 0x48, 0x06, 0x26, 0x44,
  0x08, 0x29, 0x47, 0x0b, 0x30, 0x4f, 0x07, 0x23, 0x3b, 0x07, 0x26, 0x42,
  0x0d, 0x3d, 0x67, 0x08, 0x2b, 0x4a, 0x04, 0x12, 0x22, 0x03, 0x11, 0x20,
  0x09, 0x29, 0x47, 0x08, 0x38, 0x64, 0x03, 0x19, 0x30, 0x04, 0x18, 0x2d,
  0x04, 0x19, 0x2d, 0x04, 0x13, 0x24, 0x08, 0x29, 0x47, 0x05, 0x24, 0x41,
  0x03, 0x1d, 0x37, 0x03, 0x20, 0x3d, 0x03, 0x1a, 0x31, 0x08, 0x24, 0x3f,
  0x04, 0x1d, 0x37, 0x04, 0x1d, 0x36, 0x04, 0x1b, 0x33, 0x05, 0x1d, 0x35,
  0x11, 0x46, 0x71, 0x07, 0x37, 0x63, 0x03, 0x1e, 0x3a, 0x03, 0x1e, 0x3b,
  0x03, 0x1d, 0x37, 0x09, 0x2d, 0x4c, 0x05, 0x2a, 0x4c, 0x06, 0x29, 0x4a,
  0x12, 0x4e, 0x80, 0x13, 0x52, 0x88, 0x11, 0x4f, 0x83, 0x0f, 0x4c, 0x81,
  0x10, 0x4e, 0x82, 0x11, 0x50, 0x85, 0x0f, 0x4c, 0x80, 0x0c, 0x46, 0x78,
  0x0d, 0x47, 0x7a, 0x0c, 0x46, 0x78, 0x0b, 0x47, 0x7b, 0x0a, 0x44, 0x77,
  0x0b, 0x43, 0x74, 0x0a, 0x3e, 0x6b, 0x09, 0x34, 0x5a, 0x09, 0x37, 0x60,
  0x08, 0x38, 0x62, 0x09, 0x3a, 0x65, 0x09, 0x3c, 0x6b, 0x06, 0x33, 0x5c,
  0x04, 0x1b, 0x31, 0x05, 0x1b, 0x30, 0x04, 0x1e, 0x37, 0x05, 0x20, 0x39,
  0x05, 0x1e, 0x35, 0x05, 0x1d, 0x33, 0x04, 0x1f, 0x38, 0x07, 0x37, 0x60,
  0x0a, 0x41, 0x71, 0x0c, 0x44, 0x75, 0x0e, 0x48, 0x79, 0x0c, 0x44, 0x75,
  0x0b, 0x45, 0x76, 0x0b, 0x45, 0x77, 0x0c, 0x49, 0x7e, 0x0b, 0x45, 0x78,
  0x09, 0x3f, 0x6f, 0x0b, 0x41, 0x70, 0x0b, 0x42, 0x71, 0x0d, 0x47, 0x79,
  0x0d, 0x47, 0x7a, 0x0e, 0x4a, 0x7d, 0x0f, 0x4a, 0x7c, 0x0e, 0x48, 0x7a,
  0x0e, 0x48, 0x7a, 0x0f, 0x4a, 0x7c, 0x0c, 0x42, 0x73, 0x05, 0x24, 0x42,
  0x03, 0x21, 0x40, 0x03, 0x23, 0x43, 0x04, 0x1f, 0x3b, 0x05, 0x19, 0x2c,
  0x05, 0x18, 0x2a, 0x05, 0x19, 0x2e, 0x05, 0x17, 0x2a, 0x06, 0x11, 0x1c,
  0x05, 0x15, 0x26, 0x04, 0x16, 0x28, 0x05, 0x11, 0x1c, 0x05, 0x18, 0x29,
  0x05, 0x24, 0x40, 0x05, 0x23, 0x3e, 0x05, 0x20, 0x37, 0x06, 0x27, 0x43,
  0x06, 0x26, 0x43, 0x05, 0x28, 0x46, 0x05, 0x24, 0x40, 0x05, 0x23, 0x3d,
  0x06, 0x20, 0x36, 0x07, 0x21, 0x36, 0x07, 0x1f, 0x35, 0x06, 0x19, 0x29,
  0x06, 0x18, 0x27, 0x06, 0x1b, 0x2c, 0x05, 0x18, 0x29, 0x05, 0x15, 0x24,
  0x05, 0x14, 0x21, 0x05, 0x17, 0x27, 0x06, 0x1d, 0x31, 0x06, 0x1d, 0x30,
  0x06, 0x1d, 0x31, 0x06, 0x1c, 0x2f, 0x06, 0x1c, 0x2f, 0x05, 0x16, 0x23,
  0x05, 0x13, 0x20, 0x05, 0x14, 0x21, 0x04, 0x0f, 0x18, 0x03, 0x0e, 0x1a,
  0x01, 0x15, 0x2c, 0x02, 0x16, 0x2d, 0x02, 0x17, 0x31, 0x02, 0x17, 0x2e,
  0x02, 0x0f, 0x1c, 0x02, 0x19, 0x35, 0x02, 0x19, 0x33, 0x02, 0x0e, 0x1a,
  0x02, 0x18, 0x32, 0x02, 0x19, 0x35, 0x02, 0x1c, 0x39, 0x01, 0x1b, 0x39,
  0x04, 0x16, 0x27, 0x09, 0x25, 0x3c, 0x07, 0x22, 0x39, 0x03, 0x12, 0x21,
  0x05, 0x17, 0x27, 0x10, 0x31, 0x4b, 0x0e, 0x2e, 0x46, 0x09, 0x20, 0x34,
  0x03, 0x13, 0x22, 0x05, 0x18, 0x29, 0x0c, 0x25, 0x3a, 0x0f, 0x2b, 0x41,
  0x0f, 0x2c, 0x43, 0x11, 0x31, 0x49, 0x0a, 0x22, 0x36, 0x09, 0x1f, 0x32,
  0x0a, 0x21, 0x31, 0x0a, 0x1e, 0x2d, 0x07, 0x18, 0x25, 0x05, 0x11, 0x1a,
  0x01, 0x16, 0x2b, 0x06, 0x2c, 0x4f, 0x05, 0x2b, 0x4f, 0x01, 0x1c, 0x39,
  0x03, 0x15, 0x28, 0x03, 0x12, 0x20, 0x03, 0x2b, 0x52, 0x01, 0x22, 0x46,
  0x02, 0x20, 0x40, 0x02, 0x18, 0x30, 0x03, 0x24, 0x45, 0x03, 0x2b, 0x52,
  0x03, 0x12, 0x22, 0x03, 0x0e, 0x18, 0x02, 0x1b, 0x34, 0x03, 0x28, 0x4c,
  0x05, 0x30, 0x57, 0x09, 0x35, 0x5d, 0x0d, 0x3c, 0x64, 0x07, 0x2e, 0x52,
  0x05, 0x2d, 0x52, 0x07, 0x31, 0x58, 0x07, 0x31, 0x57, 0x0a, 0x37, 0x5f,
  0x10, 0x3d, 0x63, 0x17, 0x44, 0x69, 0x17, 0x46, 0x6d, 0x22, 0x53, 0x78,
  0x17, 0x41, 0x62, 0x0a, 0x2a, 0x45, 0x09, 0x26, 0x3f, 0x0a, 0x29, 0x44,
  0x11, 0x36, 0x56, 0x10, 0x35, 0x53, 0x09, 0x29, 0x45, 0x05, 0x22, 0x3d,
  0x07, 0x22, 0x3a, 0x05, 0x19, 0x2b, 0x07, 0x25, 0x40, 0x0c, 0x3a, 0x63,
  0x07, 0x32, 0x56, 0x04, 0x12, 0x21, 0x03, 0x0f, 0x1c, 0x04, 0x0f, 0x1a,
  0x0a, 0x2d, 0x4c, 0x0a, 0x30, 0x52, 0x03, 0x14, 0x26, 0x04, 0x15, 0x25,
  0x06, 0x1c, 0x30, 0x09, 0x31, 0x56, 0x03, 0x16, 0x2b, 0x04, 0x19, 0x30,
  0x04, 0x19, 0x30, 0x04, 0x1a, 0x30, 0x07, 0x1f, 0x36, 0x04, 0x1c, 0x34,
  0x04, 0x1a, 0x30, 0x04, 0x19, 0x2f, 0x04, 0x19, 0x2f, 0x04, 0x1a, 0x30,
  0x06, 0x20, 0x39, 0x03, 0x18, 0x2d, 0x04, 0x1e, 0x38, 0x02, 0x1c, 0x37,
  0x08, 0x2f, 0x52, 0x06, 0x34, 0x5e, 0x03, 0x25, 0x48, 0x03, 0x27, 0x4c,
  0x02, 0x1e, 0x3b, 0x13, 0x4b, 0x7a, 0x0a, 0x3c, 0x68, 0x0a, 0x38, 0x62,
  0x15, 0x57, 0x8d, 0x12, 0x4f, 0x83, 0x11, 0x4f, 0x84, 0x10, 0x4e, 0x82,
  0x12, 0x50, 0x86, 0x12, 0x4f, 0x83, 0x11, 0x4f, 0x83, 0x0d, 0x48, 0x7a,
  0x0c, 0x48, 0x7c, 0x0c, 0x48, 0x7b, 0x0c, 0x4a, 0x7f, 0x0a, 0x48, 0x7d,
  0x0b, 0x43, 0x75, 0x09, 0x3b, 0x67, 0x09, 0x34, 0x5a, 0x07, 0x34, 0x5d,
  0x06, 0x36, 0x60, 0x08, 0x3a, 0x67, 0x08, 0x3c, 0x6b, 0x07, 0x37, 0x62,
  0x05, 0x1f, 0x38, 0x05, 0x1c, 0x33, 0x05, 0x1b, 0x31, 0x05, 0x1e, 0x37,
  0x05, 0x1e, 0x36, 0x05, 0x1c, 0x32, 0x05, 0x1c, 0x33, 0x05, 0x23, 0x3d,
  0x08, 0x39, 0x63, 0x0b, 0x42, 0x71, 0x0b, 0x42, 0x72, 0x09, 0x3f, 0x6f,
  0x0a, 0x40, 0x6f, 0x0c, 0x45, 0x76, 0x0d, 0x4a, 0x7e, 0x0c, 0x47, 0x7b,
  0x0a, 0x41, 0x71, 0x0a, 0x40, 0x6f, 0x0c, 0x45, 0x75, 0x0e, 0x48, 0x7a,
  0x0e, 0x49, 0x7c, 0x0c, 0x48, 0x7c, 0x0e, 0x4a, 0x7d, 0x0f, 0x4a, 0x7e,
  0x0e, 0x48, 0x7c, 0x0d, 0x47, 0x7a, 0x0c, 0x42, 0x71, 0x05, 0x1e, 0x37,
  0x04, 0x1d, 0x36, 0x04, 0x1f, 0x3a, 0x04, 0x1f, 0x3b, 0x04, 0x1c, 0x35,
  0x05, 0x15, 0x24, 0x05, 0x14, 0x21, 0x05, 0x16, 0x27, 0x05, 0x13, 0x20,
  0x05, 0x12, 0x1f, 0x05, 0x14, 0x21, 0x05, 0x1b, 0x30, 0x05, 0x27, 0x45,
  0x06, 0x26, 0x42, 0x05, 0x1f, 0x37, 0x05, 0x23, 0x3f, 0x06, 0x2b, 0x4c,
  0x05, 0x28, 0x47, 0x05, 0x28, 0x46, 0x06, 0x24, 0x3e, 0x07, 0x27, 0x42,
  0x07, 0x23, 0x3b, 0x08, 0x21, 0x36, 0x07, 0x1a, 0x29, 0x06, 0x17, 0x24,
  0x07, 0x1b, 0x2c, 0x06, 0x18, 0x29, 0x04, 0x15, 0x25, 0x05, 0x12, 0x1e,
  0x05, 0x12, 0x1d, 0x05, 0x14, 0x21, 0x04, 0x14, 0x22, 0x05, 0x17, 0x27,
  0x05, 0x1a, 0x2b, 0x05, 0x18, 0x28, 0x06, 0x17, 0x26, 0x05, 0x11, 0x1b,
  0x06, 0x18, 0x27, 0x05, 0x18, 0x28, 0x04, 0x0f, 0x18, 0x03, 0x11, 0x21,
  0x01, 0x16, 0x2f, 0x02, 0x1d, 0x39, 0x02, 0x16, 0x2f, 0x02, 0x14, 0x28,
  0x03, 0x0d, 0x18, 0x02, 0x15, 0x29, 0x03, 0x10, 0x1d, 0x03, 0x12, 0x23,
  0x01, 0x1e, 0x3e, 0x04, 0x27, 0x49, 0x02, 0x1c, 0x39, 0x02, 0x14, 0x26,
  0x09, 0x1f, 0x31, 0x07, 0x1d, 0x2f, 0x03, 0x11, 0x20, 0x0c, 0x29, 0x40,
  0x12, 0x39, 0x57, 0x0d, 0x2c, 0x43, 0x07, 0x20, 0x34, 0x05, 0x18, 0x28,
  0x09, 0x1e, 0x31, 0x12, 0x35, 0x51, 0x17, 0x3f, 0x5d, 0x0f, 0x31, 0x4c,
  0x1a, 0x3e, 0x5b, 0x2f, 0x5e, 0x80, 0x10, 0x30, 0x48, 0x06, 0x1b, 0x2c,
  0x0c, 0x25, 0x38, 0x11, 0x30, 0x47, 0x0a, 0x1f, 0x2f, 0x05, 0x11, 0x19,
  0x02, 0x1a, 0x34, 0x02, 0x22, 0x43, 0x02, 0x22, 0x43, 0x02, 0x1e, 0x3b,
  0x03, 0x14, 0x23, 0x03, 0x11, 0x20, 0x04, 0x29, 0x4e, 0x06, 0x2c, 0x52,
  0x00, 0x1b, 0x3a, 0x08, 0x32, 0x5a, 0x04, 0x29, 0x50, 0x03, 0x2c, 0x55,
  0x05, 0x2a, 0x4e, 0x03, 0x10, 0x1c, 0x03, 0x0e, 0x17, 0x03, 0x17, 0x2a,
  0x04, 0x22, 0x3f, 0x06, 0x2b, 0x4c, 0x0c, 0x33, 0x54, 0x0b, 0x33, 0x55,
  0x06, 0x2a, 0x4b, 0x05, 0x27, 0x46, 0x04, 0x25, 0x44, 0x05, 0x28, 0x47,
  0x07, 0x29, 0x48, 0x09, 0x2d, 0x4d, 0x08, 0x27, 0x42, 0x06, 0x21, 0x3b,
  0x03, 0x1b, 0x34, 0x07, 0x24, 0x3f, 0x0a, 0x2d, 0x4c, 0x05, 0x1f, 0x37,
  0x05, 0x1b, 0x2f, 0x09, 0x26, 0x41, 0x0c, 0x38, 0x5e, 0x06, 0x29, 0x49,
  0x04, 0x12, 0x1f, 0x05, 0x13, 0x1f, 0x03, 0x0d, 0x17, 0x08, 0x2d, 0x4f,
  0x0b, 0x38, 0x5e, 0x04, 0x13, 0x22, 0x04, 0x17, 0x28, 0x04, 0x15, 0x24,
  0x04, 0x16, 0x27, 0x05, 0x1d, 0x34, 0x04, 0x14, 0x24, 0x05, 0x16, 0x26,
  0x06, 0x18, 0x29, 0x08, 0x1f, 0x35, 0x04, 0x19, 0x2e, 0x04, 0x1c, 0x34,
  0x04, 0x1a, 0x30, 0x05, 0x1b, 0x31, 0x04, 0x18, 0x2c, 0x04, 0x1a, 0x30,
  0x03, 0x18, 0x2d, 0x04, 0x1a, 0x30, 0x03, 0x18, 0x2d, 0x0f, 0x3d, 0x64,
  0x1a, 0x5c, 0x91, 0x0e, 0x3c, 0x64, 0x02, 0x24, 0x46, 0x04, 0x29, 0x4c,
  0x0d, 0x39, 0x5f, 0x08, 0x30, 0x54, 0x06, 0x34, 0x5f, 0x03, 0x2e, 0x56,
  0x01, 0x1d, 0x39, 0x14, 0x4d, 0x7d, 0x11, 0x4a, 0x7a, 0x0f, 0x49, 0x7a,
  0x11, 0x51, 0x87, 0x11, 0x50, 0x85, 0x0f, 0x4c, 0x80, 0x13, 0x53, 0x89,
  0x13, 0x51, 0x86, 0x10, 0x4d, 0x81, 0x11, 0x4e, 0x81, 0x0c, 0x47, 0x7a,
  0x0d, 0x4b, 0x7f, 0x0c, 0x48, 0x7b, 0x09, 0x47, 0x7c, 0x0a, 0x48, 0x7d,
  0x09, 0x42, 0x73, 0x09, 0x3b, 0x67, 0x08, 0x33, 0x58, 0x06, 0x32, 0x5b,
  0x05, 0x34, 0x5f, 0x05, 0x36, 0x63, 0x05, 0x36, 0x64, 0x06, 0x39, 0x68,
  0x05, 0x28, 0x47, 0x04, 0x1d, 0x35, 0x06, 0x1c, 0x31, 0x06, 0x1b, 0x30,
  0x05, 0x1d, 0x34, 0x05, 0x1d, 0x34, 0x05, 0x1c, 0x32, 0x05, 0x1c, 0x31,
  0x05, 0x22, 0x3b, 0x0a, 0x3d, 0x6a, 0x0b, 0x42, 0x71, 0x08, 0x3c, 0x6b,
  0x09, 0x3f, 0x6f, 0x0b, 0x42, 0x72, 0x0e, 0x49, 0x7c, 0x0e, 0x4b, 0x7f,
  0x0a, 0x41, 0x70, 0x0b, 0x41, 0x6f, 0x0d, 0x46, 0x76, 0x0f, 0x4a, 0x7d,
  0x0f, 0x4a, 0x7d, 0x0c, 0x48, 0x7c, 0x0c, 0x47, 0x7a, 0x0d, 0x4a, 0x7f,
  0x0c, 0x48, 0x7e, 0x0d, 0x4b, 0x81, 0x09, 0x33, 0x59, 0x04, 0x1c, 0x34,
  0x04, 0x20, 0x3b, 0x05, 0x1c, 0x31, 0x05, 0x18, 0x2c, 0x04, 0x1a, 0x31,
  0x04, 0x17, 0x2b, 0x05, 0x14, 0x21, 0x05, 0x13, 0x21, 0x05, 0x14, 0x23,
  0x05, 0x15, 0x23, 0x05, 0x1f, 0x35, 0x06, 0x25, 0x40, 0x06, 0x25, 0x41,
  0x06, 0x20, 0x37, 0x06, 0x22, 0x3a, 0x06, 0x26, 0x42, 0x06, 0x21, 0x39,
  0x07, 0x1f, 0x34, 0x06, 0x20, 0x36, 0x07, 0x24, 0x3d, 0x08, 0x21, 0x37,
  0x07, 0x1d, 0x2f, 0x08, 0x1d, 0x2e, 0x07, 0x19, 0x28, 0x07, 0x19, 0x27,
  0x05, 0x16, 0x27, 0x03, 0x1a, 0x31, 0x03, 0x19, 0x31, 0x03, 0x19, 0x31,
  0x03, 0x16, 0x2a, 0x04, 0x11, 0x1f, 0x04, 0x11, 0x1d, 0x04, 0x10, 0x1b,
  0x04, 0x11, 0x1c, 0x05, 0x12, 0x1d, 0x05, 0x11, 0x1b, 0x05, 0x11, 0x1a,
  0x06, 0x1a, 0x2b, 0x04, 0x13, 0x1f, 0x04, 0x0d, 0x13, 0x02, 0x14, 0x28,
  0x02, 0x17, 0x30, 0x02, 0x14, 0x28, 0x02, 0x18, 0x33, 0x02, 0x11, 0x21,
  0x04, 0x0c, 0x14, 0x03, 0x0d, 0x17, 0x03, 0x0c, 0x14, 0x02, 0x1d, 0x3b,
  0x01, 0x1e, 0x3f, 0x02, 0x1c, 0x3a, 0x02, 0x15, 0x2b, 0x06, 0x18, 0x26,
  0x09, 0x1e, 0x2f, 0x04, 0x12, 0x1e, 0x0f, 0x2e, 0x47, 0x14, 0x39, 0x55,
  0x0c, 0x27, 0x3c, 0x07, 0x1e, 0x31, 0x06, 0x1b, 0x2d, 0x05, 0x16, 0x25,
  0x0e, 0x2f, 0x4a, 0x12, 0x35, 0x51, 0x0f, 0x33, 0x50, 0x12, 0x31, 0x49,
  0x1f, 0x49, 0x68, 0x25, 0x4f, 0x6d, 0x1d, 0x46, 0x65, 0x08, 0x1f, 0x31,
  0x0f, 0x2a, 0x3e, 0x10, 0x2b, 0x3e, 0x0b, 0x22, 0x32, 0x06, 0x13, 0x1c,
  0x02, 0x1a, 0x33, 0x02, 0x27, 0x4e, 0x02, 0x25, 0x4a, 0x03, 0x18, 0x2f,
  0x04, 0x0e, 0x17, 0x03, 0x0d, 0x16, 0x02, 0x14, 0x27, 0x05, 0x31, 0x5b,
  0x04, 0x29, 0x50, 0x01, 0x1e, 0x3f, 0x02, 0x23, 0x46, 0x02, 0x2a, 0x52,
  0x06, 0x38, 0x66, 0x03, 0x25, 0x45, 0x04, 0x0f, 0x19, 0x05, 0x10, 0x18,
  0x04, 0x0f, 0x18, 0x03, 0x0e, 0x19, 0x03, 0x10, 0x1d, 0x03, 0x12, 0x21,
  0x03, 0x14, 0x25, 0x04, 0x1b, 0x32, 0x04, 0x1f, 0x38, 0x03, 0x1a, 0x32,
  0x03, 0x19, 0x30, 0x08, 0x29, 0x47, 0x04, 0x22, 0x3f, 0x02, 0x18, 0x2e,
  0x03, 0x0d, 0x17, 0x05, 0x21, 0x3a, 0x0a, 0x36, 0x5c, 0x03, 0x16, 0x29,
  0x03, 0x0f, 0x1b, 0x02, 0x0f, 0x1a, 0x13, 0x45, 0x6d, 0x0c, 0x31, 0x4f,
  0x03, 0x0e, 0x17, 0x06, 0x15, 0x22, 0x04, 0x0e, 0x16, 0x08, 0x20, 0x35,
  0x0a, 0x2d, 0x4a, 0x03, 0x10, 0x1e, 0x05, 0x15, 0x24, 0x05, 0x16, 0x26,
  0x04, 0x14, 0x23, 0x04, 0x14, 0x23, 0x05, 0x19, 0x2d, 0x04, 0x1a, 0x2f,
  0x05, 0x1a, 0x2f, 0x04, 0x18, 0x2c, 0x03, 0x17, 0x2a, 0x03, 0x15, 0x26,
  0x05, 0x1b, 0x30, 0x04, 0x1b, 0x32, 0x07, 0x26, 0x42, 0x17, 0x52, 0x82,
  0x0f, 0x3f, 0x67, 0x02, 0x1e, 0x3b, 0x04, 0x23, 0x40, 0x16, 0x52, 0x83,
  0x1a, 0x60, 0x98, 0x18, 0x5a, 0x90, 0x07, 0x30, 0x56, 0x0a, 0x35, 0x5d,
  0x18, 0x59, 0x8d, 0x09, 0x30, 0x53, 0x07, 0x3a, 0x68, 0x04, 0x34, 0x61,
  0x03, 0x24, 0x46, 0x12, 0x4c, 0x7d, 0x15, 0x5b, 0x96, 0x10, 0x52, 0x8a,
  0x0f, 0x4d, 0x84, 0x0e, 0x4c, 0x80, 0x0f, 0x4d, 0x82, 0x10, 0x4d, 0x81,
  0x10, 0x4d, 0x80, 0x0e, 0x48, 0x7a, 0x0e, 0x48, 0x7a, 0x0e, 0x4b, 0x7f,
  0x0e, 0x4b, 0x7f, 0x0b, 0x44, 0x77, 0x0a, 0x48, 0x7d, 0x09, 0x47, 0x7c,
  0x08, 0x3e, 0x6e, 0x09, 0x3d, 0x6b, 0x07, 0x33, 0x59, 0x05, 0x33, 0x5c,
  0x05, 0x34, 0x60, 0x06, 0x38, 0x65, 0x06, 0x38, 0x67, 0x06, 0x3c, 0x6e,
  0x05, 0x30, 0x58, 0x04, 0x1f, 0x3a, 0x04, 0x20, 0x3b, 0x05, 0x1c, 0x32,
  0x05, 0x1d, 0x35, 0x05, 0x1f, 0x38, 0x05, 0x1b, 0x31, 0x05, 0x1d, 0x33,
  0x05, 0x1b, 0x30, 0x06, 0x25, 0x43, 0x0b, 0x42, 0x71, 0x0b, 0x41, 0x71,
  0x09, 0x3f, 0x6e, 0x09, 0x3f, 0x6f, 0x0b, 0x45, 0x77, 0x0c, 0x48, 0x7c,
  0x0a, 0x40, 0x6f, 0x0c, 0x43, 0x72, 0x0e, 0x46, 0x77, 0x0f, 0x48, 0x7a,
  0x0f, 0x4a, 0x7c, 0x0b, 0x45, 0x77, 0x0a, 0x44, 0x77, 0x0a, 0x46, 0x7b,
  0x10, 0x51, 0x89, 0x0e, 0x47, 0x7a, 0x03, 0x21, 0x3e, 0x04, 0x1f, 0x39,
  0x05, 0x1c, 0x33, 0x04, 0x1c, 0x34, 0x05, 0x18, 0x2a, 0x05, 0x15, 0x23,
  0x05, 0x16, 0x27, 0x05, 0x14, 0x22, 0x05, 0x13, 0x1f, 0x06, 0x1a, 0x2b,
  0x07, 0x25, 0x3f, 0x07, 0x23, 0x3b, 0x07, 0x22, 0x39, 0x07, 0x21, 0x38,
  0x06, 0x21, 0x38, 0x06, 0x26, 0x41, 0x07, 0x21, 0x38, 0x06, 0x1a, 0x2b,
  0x07, 0x19, 0x28, 0x07, 0x21, 0x37, 0x07, 0x23, 0x3a, 0x08, 0x1d, 0x2f,
  0x08, 0x1d, 0x2f, 0x08, 0x1b, 0x2b, 0x07, 0x19, 0x28, 0x05, 0x17, 0x28,
  0x03, 0x18, 0x2e, 0x03, 0x1a, 0x33, 0x03, 0x18, 0x2f, 0x03, 0x17, 0x2e,
  0x02, 0x1b, 0x36, 0x02, 0x19, 0x32, 0x03, 0x13, 0x24, 0x04, 0x11, 0x1c,
  0x04, 0x0f, 0x19, 0x04, 0x0f, 0x19, 0x04, 0x0f, 0x18, 0x05, 0x0f, 0x18,
  0x04, 0x0f, 0x19, 0x03, 0x0e, 0x16, 0x04, 0x0d, 0x15, 0x02, 0x14, 0x28,
  0x01, 0x14, 0x2b, 0x01, 0x16, 0x2f, 0x01, 0x19, 0x35, 0x03, 0x0f, 0x1a,
  0x03, 0x0e, 0x18, 0x03, 0x0d, 0x17, 0x02, 0x11, 0x20, 0x01, 0x21, 0x44,
  0x01, 0x1d, 0x3e, 0x01, 0x1b, 0x39, 0x04, 0x14, 0x23, 0x08, 0x1c, 0x2c,
  0x04, 0x12, 0x1f, 0x11, 0x33, 0x4e, 0x14, 0x3b, 0x5a, 0x08, 0x21, 0x34,
  0x08, 0x20, 0x33, 0x09, 0x20, 0x33, 0x05, 0x14, 0x20, 0x08, 0x1f, 0x33,
  0x10, 0x33, 0x4f, 0x10, 0x34, 0x50, 0x0a, 0x2e, 0x4b, 0x11, 0x31, 0x4c,
  0x19, 0x3e, 0x5a, 0x17, 0x3a, 0x56, 0x1b, 0x40, 0x5d, 0x0f, 0x2c, 0x42,
  0x0b, 0x23, 0x34, 0x0e, 0x26, 0x37, 0x0b, 0x21, 0x31, 0x06, 0x12, 0x1b,
  0x03, 0x17, 0x2c, 0x02, 0x2b, 0x55, 0x02, 0x27, 0x4e, 0x02, 0x1a, 0x33,
  0x07, 0x14, 0x1e, 0x06, 0x16, 0x24, 0x04, 0x0e, 0x16, 0x02, 0x14, 0x28,
  0x05, 0x34, 0x60, 0x04, 0x2c, 0x54, 0x01, 0x1d, 0x3e, 0x02, 0x26, 0x4c,
  0x04, 0x32, 0x5e, 0x08, 0x39, 0x67, 0x03, 0x1b, 0x33, 0x04, 0x0e, 0x16,
  0x04, 0x15, 0x22, 0x04, 0x13, 0x20, 0x05, 0x13, 0x20, 0x04, 0x16, 0x26,
  0x04, 0x18, 0x2b, 0x05, 0x1b, 0x2f, 0x04, 0x1a, 0x2e, 0x03, 0x1c, 0x34,
  0x03, 0x1a, 0x30, 0x02, 0x0c, 0x16, 0x04, 0x23, 0x41, 0x04, 0x1d, 0x33,
  0x04, 0x0b, 0x10, 0x04, 0x12, 0x1f, 0x07, 0x22, 0x3a, 0x03, 0x0f, 0x18,
  0x05, 0x13, 0x1e, 0x03, 0x0d, 0x14, 0x0e, 0x31, 0x4d, 0x09, 0x1e, 0x30,
  0x03, 0x0c, 0x13, 0x05, 0x11, 0x1a, 0x04, 0x10, 0x19, 0x04, 0x11, 0x1c,
  0x05, 0x15, 0x24, 0x04, 0x15, 0x26, 0x04, 0x14, 0x24, 0x04, 0x16, 0x27,
  0x04, 0x18, 0x2a, 0x05, 0x1a, 0x2e, 0x04, 0x16, 0x29, 0x04, 0x18, 0x2a,
  0x04, 0x1a, 0x2f, 0x06, 0x22, 0x3b, 0x0e, 0x37, 0x5a, 0x0c, 0x33, 0x55,
  0x03, 0x1f, 0x3a, 0x02, 0x1f, 0x3c, 0x0b, 0x35, 0x5c, 0x1e, 0x67, 0xa0,
  0x1d, 0x63, 0x9b, 0x0a, 0x33, 0x59, 0x05, 0x26, 0x45, 0x1a, 0x5b, 0x90,
  0x18, 0x5c, 0x93, 0x1b, 0x60, 0x99, 0x0d, 0x3b, 0x63, 0x12, 0x48, 0x76,
  0x1d, 0x67, 0xa2, 0x0d, 0x38, 0x5e, 0x04, 0x2e, 0x56, 0x04, 0x35, 0x62,
  0x03, 0x24, 0x44, 0x11, 0x4f, 0x83, 0x13, 0x59, 0x94, 0x0f, 0x51, 0x89,
  0x12, 0x54, 0x8c, 0x11, 0x51, 0x88, 0x0f, 0x4d, 0x82, 0x0e, 0x4a, 0x7e,
  0x0f, 0x4d, 0x80, 0x10, 0x4b, 0x7c, 0x12, 0x4f, 0x83, 0x11, 0x4e, 0x81,
  0x10, 0x4d, 0x81, 0x0c, 0x46, 0x78, 0x0b, 0x49, 0x7d, 0x0b, 0x49, 0x7d,
  0x0b, 0x42, 0x72, 0x0a, 0x3f, 0x6c, 0x07, 0x34, 0x5c, 0x05, 0x35, 0x60,
  0x05, 0x37, 0x64, 0x06, 0x39, 0x67, 0x05, 0x38, 0x67, 0x06, 0x3d, 0x6e,
  0x05, 0x38, 0x65, 0x04, 0x21, 0x3d, 0x05, 0x1e, 0x37, 0x05, 0x1e, 0x38,
  0x05, 0x1c, 0x32, 0x04, 0x20, 0x3b, 0x05, 0x1e, 0x38, 0x05, 0x1a, 0x2f,
  0x05, 0x1d, 0x33, 0x05, 0x1a, 0x2e, 0x06, 0x29, 0x48, 0x0c, 0x45, 0x76,
  0x09, 0x3f, 0x6f, 0x09, 0x41, 0x72, 0x09, 0x42, 0x74, 0x0b, 0x48, 0x7c,
  0x0c, 0x45, 0x76, 0x0c, 0x42, 0x71, 0x0d, 0x45, 0x74, 0x0d, 0x44, 0x74,
  0x0d, 0x43, 0x73, 0x0b, 0x43, 0x74, 0x0d, 0x49, 0x7e, 0x0f, 0x4d, 0x82,
  0x12, 0x52, 0x89, 0x0a, 0x32, 0x58, 0x04, 0x1e, 0x3a, 0x04, 0x20, 0x3b,
  0x04, 0x19, 0x2d, 0x04, 0x19, 0x2e, 0x04, 0x1c, 0x33, 0x05, 0x17, 0x29,
  0x06, 0x12, 0x1e, 0x06, 0x13, 0x1f, 0x06, 0x1b, 0x2e, 0x07, 0x28, 0x45,
  0x06, 0x26, 0x42, 0x06, 0x1f, 0x36, 0x06, 0x20, 0x37, 0x07, 0x1d, 0x2f,
  0x07, 0x23, 0x3b, 0x07, 0x26, 0x40, 0x07, 0x1c, 0x2c, 0x06, 0x18, 0x28,
  0x06, 0x1a, 0x2a, 0x08, 0x24, 0x3c, 0x08, 0x20, 0x34, 0x08, 0x1e, 0x31,
  0x09, 0x1f, 0x31, 0x08, 0x1c, 0x2c, 0x04, 0x17, 0x2b, 0x02, 0x1d, 0x3a,
  0x02, 0x1a, 0x34, 0x03, 0x18, 0x2e, 0x02, 0x19, 0x31, 0x02, 0x18, 0x2f,
  0x03, 0x16, 0x2e, 0x02, 0x18, 0x31, 0x02, 0x1b, 0x37, 0x03, 0x17, 0x2d,
  0x03, 0x11, 0x1f, 0x04, 0x0f, 0x19, 0x04, 0x0e, 0x16, 0x04, 0x0e, 0x17,
  0x04, 0x0d, 0x15, 0x04, 0x0f, 0x18, 0x03, 0x0e, 0x17, 0x02, 0x12, 0x25,
  0x02, 0x11, 0x22, 0x02, 0x12, 0x24, 0x02, 0x15, 0x2a, 0x03, 0x0d, 0x17,
  0x03, 0x10, 0x1b, 0x04, 0x0b, 0x11, 0x02, 0x19, 0x32, 0x01, 0x1f, 0x41,
  0x01, 0x1d, 0x3d, 0x02, 0x16, 0x2d, 0x06, 0x16, 0x24, 0x03, 0x12, 0x1e,
  0x0b, 0x23, 0x38, 0x12, 0x39, 0x59, 0x0a, 0x2a, 0x43, 0x0a, 0x26, 0x3c,
  0x10, 0x34, 0x4f, 0x09, 0x20, 0x32, 0x06, 0x14, 0x20, 0x0a, 0x26, 0x3d,
  0x0b, 0x28, 0x3f, 0x0a, 0x26, 0x3c, 0x0b, 0x2b, 0x45, 0x0a, 0x2a, 0x45,
  0x07, 0x1f, 0x33, 0x0c, 0x2a, 0x41, 0x15, 0x38, 0x53, 0x0d, 0x25, 0x38,
  0x0a, 0x1f, 0x2e, 0x0c, 0x22, 0x32, 0x08, 0x1c, 0x2a, 0x07, 0x14, 0x1e,
  0x04, 0x14, 0x24, 0x02, 0x28, 0x50, 0x02, 0x2a, 0x54, 0x01, 0x1c, 0x37,
  0x08, 0x19, 0x24, 0x0b, 0x23, 0x35, 0x05, 0x16, 0x25, 0x04, 0x0c, 0x14,
  0x02, 0x15, 0x29, 0x06, 0x37, 0x65, 0x07, 0x36, 0x63, 0x01, 0x25, 0x4b,
  0x03, 0x28, 0x4e, 0x08, 0x39, 0x67, 0x06, 0x2b, 0x4e, 0x03, 0x12, 0x21,
  0x04, 0x0e, 0x16, 0x04, 0x10, 0x1b, 0x04, 0x11, 0x1d, 0x04, 0x11, 0x1c,
  0x03, 0x0d, 0x15, 0x03, 0x0c, 0x14, 0x02, 0x0a, 0x11, 0x03, 0x17, 0x2a,
  0x04, 0x1f, 0x38, 0x04, 0x0c, 0x13, 0x03, 0x11, 0x1d, 0x04, 0x11, 0x1c,
  0x04, 0x0d, 0x15, 0x04, 0x0e, 0x17, 0x03, 0x0e, 0x17, 0x03, 0x0e, 0x16,
  0x04, 0x0e, 0x16, 0x04, 0x0e, 0x15, 0x03, 0x10, 0x1a, 0x04, 0x0f, 0x19,
  0x04, 0x10, 0x1a, 0x04, 0x10, 0x19, 0x04, 0x11, 0x1c, 0x04, 0x13, 0x22,
  0x03, 0x14, 0x24, 0x04, 0x14, 0x24, 0x04, 0x17, 0x2a, 0x04, 0x1a, 0x30,
  0x04, 0x19, 0x2f, 0x05, 0x1a, 0x2f, 0x0a, 0x2d, 0x4c, 0x07, 0x26, 0x42,
  0x02, 0x1a, 0x33, 0x0e, 0x41, 0x6d, 0x18, 0x5b, 0x93, 0x1b, 0x60, 0x98,
  0x0f, 0x3d, 0x66, 0x00, 0x18, 0x32, 0x0d, 0x3e, 0x68, 0x19, 0x60, 0x98,
  0x1a, 0x61, 0x9a, 0x11, 0x46, 0x73, 0x0f, 0x3d, 0x65, 0x1a, 0x62, 0x9c,
  0x17, 0x5b, 0x93, 0x19, 0x5e, 0x97, 0x16, 0x54, 0x88, 0x19, 0x5d, 0x94,
  0x1d, 0x65, 0x9f, 0x12, 0x47, 0x73, 0x03, 0x28, 0x4d, 0x04, 0x32, 0x5d,
  0x07, 0x29, 0x4b, 0x16, 0x5b, 0x93, 0x12, 0x58, 0x92, 0x12, 0x58, 0x93,
  0x14, 0x59, 0x92, 0x12, 0x53, 0x8a, 0x11, 0x50, 0x86, 0x0e, 0x4c, 0x81,
  0x10, 0x4e, 0x82, 0x11, 0x4e, 0x81, 0x11, 0x4d, 0x80, 0x0d, 0x49, 0x7a,
  0x0f, 0x4c, 0x7f, 0x0e, 0x4b, 0x7f, 0x0a, 0x46, 0x7a, 0x09, 0x44, 0x78,
  0x0a, 0x43, 0x74, 0x0b, 0x41, 0x6f, 0x08, 0x35, 0x5c, 0x07, 0x38, 0x65,
  0x06, 0x3b, 0x6b, 0x06, 0x38, 0x66, 0x06, 0x39, 0x68, 0x06, 0x3b, 0x6a,
  0x08, 0x40, 0x72, 0x06, 0x2b, 0x4d, 0x05, 0x1a, 0x2f, 0x04, 0x20, 0x3b,
  0x05, 0x1c, 0x34, 0x05, 0x1a, 0x30, 0x04, 0x20, 0x3a, 0x05, 0x1c, 0x32,
  0x05, 0x19, 0x2b, 0x05, 0x1c, 0x32, 0x05, 0x19, 0x2c, 0x08, 0x31, 0x55,
  0x0b, 0x45, 0x77, 0x0b, 0x44, 0x76, 0x0a, 0x43, 0x74, 0x0c, 0x45, 0x76,
  0x0d, 0x46, 0x77, 0x0d, 0x44, 0x73, 0x0d, 0x46, 0x76, 0x0c, 0x43, 0x73,
  0x0c, 0x45, 0x78, 0x0e, 0x4a, 0x7e, 0x10, 0x4e, 0x83, 0x11, 0x52, 0x8a,
  0x0e, 0x40, 0x6d, 0x04, 0x18, 0x2c, 0x05, 0x1a, 0x2f, 0x05, 0x18, 0x2a,
  0x05, 0x16, 0x27, 0x05, 0x17, 0x28, 0x05, 0x18, 0x2c, 0x05, 0x17, 0x27,
  0x05, 0x13, 0x1f, 0x05, 0x17, 0x26, 0x07, 0x21, 0x39, 0x07, 0x23, 0x3d,
  0x06, 0x20, 0x36, 0x06, 0x25, 0x40, 0x08, 0x28, 0x44, 0x08, 0x24, 0x3a,
  0x07, 0x24, 0x3d, 0x08, 0x22, 0x39, 0x07, 0x1a, 0x2a, 0x07, 0x1b, 0x2d,
  0x07, 0x1e, 0x32, 0x07, 0x20, 0x35, 0x08, 0x1f, 0x32, 0x08, 0x21, 0x36,
  0x09, 0x1f, 0x32, 0x06, 0x19, 0x2c, 0x02, 0x1b, 0x35, 0x03, 0x1c, 0x37,
  0x02, 0x1c, 0x38, 0x02, 0x1a, 0x35, 0x03, 0x1a, 0x33, 0x02, 0x1a, 0x34,
  0x02, 0x19, 0x31, 0x03, 0x16, 0x2b, 0x03, 0x15, 0x29, 0x02, 0x18, 0x31,
  0x02, 0x19, 0x34, 0x03, 0x14, 0x26, 0x04, 0x0e, 0x16, 0x04, 0x0f, 0x17,
  0x04, 0x0d, 0x15, 0x03, 0x0d, 0x14, 0x03, 0x0d, 0x18, 0x02, 0x0f, 0x1f,
  0x03, 0x0d, 0x18, 0x03, 0x0d, 0x17, 0x03, 0x0e, 0x1a, 0x03, 0x0d, 0x15,
  0x03, 0x0d, 0x16, 0x03, 0x0f, 0x1b, 0x02, 0x1a, 0x36, 0x01, 0x15, 0x2d,
  0x01, 0x1d, 0x3f, 0x03, 0x14, 0x24, 0x04, 0x11, 0x1b, 0x08, 0x1c, 0x2d,
  0x0f, 0x32, 0x4d, 0x0b, 0x2d, 0x4a, 0x09, 0x27, 0x3f, 0x0d, 0x2d, 0x45,
  0x12, 0x37, 0x53, 0x08, 0x1d, 0x2d, 0x06, 0x18, 0x26, 0x09, 0x23, 0x37,
  0x06, 0x18, 0x27, 0x05, 0x15, 0x21, 0x05, 0x16, 0x25, 0x06, 0x19, 0x2b,
  0x05, 0x1b, 0x2f, 0x06, 0x1b, 0x2e, 0x0b, 0x25, 0x3a, 0x0b, 0x22, 0x35,
  0x09, 0x1d, 0x2c, 0x07, 0x1a, 0x27, 0x07, 0x17, 0x23, 0x06, 0x14, 0x1d,
  0x03, 0x13, 0x21, 0x02, 0x26, 0x4c, 0x02, 0x28, 0x4e, 0x02, 0x21, 0x41,
  0x04, 0x11, 0x1b, 0x0a, 0x23, 0x34, 0x0b, 0x25, 0x38, 0x05, 0x16, 0x23,
  0x03, 0x0c, 0x13, 0x02, 0x14, 0x27, 0x0a, 0x3b, 0x68, 0x09, 0x3c, 0x6a,
  0x01, 0x21, 0x43, 0x02, 0x2a, 0x53, 0x09, 0x3e, 0x6c, 0x05, 0x25, 0x43,
  0x02, 0x0f, 0x1b, 0x04, 0x0d, 0x14, 0x03, 0x0d, 0x15, 0x03, 0x0e, 0x17,
  0x02, 0x11, 0x1f, 0x03, 0x0e, 0x17, 0x03, 0x0c, 0x14, 0x03, 0x0d, 0x16,
  0x03, 0x11, 0x1e, 0x04, 0x0d, 0x14, 0x04, 0x0d, 0x14, 0x04, 0x0d, 0x15,
  0x04, 0x0e, 0x17, 0x03, 0x0d, 0x16, 0x03, 0x0e, 0x17, 0x03, 0x0e, 0x17,
  0x03, 0x0d, 0x16, 0x04, 0x0f, 0x19, 0x04, 0x0f, 0x19, 0x04, 0x11, 0x1c,
  0x03, 0x11, 0x1d, 0x04, 0x11, 0x1d, 0x03, 0x13, 0x21, 0x03, 0x13, 0x21,
  0x03, 0x12, 0x1f, 0x04, 0x13, 0x23, 0x03, 0x18, 0x2c, 0x05, 0x1c, 0x32,
  0x03, 0x17, 0x2d, 0x0f, 0x3f, 0x68, 0x1a, 0x60, 0x99, 0x10, 0x46, 0x74,
  0x03, 0x24, 0x44, 0x16, 0x57, 0x8d, 0x17, 0x5a, 0x92, 0x1c, 0x64, 0x9c,
  0x17, 0x55, 0x87, 0x03, 0x1f, 0x3c, 0x13, 0x4d, 0x7e, 0x17, 0x5f, 0x9a,
  0x14, 0x59, 0x92, 0x13, 0x56, 0x8d, 0x15, 0x58, 0x90, 0x18, 0x5e, 0x97,
  0x17, 0x5d, 0x95, 0x17, 0x5c, 0x95, 0x1a, 0x61, 0x9b, 0x19, 0x5f, 0x98,
  0x1c, 0x65, 0x9f, 0x14, 0x4d, 0x7c, 0x06, 0x32, 0x59, 0x06, 0x34, 0x5e,
  0x0c, 0x3a, 0x62, 0x18, 0x60, 0x9b, 0x11, 0x55, 0x8e, 0x11, 0x57, 0x91,
  0x13, 0x59, 0x94, 0x13, 0x58, 0x91, 0x13, 0x58, 0x92, 0x10, 0x50, 0x87,
  0x0f, 0x4b, 0x7e, 0x0e, 0x48, 0x79, 0x0f, 0x49, 0x7a, 0x0d, 0x45, 0x76,
  0x0d, 0x49, 0x7b, 0x0e, 0x4b, 0x80, 0x0c, 0x49, 0x7e, 0x0a, 0x45, 0x78,
  0x0b, 0x44, 0x75, 0x0b, 0x3f, 0x6b, 0x08, 0x34, 0x5c, 0x07, 0x39, 0x66,
  0x06, 0x3a, 0x6a, 0x07, 0x3b, 0x6a, 0x07, 0x3a, 0x67, 0x07, 0x3c, 0x6b,
  0x0a, 0x43, 0x75, 0x08, 0x33, 0x5a, 0x05, 0x19, 0x2e, 0x05, 0x1e, 0x35,
  0x04, 0x20, 0x3b, 0x05, 0x1a, 0x2e, 0x05, 0x1c, 0x31, 0x05, 0x1c, 0x32,
  0x05, 0x1c, 0x32, 0x05, 0x1c, 0x32, 0x05, 0x1d, 0x34, 0x05, 0x1d, 0x34,
  0x0a, 0x3b, 0x67, 0x0c, 0x45, 0x76, 0x0b, 0x44, 0x76, 0x0c, 0x46, 0x78,
  0x0e, 0x47, 0x77, 0x0e, 0x47, 0x77, 0x0d, 0x47, 0x78, 0x0d, 0x48, 0x7a,
  0x0c, 0x46, 0x78, 0x0e, 0x4a, 0x7e, 0x0e, 0x4d, 0x83, 0x0f, 0x51, 0x8a,
  0x09, 0x2f, 0x53, 0x04, 0x1e, 0x38, 0x06, 0x1d, 0x34, 0x05, 0x18, 0x2b,
  0x06, 0x16, 0x25, 0x06, 0x15, 0x22, 0x06, 0x14, 0x21, 0x05, 0x14, 0x21,
  0x05, 0x19, 0x2b, 0x06, 0x1e, 0x33, 0x06, 0x1f, 0x34, 0x07, 0x21, 0x38,
  0x07, 0x20, 0x36, 0x06, 0x27, 0x44, 0x08, 0x2b, 0x4a, 0x08, 0x26, 0x40,
  0x08, 0x21, 0x36, 0x08, 0x22, 0x36, 0x08, 0x1e, 0x30, 0x09, 0x25, 0x3c,
  0x07, 0x1e, 0x32, 0x07, 0x21, 0x37, 0x09, 0x20, 0x33, 0x08, 0x1a, 0x29,
  0x05, 0x15, 0x23, 0x03, 0x16, 0x28, 0x03, 0x19, 0x30, 0x02, 0x1a, 0x34,
  0x02, 0x1c, 0x38, 0x02, 0x1b, 0x37, 0x02, 0x1a, 0x33, 0x02, 0x1b, 0x35,
  0x02, 0x1a, 0x34, 0x03, 0x1a, 0x33, 0x03, 0x16, 0x2b, 0x03, 0x13, 0x24,
  0x02, 0x15, 0x29, 0x02, 0x18, 0x33, 0x02, 0x16, 0x2d, 0x03, 0x0f, 0x1b,
  0x04, 0x0c, 0x13, 0x04, 0x0c, 0x12, 0x03, 0x0c, 0x14, 0x03, 0x0c, 0x16,
  0x02, 0x11, 0x22, 0x02, 0x15, 0x2c, 0x02, 0x12, 0x25, 0x02, 0x12, 0x23,
  0x04, 0x0d, 0x16, 0x02, 0x13, 0x25, 0x02, 0x1c, 0x38, 0x02, 0x1c, 0x3a,
  0x02, 0x1a, 0x37, 0x03, 0x0e, 0x19, 0x06, 0x17, 0x24, 0x14, 0x38, 0x55,
  0x0a, 0x26, 0x3c, 0x10, 0x32, 0x4d, 0x12, 0x37, 0x54, 0x0a, 0x25, 0x3b,
  0x09, 0x21, 0x34, 0x07, 0x19, 0x27, 0x05, 0x15, 0x22, 0x05, 0x16, 0x25,
  0x04, 0x11, 0x1b, 0x05, 0x10, 0x19, 0x02, 0x17, 0x2d, 0x04, 0x12, 0x20,
  0x05, 0x14, 0x21, 0x05, 0x17, 0x25, 0x05, 0x13, 0x20, 0x06, 0x15, 0x22,
  0x06, 0x16, 0x23, 0x06, 0x15, 0x21, 0x06, 0x13, 0x1e, 0x06, 0x12, 0x1b,
  0x03, 0x11, 0x1d, 0x02, 0x22, 0x44, 0x03, 0x27, 0x4d, 0x03, 0x28, 0x4d,
  0x03, 0x10, 0x1d, 0x06, 0x15, 0x21, 0x0c, 0x23, 0x34, 0x0c, 0x25, 0x37,
  0x07, 0x1a, 0x29, 0x03, 0x0d, 0x15, 0x01, 0x0e, 0x1d, 0x07, 0x31, 0x57,
  0x05, 0x35, 0x63, 0x02, 0x2a, 0x52, 0x04, 0x32, 0x5f, 0x06, 0x35, 0x60,
  0x04, 0x20, 0x3c, 0x03, 0x10, 0x1f, 0x04, 0x0a, 0x10, 0x02, 0x0e, 0x19,
  0x02, 0x1c, 0x36, 0x03, 0x0d, 0x15, 0x03, 0x0c, 0x14, 0x03, 0x0d, 0x15,
  0x04, 0x0c, 0x12, 0x04, 0x0d, 0x14, 0x04, 0x0d, 0x14, 0x04, 0x0d, 0x14,
  0x03, 0x0d, 0x14, 0x04, 0x0c, 0x13, 0x04, 0x0c, 0x13, 0x03, 0x0c, 0x13,
  0x03, 0x0c, 0x14, 0x03, 0x0d, 0x14, 0x03, 0x0d, 0x14, 0x03, 0x0e, 0x16,
  0x03, 0x0f, 0x1b, 0x04, 0x10, 0x1b, 0x04, 0x10, 0x1a, 0x04, 0x10, 0x1b,
  0x03, 0x12, 0x20, 0x02, 0x15, 0x29, 0x09, 0x2c, 0x4c, 0x12, 0x50, 0x83,
  0x0a, 0x31, 0x54, 0x14, 0x52, 0x84, 0x17, 0x5a, 0x90, 0x14, 0x54, 0x8a,
  0x11, 0x4b, 0x7c, 0x19, 0x5e, 0x97, 0x17, 0x5c, 0x95, 0x1a, 0x61, 0x9b,
  0x18, 0x5a, 0x90, 0x0c, 0x39, 0x61, 0x19, 0x5f, 0x97, 0x18, 0x60, 0x9b,
  0x15, 0x5c, 0x97, 0x18, 0x60, 0x9b, 0x1b, 0x65, 0xa0, 0x1b, 0x65, 0x9f,
  0x1a, 0x62, 0x9c, 0x17, 0x5d, 0x97, 0x18, 0x5f, 0x98, 0x19, 0x5f, 0x98,
  0x18, 0x5f, 0x9a, 0x15, 0x51, 0x82, 0x0c, 0x3e, 0x6a, 0x07, 0x32, 0x5a,
  0x13, 0x50, 0x83, 0x17, 0x5c, 0x95, 0x12, 0x54, 0x8c, 0x0e, 0x4e, 0x85,
  0x0e, 0x4e, 0x86, 0x10, 0x52, 0x8a, 0x12, 0x58, 0x93, 0x13, 0x56, 0x8e,
  0x12, 0x50, 0x84, 0x0f, 0x48, 0x79, 0x0e, 0x47, 0x78, 0x0d, 0x47, 0x78,
  0x0d, 0x47, 0x79, 0x0d, 0x4a, 0x7e, 0x0b, 0x47, 0x7c, 0x0a, 0x44, 0x78,
  0x0c, 0x46, 0x78, 0x0b, 0x40, 0x6d, 0x08, 0x36, 0x5e, 0x07, 0x39, 0x65,
  0x05, 0x38, 0x66, 0x06, 0x37, 0x64, 0x07, 0x3b, 0x68, 0x09, 0x3f, 0x6e,
  0x08, 0x3f, 0x70, 0x08, 0x34, 0x5d, 0x05, 0x1c, 0x34, 0x05, 0x1c, 0x33,
  0x05, 0x1c, 0x34, 0x04, 0x1e, 0x36, 0x05, 0x1a, 0x2e, 0x05, 0x18, 0x2a,
  0x05, 0x1a, 0x2d, 0x05, 0x1b, 0x30, 0x05, 0x1b, 0x30, 0x05, 0x1a, 0x2e,
  0x07, 0x25, 0x41, 0x0b, 0x41, 0x70, 0x0d, 0x47, 0x78, 0x0c, 0x46, 0x78,
  0x0e, 0x46, 0x77, 0x0f, 0x49, 0x7b, 0x0f, 0x4b, 0x7f, 0x10, 0x4f, 0x85,
  0x0f, 0x4e, 0x85, 0x0e, 0x4c, 0x82, 0x0d, 0x4b, 0x82, 0x0a, 0x3a, 0x64,
  0x04, 0x1f, 0x38, 0x05, 0x1e, 0x36, 0x05, 0x1d, 0x33, 0x06, 0x1a, 0x2d,
  0x06, 0x17, 0x29, 0x05, 0x14, 0x22, 0x05, 0x13, 0x1f, 0x05, 0x19, 0x2b,
  0x05, 0x1f, 0x36, 0x07, 0x20, 0x35, 0x08, 0x26, 0x3e, 0x08, 0x25, 0x3e,
  0x06, 0x1f, 0x35, 0x06, 0x23, 0x3e, 0x06, 0x23, 0x3c, 0x07, 0x1d, 0x2f,
  0x08, 0x23, 0x38, 0x08, 0x23, 0x3b, 0x0b, 0x29, 0x43, 0x0b, 0x28, 0x40,
  0x08, 0x1f, 0x33, 0x08, 0x22, 0x38, 0x09, 0x22, 0x36, 0x05, 0x18, 0x2a,
  0x02, 0x1c, 0x36, 0x02, 0x1c, 0x36, 0x02, 0x1b, 0x34, 0x03, 0x1c, 0x36,
  0x02, 0x1c, 0x38, 0x02, 0x1b, 0x36, 0x02, 0x1a, 0x34, 0x02, 0x19, 0x32,
  0x02, 0x17, 0x2d, 0x02, 0x17, 0x2d, 0x03, 0x17, 0x2f, 0x02, 0x18, 0x2f,
  0x02, 0x16, 0x2b, 0x02, 0x13, 0x25, 0x03, 0x14, 0x27, 0x02, 0x14, 0x29,
  0x02, 0x11, 0x23, 0x03, 0x0e, 0x1a, 0x03, 0x0c, 0x16, 0x02, 0x10, 0x21,
  0x01, 0x14, 0x29, 0x02, 0x14, 0x2b, 0x01, 0x17, 0x32, 0x01, 0x16, 0x30,
  0x03, 0x0f, 0x1d, 0x01, 0x17, 0x2f, 0x03, 0x22, 0x44, 0x03, 0x26, 0x49,
  0x02, 0x15, 0x2b, 0x03, 0x0d, 0x16, 0x0e, 0x2c, 0x44, 0x13, 0x38, 0x53,
  0x07, 0x1d, 0x30, 0x12, 0x32, 0x4b, 0x1a, 0x44, 0x65, 0x0a, 0x25, 0x3b,
  0x08, 0x20, 0x34, 0x06, 0x16, 0x23, 0x04, 0x10, 0x19, 0x03, 0x1e, 0x38,
  0x02, 0x1a, 0x32, 0x03, 0x0f, 0x1b, 0x02, 0x1d, 0x3b, 0x03, 0x14, 0x26,
  0x04, 0x11, 0x1d, 0x03, 0x10, 0x1d, 0x02, 0x12, 0x25, 0x03, 0x10, 0x1c,
  0x04, 0x0f, 0x18, 0x05, 0x11, 0x1b, 0x05, 0x10, 0x17, 0x05, 0x0e, 0x15,
  0x03, 0x0d, 0x14, 0x02, 0x23, 0x44, 0x02, 0x29, 0x52, 0x04, 0x2c, 0x56,
  0x03, 0x15, 0x27, 0x05, 0x11, 0x1a, 0x06, 0x14, 0x1e, 0x0b, 0x22, 0x33,
  0x0f, 0x2d, 0x42, 0x06, 0x19, 0x28, 0x03, 0x0d, 0x15, 0x02, 0x0c, 0x17,
  0x04, 0x29, 0x4c, 0x04, 0x30, 0x5d, 0x02, 0x29, 0x50, 0x02, 0x2b, 0x52,
  0x04, 0x2d, 0x53, 0x02, 0x17, 0x2d, 0x02, 0x11, 0x20, 0x02, 0x0d, 0x18,
  0x03, 0x1c, 0x34, 0x03, 0x0d, 0x16, 0x03, 0x0c, 0x13, 0x03, 0x0c, 0x14,
  0x03, 0x0d, 0x14, 0x03, 0x0d, 0x14, 0x03, 0x0c, 0x12, 0x03, 0x0b, 0x11,
  0x03, 0x0c, 0x12, 0x04, 0x0d, 0x14, 0x04, 0x0c, 0x13, 0x04, 0x0d, 0x14,
  0x04, 0x0e, 0x15, 0x03, 0x0d, 0x16, 0x03, 0x0d, 0x16, 0x03, 0x0d, 0x15,
  0x03, 0x0d, 0x14, 0x04, 0x0d, 0x14, 0x04, 0x0e, 0x16, 0x03, 0x10, 0x1d,
  0x02, 0x18, 0x2f, 0x02, 0x16, 0x2c, 0x07, 0x29, 0x48, 0x12, 0x53, 0x88,
  0x14, 0x54, 0x89, 0x13, 0x54, 0x8a, 0x16, 0x57, 0x8e, 0x15, 0x58, 0x90,
  0x15, 0x5c, 0x97, 0x16, 0x5b, 0x95, 0x18, 0x60, 0x9a, 0x19, 0x61, 0x9c,
  0x18, 0x5e, 0x98, 0x17, 0x5b, 0x94, 0x17, 0x5e, 0x99, 0x17, 0x5f, 0x99,
  0x19, 0x61, 0x9c, 0x19, 0x65, 0xa0, 0x1a, 0x65, 0xa1, 0x19, 0x62, 0x9c,
  0x16, 0x5d, 0x97, 0x16, 0x5c, 0x96, 0x18, 0x5e, 0x98, 0x18, 0x5e, 0x97,
  0x17, 0x5e, 0x98, 0x14, 0x4f, 0x80, 0x0c, 0x3a, 0x62, 0x0e, 0x3f, 0x6a,
  0x17, 0x5c, 0x95, 0x17, 0x5a, 0x91, 0x13, 0x55, 0x8c, 0x11, 0x52, 0x8a,
  0x10, 0x52, 0x8a, 0x11, 0x53, 0x8c, 0x12, 0x56, 0x90, 0x13, 0x55, 0x8d,
  0x12, 0x4f, 0x81, 0x10, 0x4c, 0x7d, 0x0e, 0x47, 0x77, 0x0c, 0x45, 0x74,
  0x0d, 0x45, 0x77, 0x0d, 0x4a, 0x7e, 0x0c, 0x49, 0x7d, 0x0a, 0x43, 0x76,
  0x0a, 0x44, 0x76, 0x0a, 0x3c, 0x69, 0x08, 0x35, 0x5b, 0x08, 0x3a, 0x66,
  0x06, 0x39, 0x66, 0x05, 0x37, 0x63, 0x08, 0x3d, 0x6b, 0x0a, 0x41, 0x70,
  0x09, 0x40, 0x71, 0x08, 0x35, 0x5c, 0x04, 0x1f, 0x39, 0x05, 0x21, 0x3d,
  0x05, 0x1b, 0x32, 0x05, 0x1d, 0x35, 0x05, 0x1f, 0x37, 0x05, 0x1c, 0x33,
  0x06, 0x17, 0x27, 0x05, 0x1a, 0x2e, 0x05, 0x19, 0x2d, 0x05, 0x1b, 0x30,
  0x04, 0x19, 0x2d, 0x09, 0x32, 0x57, 0x0d, 0x47, 0x79, 0x0d, 0x48, 0x79,
  0x0c, 0x44, 0x75, 0x0d, 0x46, 0x77, 0x0e, 0x4a, 0x7d, 0x0c, 0x46, 0x79,
  0x0e, 0x4a, 0x7e, 0x10, 0x50, 0x87, 0x0c, 0x3f, 0x6d, 0x03, 0x1e, 0x39,
  0x05, 0x22, 0x3f, 0x05, 0x1f, 0x37, 0x05, 0x1c, 0x32, 0x05, 0x18, 0x29,
  0x06, 0x15, 0x23, 0x06, 0x14, 0x21, 0x06, 0x1c, 0x2e, 0x05, 0x1f, 0x35,
  0x06, 0x22, 0x39, 0x07, 0x21, 0x36, 0x08, 0x24, 0x3b, 0x07, 0x20, 0x35,
  0x07, 0x1b, 0x2c, 0x07, 0x1f, 0x34, 0x07, 0x1f, 0x34, 0x07, 0x20, 0x35,
  0x08, 0x25, 0x3c, 0x08, 0x25, 0x3e, 0x0c, 0x2c, 0x46, 0x0a, 0x25, 0x3b,
  0x08, 0x20, 0x33, 0x07, 0x20, 0x34, 0x09, 0x20, 0x34, 0x04, 0x17, 0x2a,
  0x03, 0x18, 0x2f, 0x02, 0x1b, 0x34, 0x02, 0x1b, 0x37, 0x02, 0x1d, 0x3a,
  0x02, 0x1e, 0x3c, 0x02, 0x1d, 0x3b, 0x02, 0x1c, 0x38, 0x02, 0x1d, 0x39,
  0x02, 0x1b, 0x35, 0x02, 0x1a, 0x32, 0x03, 0x17, 0x2e, 0x03, 0x16, 0x2b,
  0x03, 0x16, 0x2c, 0x02, 0x16, 0x2b, 0x02, 0x13, 0x24, 0x03, 0x0f, 0x1d,
  0x03, 0x0f, 0x1d, 0x02, 0x0f, 0x1d, 0x02, 0x0f, 0x1f, 0x02, 0x10, 0x20,
  0x02, 0x0d, 0x19, 0x02, 0x0c, 0x17, 0x02, 0x10, 0x20, 0x02, 0x16, 0x2d,
  0x03, 0x12, 0x23, 0x01, 0x1d, 0x3c, 0x01, 0x18, 0x34, 0x01, 0x1b, 0x39,
  0x02, 0x14, 0x25, 0x05, 0x15, 0x21, 0x13, 0x38, 0x54, 0x0d, 0x2d, 0x45,
  0x13, 0x36, 0x51, 0x20, 0x4d, 0x6f, 0x13, 0x3a, 0x59, 0x0a, 0x26, 0x3c,
  0x07, 0x1c, 0x2d, 0x05, 0x15, 0x23, 0x04, 0x0e, 0x17, 0x02, 0x19, 0x31,
  0x02, 0x1e, 0x3d, 0x02, 0x17, 0x2f, 0x02, 0x14, 0x29, 0x03, 0x11, 0x22,
  0x02, 0x13, 0x26, 0x02, 0x18, 0x31, 0x02, 0x14, 0x29, 0x02, 0x14, 0x27,
  0x03, 0x11, 0x20, 0x03, 0x13, 0x21, 0x04, 0x11, 0x1e, 0x04, 0x10, 0x1c,
  0x03, 0x0d, 0x17, 0x02, 0x1f, 0x3e, 0x02, 0x28, 0x52, 0x02, 0x29, 0x51,
  0x03, 0x19, 0x30, 0x05, 0x0f, 0x17, 0x06, 0x13, 0x1e, 0x06, 0x14, 0x1e,
  0x0c, 0x24, 0x35, 0x0e, 0x2c, 0x41, 0x06, 0x1b, 0x2c, 0x04, 0x13, 0x1f,
  0x02, 0x0b, 0x14, 0x04, 0x26, 0x46, 0x04, 0x32, 0x5e, 0x02, 0x21, 0x41,
  0x04, 0x24, 0x44, 0x05, 0x23, 0x3e, 0x03, 0x12, 0x21, 0x03, 0x11, 0x1f,
  0x02, 0x0f, 0x1b, 0x03, 0x0b, 0x12, 0x03, 0x0c, 0x14, 0x03, 0x0b, 0x12,
  0x03, 0x0b, 0x13, 0x03, 0x0b, 0x12, 0x03, 0x0b, 0x11, 0x04, 0x0b, 0x12,
  0x04, 0x0c, 0x12, 0x04, 0x0c, 0x11, 0x04, 0x0d, 0x13, 0x04, 0x0d, 0x13,
  0x04, 0x0d, 0x14, 0x04, 0x0d, 0x15, 0x04, 0x0e, 0x17, 0x04, 0x0d, 0x15,
  0x04, 0x0d, 0x14, 0x04, 0x0d, 0x15, 0x04, 0x0d, 0x15, 0x03, 0x0d, 0x15,
  0x03, 0x11, 0x1f, 0x02, 0x16, 0x2c, 0x02, 0x11, 0x24, 0x05, 0x23, 0x40,
  0x10, 0x4e, 0x83, 0x16, 0x59, 0x8f, 0x11, 0x4b, 0x7c, 0x17, 0x5c, 0x95,
  0x16, 0x5b, 0x94, 0x18, 0x5f, 0x99, 0x1a, 0x63, 0x9d, 0x19, 0x60, 0x9b,
  0x17, 0x5e, 0x9a, 0x18, 0x61, 0x9e, 0x18, 0x61, 0x9b, 0x17, 0x5d, 0x98,
  0x19, 0x63, 0x9e, 0x18, 0x62, 0x9d, 0x15, 0x5c, 0x97, 0x18, 0x5f, 0x99,
  0x18, 0x5f, 0x98, 0x18, 0x5f, 0x98, 0x18, 0x5f, 0x98, 0x17, 0x5b, 0x94,
  0x1a, 0x62, 0x9d, 0x11, 0x4b, 0x7b, 0x0c, 0x38, 0x5f, 0x1a, 0x5f, 0x96,
  0x19, 0x5c, 0x93, 0x13, 0x53, 0x89, 0x16, 0x58, 0x8e, 0x15, 0x59, 0x91,
  0x11, 0x54, 0x8d, 0x13, 0x57, 0x90, 0x12, 0x56, 0x8f, 0x12, 0x52, 0x89,
  0x11, 0x4f, 0x82, 0x0f, 0x4a, 0x7b, 0x10, 0x49, 0x79, 0x0d, 0x46, 0x75,
  0x0e, 0x48, 0x79, 0x0e, 0x4c, 0x81, 0x0b, 0x48, 0x7d, 0x0a, 0x45, 0x78,
  0x09, 0x42, 0x73, 0x09, 0x3c, 0x68, 0x08, 0x34, 0x5a, 0x07, 0x36, 0x60,
  0x08, 0x3a, 0x68, 0x07, 0x3b, 0x68, 0x0a, 0x3f, 0x6d, 0x0b, 0x41, 0x71,
  0x09, 0x3f, 0x6d, 0x0b, 0x41, 0x70, 0x06, 0x24, 0x40, 0x04, 0x21, 0x3c,
  0x05, 0x20, 0x3a, 0x05, 0x1b, 0x31, 0x05, 0x1b, 0x30, 0x05, 0x1c, 0x31,
  0x05, 0x1b, 0x30, 0x06, 0x16, 0x25, 0x05, 0x1c, 0x33, 0x06, 0x19, 0x2c,
  0x05, 0x1b, 0x31, 0x06, 0x20, 0x37, 0x0b, 0x41, 0x6f, 0x0d, 0x48, 0x7c,
  0x0c, 0x45, 0x77, 0x0c, 0x44, 0x74, 0x0d, 0x46, 0x76, 0x0d, 0x48, 0x7b,
  0x0f, 0x4b, 0x7f, 0x0e, 0x48, 0x79, 0x05, 0x25, 0x42, 0x03, 0x1d, 0x37,
  0x04, 0x1b, 0x31, 0x04, 0x19, 0x2d, 0x05, 0x19, 0x2c, 0x05, 0x18, 0x29,
  0x06, 0x15, 0x22, 0x06, 0x1b, 0x2d, 0x07, 0x22, 0x38, 0x06, 0x1f, 0x32,
  0x07, 0x22, 0x39, 0x07, 0x1f, 0x33, 0x08, 0x21, 0x37, 0x07, 0x19, 0x28,
  0x07, 0x17, 0x24, 0x07, 0x1d, 0x30, 0x07, 0x23, 0x3a, 0x08, 0x25, 0x3e,
  0x08, 0x23, 0x3a, 0x07, 0x1d, 0x30, 0x07, 0x1b, 0x2c, 0x0a, 0x28, 0x40,
  0x08, 0x22, 0x36, 0x07, 0x1e, 0x30, 0x07, 0x1b, 0x2c, 0x03, 0x17, 0x2c,
  0x03, 0x1b, 0x34, 0x02, 0x1b, 0x36, 0x02, 0x1b, 0x37, 0x02, 0x1d, 0x3b,
  0x02, 0x1c, 0x38, 0x02, 0x1a, 0x34, 0x02, 0x19, 0x33, 0x02, 0x18, 0x31,
  0x02, 0x19, 0x34, 0x02, 0x1b, 0x36, 0x03, 0x1b, 0x33, 0x03, 0x1a, 0x31,
  0x03, 0x17, 0x2c, 0x03, 0x15, 0x28, 0x03, 0x14, 0x28, 0x03, 0x11, 0x20,
  0x03, 0x0e, 0x1b, 0x02, 0x11, 0x22, 0x02, 0x10, 0x21, 0x02, 0x0f, 0x1e,
  0x02, 0x16, 0x2b, 0x02, 0x15, 0x2a, 0x02, 0x0e, 0x1d, 0x02, 0x0d, 0x19,
  0x02, 0x14, 0x29, 0x01, 0x20, 0x43, 0x01, 0x1e, 0x3f, 0x02, 0x1e, 0x3d,
  0x02, 0x0d, 0x18, 0x0b, 0x23, 0x37, 0x16, 0x3e, 0x5d, 0x0b, 0x27, 0x3c,
  0x19, 0x40, 0x5d, 0x18, 0x40, 0x5e, 0x0f, 0x35, 0x53, 0x0a, 0x23, 0x36,
  0x05, 0x14, 0x22, 0x02, 0x1f, 0x3e, 0x02, 0x1b, 0x37, 0x02, 0x1a, 0x34,
  0x03, 0x10, 0x1f, 0x03, 0x0d, 0x18, 0x03, 0x10, 0x1d, 0x02, 0x10, 0x20,
  0x02, 0x20, 0x41, 0x02, 0x23, 0x46, 0x02, 0x16, 0x2e, 0x01, 0x19, 0x35,
  0x01, 0x18, 0x32, 0x01, 0x19, 0x35, 0x01, 0x17, 0x32, 0x01, 0x17, 0x32,
  0x01, 0x13, 0x28, 0x02, 0x22, 0x42, 0x02, 0x29, 0x53, 0x02, 0x28, 0x50,
  0x03, 0x21, 0x41, 0x04, 0x0d, 0x14, 0x05, 0x10, 0x17, 0x05, 0x10, 0x19,
  0x06, 0x12, 0x1c, 0x09, 0x1b, 0x28, 0x0b, 0x22, 0x33, 0x08, 0x1f, 0x32,
  0x04, 0x14, 0x23, 0x02, 0x0b, 0x14, 0x04, 0x22, 0x3f, 0x04, 0x2d, 0x56,
  0x05, 0x2c, 0x52, 0x03, 0x22, 0x42, 0x04, 0x21, 0x3d, 0x02, 0x10, 0x1e,
  0x03, 0x0e, 0x1a, 0x03, 0x0c, 0x14, 0x03, 0x09, 0x0e, 0x03, 0x0b, 0x13,
  0x02, 0x0f, 0x1c, 0x02, 0x11, 0x21, 0x02, 0x11, 0x23, 0x03, 0x0f, 0x1e,
  0x03, 0x0e, 0x1a, 0x02, 0x0e, 0x1a, 0x03, 0x0d, 0x17, 0x03, 0x0e, 0x19,
  0x02, 0x10, 0x1d, 0x02, 0x12, 0x22, 0x03, 0x13, 0x26, 0x02, 0x15, 0x27,
  0x03, 0x11, 0x1f, 0x03, 0x0c, 0x15, 0x04, 0x0f, 0x19, 0x04, 0x0f, 0x19,
  0x03, 0x0d, 0x17, 0x03, 0x12, 0x23, 0x03, 0x16, 0x2b, 0x02, 0x12, 0x23,
  0x06, 0x24, 0x40, 0x10, 0x4d, 0x7f, 0x06, 0x2b, 0x4c, 0x16, 0x59, 0x8f,
  0x16, 0x5c, 0x96, 0x1a, 0x60, 0x99, 0x1c, 0x63, 0x9e, 0x1a, 0x62, 0x9c,
  0x19, 0x61, 0x9d, 0x16, 0x5d, 0x97, 0x18, 0x5e, 0x98, 0x1a, 0x61, 0x9b,
  0x1a, 0x63, 0x9d, 0x1b, 0x63, 0x9e, 0x1a, 0x62, 0x9c, 0x1b, 0x62, 0x9b,
  0x1c, 0x63, 0x9c, 0x19, 0x5f, 0x98, 0x18, 0x5d, 0x97, 0x15, 0x58, 0x91,
  0x18, 0x5d, 0x95, 0x17, 0x59, 0x8e, 0x1b, 0x60, 0x96, 0x1d, 0x64, 0x9d,
  0x17, 0x5a, 0x90, 0x14, 0x56, 0x8c, 0x15, 0x58, 0x90, 0x14, 0x59, 0x91,
  0x14, 0x58, 0x92, 0x14, 0x59, 0x93, 0x13, 0x59, 0x93, 0x11, 0x53, 0x8a,
  0x13, 0x53, 0x88, 0x11, 0x4d, 0x80, 0x0f, 0x49, 0x79, 0x0f, 0x4b, 0x7d,
  0x0e, 0x49, 0x7b, 0x0e, 0x4b, 0x7f, 0x0b, 0x47, 0x7b, 0x0a, 0x45, 0x78,
  0x0a, 0x43, 0x73, 0x0a, 0x3f, 0x6c, 0x08, 0x36, 0x5d, 0x08, 0x38, 0x62,
  0x07, 0x3a, 0x68, 0x08, 0x3b, 0x68, 0x0a, 0x3e, 0x6c, 0x0c, 0x43, 0x72,
  0x0a, 0x40, 0x6e, 0x0b, 0x43, 0x73, 0x06, 0x27, 0x46, 0x05, 0x1c, 0x33,
  0x05, 0x21, 0x3c, 0x05, 0x20, 0x39, 0x06, 0x1a, 0x2e, 0x05, 0x19, 0x2c,
  0x05, 0x1d, 0x34, 0x05, 0x17, 0x27, 0x05, 0x17, 0x28, 0x05, 0x1b, 0x2f,
  0x06, 0x17, 0x26, 0x05, 0x18, 0x2a, 0x06, 0x27, 0x44, 0x0b, 0x46, 0x78,
  0x0c, 0x46, 0x78, 0x0d, 0x47, 0x79, 0x0d, 0x47, 0x79, 0x0b, 0x46, 0x79,
  0x0f, 0x4d, 0x83, 0x0f, 0x4c, 0x7e, 0x0c, 0x3b, 0x63, 0x09, 0x34, 0x5a,
  0x07, 0x2e, 0x51, 0x07, 0x2b, 0x4a, 0x06, 0x22, 0x3b, 0x05, 0x18, 0x2a,
  0x06, 0x1a, 0x2b, 0x06, 0x20, 0x36, 0x07, 0x1c, 0x2e, 0x06, 0x1e, 0x30,
  0x06, 0x20, 0x35, 0x07, 0x1f, 0x32, 0x07, 0x1a, 0x2a, 0x07, 0x15, 0x21,
  0x07, 0x17, 0x23, 0x07, 0x1d, 0x30, 0x09, 0x2a, 0x45, 0x08, 0x26, 0x40,
  0x06, 0x1b, 0x2e, 0x06, 0x16, 0x23, 0x06, 0x18, 0x26, 0x0a, 0x27, 0x3e,
  0x09, 0x25, 0x3c, 0x08, 0x1f, 0x31, 0x05, 0x17, 0x28, 0x04, 0x18, 0x2d,
  0x03, 0x17, 0x2d, 0x02, 0x17, 0x2f, 0x02, 0x17, 0x2e, 0x03, 0x18, 0x30,
  0x02, 0x18, 0x30, 0x02, 0x17, 0x2f, 0x02, 0x18, 0x31, 0x02, 0x18, 0x30,
  0x02, 0x16, 0x2c, 0x02, 0x15, 0x28, 0x03, 0x14, 0x27, 0x02, 0x14, 0x28,
  0x02, 0x16, 0x2b, 0x03, 0x16, 0x2a, 0x03, 0x13, 0x25, 0x03, 0x0f, 0x1b,
  0x02, 0x12, 0x23, 0x02, 0x13, 0x27, 0x02, 0x14, 0x28, 0x02, 0x12, 0x25,
  0x02, 0x11, 0x20, 0x02, 0x18, 0x32, 0x02, 0x18, 0x32, 0x02, 0x0d, 0x18,
  0x02, 0x17, 0x2e, 0x01, 0x23, 0x49, 0x01, 0x22, 0x48, 0x02, 0x19, 0x33,
  0x03, 0x0d, 0x16, 0x10, 0x32, 0x4d, 0x11, 0x35, 0x4f, 0x09, 0x22, 0x36,
  0x10, 0x31, 0x4a, 0x0e, 0x2e, 0x47, 0x0c, 0x2e, 0x48, 0x08, 0x1c, 0x2b,
  0x04, 0x0f, 0x18, 0x02, 0x1c, 0x37, 0x02, 0x1d, 0x3a, 0x03, 0x0e, 0x19,
  0x03, 0x0f, 0x1b, 0x03, 0x1a, 0x32, 0x02, 0x19, 0x33, 0x02, 0x1e, 0x3e,
  0x03, 0x28, 0x4d, 0x05, 0x31, 0x59, 0x02, 0x1e, 0x3c, 0x02, 0x2e, 0x58,
  0x05, 0x33, 0x5d, 0x06, 0x35, 0x62, 0x04, 0x2f, 0x59, 0x03, 0x29, 0x50,
  0x03, 0x1f, 0x3d, 0x02, 0x20, 0x3e, 0x02, 0x2e, 0x5b, 0x02, 0x28, 0x51,
  0x02, 0x25, 0x48, 0x03, 0x0f, 0x1b, 0x03, 0x0e, 0x17, 0x04, 0x0d, 0x12,
  0x05, 0x0d, 0x12, 0x06, 0x13, 0x1c, 0x08, 0x19, 0x25, 0x0a, 0x1f, 0x2e,
  0x07, 0x1f, 0x31, 0x04, 0x13, 0x1f, 0x02, 0x0b, 0x12, 0x02, 0x1c, 0x36,
  0x01, 0x21, 0x43, 0x01, 0x1f, 0x40, 0x01, 0x20, 0x42, 0x02, 0x1e, 0x3b,
  0x03, 0x0d, 0x17, 0x03, 0x0c, 0x14, 0x02, 0x14, 0x27, 0x02, 0x14, 0x27,
  0x01, 0x13, 0x26, 0x01, 0x13, 0x29, 0x01, 0x13, 0x26, 0x02, 0x11, 0x23,
  0x02, 0x0f, 0x20, 0x02, 0x14, 0x2a, 0x02, 0x1e, 0x3e, 0x01, 0x21, 0x46,
  0x01, 0x27, 0x50, 0x01, 0x2a, 0x54, 0x01, 0x26, 0x4e, 0x01, 0x1f, 0x40,
  0x02, 0x24, 0x4a, 0x02, 0x22, 0x44, 0x02, 0x16, 0x2b, 0x03, 0x0d, 0x17,
  0x03, 0x0d, 0x16, 0x03, 0x0f, 0x1a, 0x03, 0x11, 0x1f, 0x03, 0x14, 0x24,
  0x02, 0x12, 0x24, 0x04, 0x1d, 0x35, 0x03, 0x1b, 0x35, 0x12, 0x4c, 0x7c,
  0x1a, 0x62, 0x9d, 0x1c, 0x64, 0x9f, 0x1e, 0x67, 0xa1, 0x1a, 0x62, 0x9c,
  0x1b, 0x65, 0xa1, 0x1a, 0x63, 0x9e, 0x18, 0x5c, 0x95, 0x1a, 0x5e, 0x97,
  0x1c, 0x62, 0x9a, 0x1c, 0x62, 0x9a, 0x19, 0x5e, 0x95, 0x1a, 0x60, 0x97,
  0x1b, 0x61, 0x99, 0x19, 0x5e, 0x96, 0x1a, 0x5f, 0x97, 0x19, 0x5e, 0x97,
  0x17, 0x5c, 0x94, 0x1a, 0x60, 0x99, 0x1d, 0x63, 0x9c, 0x1a, 0x60, 0x99,
  0x17, 0x5c, 0x93, 0x17, 0x5c, 0x93, 0x13, 0x56, 0x8e, 0x13, 0x56, 0x8f,
  0x15, 0x5b, 0x96, 0x13, 0x58, 0x93, 0x13, 0x5a, 0x94, 0x14, 0x5a, 0x94,
  0x0f, 0x4e, 0x84, 0x0e, 0x4a, 0x7c, 0x0f, 0x4b, 0x7c, 0x0f, 0x4e, 0x82,
  0x0d, 0x4a, 0x7d, 0x0c, 0x49, 0x7c, 0x0d, 0x4b, 0x80, 0x0a, 0x46, 0x79,
  0x0a, 0x44, 0x76, 0x0b, 0x43, 0x72, 0x0a, 0x38, 0x5f, 0x09, 0x39, 0x64,
  0x08, 0x3b, 0x69, 0x09, 0x3d, 0x6b, 0x09, 0x3c, 0x69, 0x0b, 0x40, 0x6e,
  0x09, 0x3e, 0x6c, 0x0b, 0x44, 0x74, 0x07, 0x2e, 0x50, 0x04, 0x1f, 0x3a,
  0x05, 0x1e, 0x35, 0x05, 0x1f, 0x37, 0x05, 0x1e, 0x36, 0x06, 0x17, 0x29,
  0x06, 0x1a, 0x2d, 0x05, 0x1a, 0x2d, 0x06, 0x13, 0x20, 0x05, 0x19, 0x2d,
  0x05, 0x16, 0x26, 0x05, 0x16, 0x25, 0x05, 0x18, 0x2a, 0x0a, 0x36, 0x5c,
  0x0c, 0x47, 0x79, 0x0c, 0x45, 0x75, 0x0e, 0x49, 0x7c, 0x0c, 0x48, 0x7d,
  0x0c, 0x4b, 0x80, 0x0f, 0x4e, 0x83, 0x11, 0x52, 0x89, 0x0e, 0x4c, 0x82,
  0x0d, 0x4c, 0x82, 0x0d, 0x4e, 0x85, 0x09, 0x39, 0x63, 0x05, 0x1c, 0x31,
  0x07, 0x1f, 0x35, 0x07, 0x1f, 0x33, 0x07, 0x1c, 0x2d, 0x07, 0x1f, 0x31,
  0x07, 0x1f, 0x32, 0x07, 0x1b, 0x2c, 0x07, 0x16, 0x21, 0x07, 0x17, 0x24,
  0x06, 0x15, 0x21, 0x07, 0x1c, 0x2d, 0x09, 0x25, 0x3c, 0x08, 0x25, 0x3d,
  0x07, 0x1a, 0x29, 0x06, 0x15, 0x20, 0x07, 0x1a, 0x28, 0x08, 0x23, 0x38,
  0x08, 0x21, 0x36, 0x05, 0x1b, 0x2f, 0x03, 0x1c, 0x35, 0x02, 0x1c, 0x37,
  0x02, 0x1c, 0x39, 0x02, 0x20, 0x40, 0x02, 0x1f, 0x3f, 0x02, 0x1f, 0x3f,
  0x01, 0x1c, 0x3a, 0x01, 0x1c, 0x3a, 0x01, 0x1c, 0x3a, 0x02, 0x1d, 0x3c,
  0x02, 0x1e, 0x3c, 0x02, 0x1d, 0x39, 0x02, 0x19, 0x31, 0x02, 0x15, 0x29,
  0x03, 0x15, 0x29, 0x03, 0x13, 0x26, 0x03, 0x11, 0x20, 0x04, 0x0f, 0x19,
  0x03, 0x12, 0x24, 0x02, 0x1b, 0x36, 0x02, 0x18, 0x2f, 0x01, 0x15, 0x2b,
  0x03, 0x0d, 0x18, 0x03, 0x12, 0x24, 0x02, 0x1d, 0x3a, 0x02, 0x0f, 0x1e,
  0x02, 0x1c, 0x38, 0x01, 0x1f, 0x40, 0x01, 0x25, 0x4c, 0x01, 0x16, 0x2b,
  0x05, 0x15, 0x22, 0x0d, 0x2f, 0x4b, 0x16, 0x3d, 0x5a, 0x09, 0x23, 0x38,
  0x14, 0x37, 0x51, 0x0f, 0x33, 0x4d, 0x0a, 0x28, 0x3e, 0x05, 0x1a, 0x2c,
  0x02, 0x1a, 0x35, 0x02, 0x1d, 0x39, 0x03, 0x10, 0x1d, 0x03, 0x11, 0x20,
  0x02, 0x1e, 0x3c, 0x01, 0x22, 0x45, 0x02, 0x2d, 0x58, 0x02, 0x32, 0x62,
  0x03, 0x2d, 0x57, 0x09, 0x3f, 0x6f, 0x05, 0x32, 0x5c, 0x02, 0x31, 0x5d,
  0x05, 0x34, 0x60, 0x06, 0x39, 0x68, 0x04, 0x39, 0x6b, 0x07, 0x3f, 0x72,
  0x05, 0x2a, 0x4d, 0x03, 0x26, 0x48, 0x02, 0x2e, 0x5b, 0x01, 0x28, 0x51,
  0x02, 0x2a, 0x53, 0x02, 0x14, 0x25, 0x02, 0x1a, 0x33, 0x02, 0x14, 0x28,
  0x03, 0x10, 0x1d, 0x04, 0x0c, 0x12, 0x05, 0x0f, 0x14, 0x06, 0x14, 0x1d,
  0x06, 0x17, 0x23, 0x07, 0x1a, 0x2a, 0x05, 0x11, 0x1a, 0x03, 0x0a, 0x10,
  0x02, 0x16, 0x2b, 0x02, 0x19, 0x34, 0x01, 0x16, 0x2d, 0x02, 0x14, 0x29,
  0x03, 0x14, 0x25, 0x02, 0x17, 0x2e, 0x01, 0x16, 0x2e, 0x02, 0x16, 0x2c,
  0x02, 0x0f, 0x1f, 0x02, 0x11, 0x23, 0x02, 0x12, 0x25, 0x02, 0x0e, 0x1e,
  0x02, 0x18, 0x2f, 0x01, 0x22, 0x43, 0x02, 0x22, 0x45, 0x02, 0x2a, 0x55,
  0x01, 0x28, 0x51, 0x01, 0x27, 0x50, 0x01, 0x22, 0x46, 0x07, 0x26, 0x44,
  0x01, 0x21, 0x45, 0x01, 0x24, 0x4e, 0x01, 0x2a, 0x56, 0x02, 0x24, 0x49,
  0x02, 0x11, 0x21, 0x03, 0x0c, 0x15, 0x03, 0x11, 0x1f, 0x03, 0x10, 0x1c,
  0x04, 0x11, 0x1f, 0x03, 0x12, 0x22, 0x02, 0x13, 0x26, 0x0c, 0x35, 0x5a,
  0x18, 0x56, 0x8a, 0x0f, 0x3f, 0x67, 0x19, 0x5e, 0x97, 0x17, 0x5c, 0x94,
  0x18, 0x60, 0x9a, 0x19, 0x60, 0x99, 0x1b, 0x62, 0x9a, 0x1a, 0x5e, 0x95,
  0x1c, 0x61, 0x99, 0x1b, 0x60, 0x97, 0x19, 0x5c, 0x93, 0x18, 0x5a, 0x90,
  0x18, 0x5b, 0x92, 0x1a, 0x5f, 0x96, 0x18, 0x5b, 0x91, 0x1b, 0x61, 0x9a,
  0x19, 0x5e, 0x96, 0x17, 0x59, 0x90, 0x19, 0x5d, 0x95, 0x17, 0x5b, 0x94,
  0x12, 0x55, 0x8d, 0x13, 0x56, 0x8d, 0x13, 0x56, 0x8e, 0x12, 0x54, 0x8d,
  0x15, 0x5b, 0x96, 0x12, 0x57, 0x92, 0x13, 0x5a, 0x96, 0x18, 0x60, 0x9b,
  0x12, 0x53, 0x89, 0x0f, 0x4c, 0x7f, 0x0f, 0x4b, 0x7e, 0x0f, 0x4e, 0x82,
  0x0d, 0x4b, 0x80, 0x0f, 0x4d, 0x82, 0x0e, 0x4d, 0x81, 0x0b, 0x46, 0x7a,
  0x0c, 0x49, 0x7c, 0x0b, 0x44, 0x73, 0x08, 0x36, 0x5e, 0x08, 0x38, 0x62,
  0x09, 0x3d, 0x6b, 0x07, 0x3c, 0x6b, 0x0a, 0x3f, 0x6d, 0x0c, 0x43, 0x72,
  0x0a, 0x3e, 0x6c, 0x0b, 0x42, 0x72, 0x0a, 0x37, 0x5f, 0x04, 0x1f, 0x39,
  0x05, 0x1f, 0x38, 0x06, 0x1b, 0x2f, 0x05, 0x1f, 0x37, 0x05, 0x1c, 0x32,
  0x06, 0x16, 0x24, 0x05, 0x1a, 0x2e, 0x06, 0x15, 0x23, 0x06, 0x14, 0x20,
  0x05, 0x17, 0x29, 0x05, 0x14, 0x21, 0x05, 0x18, 0x29, 0x06, 0x1c, 0x30,
  0x0a, 0x3a, 0x64, 0x0b, 0x44, 0x75, 0x0d, 0x47, 0x78, 0x0d, 0x49, 0x7b,
  0x0c, 0x49, 0x7d, 0x0c, 0x49, 0x7e, 0x0e, 0x4d, 0x82, 0x0d, 0x4c, 0x81,
  0x0b, 0x45, 0x79, 0x08, 0x33, 0x5a, 0x06, 0x1f, 0x36, 0x06, 0x1e, 0x33,
  0x07, 0x20, 0x36, 0x07, 0x1c, 0x2d, 0x06, 0x18, 0x27, 0x07, 0x1e, 0x31,
  0x06, 0x1f, 0x33, 0x08, 0x24, 0x3a, 0x08, 0x18, 0x25, 0x07, 0x16, 0x21,
  0x06, 0x15, 0x20, 0x07, 0x1c, 0x2c, 0x09, 0x23, 0x3a, 0x09, 0x24, 0x3b,
  0x07, 0x1b, 0x2c, 0x06, 0x15, 0x20, 0x08, 0x1c, 0x2d, 0x09, 0x24, 0x3a,
  0x07, 0x1c, 0x2f, 0x03, 0x17, 0x2c, 0x02, 0x1b, 0x35, 0x02, 0x1a, 0x33,
  0x02, 0x1a, 0x33, 0x02, 0x1b, 0x36, 0x02, 0x1e, 0x3d, 0x02, 0x1d, 0x3c,
  0x01, 0x1a, 0x37, 0x02, 0x19, 0x35, 0x02, 0x18, 0x32, 0x02, 0x17, 0x2f,
  0x02, 0x15, 0x2a, 0x02, 0x14, 0x28, 0x02, 0x14, 0x27, 0x03, 0x15, 0x29,
  0x03, 0x16, 0x2a, 0x03, 0x14, 0x26, 0x03, 0x12, 0x21, 0x03, 0x0f, 0x1c,
  0x03, 0x0e, 0x1a, 0x03, 0x1c, 0x35, 0x02, 0x1f, 0x3d, 0x02, 0x1e, 0x3c,
  0x03, 0x1b, 0x34, 0x02, 0x11, 0x23, 0x02, 0x22, 0x44, 0x02, 0x13, 0x27,
  0x02, 0x16, 0x2c, 0x02, 0x15, 0x2d, 0x02, 0x20, 0x42, 0x02, 0x12, 0x23,
  0x08, 0x1e, 0x30, 0x0e, 0x2d, 0x46, 0x23, 0x53, 0x76, 0x12, 0x35, 0x4f,
  0x17, 0x40, 0x5e, 0x11, 0x35, 0x51, 0x08, 0x21, 0x34, 0x04, 0x19, 0x2b,
  0x01, 0x1d, 0x3a, 0x02, 0x14, 0x27, 0x03, 0x0f, 0x1b, 0x02, 0x1a, 0x37,
  0x01, 0x23, 0x47, 0x03, 0x33, 0x61, 0x04, 0x3a, 0x6d, 0x02, 0x29, 0x51,
  0x02, 0x18, 0x31, 0x03, 0x28, 0x4c, 0x03, 0x31, 0x5e, 0x01, 0x19, 0x33,
  0x04, 0x15, 0x26, 0x04, 0x17, 0x27, 0x03, 0x15, 0x27, 0x03, 0x17, 0x2a,
  0x03, 0x1d, 0x38, 0x03, 0x36, 0x66, 0x03, 0x21, 0x40, 0x03, 0x26, 0x49,
  0x02, 0x2c, 0x56, 0x02, 0x16, 0x2a, 0x02, 0x23, 0x45, 0x03, 0x29, 0x4e,
  0x02, 0x1e, 0x3c, 0x02, 0x18, 0x30, 0x03, 0x10, 0x1c, 0x04, 0x0c, 0x12,
  0x04, 0x0d, 0x13, 0x04, 0x0f, 0x16, 0x05, 0x12, 0x1b, 0x04, 0x0f, 0x17,
  0x03, 0x0c, 0x15, 0x02, 0x14, 0x28, 0x02, 0x10, 0x1f, 0x03, 0x12, 0x22,
  0x02, 0x19, 0x32, 0x01, 0x17, 0x30, 0x02, 0x15, 0x2b, 0x02, 0x13, 0x28,
  0x02, 0x12, 0x25, 0x02, 0x11, 0x24, 0x02, 0x0f, 0x20, 0x02, 0x1e, 0x3b,
  0x01, 0x2a, 0x54, 0x04, 0x29, 0x4d, 0x04, 0x25, 0x45, 0x02, 0x26, 0x4d,
  0x02, 0x2a, 0x52, 0x03, 0x2b, 0x55, 0x02, 0x2d, 0x58, 0x03, 0x2f, 0x5b,
  0x04, 0x31, 0x5d, 0x04, 0x2d, 0x57, 0x02, 0x22, 0x46, 0x01, 0x23, 0x4a,
  0x02, 0x29, 0x52, 0x02, 0x17, 0x2d, 0x04, 0x0d, 0x15, 0x04, 0x14, 0x23,
  0x04, 0x11, 0x1e, 0x04, 0x10, 0x1d, 0x03, 0x13, 0x23, 0x03, 0x16, 0x2a,
  0x05, 0x1c, 0x33, 0x02, 0x18, 0x2f, 0x13, 0x4b, 0x7a, 0x1d, 0x65, 0x9f,
  0x1a, 0x5d, 0x94, 0x0d, 0x35, 0x58, 0x1a, 0x5b, 0x90, 0x1b, 0x60, 0x97,
  0x1d, 0x61, 0x97, 0x1c, 0x60, 0x96, 0x1c, 0x61, 0x98, 0x1a, 0x5d, 0x93,
  0x1a, 0x5e, 0x94, 0x19, 0x5b, 0x91, 0x19, 0x5c, 0x93, 0x1e, 0x65, 0x9d,
  0x1b, 0x60, 0x97, 0x17, 0x59, 0x90, 0x16, 0x5a, 0x91, 0x15, 0x59, 0x91,
  0x12, 0x56, 0x8d, 0x15, 0x58, 0x90, 0x17, 0x5d, 0x96, 0x12, 0x57, 0x90,
  0x16, 0x5f, 0x9a, 0x16, 0x5f, 0x9b, 0x15, 0x5c, 0x98, 0x15, 0x5b, 0x96,
  0x12, 0x53, 0x89, 0x10, 0x4f, 0x84, 0x0f, 0x4b, 0x7e, 0x0e, 0x4a, 0x7e,
  0x0d, 0x49, 0x7c, 0x0c, 0x47, 0x7a, 0x0d, 0x49, 0x7d, 0x0c, 0x46, 0x79,
  0x0f, 0x4c, 0x7f, 0x0c, 0x43, 0x72, 0x08, 0x34, 0x5a, 0x08, 0x38, 0x63,
  0x09, 0x3f, 0x6e, 0x09, 0x3e, 0x6d, 0x0d, 0x44, 0x74, 0x0e, 0x46, 0x76,
  0x0a, 0x41, 0x70, 0x0a, 0x3f, 0x6e, 0x0b, 0x40, 0x6f, 0x05, 0x23, 0x3e,
  0x05, 0x1e, 0x36, 0x05, 0x1b, 0x30, 0x06, 0x1a, 0x2d, 0x05, 0x1d, 0x33,
  0x06, 0x17, 0x27, 0x06, 0x17, 0x26, 0x05, 0x1a, 0x2d, 0x06, 0x12, 0x1e,
  0x05, 0x15, 0x23, 0x05, 0x15, 0x24, 0x06, 0x16, 0x26, 0x05, 0x18, 0x29,
  0x06, 0x1f, 0x35, 0x0a, 0x3d, 0x69, 0x0a, 0x41, 0x71, 0x0a, 0x42, 0x73,
  0x0b, 0x47, 0x7b, 0x0c, 0x4a, 0x80, 0x0c, 0x48, 0x7b, 0x09, 0x38, 0x63,
  0x06, 0x27, 0x45, 0x05, 0x1d, 0x33, 0x06, 0x1f, 0x35, 0x07, 0x22, 0x38,
  0x07, 0x1d, 0x30, 0x07, 0x16, 0x23, 0x07, 0x16, 0x23, 0x09, 0x23, 0x38,
  0x07, 0x20, 0x36, 0x08, 0x24, 0x3c, 0x08, 0x1a, 0x29, 0x07, 0x14, 0x1e,
  0x07, 0x14, 0x1f, 0x08, 0x20, 0x33, 0x08, 0x24, 0x3b, 0x0a, 0x28, 0x41,
  0x09, 0x22, 0x36, 0x07, 0x16, 0x22, 0x08, 0x20, 0x32, 0x09, 0x23, 0x38,
  0x08, 0x20, 0x33, 0x03, 0x16, 0x29, 0x03, 0x19, 0x32, 0x02, 0x1d, 0x39,
  0x02, 0x1e, 0x3c, 0x02, 0x1e, 0x3c, 0x02, 0x1c, 0x37, 0x02, 0x18, 0x31,
  0x02, 0x17, 0x2f, 0x02, 0x17, 0x2e, 0x02, 0x18, 0x30, 0x02, 0x1a, 0x35,
  0x02, 0x1d, 0x3c, 0x02, 0x20, 0x40, 0x03, 0x1c, 0x38, 0x03, 0x18, 0x2e,
  0x03, 0x12, 0x22, 0x03, 0x0f, 0x1c, 0x03, 0x10, 0x1c, 0x03, 0x10, 0x1d,
  0x03, 0x0e, 0x19, 0x03, 0x14, 0x26, 0x04, 0x21, 0x3e, 0x02, 0x1d, 0x3c,
  0x02, 0x20, 0x40, 0x02, 0x16, 0x2c, 0x03, 0x29, 0x51, 0x02, 0x19, 0x33,
  0x01, 0x14, 0x29, 0x03, 0x2b, 0x52, 0x02, 0x1d, 0x3c, 0x03, 0x12, 0x21,
  0x09, 0x21, 0x35, 0x13, 0x38, 0x53, 0x27, 0x55, 0x76, 0x15, 0x3f, 0x5f,
  0x14, 0x3c, 0x5a, 0x0f, 0x2e, 0x46, 0x09, 0x21, 0x34, 0x05, 0x1e, 0x35,
  0x02, 0x1d, 0x3b, 0x03, 0x0e, 0x1c, 0x02, 0x18, 0x33, 0x01, 0x27, 0x4f,
  0x04, 0x3e, 0x74, 0x04, 0x35, 0x63, 0x02, 0x16, 0x2b, 0x03, 0x0f, 0x1c,
  0x02, 0x14, 0x27, 0x02, 0x15, 0x2a, 0x04, 0x11, 0x1e, 0x06, 0x19, 0x27,
  0x08, 0x20, 0x31, 0x08, 0x21, 0x33, 0x07, 0x1c, 0x2c, 0x06, 0x15, 0x1f,
  0x04, 0x23, 0x3e, 0x04, 0x38, 0x69, 0x03, 0x27, 0x4b, 0x07, 0x31, 0x59,
  0x01, 0x27, 0x4f, 0x02, 0x25, 0x48, 0x02, 0x13, 0x26, 0x03, 0x2e, 0x57,
  0x05, 0x35, 0x63, 0x02, 0x28, 0x4e, 0x02, 0x1d, 0x3b, 0x02, 0x11, 0x21,
  0x02, 0x11, 0x20, 0x03, 0x0e, 0x19, 0x04, 0x0b, 0x10, 0x04, 0x0c, 0x13,
  0x03, 0x0a, 0x0f, 0x03, 0x0a, 0x12, 0x03, 0x10, 0x1e, 0x03, 0x1c, 0x37,
  0x01, 0x11, 0x23, 0x02, 0x17, 0x2f, 0x02, 0x15, 0x2b, 0x01, 0x12, 0x25,
  0x02, 0x12, 0x24, 0x02, 0x10, 0x21, 0x02, 0x21, 0x42, 0x02, 0x2b, 0x56,
  0x01, 0x23, 0x48, 0x03, 0x26, 0x4c, 0x03, 0x29, 0x50, 0x02, 0x27, 0x4e,
  0x01, 0x24, 0x48, 0x01, 0x22, 0x45, 0x02, 0x23, 0x45, 0x02, 0x24, 0x48,
  0x02, 0x2a, 0x54, 0x05, 0x3c, 0x6f, 0x04, 0x37, 0x66, 0x05, 0x2c, 0x52,
  0x02, 0x21, 0x41, 0x02, 0x2a, 0x53, 0x03, 0x17, 0x2c, 0x04, 0x0e, 0x17,
  0x04, 0x14, 0x24, 0x03, 0x11, 0x1f, 0x04, 0x10, 0x1b, 0x04, 0x13, 0x22,
  0x04, 0x15, 0x26, 0x04, 0x18, 0x2d, 0x04, 0x1f, 0x39, 0x13, 0x47, 0x74,
  0x1a, 0x55, 0x85, 0x02, 0x19, 0x30, 0x13, 0x46, 0x71, 0x1d, 0x61, 0x99,
  0x1c, 0x5e, 0x94, 0x1f, 0x63, 0x9a, 0x1e, 0x62, 0x99, 0x1b, 0x5e, 0x94,
  0x18, 0x5a, 0x8f, 0x19, 0x5b, 0x91, 0x17, 0x58, 0x8d, 0x1a, 0x5e, 0x95,
  0x1b, 0x5e, 0x94, 0x17, 0x59, 0x8f, 0x14, 0x57, 0x8d, 0x15, 0x58, 0x90,
  0x17, 0x5a, 0x91, 0x16, 0x5a, 0x93, 0x16, 0x5d, 0x98, 0x14, 0x5a, 0x95,
  0x16, 0x5b, 0x95, 0x16, 0x5f, 0x99, 0x16, 0x5f, 0x9a, 0x14, 0x5a, 0x93,
  0x13, 0x53, 0x89, 0x0e, 0x4c, 0x81, 0x0d, 0x4a, 0x7d, 0x0f, 0x4b, 0x7e,
  0x0d, 0x49, 0x7c, 0x0c, 0x46, 0x78, 0x0c, 0x49, 0x7d, 0x0d, 0x48, 0x7a,
  0x11, 0x4e, 0x82, 0x0c, 0x43, 0x71, 0x08, 0x33, 0x58, 0x08, 0x39, 0x65,
  0x0a, 0x41, 0x71, 0x09, 0x3e, 0x6d, 0x0b, 0x41, 0x71, 0x0c, 0x45, 0x76,
  0x0c, 0x44, 0x74, 0x0a, 0x3f, 0x6d, 0x0a, 0x40, 0x70, 0x07, 0x25, 0x41,
  0x05, 0x1d, 0x35, 0x05, 0x1d, 0x34, 0x05, 0x19, 0x2b, 0x06, 0x1a, 0x2e,
  0x05, 0x19, 0x2c, 0x06, 0x13, 0x1f, 0x05, 0x17, 0x28, 0x05, 0x15, 0x23,
  0x06, 0x11, 0x1b, 0x05, 0x15, 0x24, 0x05, 0x14, 0x21, 0x05, 0x15, 0x24,
  0x05, 0x16, 0x26, 0x06, 0x1f, 0x35, 0x08, 0x30, 0x53, 0x07, 0x34, 0x5c,
  0x09, 0x39, 0x64, 0x09, 0x35, 0x5b, 0x07, 0x26, 0x42, 0x05, 0x1e, 0x36,
  0x06, 0x21, 0x39, 0x06, 0x20, 0x37, 0x06, 0x1f, 0x34, 0x07, 0x22, 0x38,
  0x07, 0x1b, 0x2b, 0x07, 0x16, 0x23, 0x07, 0x19, 0x27, 0x08, 0x24, 0x3b,
  0x09, 0x23, 0x39, 0x09, 0x25, 0x3d, 0x07, 0x1a, 0x29, 0x08, 0x19, 0x26,
  0x08, 0x1e, 0x30, 0x08, 0x24, 0x3a, 0x0a, 0x27, 0x3f, 0x0c, 0x2c, 0x45,
  0x0a, 0x28, 0x3e, 0x09, 0x20, 0x33, 0x08, 0x1f, 0x32, 0x08, 0x1f, 0x31,
  0x06, 0x18, 0x27, 0x03, 0x15, 0x28, 0x03, 0x18, 0x2f, 0x02, 0x18, 0x30,
  0x02, 0x18, 0x31, 0x02, 0x17, 0x30, 0x02, 0x17, 0x30, 0x02, 0x18, 0x33,
  0x02, 0x1c, 0x3a, 0x01, 0x1c, 0x39, 0x01, 0x1a, 0x37, 0x02, 0x19, 0x35,
  0x02, 0x17, 0x2e, 0x03, 0x14, 0x27, 0x03, 0x13, 0x25, 0x03, 0x13, 0x24,
  0x03, 0x13, 0x25, 0x03, 0x12, 0x21, 0x03, 0x10, 0x1c, 0x03, 0x0e, 0x19,
  0x03, 0x0e, 0x19, 0x02, 0x10, 0x1f, 0x02, 0x16, 0x2b, 0x02, 0x1e, 0x3c,
  0x02, 0x13, 0x28, 0x02, 0x1a, 0x36, 0x04, 0x2d, 0x55, 0x02, 0x1a, 0x34,
  0x02, 0x22, 0x43, 0x02, 0x21, 0x43, 0x02, 0x1f, 0x3f, 0x04, 0x13, 0x22,
  0x0b, 0x29, 0x40, 0x15, 0x3d, 0x5b, 0x17, 0x3f, 0x5d, 0x12, 0x3a, 0x57,
  0x0c, 0x2c, 0x45, 0x09, 0x24, 0x39, 0x09, 0x21, 0x34, 0x03, 0x1e, 0x38,
  0x02, 0x18, 0x30, 0x03, 0x0f, 0x1c, 0x02, 0x16, 0x2e, 0x02, 0x25, 0x47,
  0x03, 0x30, 0x5a, 0x02, 0x1a, 0x34, 0x03, 0x0e, 0x18, 0x04, 0x10, 0x19,
  0x02, 0x18, 0x31, 0x02, 0x1c, 0x39, 0x05, 0x18, 0x29, 0x08, 0x1e, 0x30,
  0x07, 0x1d, 0x2d, 0x07, 0x1e, 0x31, 0x07, 0x21, 0x36, 0x08, 0x21, 0x35,
  0x04, 0x11, 0x1c, 0x06, 0x2a, 0x4b, 0x07, 0x3a, 0x69, 0x00, 0x27, 0x4e,
  0x02, 0x33, 0x61, 0x03, 0x31, 0x5f, 0x05, 0x27, 0x46, 0x02, 0x0e, 0x1c,
  0x03, 0x24, 0x44, 0x05, 0x33, 0x60, 0x04, 0x30, 0x5b, 0x02, 0x1f, 0x3d,
  0x02, 0x20, 0x41, 0x02, 0x17, 0x2e, 0x02, 0x0f, 0x1f, 0x02, 0x11, 0x23,
  0x02, 0x11, 0x21, 0x03, 0x0a, 0x10, 0x02, 0x18, 0x30, 0x02, 0x17, 0x30,
  0x03, 0x17, 0x2c, 0x02, 0x11, 0x23, 0x02, 0x13, 0x26, 0x02, 0x12, 0x25,
  0x02, 0x10, 0x21, 0x02, 0x1a, 0x35, 0x01, 0x22, 0x46, 0x01, 0x1e, 0x3d,
  0x02, 0x27, 0x4d, 0x02, 0x29, 0x51, 0x02, 0x21, 0x3f, 0x05, 0x1b, 0x32,
  0x05, 0x1c, 0x32, 0x04, 0x1f, 0x38, 0x03, 0x25, 0x45, 0x06, 0x2e, 0x53,
  0x05, 0x28, 0x4b, 0x02, 0x27, 0x4c, 0x06, 0x41, 0x75, 0x09, 0x48, 0x7d,
  0x0b, 0x3f, 0x6c, 0x01, 0x2b, 0x57, 0x02, 0x2d, 0x5b, 0x03, 0x13, 0x22,
  0x04, 0x10, 0x1b, 0x04, 0x13, 0x23, 0x05, 0x1a, 0x2e, 0x04, 0x12, 0x20,
  0x04, 0x14, 0x24, 0x04, 0x14, 0x24, 0x03, 0x15, 0x27, 0x03, 0x18, 0x2c,
  0x07, 0x1e, 0x34, 0x03, 0x1b, 0x33, 0x0a, 0x31, 0x54, 0x1e, 0x63, 0x9a,
  0x1c, 0x61, 0x98, 0x15, 0x4c, 0x78, 0x1a, 0x57, 0x89, 0x1b, 0x60, 0x97,
  0x1b, 0x5e, 0x94, 0x1c, 0x5f, 0x95, 0x19, 0x59, 0x8d, 0x18, 0x5a, 0x8f,
  0x19, 0x5d, 0x93, 0x18, 0x5a, 0x8f, 0x1a, 0x5d, 0x93, 0x19, 0x5e, 0x95,
  0x17, 0x5b, 0x92, 0x15, 0x58, 0x8f, 0x16, 0x5d, 0x96, 0x15, 0x5b, 0x96,
  0x13, 0x57, 0x90, 0x12, 0x58, 0x92, 0x11, 0x59, 0x94, 0x11, 0x55, 0x8e,
  0x12, 0x51, 0x87, 0x10, 0x4e, 0x81, 0x0d, 0x48, 0x7b, 0x0f, 0x4b, 0x7e,
  0x0f, 0x4d, 0x80, 0x0d, 0x49, 0x7d, 0x0f, 0x4d, 0x81, 0x0d, 0x4b, 0x7e,
  0x0f, 0x4c, 0x7f, 0x0c, 0x41, 0x6d, 0x07, 0x33, 0x58, 0x08, 0x38, 0x63,
  0x09, 0x41, 0x71, 0x08, 0x3e, 0x6d, 0x0a, 0x40, 0x70, 0x0b, 0x43, 0x74,
  0x0b, 0x43, 0x72, 0x0a, 0x3f, 0x6f, 0x0a, 0x40, 0x70, 0x06, 0x26, 0x44,
  0x04, 0x1d, 0x36, 0x04, 0x20, 0x3a, 0x05, 0x1b, 0x30, 0x05, 0x17, 0x28,
  0x05, 0x19, 0x2c, 0x05, 0x16, 0x25, 0x06, 0x12, 0x1d, 0x05, 0x15, 0x24,
  0x06, 0x11, 0x1b, 0x06, 0x12, 0x1d, 0x05, 0x14, 0x21, 0x05, 0x18, 0x29,
  0x05, 0x19, 0x2b, 0x05, 0x1a, 0x2d, 0x05, 0x1a, 0x2e, 0x05, 0x1b, 0x2f,
  0x05, 0x1d, 0x32, 0x05, 0x1b, 0x2f, 0x06, 0x1e, 0x31, 0x07, 0x20, 0x34,
  0x07, 0x21, 0x37, 0x07, 0x20, 0x35, 0x07, 0x21, 0x37, 0x08, 0x22, 0x38,
  0x07, 0x19, 0x26, 0x07, 0x17, 0x24, 0x08, 0x1d, 0x2f, 0x09, 0x23, 0x38,
  0x09, 0x20, 0x34, 0x09, 0x25, 0x3c, 0x08, 0x1e, 0x30, 0x09, 0x20, 0x32,
  0x0a, 0x23, 0x38, 0x0a, 0x28, 0x41, 0x0a, 0x28, 0x40, 0x0a, 0x27, 0x3f,
  0x0a, 0x25, 0x3b, 0x09, 0x24, 0x39, 0x09, 0x23, 0x37, 0x07, 0x1c, 0x2e,
  0x03, 0x16, 0x2a, 0x02, 0x1b, 0x35, 0x02, 0x19, 0x33, 0x02, 0x1a, 0x34,
  0x02, 0x1e, 0x3d, 0x02, 0x1c, 0x3a, 0x02, 0x1b, 0x39, 0x02, 0x1a, 0x37,
  0x02, 0x17, 0x2f, 0x02, 0x14, 0x29, 0x02, 0x14, 0x27, 0x02, 0x14, 0x26,
  0x03, 0x16, 0x2b, 0x02, 0x17, 0x2d, 0x02, 0x17, 0x2e, 0x02, 0x15, 0x29,
  0x02, 0x11, 0x22, 0x03, 0x11, 0x20, 0x03, 0x0f, 0x1d, 0x02, 0x0d, 0x1a,
  0x02, 0x13, 0x27, 0x03, 0x1f, 0x3c, 0x02, 0x1f, 0x3c, 0x02, 0x16, 0x2c,
  0x01, 0x14, 0x2b, 0x05, 0x2f, 0x57, 0x04, 0x24, 0x46, 0x02, 0x1a, 0x36,
  0x02, 0x21, 0x43, 0x01, 0x1d, 0x3f, 0x01, 0x1c, 0x3a, 0x04, 0x12, 0x20,
  0x0a, 0x2a, 0x43, 0x0d, 0x30, 0x4d, 0x0d, 0x31, 0x4d, 0x09, 0x2a, 0x43,
  0x09, 0x2c, 0x48, 0x07, 0x22, 0x38, 0x06, 0x1b, 0x2b, 0x02, 0x17, 0x2d,
  0x02, 0x17, 0x2f, 0x02, 0x1f, 0x3f, 0x01, 0x25, 0x49, 0x01, 0x19, 0x34,
  0x02, 0x11, 0x23, 0x03, 0x17, 0x2b, 0x03, 0x13, 0x23, 0x02, 0x11, 0x20,
  0x03, 0x20, 0x3e, 0x02, 0x27, 0x4c, 0x04, 0x1e, 0x39, 0x08, 0x1f, 0x32,
  0x06, 0x1c, 0x2e, 0x07, 0x1f, 0x32, 0x07, 0x20, 0x34, 0x09, 0x25, 0x3b,
  0x08, 0x1d, 0x2c, 0x03, 0x0f, 0x1a, 0x08, 0x31, 0x57, 0x05, 0x39, 0x6a,
  0x01, 0x2e, 0x5a, 0x02, 0x2c, 0x55, 0x04, 0x2b, 0x52, 0x04, 0x1c, 0x32,
  0x03, 0x0b, 0x12, 0x04, 0x18, 0x2a, 0x04, 0x24, 0x41, 0x05, 0x2c, 0x52,
  0x04, 0x2f, 0x58, 0x04, 0x24, 0x45, 0x02, 0x22, 0x41, 0x02, 0x1f, 0x3f,
  0x02, 0x13, 0x26, 0x02, 0x15, 0x28, 0x01, 0x1d, 0x3d, 0x03, 0x20, 0x3f,
  0x04, 0x22, 0x3f, 0x01, 0x11, 0x23, 0x02, 0x14, 0x29, 0x02, 0x10, 0x23,
  0x02, 0x14, 0x28, 0x01, 0x25, 0x4a, 0x04, 0x19, 0x2f, 0x03, 0x1f, 0x3c,
  0x03, 0x2b, 0x53, 0x05, 0x1d, 0x34, 0x0b, 0x21, 0x30, 0x0f, 0x26, 0x35,
  0x10, 0x26, 0x34, 0x0e, 0x24, 0x31, 0x0c, 0x20, 0x2d, 0x09, 0x22, 0x37,
  0x08, 0x35, 0x5c, 0x07, 0x35, 0x5f, 0x06, 0x31, 0x58, 0x12, 0x5c, 0x98,
  0x15, 0x62, 0x9f, 0x0c, 0x42, 0x70, 0x00, 0x2b, 0x59, 0x02, 0x2b, 0x54,
  0x04, 0x10, 0x1b, 0x04, 0x10, 0x1b, 0x05, 0x1b, 0x2f, 0x05, 0x16, 0x26,
  0x05, 0x12, 0x1f, 0x05, 0x15, 0x23, 0x05, 0x14, 0x23, 0x04, 0x14, 0x25,
  0x03, 0x14, 0x25, 0x04, 0x1b, 0x32, 0x05, 0x21, 0x3c, 0x13, 0x48, 0x75,
  0x1d, 0x62, 0x9a, 0x0a, 0x2e, 0x4e, 0x0f, 0x3b, 0x62, 0x1c, 0x62, 0x9b,
  0x1b, 0x5e, 0x94, 0x1c, 0x5f, 0x96, 0x19, 0x57, 0x89, 0x0f, 0x3d, 0x64,
  0x1c, 0x62, 0x9a, 0x1c, 0x61, 0x98, 0x1e, 0x63, 0x9a, 0x17, 0x5c, 0x93,
  0x18, 0x5d, 0x95, 0x19, 0x5c, 0x93, 0x17, 0x5b, 0x93, 0x14, 0x58, 0x91,
  0x11, 0x54, 0x8c, 0x11, 0x54, 0x8c, 0x10, 0x54, 0x8d, 0x12, 0x55, 0x8c,
  0x10, 0x4d, 0x81, 0x13, 0x50, 0x84, 0x12, 0x50, 0x83, 0x0e, 0x49, 0x7a,
  0x0c, 0x47, 0x79, 0x0e, 0x4a, 0x7e, 0x10, 0x4e, 0x83, 0x0d, 0x4a, 0x7d,
  0x0c, 0x47, 0x79, 0x0c, 0x43, 0x72, 0x07, 0x33, 0x59, 0x08, 0x37, 0x61,
  0x0a, 0x3f, 0x6e, 0x08, 0x3d, 0x6c, 0x0a, 0x3f, 0x6f, 0x0d, 0x46, 0x77,
  0x0d, 0x48, 0x7a, 0x0b, 0x44, 0x75, 0x0c, 0x46, 0x78, 0x08, 0x2d, 0x4f,
  0x04, 0x1c, 0x34, 0x04, 0x1d, 0x35, 0x05, 0x1d, 0x33, 0x05, 0x19, 0x2c,
  0x05, 0x14, 0x22, 0x05, 0x18, 0x2a, 0x05, 0x14, 0x20, 0x06, 0x13, 0x1e,
  0x06, 0x13, 0x1d, 0x06, 0x12, 0x1c, 0x05, 0x18, 0x2a, 0x05, 0x19, 0x2c,
  0x05, 0x18, 0x2a, 0x06, 0x1a, 0x2b, 0x07, 0x1d, 0x30, 0x07, 0x1f, 0x33,
  0x07, 0x20, 0x35, 0x07, 0x20, 0x35, 0x07, 0x1e, 0x31, 0x07, 0x1f, 0x32,
  0x07, 0x21, 0x37, 0x08, 0x22, 0x37, 0x09, 0x25, 0x3c, 0x09, 0x20, 0x33,
  0x07, 0x17, 0x23, 0x08, 0x19, 0x27, 0x09, 0x21, 0x35, 0x09, 0x20, 0x34,
  0x08, 0x1e, 0x2f, 0x09, 0x22, 0x35, 0x09, 0x23, 0x37, 0x0a, 0x24, 0x37,
  0x0a, 0x24, 0x39, 0x0b, 0x25, 0x3c, 0x09, 0x22, 0x36, 0x0a, 0x2a, 0x45,
  0x0a, 0x27, 0x3f, 0x0c, 0x29, 0x40, 0x0b, 0x29, 0x42, 0x04, 0x17, 0x2b,
  0x02, 0x1b, 0x37, 0x02, 0x1c, 0x39, 0x02, 0x1a, 0x35, 0x02, 0x19, 0x34,
  0x02, 0x1a, 0x33, 0x02, 0x16, 0x2d, 0x02, 0x14, 0x28, 0x02, 0x14, 0x27,
  0x02, 0x16, 0x2c, 0x02, 0x18, 0x32, 0x02, 0x1a, 0x36, 0x02, 0x1a, 0x35,
  0x02, 0x19, 0x32, 0x02, 0x15, 0x2b, 0x02, 0x12, 0x23, 0x02, 0x13, 0x26,
  0x02, 0x14, 0x27, 0x02, 0x10, 0x20, 0x02, 0x11, 0x23, 0x02, 0x1c, 0x37,
  0x03, 0x22, 0x41, 0x03, 0x1c, 0x34, 0x02, 0x11, 0x21, 0x02, 0x15, 0x2c,
  0x01, 0x1b, 0x37, 0x01, 0x1a, 0x36, 0x02, 0x1e, 0x3e, 0x03, 0x1e, 0x39,
  0x02, 0x1e, 0x3c, 0x02, 0x1f, 0x40, 0x01, 0x1d, 0x3c, 0x03, 0x11, 0x1e,
  0x08, 0x26, 0x3e, 0x08, 0x2b, 0x46, 0x07, 0x22, 0x39, 0x07, 0x24, 0x3d,
  0x07, 0x2a, 0x46, 0x08, 0x26, 0x3e, 0x07, 0x1b, 0x2a, 0x03, 0x13, 0x22,
  0x02, 0x17, 0x2d, 0x04, 0x27, 0x4b, 0x09, 0x3d, 0x6c, 0x02, 0x2c, 0x57,
  0x02, 0x20, 0x40, 0x04, 0x0c, 0x14, 0x03, 0x0f, 0x1c, 0x02, 0x1a, 0x35,
  0x04, 0x26, 0x49, 0x02, 0x17, 0x2c, 0x06, 0x1e, 0x32, 0x07, 0x26, 0x3f,
  0x08, 0x23, 0x39, 0x07, 0x20, 0x32, 0x0c, 0x2a, 0x40, 0x10, 0x35, 0x51,
  0x09, 0x21, 0x34, 0x06, 0x17, 0x24, 0x03, 0x0f, 0x1b, 0x06, 0x30, 0x58,
  0x05, 0x38, 0x68, 0x02, 0x20, 0x40, 0x02, 0x17, 0x2d, 0x05, 0x2f, 0x56,
  0x04, 0x14, 0x23, 0x06, 0x18, 0x26, 0x06, 0x14, 0x1e, 0x05, 0x17, 0x26,
  0x04, 0x1b, 0x32, 0x03, 0x15, 0x28, 0x03, 0x14, 0x26, 0x03, 0x0f, 0x1d,
  0x02, 0x0a, 0x11, 0x01, 0x1d, 0x3a, 0x01, 0x1d, 0x3d, 0x02, 0x18, 0x32,
  0x02, 0x13, 0x29, 0x02, 0x17, 0x2f, 0x01, 0x14, 0x29, 0x02, 0x0f, 0x21,
  0x02, 0x23, 0x45, 0x01, 0x27, 0x4f, 0x04, 0x28, 0x4d, 0x05, 0x2b, 0x51,
  0x07, 0x1c, 0x2f, 0x0f, 0x28, 0x38, 0x10, 0x29, 0x38, 0x10, 0x28, 0x37,
  0x10, 0x29, 0x39, 0x12, 0x2f, 0x43, 0x19, 0x3c, 0x53, 0x18, 0x38, 0x4d,
  0x0c, 0x22, 0x33, 0x0f, 0x44, 0x6e, 0x11, 0x48, 0x74, 0x08, 0x34, 0x5c,
  0x12, 0x63, 0xa3, 0x12, 0x5b, 0x94, 0x07, 0x38, 0x65, 0x01, 0x2a, 0x57,
  0x04, 0x1e, 0x39, 0x05, 0x15, 0x22, 0x04, 0x18, 0x2a, 0x04, 0x15, 0x26,
  0x06, 0x0f, 0x17, 0x07, 0x13, 0x1f, 0x06, 0x23, 0x3d, 0x05, 0x18, 0x2b,
  0x04, 0x14, 0x23, 0x04, 0x16, 0x28, 0x04, 0x17, 0x2b, 0x04, 0x1b, 0x32,
  0x0a, 0x2f, 0x4f, 0x03, 0x1b, 0x32, 0x0a, 0x2d, 0x4d, 0x1c, 0x62, 0x99,
  0x1a, 0x5c, 0x92, 0x1b, 0x5c, 0x91, 0x1a, 0x58, 0x8a, 0x04, 0x22, 0x3e,
  0x17, 0x51, 0x81, 0x1f, 0x68, 0xa1, 0x1c, 0x63, 0x9a, 0x16, 0x54, 0x87,
  0x18, 0x56, 0x8a, 0x1a, 0x5f, 0x96, 0x1b, 0x5f, 0x96, 0x16, 0x58, 0x8f,
  0x12, 0x53, 0x8a, 0x13, 0x55, 0x8c, 0x12, 0x52, 0x87, 0x13, 0x53, 0x87,
  0x14, 0x53, 0x87, 0x12, 0x4f, 0x82, 0x13, 0x50, 0x82, 0x0f, 0x49, 0x7a,
  0x0e, 0x49, 0x7a, 0x10, 0x4d, 0x81, 0x10, 0x4c, 0x7f, 0x0d, 0x48, 0x7a,
  0x0d, 0x47, 0x78, 0x0b, 0x40, 0x6c, 0x08, 0x34, 0x5b, 0x08, 0x38, 0x62,
  0x09, 0x3d, 0x6a, 0x08, 0x3d, 0x6b, 0x08, 0x3d, 0x6b, 0x0b, 0x44, 0x74,
  0x0d, 0x48, 0x7a, 0x09, 0x40, 0x70, 0x0a, 0x41, 0x70, 0x08, 0x2e, 0x50,
  0x05, 0x1c, 0x32, 0x05, 0x1c, 0x32, 0x05, 0x1a, 0x2d, 0x06, 0x1b, 0x2f,
  0x05, 0x18, 0x29, 0x05, 0x13, 0x20, 0x05, 0x17, 0x28, 0x06, 0x12, 0x1b,
  0x06, 0x13, 0x1d, 0x06, 0x16, 0x24, 0x05, 0x19, 0x2a, 0x05, 0x19, 0x2a,
  0x06, 0x1b, 0x2b, 0x07, 0x1c, 0x2e, 0x07, 0x1d, 0x30, 0x07, 0x1e, 0x30,
  0x07, 0x1e, 0x32, 0x07, 0x1d, 0x30, 0x06, 0x1c, 0x2d, 0x07, 0x1f, 0x33,
  0x08, 0x23, 0x38, 0x09, 0x22, 0x36, 0x09, 0x23, 0x38, 0x09, 0x22, 0x36,
  0x07, 0x1a, 0x28, 0x08, 0x1e, 0x30, 0x09, 0x22, 0x35, 0x08, 0x1e, 0x30,
  0x08, 0x1d, 0x2e, 0x08, 0x1d, 0x2d, 0x0a, 0x22, 0x34, 0x0b, 0x26, 0x3b,
  0x0b, 0x27, 0x3d, 0x08, 0x1a, 0x27, 0x07, 0x18, 0x24, 0x0a, 0x27, 0x3f,
  0x0a, 0x26, 0x3d, 0x0c, 0x2c, 0x46, 0x07, 0x1c, 0x2e, 0x02, 0x13, 0x25,
  0x03, 0x16, 0x2b, 0x02, 0x16, 0x2b, 0x03, 0x16, 0x2c, 0x02, 0x18, 0x30,
  0x02, 0x1a, 0x35, 0x02, 0x1a, 0x35, 0x02, 0x1a, 0x35, 0x02, 0x1b, 0x37,
  0x02, 0x1d, 0x3b, 0x02, 0x1a, 0x36, 0x02, 0x16, 0x2e, 0x02, 0x13, 0x27,
  0x02, 0x12, 0x23, 0x02, 0x15, 0x2a, 0x02, 0x19, 0x31, 0x02, 0x14, 0x29,
  0x02, 0x12, 0x24, 0x02, 0x1a, 0x32, 0x03, 0x1f, 0x3c, 0x03, 0x1b, 0x33,
  0x03, 0x12, 0x20, 0x04, 0x0e, 0x17, 0x03, 0x0f, 0x19, 0x02, 0x16, 0x2a,
  0x02, 0x19, 0x34, 0x03, 0x21, 0x41, 0x07, 0x2a, 0x4b, 0x03, 0x15, 0x29,
  0x01, 0x1b, 0x38, 0x01, 0x14, 0x2c, 0x02, 0x1a, 0x37, 0x02, 0x0f, 0x1b,
  0x09, 0x27, 0x3d, 0x08, 0x27, 0x40, 0x05, 0x1d, 0x31, 0x06, 0x20, 0x35,
  0x06, 0x26, 0x40, 0x09, 0x29, 0x42, 0x07, 0x1c, 0x2c, 0x06, 0x17, 0x24,
  0x04, 0x11, 0x1d, 0x02, 0x24, 0x47, 0x04, 0x33, 0x5f, 0x03, 0x1b, 0x32,
  0x02, 0x14, 0x27, 0x02, 0x15, 0x29, 0x02, 0x1a, 0x35, 0x04, 0x2a, 0x50,
  0x03, 0x28, 0x4d, 0x04, 0x18, 0x2b, 0x04, 0x20, 0x37, 0x0d, 0x30, 0x4d,
  0x15, 0x3f, 0x5f, 0x0b, 0x2c, 0x45, 0x1b, 0x45, 0x63, 0x1e, 0x4e, 0x70,
  0x0e, 0x2d, 0x45, 0x06, 0x19, 0x28, 0x06, 0x19, 0x27, 0x03, 0x11, 0x1d,
  0x06, 0x34, 0x5e, 0x06, 0x37, 0x63, 0x09, 0x30, 0x52, 0x03, 0x38, 0x69,
  0x06, 0x2f, 0x53, 0x04, 0x0e, 0x18, 0x08, 0x22, 0x36, 0x06, 0x16, 0x22,
  0x01, 0x0b, 0x17, 0x01, 0x13, 0x28, 0x02, 0x11, 0x22, 0x02, 0x0c, 0x18,
  0x02, 0x13, 0x25, 0x01, 0x1e, 0x3f, 0x02, 0x17, 0x30, 0x02, 0x1b, 0x37,
  0x02, 0x19, 0x36, 0x01, 0x17, 0x31, 0x01, 0x14, 0x2b, 0x02, 0x14, 0x27,
  0x02, 0x2c, 0x58, 0x01, 0x23, 0x49, 0x02, 0x2c, 0x57, 0x05, 0x1f, 0x37,
  0x0a, 0x1a, 0x23, 0x0c, 0x1f, 0x2a, 0x0c, 0x1e, 0x28, 0x0d, 0x1f, 0x2a,
  0x0e, 0x20, 0x2a, 0x11, 0x2a, 0x39, 0x17, 0x3c, 0x55, 0x1b, 0x43, 0x5e,
  0x1b, 0x3d, 0x52, 0x0e, 0x26, 0x3a, 0x18, 0x57, 0x88, 0x0c, 0x39, 0x60,
  0x0b, 0x43, 0x70, 0x14, 0x66, 0xa6, 0x0d, 0x54, 0x8c, 0x04, 0x25, 0x47,
  0x02, 0x23, 0x44, 0x08, 0x1b, 0x2b, 0x0a, 0x1f, 0x2f, 0x05, 0x1d, 0x34,
  0x03, 0x1a, 0x30, 0x04, 0x18, 0x2b, 0x07, 0x26, 0x43, 0x06, 0x1b, 0x2e,
  0x05, 0x11, 0x1b, 0x05, 0x16, 0x25, 0x0a, 0x2c, 0x4a, 0x05, 0x1a, 0x2e,
  0x03, 0x13, 0x23, 0x04, 0x18, 0x2c, 0x05, 0x1c, 0x34, 0x0f, 0x3f, 0x68,
  0x18, 0x56, 0x89, 0x1a, 0x5e, 0x95, 0x14, 0x4a, 0x76, 0x02, 0x1d, 0x37,
  0x0e, 0x37, 0x5b, 0x1e, 0x66, 0x9e, 0x1a, 0x5f, 0x96, 0x14, 0x4c, 0x7b,
  0x0a, 0x33, 0x57, 0x1d, 0x61, 0x98, 0x1c, 0x60, 0x95, 0x19, 0x5d, 0x94,
  0x18, 0x5a, 0x92, 0x19, 0x5d, 0x94, 0x18, 0x5a, 0x8f, 0x17, 0x57, 0x8b,
  0x16, 0x57, 0x8c, 0x14, 0x52, 0x86, 0x11, 0x4d, 0x7f, 0x10, 0x4b, 0x7b,
  0x10, 0x4b, 0x7c, 0x0d, 0x47, 0x78, 0x10, 0x4d, 0x7f, 0x0f, 0x4a, 0x7c,
  0x0d, 0x48, 0x7a, 0x0a, 0x3d, 0x69, 0x09, 0x36, 0x5c, 0x0a, 0x3d, 0x68,
  0x09, 0x3d, 0x6b, 0x08, 0x3d, 0x6b, 0x07, 0x3c, 0x6c, 0x0b, 0x43, 0x75,
  0x0a, 0x42, 0x72, 0x0a, 0x3d, 0x6a, 0x0c, 0x42, 0x72, 0x0b, 0x3b, 0x65,
  0x05, 0x1d, 0x33, 0x05, 0x1c, 0x31, 0x05, 0x17, 0x28, 0x05, 0x16, 0x24,
  0x05, 0x18, 0x2a, 0x05, 0x14, 0x21, 0x06, 0x14, 0x20, 0x06, 0x14, 0x1f,
  0x06, 0x14, 0x1f, 0x06, 0x16, 0x24, 0x06, 0x19, 0x28, 0x06, 0x1b, 0x2b,
  0x07, 0x1a, 0x2a, 0x07, 0x1a, 0x29, 0x07, 0x1b, 0x2c, 0x07, 0x1e, 0x31,
  0x07, 0x1c, 0x2d, 0x08, 0x1c, 0x2b, 0x07, 0x1c, 0x2d, 0x08, 0x21, 0x36,
  0x08, 0x20, 0x32, 0x08, 0x19, 0x26, 0x08, 0x1c, 0x2b, 0x0a, 0x23, 0x37,
  0x08, 0x21, 0x34, 0x08, 0x22, 0x36, 0x09, 0x22, 0x36, 0x08, 0x1d, 0x2e,
  0x07, 0x17, 0x22, 0x07, 0x1a, 0x27, 0x09, 0x21, 0x33, 0x0b, 0x25, 0x39,
  0x0b, 0x25, 0x38, 0x08, 0x16, 0x21, 0x07, 0x18, 0x24, 0x0a, 0x27, 0x3e,
  0x0c, 0x2c, 0x45, 0x07, 0x1d, 0x2f, 0x02, 0x16, 0x2a, 0x02, 0x18, 0x2f,
  0x02, 0x19, 0x31, 0x02, 0x1d, 0x39, 0x02, 0x1e, 0x3c, 0x02, 0x1b, 0x37,
  0x02, 0x19, 0x33, 0x02, 0x18, 0x32, 0x02, 0x1a, 0x34, 0x02, 0x17, 0x2f,
  0x02, 0x13, 0x26, 0x02, 0x12, 0x25, 0x02, 0x14, 0x27, 0x02, 0x16, 0x2c,
  0x02, 0x18, 0x31, 0x02, 0x15, 0x2a, 0x02, 0x12, 0x24, 0x02, 0x17, 0x2c,
  0x03, 0x1e, 0x3a, 0x03, 0x1b, 0x33, 0x03, 0x13, 0x21, 0x04, 0x11, 0x1c,
  0x05, 0x13, 0x1f, 0x04, 0x10, 0x1b, 0x03, 0x12, 0x21, 0x02, 0x13, 0x25,
  0x02, 0x11, 0x21, 0x03, 0x1d, 0x3a, 0x02, 0x17, 0x2f, 0x02, 0x0f, 0x1d,
  0x01, 0x19, 0x34, 0x05, 0x28, 0x49, 0x02, 0x1a, 0x35, 0x02, 0x0e, 0x1a,
  0x09, 0x23, 0x39, 0x07, 0x23, 0x3a, 0x07, 0x1f, 0x33, 0x07, 0x1f, 0x32,
  0x07, 0x23, 0x3a, 0x08, 0x23, 0x38, 0x07, 0x1c, 0x2c, 0x07, 0x1e, 0x2f,
  0x03, 0x11, 0x1f, 0x02, 0x2c, 0x56, 0x03, 0x30, 0x5a, 0x02, 0x11, 0x22,
  0x02, 0x18, 0x32, 0x01, 0x1c, 0x39, 0x03, 0x27, 0x4b, 0x03, 0x21, 0x3f,
  0x03, 0x28, 0x4c, 0x05, 0x24, 0x3f, 0x03, 0x1f, 0x37, 0x16, 0x3c, 0x58,
  0x19, 0x40, 0x5d, 0x13, 0x38, 0x53, 0x20, 0x4c, 0x6a, 0x1e, 0x47, 0x65,
  0x1b, 0x43, 0x60, 0x10, 0x2e, 0x43, 0x06, 0x1a, 0x2a, 0x07, 0x1a, 0x28,
  0x04, 0x12, 0x1f, 0x06, 0x2e, 0x53, 0x05, 0x38, 0x67, 0x01, 0x34, 0x65,
  0x03, 0x36, 0x67, 0x03, 0x1b, 0x32, 0x04, 0x0c, 0x11, 0x05, 0x19, 0x29,
  0x06, 0x2c, 0x51, 0x09, 0x30, 0x57, 0x07, 0x30, 0x57, 0x02, 0x17, 0x2c,
  0x02, 0x18, 0x2f, 0x02, 0x1c, 0x3c, 0x02, 0x1d, 0x3b, 0x01, 0x19, 0x35,
  0x02, 0x17, 0x30, 0x01, 0x17, 0x31, 0x02, 0x12, 0x26, 0x02, 0x1f, 0x3e,
  0x01, 0x2c, 0x59, 0x02, 0x26, 0x4d, 0x04, 0x26, 0x48, 0x08, 0x17, 0x20,
  0x0a, 0x18, 0x20, 0x0b, 0x1a, 0x22, 0x0d, 0x1f, 0x2a, 0x0f, 0x24, 0x2f,
  0x10, 0x25, 0x31, 0x0e, 0x20, 0x2b, 0x0e, 0x2b, 0x40, 0x1b, 0x49, 0x6a,
  0x27, 0x57, 0x78, 0x1c, 0x3c, 0x52, 0x0d, 0x2e, 0x48, 0x19, 0x5f, 0x92,
  0x04, 0x28, 0x4d, 0x0f, 0x57, 0x8f, 0x0b, 0x58, 0x95, 0x0a, 0x40, 0x6e,
  0x01, 0x23, 0x48, 0x05, 0x21, 0x3a, 0x0e, 0x22, 0x31, 0x0d, 0x27, 0x3b,
  0x09, 0x26, 0x3e, 0x06, 0x24, 0x3f, 0x03, 0x22, 0x3d, 0x04, 0x21, 0x3c,
  0x04, 0x16, 0x26, 0x05, 0x18, 0x29, 0x0a, 0x2f, 0x50, 0x07, 0x20, 0x37,
  0x05, 0x13, 0x20, 0x05, 0x17, 0x29, 0x03, 0x15, 0x28, 0x02, 0x13, 0x25,
  0x04, 0x1e, 0x36, 0x0b, 0x33, 0x57, 0x09, 0x2a, 0x47, 0x03, 0x1b, 0x32,
  0x05, 0x1e, 0x37, 0x17, 0x55, 0x89, 0x1d, 0x66, 0xa0, 0x15, 0x50, 0x80,
  0x02, 0x1e, 0x38, 0x18, 0x52, 0x80, 0x1e, 0x62, 0x98, 0x1a, 0x5b, 0x8e,
  0x1b, 0x5c, 0x8f, 0x1a, 0x5d, 0x93, 0x14, 0x53, 0x88, 0x16, 0x57, 0x8c,
  0x15, 0x56, 0x8b, 0x12, 0x51, 0x84, 0x11, 0x4f, 0x82, 0x10, 0x4d, 0x7f,
  0x11, 0x4c, 0x7d, 0x0d, 0x46, 0x76, 0x0d, 0x49, 0x7b, 0x0e, 0x49, 0x7b,
  0x0c, 0x47, 0x78, 0x0a, 0x3e, 0x6a, 0x09, 0x37, 0x5f, 0x0a, 0x3d, 0x69,
  0x09, 0x3d, 0x6b, 0x07, 0x3a, 0x67, 0x07, 0x3b, 0x6a, 0x0b, 0x43, 0x75,
  0x0b, 0x41, 0x70, 0x0d, 0x42, 0x70, 0x10, 0x4a, 0x7b, 0x0d, 0x47, 0x78,
  0x07, 0x26, 0x43, 0x04, 0x1b, 0x30, 0x05, 0x18, 0x2a, 0x05, 0x14, 0x22,
  0x06, 0x13, 0x20, 0x06, 0x16, 0x26, 0x06, 0x13, 0x1e, 0x06, 0x13, 0x1d,
  0x06, 0x13, 0x1f, 0x06, 0x17, 0x27, 0x07, 0x1a, 0x29, 0x09, 0x20, 0x33,
  0x09, 0x20, 0x33, 0x07, 0x1b, 0x2b, 0x07, 0x1e, 0x30, 0x07, 0x20, 0x35,
  0x07, 0x1c, 0x2f, 0x07, 0x1c, 0x2c, 0x07, 0x1d, 0x2f, 0x08, 0x20, 0x34,
  0x09, 0x20, 0x32, 0x08, 0x17, 0x21, 0x08, 0x18, 0x23, 0x0a, 0x21, 0x33,
  0x09, 0x22, 0x35, 0x08, 0x20, 0x34, 0x09, 0x21, 0x36, 0x07, 0x17, 0x22,
  0x07, 0x13, 0x1a, 0x08, 0x16, 0x21, 0x08, 0x1e, 0x2f, 0x0b, 0x28, 0x3e,
  0x0b, 0x21, 0x33, 0x07, 0x15, 0x1f, 0x08, 0x19, 0x27, 0x0a, 0x26, 0x3d,
  0x0c, 0x2d, 0x46, 0x06, 0x18, 0x28, 0x03, 0x17, 0x2b, 0x02, 0x18, 0x2f,
  0x02, 0x1b, 0x36, 0x02, 0x1b, 0x38, 0x02, 0x1b, 0x36, 0x02, 0x18, 0x2f,
  0x02, 0x16, 0x2c, 0x02, 0x16, 0x2b, 0x02, 0x14, 0x27, 0x02, 0x16, 0x2c,
  0x02, 0x19, 0x32, 0x02, 0x19, 0x32, 0x02, 0x16, 0x2c, 0x02, 0x14, 0x28,
  0x02, 0x13, 0x26, 0x03, 0x1a, 0x31, 0x03, 0x1f, 0x3a, 0x04, 0x1b, 0x33,
  0x04, 0x15, 0x24, 0x05, 0x13, 0x1f, 0x06, 0x17, 0x25, 0x06, 0x18, 0x27,
  0x05, 0x17, 0x25, 0x04, 0x12, 0x1d, 0x03, 0x14, 0x26, 0x02, 0x16, 0x2e,
  0x02, 0x0d, 0x19, 0x01, 0x15, 0x2c, 0x02, 0x1a, 0x35, 0x03, 0x0e, 0x1a,
  0x02, 0x1a, 0x36, 0x04, 0x23, 0x44, 0x01, 0x1c, 0x39, 0x02, 0x0e, 0x1c,
  0x08, 0x1e, 0x2f, 0x08, 0x23, 0x38, 0x0b, 0x29, 0x40, 0x17, 0x3f, 0x5d,
  0x11, 0x35, 0x50, 0x09, 0x24, 0x3a, 0x08, 0x1e, 0x30, 0x07, 0x1b, 0x2a,
  0x03, 0x14, 0x25, 0x02, 0x2f, 0x5b, 0x04, 0x2a, 0x4e, 0x03, 0x11, 0x20,
  0x04, 0x18, 0x2a, 0x04, 0x1a, 0x30, 0x01, 0x25, 0x48, 0x04, 0x15, 0x26,
  0x06, 0x1a, 0x2b, 0x06, 0x1d, 0x30, 0x05, 0x1c, 0x2f, 0x12, 0x34, 0x4e,
  0x1d, 0x45, 0x61, 0x24, 0x50, 0x6f, 0x13, 0x32, 0x49, 0x11, 0x2f, 0x45,
  0x13, 0x34, 0x4c, 0x12, 0x30, 0x46, 0x0a, 0x21, 0x33, 0x0a, 0x22, 0x35,
  0x06, 0x19, 0x27, 0x03, 0x11, 0x1c, 0x06, 0x2a, 0x4b, 0x07, 0x3c, 0x6e,
  0x01, 0x2c, 0x58, 0x02, 0x2c, 0x57, 0x03, 0x18, 0x2d, 0x04, 0x0d, 0x16,
  0x05, 0x24, 0x41, 0x07, 0x22, 0x3a, 0x03, 0x1c, 0x34, 0x02, 0x14, 0x26,
  0x03, 0x1d, 0x3b, 0x02, 0x20, 0x43, 0x02, 0x24, 0x4a, 0x02, 0x1f, 0x3f,
  0x01, 0x18, 0x32, 0x01, 0x17, 0x31, 0x02, 0x14, 0x29, 0x02, 0x2b, 0x56,
  0x01, 0x22, 0x45, 0x02, 0x28, 0x50, 0x06, 0x1c, 0x30, 0x0a, 0x16, 0x1c,
  0x0a, 0x18, 0x20, 0x0d, 0x1c, 0x24, 0x0c, 0x1c, 0x24, 0x0d, 0x1f, 0x28,
  0x17, 0x30, 0x3f, 0x14, 0x2d, 0x3b, 0x0b, 0x1d, 0x29, 0x11, 0x30, 0x46,
  0x27, 0x5a, 0x7e, 0x29, 0x55, 0x74, 0x13, 0x2c, 0x3f, 0x10, 0x3f, 0x64,
  0x0f, 0x3f, 0x68, 0x03, 0x2c, 0x53, 0x07, 0x4b, 0x85, 0x10, 0x52, 0x87,
  0x04, 0x2c, 0x55, 0x01, 0x22, 0x45, 0x0b, 0x20, 0x2f, 0x0e, 0x2a, 0x3f,
  0x0d, 0x25, 0x37, 0x11, 0x2c, 0x40, 0x11, 0x34, 0x4e, 0x0a, 0x2d, 0x4a,
  0x02, 0x23, 0x40, 0x02, 0x1f, 0x3a, 0x03, 0x1b, 0x32, 0x05, 0x1b, 0x31,
  0x05, 0x13, 0x1f, 0x05, 0x14, 0x22, 0x05, 0x14, 0x24, 0x04, 0x16, 0x28,
  0x06, 0x21, 0x3b, 0x04, 0x17, 0x2a, 0x03, 0x13, 0x24, 0x04, 0x18, 0x2c,
  0x02, 0x12, 0x24, 0x0a, 0x2f, 0x50, 0x1a, 0x62, 0x9c, 0x13, 0x47, 0x72,
  0x01, 0x18, 0x2e, 0x10, 0x3d, 0x62, 0x22, 0x68, 0x9f, 0x17, 0x4e, 0x7a,
  0x0d, 0x38, 0x5d, 0x1a, 0x5c, 0x92, 0x15, 0x53, 0x87, 0x12, 0x4f, 0x82,
  0x14, 0x53, 0x86, 0x14, 0x54, 0x87, 0x11, 0x4f, 0x81, 0x12, 0x50, 0x83,
  0x11, 0x4b, 0x7c, 0x0d, 0x45, 0x75, 0x0d, 0x48, 0x7a, 0x0d, 0x49, 0x7c,
  0x0e, 0x49, 0x7b, 0x0c, 0x42, 0x70, 0x0a, 0x39, 0x61, 0x0a, 0x3e, 0x6b,
  0x09, 0x3d, 0x69, 0x09, 0x3b, 0x67, 0x09, 0x3c, 0x69, 0x0b, 0x44, 0x75,
  0x0c, 0x41, 0x6f, 0x0e, 0x45, 0x74, 0x0e, 0x47, 0x79, 0x0d, 0x48, 0x7c,
  0x08, 0x30, 0x55, 0x04, 0x19, 0x2d, 0x05, 0x19, 0x2b, 0x05, 0x16, 0x26,
  0x06, 0x14, 0x20, 0x05, 0x14, 0x21, 0x06, 0x14, 0x21, 0x05, 0x12, 0x1d,
  0x06, 0x1b, 0x2c, 0x07, 0x18, 0x26, 0x09, 0x1c, 0x2b, 0x09, 0x20, 0x31,
  0x08, 0x1d, 0x2f, 0x08, 0x1c, 0x2d, 0x09, 0x1e, 0x2f, 0x08, 0x1d, 0x2f,
  0x07, 0x19, 0x27, 0x07, 0x18, 0x25, 0x08, 0x1c, 0x2c, 0x0a, 0x20, 0x31,
  0x0a, 0x21, 0x33, 0x08, 0x18, 0x24, 0x08, 0x18, 0x24, 0x09, 0x1d, 0x2d,
  0x09, 0x1c, 0x2c, 0x08, 0x1f, 0x31, 0x08, 0x1d, 0x2d, 0x07, 0x12, 0x19,
  0x07, 0x14, 0x1d, 0x08, 0x15, 0x1e, 0x08, 0x1b, 0x29, 0x0b, 0x26, 0x3c,
  0x0b, 0x23, 0x37, 0x07, 0x16, 0x22, 0x08, 0x1d, 0x2e, 0x0b, 0x2a, 0x44,
  0x09, 0x23, 0x37, 0x03, 0x15, 0x26, 0x03, 0x17, 0x2c, 0x03, 0x15, 0x28,
  0x03, 0x17, 0x2c, 0x03, 0x16, 0x2a, 0x03, 0x14, 0x27, 0x02, 0x15, 0x29,
  0x02, 0x18, 0x30, 0x02, 0x1a, 0x35, 0x02, 0x1b, 0x36, 0x02, 0x19, 0x32,
  0x02, 0x15, 0x29, 0x03, 0x12, 0x24, 0x02, 0x15, 0x2a, 0x02, 0x1b, 0x34,
  0x03, 0x1e, 0x38, 0x03, 0x1b, 0x32, 0x03, 0x13, 0x23, 0x05, 0x16, 0x26,
  0x07, 0x1c, 0x2d, 0x06, 0x18, 0x27, 0x06, 0x1e, 0x31, 0x06, 0x19, 0x28,
  0x05, 0x17, 0x25, 0x04, 0x11, 0x1b, 0x02, 0x16, 0x2a, 0x02, 0x14, 0x29,
  0x02, 0x0f, 0x1c, 0x02, 0x16, 0x2c, 0x02, 0x1d, 0x3b, 0x03, 0x0f, 0x1c,
  0x02, 0x18, 0x32, 0x01, 0x1b, 0x39, 0x01, 0x20, 0x42, 0x02, 0x0d, 0x1a,
  0x08, 0x1c, 0x2c, 0x08, 0x23, 0x39, 0x0f, 0x34, 0x4f, 0x19, 0x45, 0x66,
  0x0e, 0x31, 0x4d, 0x08, 0x23, 0x38, 0x08, 0x20, 0x35, 0x06, 0x19, 0x27,
  0x03, 0x14, 0x25, 0x02, 0x28, 0x4d, 0x02, 0x21, 0x40, 0x05, 0x12, 0x1d,
  0x07, 0x19, 0x26, 0x06, 0x19, 0x28, 0x05, 0x1d, 0x31, 0x08, 0x20, 0x35,
  0x09, 0x20, 0x32, 0x09, 0x21, 0x34, 0x09, 0x22, 0x35, 0x0c, 0x2a, 0x41,
  0x27, 0x53, 0x73, 0x2b, 0x5b, 0x7e, 0x17, 0x37, 0x4e, 0x10, 0x2b, 0x3f,
  0x15, 0x37, 0x4f, 0x13, 0x33, 0x4b, 0x10, 0x2d, 0x43, 0x0e, 0x2c, 0x43,
  0x0e, 0x2b, 0x43, 0x09, 0x1f, 0x2f, 0x05, 0x0f, 0x17, 0x06, 0x20, 0x38,
  0x07, 0x36, 0x63, 0x02, 0x29, 0x53, 0x02, 0x2f, 0x5c, 0x02, 0x1e, 0x3b,
  0x02, 0x0d, 0x16, 0x03, 0x0e, 0x16, 0x04, 0x0d, 0x14, 0x03, 0x14, 0x23,
  0x02, 0x24, 0x48, 0x01, 0x1b, 0x38, 0x02, 0x19, 0x33, 0x01, 0x1d, 0x3d,
  0x01, 0x1d, 0x3c, 0x01, 0x18, 0x34, 0x02, 0x1f, 0x3b, 0x02, 0x28, 0x50,
  0x01, 0x13, 0x2a, 0x02, 0x26, 0x4b, 0x08, 0x16, 0x20, 0x0a, 0x18, 0x1e,
  0x0b, 0x19, 0x1f, 0x0e, 0x1f, 0x27, 0x0d, 0x1d, 0x26, 0x0c, 0x1c, 0x24,
  0x14, 0x2a, 0x36, 0x19, 0x32, 0x40, 0x11, 0x27, 0x33, 0x0c, 0x1e, 0x29,
  0x16, 0x40, 0x5d, 0x23, 0x54, 0x76, 0x16, 0x32, 0x45, 0x0a, 0x27, 0x3e,
  0x0f, 0x48, 0x78, 0x04, 0x24, 0x44, 0x02, 0x39, 0x6c, 0x0b, 0x4c, 0x82,
  0x0b, 0x3e, 0x6b, 0x00, 0x25, 0x4f, 0x07, 0x1f, 0x34, 0x0d, 0x2a, 0x40,
  0x0e, 0x2f, 0x49, 0x0d, 0x2e, 0x49, 0x11, 0x33, 0x4d, 0x19, 0x40, 0x5d,
  0x1a, 0x42, 0x61, 0x0e, 0x30, 0x4c, 0x05, 0x25, 0x40, 0x03, 0x1e, 0x39,
  0x02, 0x18, 0x2d, 0x03, 0x15, 0x25, 0x04, 0x11, 0x1d, 0x04, 0x13, 0x21,
  0x06, 0x26, 0x44, 0x06, 0x1b, 0x30, 0x04, 0x15, 0x25, 0x04, 0x13, 0x21,
  0x04, 0x19, 0x2e, 0x03, 0x18, 0x2d, 0x08, 0x25, 0x3f, 0x08, 0x22, 0x39,
  0x03, 0x17, 0x2a, 0x0a, 0x2d, 0x4d, 0x21, 0x68, 0x9e, 0x10, 0x3e, 0x65,
  0x07, 0x27, 0x44, 0x1b, 0x5b, 0x90, 0x15, 0x52, 0x85, 0x13, 0x50, 0x83,
  0x11, 0x50, 0x84, 0x12, 0x4f, 0x83, 0x12, 0x4f, 0x83, 0x0f, 0x4c, 0x7f,
  0x12, 0x4f, 0x80, 0x10, 0x4b, 0x7c, 0x0e, 0x48, 0x78, 0x0e, 0x48, 0x79,
  0x0e, 0x49, 0x7a, 0x0c, 0x41, 0x6e, 0x0a, 0x37, 0x5d, 0x09, 0x3b, 0x65,
  0x0a, 0x3d, 0x6a, 0x0b, 0x3f, 0x6c, 0x09, 0x3b, 0x67, 0x0b, 0x41, 0x6f,
  0x0c, 0x42, 0x70, 0x0d, 0x45, 0x76, 0x0c, 0x44, 0x76, 0x0f, 0x4c, 0x81,
  0x09, 0x33, 0x59, 0x04, 0x1a, 0x30, 0x05, 0x18, 0x29, 0x06, 0x15, 0x24,
  0x06, 0x13, 0x20, 0x06, 0x13, 0x1f, 0x06, 0x12, 0x1c, 0x06, 0x16, 0x25,
  0x06, 0x1a, 0x2a, 0x07, 0x16, 0x22, 0x09, 0x1e, 0x2f, 0x09, 0x1a, 0x28,
  0x08, 0x19, 0x26, 0x09, 0x1e, 0x2e, 0x09, 0x1f, 0x30, 0x09, 0x1b, 0x29,
  0x07, 0x13, 0x1a, 0x07, 0x15, 0x1f, 0x09, 0x1f, 0x30, 0x0b, 0x23, 0x36,
  0x09, 0x1c, 0x2b, 0x07, 0x14, 0x1d, 0x07, 0x15, 0x1e, 0x09, 0x1e, 0x2e,
  0x08, 0x1a, 0x28, 0x09, 0x21, 0x34, 0x08, 0x1b, 0x29, 0x06, 0x12, 0x19,
  0x08, 0x15, 0x1f, 0x08, 0x14, 0x1d, 0x08, 0x17, 0x23, 0x09, 0x20, 0x32,
  0x0a, 0x24, 0x39, 0x09, 0x20, 0x32, 0x09, 0x23, 0x39, 0x08, 0x22, 0x37,
  0x04, 0x15, 0x25, 0x03, 0x15, 0x28, 0x03, 0x17, 0x2c, 0x03, 0x15, 0x28,
  0x03, 0x18, 0x2e, 0x02, 0x19, 0x31, 0x02, 0x18, 0x31, 0x02, 0x1a, 0x34,
  0x02, 0x19, 0x34, 0x02, 0x17, 0x2e, 0x02, 0x15, 0x29, 0x03, 0x15, 0x28,
  0x02, 0x17, 0x2d, 0x02, 0x1a, 0x33, 0x03, 0x1c, 0x35, 0x03, 0x1a, 0x2f,
  0x04, 0x16, 0x26, 0x06, 0x16, 0x23, 0x06, 0x1b, 0x2b, 0x07, 0x1e, 0x32,
  0x06, 0x18, 0x26, 0x05, 0x17, 0x24, 0x06, 0x20, 0x34, 0x05, 0x18, 0x27,
  0x05, 0x18, 0x27, 0x05, 0x11, 0x1c, 0x02, 0x17, 0x2c, 0x02, 0x14, 0x28,
  0x03, 0x10, 0x1e, 0x02, 0x14, 0x26, 0x02, 0x1d, 0x39, 0x02, 0x0f, 0x1d,
  0x01, 0x18, 0x31, 0x01, 0x1e, 0x3f, 0x01, 0x25, 0x4a, 0x02, 0x11, 0x20,
  0x07, 0x17, 0x23, 0x0a, 0x29, 0x41, 0x0b, 0x2b, 0x43, 0x0f, 0x31, 0x4c,
  0x09, 0x24, 0x3a, 0x09, 0x23, 0x37, 0x09, 0x20, 0x32, 0x06, 0x16, 0x22,
  0x03, 0x11, 0x21, 0x02, 0x18, 0x30, 0x02, 0x18, 0x2e, 0x05, 0x13, 0x1f,
  0x08, 0x1b, 0x29, 0x09, 0x22, 0x35, 0x08, 0x23, 0x38, 0x0b, 0x2d, 0x47,
  0x0e, 0x2e, 0x46, 0x0c, 0x2a, 0x41, 0x0d, 0x2c, 0x43, 0x0d, 0x2a, 0x3f,
  0x1e, 0x45, 0x62, 0x2f, 0x5f, 0x81, 0x23, 0x49, 0x64, 0x10, 0x2c, 0x40,
  0x14, 0x39, 0x54, 0x0e, 0x2d, 0x45, 0x09, 0x23, 0x39, 0x09, 0x24, 0x38,
  0x0b, 0x26, 0x3d, 0x0d, 0x29, 0x3f, 0x0b, 0x24, 0x37, 0x06, 0x14, 0x1f,
  0x05, 0x1c, 0x2f, 0x03, 0x2b, 0x52, 0x01, 0x26, 0x4d, 0x02, 0x1e, 0x3d,
  0x02, 0x19, 0x32, 0x04, 0x10, 0x1b, 0x05, 0x11, 0x19, 0x03, 0x15, 0x27,
  0x01, 0x1f, 0x42, 0x04, 0x25, 0x45, 0x03, 0x24, 0x46, 0x01, 0x17, 0x32,
  0x01, 0x1b, 0x39, 0x01, 0x15, 0x2d, 0x02, 0x25, 0x49, 0x03, 0x2b, 0x53,
  0x07, 0x2d, 0x51, 0x03, 0x1e, 0x3a, 0x0a, 0x15, 0x19, 0x0b, 0x18, 0x1f,
  0x0b, 0x19, 0x1f, 0x0c, 0x1b, 0x23, 0x0e, 0x20, 0x29, 0x0c, 0x1d, 0x26,
  0x0c, 0x1e, 0x27, 0x17, 0x2e, 0x3a, 0x18, 0x30, 0x3d, 0x11, 0x25, 0x30,
  0x0b, 0x23, 0x34, 0x1b, 0x4b, 0x6e, 0x13, 0x2f, 0x43, 0x0b, 0x1f, 0x2e,
  0x0b, 0x3d, 0x67, 0x09, 0x32, 0x57, 0x01, 0x29, 0x52, 0x04, 0x3f, 0x75,
  0x0b, 0x47, 0x77, 0x01, 0x22, 0x48, 0x03, 0x20, 0x3d, 0x0c, 0x21, 0x30,
  0x0c, 0x2a, 0x41, 0x0c, 0x31, 0x4f, 0x0c, 0x33, 0x52, 0x12, 0x3d, 0x5e,
  0x1e, 0x4b, 0x6d, 0x27, 0x56, 0x76, 0x22, 0x4f, 0x70, 0x1a, 0x45, 0x64,
  0x11, 0x34, 0x4e, 0x08, 0x28, 0x43, 0x02, 0x1c, 0x34, 0x02, 0x17, 0x2b,
  0x03, 0x15, 0x26, 0x03, 0x15, 0x26, 0x04, 0x11, 0x1e, 0x04, 0x0e, 0x17,
  0x05, 0x1e, 0x36, 0x06, 0x22, 0x3b, 0x03, 0x0d, 0x19, 0x03, 0x0e, 0x1a,
  0x05, 0x19, 0x2c, 0x09, 0x2b, 0x4a, 0x0d, 0x2f, 0x4d, 0x08, 0x22, 0x3b,
  0x05, 0x1d, 0x34, 0x14, 0x4d, 0x7c, 0x17, 0x55, 0x88, 0x14, 0x51, 0x84,
  0x0f, 0x4d, 0x80, 0x11, 0x4e, 0x82, 0x11, 0x4e, 0x81, 0x0f, 0x4b, 0x7d,
  0x11, 0x4c, 0x7e, 0x11, 0x4d, 0x7f, 0x0f, 0x49, 0x7a, 0x0d, 0x46, 0x78,
  0x0e, 0x47, 0x78, 0x0b, 0x3f, 0x6c, 0x09, 0x37, 0x5d, 0x09, 0x3a, 0x65,
  0x0a, 0x3d, 0x69, 0x0b, 0x3f, 0x6c, 0x0a, 0x3e, 0x6b, 0x0c, 0x42, 0x70,
  0x0b, 0x41, 0x70, 0x0a, 0x42, 0x73, 0x0a, 0x45, 0x77, 0x0f, 0x4c, 0x80,
  0x09, 0x32, 0x58, 0x03, 0x1d, 0x36, 0x05, 0x1c, 0x32, 0x05, 0x17, 0x29,
  0x05, 0x14, 0x22, 0x05, 0x13, 0x1f, 0x06, 0x12, 0x1c, 0x06, 0x15, 0x22,
  0x07, 0x15, 0x20, 0x08, 0x19, 0x25, 0x09, 0x1b, 0x29, 0x07, 0x14, 0x1d,
  0x07, 0x15, 0x1e, 0x09, 0x1c, 0x29, 0x0a, 0x1f, 0x2f, 0x09, 0x19, 0x24,
  0x07, 0x12, 0x1a, 0x07, 0x15, 0x1e, 0x09, 0x1e, 0x2e, 0x0b, 0x21, 0x32,
  0x08, 0x18, 0x24, 0x07, 0x14, 0x1b, 0x07, 0x13, 0x1b, 0x09, 0x1c, 0x29,
  0x09, 0x1d, 0x2b, 0x0a, 0x20, 0x30, 0x08, 0x1a, 0x27, 0x06, 0x11, 0x19,
  0x07, 0x15, 0x1f, 0x07, 0x15, 0x1d, 0x07, 0x15, 0x1e, 0x08, 0x1c, 0x2b,
  0x08, 0x1f, 0x33, 0x08, 0x21, 0x35, 0x06, 0x19, 0x2a, 0x03, 0x14, 0x26,
  0x03, 0x16, 0x2a, 0x03, 0x19, 0x2f, 0x02, 0x19, 0x32, 0x02, 0x19, 0x31,
  0x02, 0x18, 0x2f, 0x02, 0x17, 0x2e, 0x02, 0x16, 0x2c, 0x02, 0x16, 0x2b,
  0x02, 0x18, 0x2f, 0x02, 0x1a, 0x33, 0x02, 0x19, 0x31, 0x03, 0x18, 0x2e,
  0x04, 0x19, 0x2c, 0x05, 0x19, 0x2a, 0x07, 0x1b, 0x2c, 0x06, 0x18, 0x26,
  0x06, 0x17, 0x25, 0x06, 0x17, 0x23, 0x07, 0x19, 0x28, 0x09, 0x23, 0x38,
  0x08, 0x21, 0x34, 0x07, 0x1d, 0x2f, 0x06, 0x1b, 0x2d, 0x06, 0x1b, 0x2c,
  0x06, 0x1a, 0x2a, 0x05, 0x12, 0x1b, 0x02, 0x18, 0x30, 0x02, 0x19, 0x33,
  0x02, 0x14, 0x27, 0x03, 0x13, 0x25, 0x02, 0x22, 0x42, 0x02, 0x11, 0x20,
  0x02, 0x18, 0x30, 0x01, 0x1d, 0x3b, 0x01, 0x1d, 0x3d, 0x02, 0x14, 0x28,
  0x04, 0x10, 0x18, 0x09, 0x23, 0x37, 0x07, 0x1f, 0x32, 0x08, 0x22, 0x37,
  0x08, 0x24, 0x3a, 0x0b, 0x2a, 0x43, 0x08, 0x1e, 0x2e, 0x03, 0x13, 0x23,
  0x02, 0x20, 0x41, 0x03, 0x2e, 0x59, 0x03, 0x2e, 0x5a, 0x01, 0x1c, 0x39,
  0x06, 0x1b, 0x2b, 0x0c, 0x2b, 0x42, 0x0c, 0x2e, 0x47, 0x0c, 0x2c, 0x46,
  0x10, 0x33, 0x4e, 0x0c, 0x2d, 0x45, 0x0c, 0x2b, 0x43, 0x09, 0x25, 0x3b,
  0x11, 0x34, 0x4e, 0x16, 0x38, 0x50, 0x0f, 0x2c, 0x42, 0x09, 0x25, 0x3b,
  0x07, 0x1f, 0x31, 0x08, 0x1e, 0x31, 0x0f, 0x2c, 0x44, 0x16, 0x38, 0x51,
  0x0f, 0x2a, 0x3f, 0x06, 0x1a, 0x2b, 0x06, 0x15, 0x22, 0x07, 0x18, 0x25,
  0x07, 0x12, 0x1a, 0x03, 0x15, 0x27, 0x04, 0x26, 0x48, 0x02, 0x12, 0x24,
  0x02, 0x12, 0x24, 0x04, 0x0f, 0x18, 0x05, 0x12, 0x1b, 0x02, 0x17, 0x2c,
  0x01, 0x1d, 0x3e, 0x04, 0x27, 0x4b, 0x02, 0x24, 0x4b, 0x01, 0x18, 0x32,
  0x02, 0x1c, 0x3b, 0x02, 0x19, 0x33, 0x03, 0x2a, 0x52, 0x02, 0x27, 0x4f,
  0x03, 0x29, 0x51, 0x04, 0x17, 0x29, 0x0b, 0x16, 0x19, 0x0c, 0x19, 0x1f,
  0x0c, 0x19, 0x1f, 0x0b, 0x18, 0x1d, 0x0a, 0x18, 0x1e, 0x0b, 0x19, 0x21,
  0x09, 0x18, 0x20, 0x14, 0x2a, 0x35, 0x1d, 0x38, 0x46, 0x17, 0x2e, 0x3b,
  0x0c, 0x1f, 0x2c, 0x14, 0x3d, 0x5c, 0x13, 0x34, 0x4a, 0x0c, 0x1f, 0x2d,
  0x07, 0x28, 0x47, 0x07, 0x36, 0x61, 0x02, 0x20, 0x40, 0x01, 0x35, 0x69,
  0x0a, 0x46, 0x78, 0x04, 0x27, 0x4a, 0x02, 0x22, 0x46, 0x08, 0x17, 0x22,
  0x0c, 0x26, 0x3a, 0x0c, 0x29, 0x40, 0x0b, 0x2b, 0x43, 0x0e, 0x34, 0x51,
  0x0f, 0x3a, 0x5c, 0x0f, 0x37, 0x56, 0x16, 0x3d, 0x5b, 0x21, 0x4d, 0x6d,
  0x26, 0x54, 0x76, 0x27, 0x55, 0x75, 0x15, 0x3c, 0x5b, 0x0b, 0x2d, 0x4a,
  0x03, 0x1b, 0x30, 0x01, 0x17, 0x2b, 0x02, 0x14, 0x26, 0x02, 0x13, 0x24,
  0x03, 0x15, 0x28, 0x03, 0x17, 0x2a, 0x03, 0x13, 0x23, 0x03, 0x13, 0x22,
  0x03, 0x14, 0x25, 0x03, 0x1b, 0x32, 0x02, 0x12, 0x23, 0x03, 0x15, 0x28,
  0x04, 0x17, 0x2a, 0x05, 0x1d, 0x33, 0x0d, 0x37, 0x5b, 0x15, 0x52, 0x83,
  0x13, 0x4f, 0x80, 0x14, 0x51, 0x83, 0x13, 0x50, 0x82, 0x13, 0x4e, 0x7f,
  0x12, 0x4e, 0x80, 0x10, 0x4d, 0x80, 0x0e, 0x49, 0x7c, 0x0d, 0x47, 0x78,
  0x0c, 0x44, 0x75, 0x0a, 0x3e, 0x6b, 0x09, 0x37, 0x5e, 0x09, 0x3a, 0x65,
  0x09, 0x3c, 0x68, 0x09, 0x3c, 0x69, 0x09, 0x3c, 0x69, 0x0c, 0x41, 0x6e,
  0x0b, 0x41, 0x6f, 0x0a, 0x41, 0x70, 0x0c, 0x46, 0x78, 0x0c, 0x47, 0x7b,
  0x09, 0x37, 0x60, 0x05, 0x1b, 0x31, 0x05, 0x17, 0x28, 0x05, 0x16, 0x26,
  0x05, 0x15, 0x25, 0x05, 0x14, 0x23, 0x05, 0x13, 0x20, 0x06, 0x12, 0x1b,
  0x06, 0x13, 0x1d, 0x09, 0x1a, 0x26, 0x08, 0x16, 0x20, 0x07, 0x12, 0x19,
  0x08, 0x15, 0x1d, 0x0a, 0x1b, 0x26, 0x0a, 0x1b, 0x27, 0x08, 0x15, 0x1d,
  0x07, 0x13, 0x1b, 0x07, 0x14, 0x1d, 0x09, 0x19, 0x26, 0x0b, 0x1f, 0x2f,
  0x08, 0x16, 0x1f, 0x07, 0x13, 0x1b, 0x07, 0x12, 0x19, 0x08, 0x16, 0x1f,
  0x09, 0x1b, 0x28, 0x0a, 0x1e, 0x2d, 0x08, 0x19, 0x25, 0x06, 0x10, 0x18,
  0x07, 0x12, 0x1a, 0x07, 0x14, 0x1d, 0x07, 0x13, 0x1c, 0x08, 0x1b, 0x2a,
  0x08, 0x21, 0x36, 0x07, 0x19, 0x28, 0x04, 0x13, 0x21, 0x03, 0x15, 0x28,
  0x03, 0x16, 0x2b, 0x03, 0x17, 0x2d, 0x02, 0x17, 0x2e, 0x03, 0x16, 0x2b,
  0x03, 0x16, 0x2b, 0x02, 0x18, 0x2e, 0x02, 0x19, 0x30, 0x02, 0x19, 0x2f,
  0x03, 0x17, 0x2a, 0x04, 0x17, 0x29, 0x07, 0x1c, 0x2e, 0x08, 0x1e, 0x2f,
  0x08, 0x1f, 0x31, 0x08, 0x21, 0x35, 0x08, 0x24, 0x3a, 0x07, 0x1c, 0x2d,
  0x06, 0x15, 0x22, 0x07, 0x18, 0x24, 0x08, 0x1b, 0x29, 0x0b, 0x29, 0x3f,
  0x0a, 0x26, 0x3b, 0x07, 0x23, 0x39, 0x06, 0x19, 0x2a, 0x07, 0x1c, 0x2f,
  0x06, 0x1a, 0x2a, 0x05, 0x12, 0x1c, 0x02, 0x1a, 0x33, 0x02, 0x17, 0x30,
  0x02, 0x18, 0x32, 0x02, 0x13, 0x26, 0x03, 0x1f, 0x3b, 0x03, 0x14, 0x25,
  0x02, 0x16, 0x2c, 0x02, 0x18, 0x30, 0x02, 0x1d, 0x38, 0x01, 0x16, 0x2d,
  0x04, 0x0e, 0x16, 0x07, 0x1c, 0x2b, 0x07, 0x1f, 0x31, 0x06, 0x1c, 0x2e,
  0x08, 0x23, 0x39, 0x0a, 0x29, 0x42, 0x08, 0x1e, 0x30, 0x03, 0x15, 0x25,
  0x02, 0x1d, 0x39, 0x06, 0x32, 0x5a, 0x04, 0x2a, 0x4f, 0x01, 0x15, 0x2b,
  0x07, 0x1c, 0x2d, 0x0b, 0x2b, 0x44, 0x12, 0x36, 0x52, 0x17, 0x3f, 0x5d,
  0x1c, 0x44, 0x61, 0x0d, 0x2e, 0x47, 0x11, 0x36, 0x53, 0x1a, 0x40, 0x5c,
  0x0d, 0x2d, 0x44, 0x0b, 0x28, 0x3c, 0x0c, 0x28, 0x3e, 0x0c, 0x28, 0x3e,
  0x06, 0x19, 0x2a, 0x0d, 0x27, 0x3d, 0x0e, 0x2b, 0x43, 0x0b, 0x29, 0x42,
  0x09, 0x24, 0x3b, 0x07, 0x1e, 0x33, 0x04, 0x17, 0x26, 0x04, 0x13, 0x20,
  0x06, 0x12, 0x1b, 0x04, 0x12, 0x1e, 0x03, 0x24, 0x45, 0x05, 0x2b, 0x50,
  0x02, 0x1b, 0x37, 0x04, 0x0f, 0x18, 0x05, 0x12, 0x1c, 0x02, 0x17, 0x2f,
  0x01, 0x1e, 0x3e, 0x01, 0x21, 0x46, 0x01, 0x22, 0x48, 0x01, 0x1c, 0x3b,
  0x02, 0x22, 0x47, 0x02, 0x1b, 0x39, 0x03, 0x2b, 0x55, 0x01, 0x2a, 0x57,
  0x01, 0x28, 0x52, 0x06, 0x14, 0x1f, 0x0a, 0x16, 0x1a, 0x0a, 0x15, 0x19,
  0x0b, 0x17, 0x1c, 0x0c, 0x18, 0x1d, 0x0a, 0x17, 0x1d, 0x0a, 0x18, 0x1f,
  0x08, 0x14, 0x1b, 0x0c, 0x1c, 0x24, 0x1d, 0x38, 0x46, 0x1b, 0x33, 0x3f,
  0x0d, 0x1e, 0x28, 0x10, 0x30, 0x48, 0x15, 0x3c, 0x58, 0x0f, 0x29, 0x3a,
  0x08, 0x1f, 0x32, 0x05, 0x30, 0x58, 0x02, 0x1d, 0x3a, 0x01, 0x2e, 0x5d,
  0x07, 0x40, 0x73, 0x04, 0x32, 0x5e, 0x01, 0x21, 0x45, 0x05, 0x12, 0x1c,
  0x09, 0x1b, 0x29, 0x11, 0x32, 0x4b, 0x16, 0x3c, 0x58, 0x15, 0x38, 0x53,
  0x15, 0x39, 0x53, 0x11, 0x38, 0x55, 0x06, 0x25, 0x3e, 0x05, 0x24, 0x3e,
  0x09, 0x2a, 0x45, 0x10, 0x32, 0x4e, 0x15, 0x3e, 0x5d, 0x17, 0x41, 0x60,
  0x18, 0x42, 0x62, 0x10, 0x34, 0x4f, 0x0b, 0x29, 0x42, 0x09, 0x28, 0x43,
  0x07, 0x22, 0x3a, 0x04, 0x1b, 0x30, 0x04, 0x1a, 0x2f, 0x03, 0x15, 0x27,
  0x03, 0x17, 0x29, 0x02, 0x15, 0x27, 0x03, 0x15, 0x26, 0x04, 0x15, 0x24,
  0x05, 0x15, 0x22, 0x06, 0x18, 0x26, 0x04, 0x17, 0x27, 0x13, 0x4a, 0x78,
  0x16, 0x53, 0x85, 0x15, 0x52, 0x83, 0x14, 0x51, 0x82, 0x14, 0x4f, 0x81,
  0x12, 0x4d, 0x7f, 0x11, 0x4c, 0x7e, 0x0f, 0x4b, 0x7e, 0x0c, 0x46, 0x77,
  0x0e, 0x47, 0x79, 0x0b, 0x3f, 0x6c, 0x0a, 0x39, 0x61, 0x09, 0x3b, 0x66,
  0x0a, 0x3d, 0x69, 0x09, 0x3d, 0x6a, 0x09, 0x3c, 0x69, 0x0c, 0x41, 0x6e,
  0x0c, 0x41, 0x6d, 0x0c, 0x41, 0x6e, 0x0c, 0x43, 0x73, 0x0b, 0x47, 0x7c,
  0x0a, 0x3b, 0x68, 0x05, 0x1d, 0x34, 0x05, 0x1e, 0x35, 0x05, 0x16, 0x25,
  0x06, 0x13, 0x1f, 0x05, 0x10, 0x1a, 0x05, 0x10, 0x19, 0x05, 0x10, 0x19,
  0x06, 0x13, 0x1b, 0x09, 0x17, 0x22, 0x08, 0x15, 0x1e, 0x07, 0x11, 0x18,
  0x07, 0x14, 0x1c, 0x09, 0x16, 0x1f, 0x07, 0x14, 0x1b, 0x07, 0x13, 0x1a,
  0x07, 0x14, 0x1b, 0x07, 0x14, 0x1d, 0x08, 0x17, 0x22, 0x08, 0x19, 0x25,
  0x07, 0x13, 0x1a, 0x07, 0x13, 0x1a, 0x07, 0x12, 0x18, 0x07, 0x12, 0x1a,
  0x08, 0x15, 0x1e, 0x09, 0x1a, 0x26, 0x07, 0x15, 0x1f, 0x06, 0x13, 0x1b,
  0x06, 0x12, 0x1a, 0x07, 0x13, 0x1b, 0x07, 0x13, 0x1c, 0x08, 0x19, 0x25,
  0x09, 0x21, 0x34, 0x09, 0x21, 0x35, 0x08, 0x1d, 0x2e, 0x07, 0x19, 0x28,
  0x05, 0x18, 0x2a, 0x04, 0x18, 0x2b, 0x04, 0x1a, 0x2e, 0x04, 0x1a, 0x2f,
  0x05, 0x1b, 0x2f, 0x06, 0x1c, 0x2f, 0x08, 0x1d, 0x2e, 0x08, 0x19, 0x26,
  0x08, 0x18, 0x23, 0x07, 0x1b, 0x2a, 0x08, 0x20, 0x33, 0x09, 0x21, 0x33,
  0x08, 0x21, 0x36, 0x08, 0x22, 0x39, 0x08, 0x23, 0x39, 0x08, 0x1c, 0x2d,
  0x06, 0x16, 0x22, 0x07, 0x19, 0x28, 0x09, 0x1c, 0x2b, 0x0e, 0x2c, 0x43,
  0x0a, 0x23, 0x36, 0x06, 0x1c, 0x2d, 0x07, 0x1b, 0x2b, 0x08, 0x1f, 0x31,
  0x06, 0x17, 0x23, 0x04, 0x13, 0x1e, 0x02, 0x1a, 0x35, 0x02, 0x15, 0x2c,
  0x02, 0x12, 0x23, 0x02, 0x14, 0x27, 0x02, 0x19, 0x32, 0x03, 0x17, 0x2b,
  0x02, 0x12, 0x23, 0x02, 0x1e, 0x3e, 0x04, 0x28, 0x4b, 0x01, 0x17, 0x2f,
  0x04, 0x0e, 0x16, 0x06, 0x17, 0x24, 0x08, 0x20, 0x32, 0x05, 0x19, 0x28,
  0x08, 0x1c, 0x2b, 0x0b, 0x25, 0x39, 0x07, 0x1d, 0x2e, 0x07, 0x1b, 0x29,
  0x04, 0x12, 0x21, 0x01, 0x2c, 0x58, 0x02, 0x2a, 0x54, 0x03, 0x11, 0x1f,
  0x06, 0x1b, 0x2b, 0x09, 0x2b, 0x46, 0x0b, 0x29, 0x3f, 0x1b, 0x42, 0x5e,
  0x1e, 0x48, 0x66, 0x0e, 0x33, 0x4f, 0x18, 0x42, 0x61, 0x2b, 0x59, 0x7b,
  0x0f, 0x2d, 0x41, 0x0c, 0x28, 0x3e, 0x0d, 0x27, 0x3a, 0x07, 0x1a, 0x28,
  0x06, 0x1b, 0x2b, 0x03, 0x18, 0x2b, 0x03, 0x1f, 0x39, 0x03, 0x21, 0x3d,
  0x07, 0x29, 0x48, 0x06, 0x20, 0x39, 0x04, 0x1a, 0x2d, 0x06, 0x18, 0x27,
  0x06, 0x16, 0x22, 0x04, 0x0e, 0x15, 0x02, 0x1f, 0x3d, 0x02, 0x21, 0x44,
  0x02, 0x17, 0x2e, 0x04, 0x0d, 0x13, 0x04, 0x0d, 0x13, 0x02, 0x10, 0x1e,
  0x02, 0x16, 0x2c, 0x01, 0x1b, 0x38, 0x01, 0x22, 0x47, 0x02, 0x21, 0x43,
  0x01, 0x22, 0x47, 0x01, 0x20, 0x42, 0x02, 0x2e, 0x5c, 0x02, 0x2a, 0x57,
  0x01, 0x27, 0x50, 0x06, 0x13, 0x1b, 0x0a, 0x15, 0x19, 0x0a, 0x14, 0x18,
  0x0c, 0x17, 0x1b, 0x0c, 0x19, 0x1d, 0x0b, 0x18, 0x1d, 0x09, 0x17, 0x1d,
  0x09, 0x16, 0x1e, 0x08, 0x14, 0x1a, 0x17, 0x2c, 0x36, 0x1c, 0x34, 0x3f,
  0x0d, 0x1d, 0x25, 0x0c, 0x22, 0x33, 0x13, 0x38, 0x53, 0x10, 0x2c, 0x3f,
  0x09, 0x1c, 0x2b, 0x03, 0x26, 0x49, 0x02, 0x1d, 0x39, 0x01, 0x28, 0x51,
  0x03, 0x31, 0x5e, 0x03, 0x2d, 0x57, 0x01, 0x22, 0x48, 0x05, 0x14, 0x20,
  0x06, 0x17, 0x23, 0x0a, 0x22, 0x36, 0x0f, 0x2d, 0x43, 0x13, 0x31, 0x47,
  0x23, 0x4e, 0x6c, 0x27, 0x52, 0x70, 0x1b, 0x40, 0x5a, 0x13, 0x33, 0x4b,
  0x0b, 0x28, 0x3d, 0x0a, 0x29, 0x41, 0x09, 0x28, 0x3f, 0x0b, 0x2b, 0x44,
  0x11, 0x34, 0x4e, 0x13, 0x37, 0x53, 0x12, 0x35, 0x51, 0x16, 0x3d, 0x59,
  0x15, 0x3c, 0x59, 0x15, 0x3c, 0x5a, 0x12, 0x36, 0x51, 0x13, 0x32, 0x49,
  0x12, 0x2f, 0x44, 0x0e, 0x26, 0x39, 0x0c, 0x21, 0x30, 0x0a, 0x1b, 0x27,
  0x09, 0x19, 0x25, 0x06, 0x11, 0x19, 0x0a, 0x28, 0x41, 0x16, 0x54, 0x86,
  0x15, 0x50, 0x81, 0x16, 0x52, 0x84, 0x15, 0x50, 0x82, 0x13, 0x4e, 0x7f,
  0x12, 0x4e, 0x7f, 0x11, 0x4c, 0x7e, 0x0f, 0x4a, 0x7c, 0x0c, 0x46, 0x77,
  0x0c, 0x45, 0x76, 0x0a, 0x3f, 0x6b, 0x09, 0x37, 0x5e, 0x0a, 0x3c, 0x67,
  0x0a, 0x3d, 0x69, 0x0a, 0x3d, 0x6a, 0x0a, 0x40, 0x6e, 0x0b, 0x3f, 0x6c,
  0x0d, 0x42, 0x6f, 0x0b, 0x3f, 0x6c, 0x0c, 0x42, 0x71, 0x0b, 0x44, 0x75,
  0x0b, 0x3d, 0x6a, 0x05, 0x1e, 0x36, 0x05, 0x1d, 0x34, 0x05, 0x18, 0x2a,
  0x05, 0x14, 0x22, 0x05, 0x13, 0x1f, 0x04, 0x11, 0x1d, 0x06, 0x11, 0x1b,
  0x07, 0x11, 0x19, 0x08, 0x16, 0x20, 0x09, 0x19, 0x24, 0x08, 0x14, 0x1c,
  0x07, 0x12, 0x1a, 0x07, 0x12, 0x19, 0x07, 0x13, 0x1b, 0x07, 0x14, 0x1c,
  0x07, 0x13, 0x1a, 0x07, 0x13, 0x1c, 0x07, 0x14, 0x1c, 0x07, 0x14, 0x1c,
  0x07, 0x12, 0x18, 0x07, 0x12, 0x19, 0x07, 0x12, 0x19, 0x06, 0x10, 0x17,
  0x07, 0x12, 0x19, 0x08, 0x16, 0x1f, 0x07, 0x15, 0x1d, 0x06, 0x13, 0x1b,
  0x07, 0x12, 0x1a, 0x07, 0x13, 0x1b, 0x06, 0x13, 0x1b, 0x08, 0x16, 0x21,
  0x09, 0x20, 0x32, 0x08, 0x1f, 0x31, 0x0a, 0x1e, 0x2e, 0x08, 0x1a, 0x27,
  0x07, 0x18, 0x26, 0x07, 0x19, 0x27, 0x07, 0x18, 0x26, 0x07, 0x18, 0x25,
  0x07, 0x1d, 0x2f, 0x07, 0x1c, 0x2c, 0x08, 0x1a, 0x28, 0x07, 0x15, 0x20,
  0x08, 0x19, 0x24, 0x08, 0x19, 0x27, 0x08, 0x1c, 0x2c, 0x07, 0x1d, 0x2e,
  0x07, 0x21, 0x36, 0x09, 0x25, 0x3c, 0x08, 0x1f, 0x32, 0x05, 0x14, 0x1f,
  0x06, 0x19, 0x28, 0x06, 0x15, 0x21, 0x07, 0x16, 0x21, 0x0f, 0x2d, 0x45,
  0x11, 0x31, 0x4a, 0x0c, 0x25, 0x38, 0x07, 0x19, 0x26, 0x07, 0x19, 0x26,
  0x06, 0x16, 0x21, 0x05, 0x13, 0x1d, 0x02, 0x18, 0x2f, 0x02, 0x16, 0x2b,
  0x02, 0x17, 0x30, 0x03, 0x11, 0x21, 0x03, 0x12, 0x22, 0x02, 0x13, 0x25,
  0x03, 0x10, 0x1f, 0x01, 0x1e, 0x3f, 0x01, 0x1d, 0x3e, 0x02, 0x1a, 0x34,
  0x03, 0x0e, 0x16, 0x06, 0x14, 0x1f, 0x09, 0x1f, 0x2f, 0x07, 0x1b, 0x2b,
  0x07, 0x17, 0x24, 0x08, 0x1d, 0x2c, 0x08, 0x1e, 0x2f, 0x08, 0x21, 0x33,
  0x05, 0x18, 0x29, 0x02, 0x2e, 0x5a, 0x02, 0x32, 0x61, 0x02, 0x14, 0x24,
  0x06, 0x1a, 0x29, 0x07, 0x1f, 0x33, 0x09, 0x22, 0x35, 0x0c, 0x2b, 0x44,
  0x0b, 0x28, 0x3e, 0x0d, 0x2e, 0x48, 0x0f, 0x33, 0x4f, 0x0d, 0x28, 0x3d,
  0x12, 0x32, 0x4a, 0x10, 0x2e, 0x45, 0x09, 0x1f, 0x2f, 0x09, 0x1f, 0x31,
  0x05, 0x17, 0x26, 0x04, 0x1f, 0x37, 0x02, 0x19, 0x32, 0x02, 0x22, 0x46,
  0x04, 0x32, 0x5f, 0x04, 0x31, 0x5c, 0x03, 0x25, 0x48, 0x04, 0x19, 0x2c,
  0x06, 0x16, 0x22, 0x04, 0x0f, 0x16, 0x03, 0x1d, 0x38, 0x02, 0x24, 0x4a,
  0x02, 0x12, 0x24, 0x03, 0x10, 0x1d, 0x03, 0x13, 0x25, 0x02, 0x17, 0x2e,
  0x02, 0x17, 0x2f, 0x02, 0x17, 0x2e, 0x01, 0x1c, 0x39, 0x02, 0x21, 0x44,
  0x01, 0x21, 0x46, 0x02, 0x25, 0x4b, 0x02, 0x2d, 0x5b, 0x01, 0x29, 0x56,
  0x01, 0x24, 0x4a, 0x07, 0x12, 0x18, 0x09, 0x14, 0x18, 0x0a, 0x14, 0x17,
  0x0d, 0x1b, 0x21, 0x0d, 0x1a, 0x1f, 0x0a, 0x16, 0x1a, 0x09, 0x15, 0x1b,
  0x09, 0x17, 0x1f, 0x08, 0x15, 0x1b, 0x0f, 0x1f, 0x26, 0x1a, 0x2f, 0x38,
  0x0f, 0x20, 0x29, 0x0b, 0x1d, 0x29, 0x10, 0x33, 0x4c, 0x10, 0x2c, 0x3f,
  0x09, 0x1c, 0x29, 0x02, 0x1e, 0x3c, 0x02, 0x1b, 0x37, 0x01, 0x21, 0x45,
  0x02, 0x28, 0x51, 0x03, 0x2a, 0x52, 0x01, 0x21, 0x46, 0x04, 0x16, 0x26,
  0x07, 0x10, 0x16, 0x06, 0x12, 0x1a, 0x06, 0x14, 0x1e, 0x0a, 0x1e, 0x2c,
  0x0f, 0x2a, 0x3d, 0x1f, 0x48, 0x66, 0x26, 0x54, 0x74, 0x1f, 0x45, 0x60,
  0x1f, 0x45, 0x61, 0x18, 0x3b, 0x53, 0x16, 0x35, 0x4b, 0x13, 0x31, 0x46,
  0x15, 0x35, 0x4d, 0x11, 0x2f, 0x46, 0x0d, 0x28, 0x3c, 0x0c, 0x24, 0x37,
  0x0b, 0x25, 0x38, 0x0e, 0x29, 0x3e, 0x0f, 0x2c, 0x42, 0x11, 0x2e, 0x44,
  0x0f, 0x29, 0x3c, 0x0e, 0x26, 0x38, 0x0b, 0x1e, 0x2c, 0x08, 0x17, 0x21,
  0x05, 0x0f, 0x17, 0x09, 0x24, 0x3b, 0x16, 0x52, 0x84, 0x18, 0x57, 0x89,
  0x16, 0x53, 0x85, 0x16, 0x54, 0x87, 0x16, 0x52, 0x84, 0x13, 0x4d, 0x7d,
  0x12, 0x4c, 0x7d, 0x10, 0x4c, 0x7e, 0x0f, 0x4b, 0x7d, 0x0c, 0x45, 0x76,
  0x0b, 0x44, 0x75, 0x0b, 0x40, 0x6e, 0x08, 0x36, 0x5e, 0x0a, 0x3d, 0x69,
  0x0a, 0x3d, 0x69, 0x0b, 0x3f, 0x6d, 0x0b, 0x40, 0x6e, 0x0a, 0x3c, 0x68,
  0x0e, 0x42, 0x6f, 0x0a, 0x3e, 0x6a, 0x0c, 0x43, 0x73, 0x0d, 0x44, 0x74,
  0x0e, 0x46, 0x77, 0x07, 0x26, 0x42, 0x05, 0x19, 0x2c, 0x05, 0x16, 0x27,
  0x05, 0x15, 0x24, 0x05, 0x16, 0x27, 0x04, 0x13, 0x21, 0x06, 0x12, 0x1c,
  0x07, 0x13, 0x1c, 0x08, 0x17, 0x22, 0x0a, 0x19, 0x24, 0x08, 0x17, 0x21,
  0x08, 0x18, 0x24, 0x08, 0x17, 0x21, 0x08, 0x16, 0x20, 0x08, 0x15, 0x1e,
  0x08, 0x19, 0x25, 0x08, 0x19, 0x25, 0x07, 0x16, 0x21, 0x07, 0x13, 0x1b,
  0x07, 0x13, 0x1b, 0x07, 0x12, 0x19, 0x07, 0x12, 0x19, 0x07, 0x11, 0x18,
  0x07, 0x11, 0x17, 0x07, 0x13, 0x1b, 0x07, 0x14, 0x1c, 0x06, 0x13, 0x1b,
  0x06, 0x11, 0x19, 0x06, 0x12, 0x1a, 0x07, 0x13, 0x1b, 0x07, 0x15, 0x1e,
  0x09, 0x1f, 0x30, 0x08, 0x1d, 0x2c, 0x08, 0x17, 0x22, 0x07, 0x16, 0x21,
  0x07, 0x16, 0x21, 0x06, 0x18, 0x25, 0x07, 0x1b, 0x2a, 0x07, 0x17, 0x24,
  0x08, 0x1e, 0x31, 0x07, 0x1c, 0x2c, 0x06, 0x11, 0x1a, 0x06, 0x13, 0x1c,
  0x07, 0x14, 0x1d, 0x08, 0x18, 0x24, 0x07, 0x1a, 0x28, 0x09, 0x21, 0x34,
  0x08, 0x20, 0x33, 0x08, 0x23, 0x39, 0x08, 0x1d, 0x2e, 0x05, 0x11, 0x19,
  0x05, 0x14, 0x1f, 0x06, 0x14, 0x1e, 0x05, 0x12, 0x1a, 0x0e, 0x28, 0x3b,
  0x11, 0x30, 0x47, 0x0e, 0x28, 0x3c, 0x07, 0x17, 0x22, 0x06, 0x14, 0x1f,
  0x05, 0x13, 0x1d, 0x05, 0x11, 0x19, 0x02, 0x18, 0x30, 0x02, 0x1e, 0x3c,
  0x05, 0x2b, 0x4f, 0x02, 0x12, 0x24, 0x03, 0x16, 0x2b, 0x03, 0x28, 0x4d,
  0x02, 0x15, 0x2a, 0x02, 0x1c, 0x39, 0x02, 0x21, 0x44, 0x02, 0x20, 0x3e,
  0x03, 0x0f, 0x1b, 0x04, 0x0f, 0x19, 0x09, 0x1e, 0x2d, 0x0a, 0x22, 0x33,
  0x08, 0x1d, 0x2c, 0x05, 0x15, 0x21, 0x07, 0x1a, 0x27, 0x09, 0x20, 0x32,
  0x05, 0x17, 0x25, 0x02, 0x2b, 0x53, 0x02, 0x31, 0x60, 0x03, 0x17, 0x2b,
  0x05, 0x14, 0x1f, 0x0c, 0x26, 0x3b, 0x0d, 0x2c, 0x44, 0x06, 0x1e, 0x31,
  0x05, 0x1c, 0x2e, 0x08, 0x22, 0x38, 0x11, 0x34, 0x4e, 0x1d, 0x44, 0x5f,
  0x13, 0x32, 0x49, 0x08, 0x1e, 0x2d, 0x0d, 0x2b, 0x42, 0x0a, 0x21, 0x32,
  0x05, 0x19, 0x2a, 0x02, 0x15, 0x29, 0x02, 0x25, 0x4b, 0x05, 0x32, 0x5c,
  0x06, 0x22, 0x3a, 0x05, 0x21, 0x39, 0x02, 0x25, 0x49, 0x02, 0x1d, 0x3a,
  0x05, 0x15, 0x20, 0x05, 0x11, 0x1a, 0x02, 0x1c, 0x36, 0x02, 0x25, 0x4a,
  0x02, 0x1c, 0x38, 0x02, 0x21, 0x42, 0x02, 0x17, 0x2f, 0x01, 0x16, 0x2f,
  0x03, 0x28, 0x50, 0x06, 0x2e, 0x55, 0x01, 0x17, 0x31, 0x02, 0x24, 0x48,
  0x02, 0x28, 0x52, 0x02, 0x28, 0x50, 0x02, 0x2d, 0x59, 0x01, 0x29, 0x56,
  0x01, 0x23, 0x47, 0x08, 0x12, 0x16, 0x0a, 0x14, 0x17, 0x0a, 0x13, 0x16,
  0x0c, 0x19, 0x1f, 0x0c, 0x18, 0x1d, 0x0b, 0x17, 0x1c, 0x0b, 0x19, 0x1f,
  0x0a, 0x18, 0x20, 0x08, 0x14, 0x1a, 0x0c, 0x1a, 0x20, 0x16, 0x29, 0x31,
  0x10, 0x22, 0x2a, 0x0a, 0x1a, 0x23, 0x0e, 0x2c, 0x41, 0x0e, 0x2a, 0x3d,
  0x09, 0x1a, 0x26, 0x02, 0x1c, 0x38, 0x01, 0x1c, 0x3a, 0x01, 0x21, 0x45,
  0x02, 0x26, 0x4d, 0x04, 0x2c, 0x54, 0x02, 0x22, 0x45, 0x03, 0x15, 0x27,
  0x09, 0x17, 0x21, 0x09, 0x1d, 0x2d, 0x07, 0x18, 0x25, 0x07, 0x19, 0x28,
  0x14, 0x33, 0x4c, 0x18, 0x40, 0x5e, 0x13, 0x37, 0x53, 0x11, 0x30, 0x48,
  0x16, 0x37, 0x4f, 0x13, 0x31, 0x48, 0x12, 0x32, 0x4a, 0x0e, 0x29, 0x3e,
  0x0b, 0x23, 0x36, 0x0b, 0x22, 0x33, 0x0a, 0x1c, 0x2a, 0x09, 0x1d, 0x2c,
  0x0b, 0x22, 0x33, 0x0a, 0x23, 0x36, 0x09, 0x20, 0x33, 0x07, 0x1b, 0x2c,
  0x05, 0x15, 0x23, 0x03, 0x11, 0x1c, 0x04, 0x0f, 0x18, 0x07, 0x19, 0x27,
  0x0e, 0x36, 0x58, 0x16, 0x54, 0x89, 0x16, 0x56, 0x8b, 0x13, 0x51, 0x85,
  0x14, 0x53, 0x87, 0x13, 0x51, 0x84, 0x12, 0x4e, 0x80, 0x11, 0x4b, 0x7c,
  0x13, 0x4f, 0x80, 0x11, 0x4c, 0x7e, 0x0c, 0x46, 0x78, 0x0b, 0x44, 0x76,
  0x0b, 0x45, 0x77, 0x0a, 0x3f, 0x6d, 0x09, 0x39, 0x61, 0x0a, 0x3e, 0x6b,
  0x09, 0x3c, 0x69, 0x0b, 0x3e, 0x6a, 0x0b, 0x3f, 0x6c, 0x0c, 0x40, 0x6d,
  0x0d, 0x41, 0x6e, 0x0b, 0x3f, 0x6b, 0x0d, 0x46, 0x77, 0x0e, 0x45, 0x76,
  0x10, 0x4a, 0x7b, 0x09, 0x2b, 0x49, 0x06, 0x16, 0x26, 0x06, 0x19, 0x2a,
  0x05, 0x15, 0x24, 0x05, 0x11, 0x1d, 0x05, 0x0f, 0x18, 0x05, 0x12, 0x1b,
  0x06, 0x14, 0x1e, 0x08, 0x16, 0x20, 0x09, 0x17, 0x21, 0x08, 0x15, 0x1e,
  0x09, 0x18, 0x24, 0x09, 0x19, 0x24, 0x08, 0x14, 0x1c, 0x07, 0x13, 0x1a,
  0x09, 0x1a, 0x26, 0x09, 0x1b, 0x28, 0x08, 0x18, 0x24, 0x07, 0x15, 0x1f,
  0x09, 0x1a, 0x25, 0x08, 0x16, 0x20, 0x06, 0x12, 0x1a, 0x07, 0x13, 0x1b,
  0x06, 0x11, 0x18, 0x06, 0x10, 0x16, 0x07, 0x12, 0x1a, 0x07, 0x12, 0x19,
  0x06, 0x12, 0x1a, 0x06, 0x11, 0x19, 0x07, 0x13, 0x1b, 0x07, 0x13, 0x1c,
  0x0a, 0x1f, 0x2f, 0x0a, 0x20, 0x30, 0x07, 0x17, 0x23, 0x06, 0x12, 0x1a,
  0x06, 0x12, 0x1a, 0x07, 0x18, 0x24, 0x07, 0x19, 0x26, 0x07, 0x18, 0x24,
  0x0a, 0x21, 0x33, 0x09, 0x21, 0x34, 0x05, 0x11, 0x19, 0x06, 0x13, 0x1c,
  0x06, 0x12, 0x1a, 0x06, 0x12, 0x1a, 0x08, 0x1b, 0x29, 0x0a, 0x21, 0x34,
  0x08, 0x1d, 0x2f, 0x08, 0x20, 0x33, 0x09, 0x1e, 0x30, 0x06, 0x14, 0x1d,
  0x05, 0x10, 0x17, 0x05, 0x12, 0x1b, 0x05, 0x10, 0x17, 0x09, 0x1a, 0x27,
  0x0f, 0x2d, 0x44, 0x0b, 0x22, 0x33, 0x07, 0x18, 0x25, 0x05, 0x14, 0x1e,
  0x05, 0x12, 0x1b, 0x05, 0x0f, 0x15, 0x02, 0x18, 0x30, 0x01, 0x1f, 0x41,
  0x02, 0x1f, 0x3f, 0x02, 0x17, 0x30, 0x02, 0x17, 0x2f, 0x02, 0x24, 0x46,
  0x02, 0x16, 0x2b, 0x02, 0x1b, 0x36, 0x01, 0x23, 0x47, 0x02, 0x27, 0x4c,
  0x03, 0x17, 0x2a, 0x03, 0x0c, 0x13, 0x06, 0x16, 0x22, 0x0a, 0x1f, 0x2e,
  0x09, 0x1e, 0x2e, 0x07, 0x19, 0x27, 0x07, 0x18, 0x24, 0x07, 0x19, 0x28,
  0x05, 0x14, 0x20, 0x02, 0x23, 0x45, 0x02, 0x30, 0x5e, 0x02, 0x1c, 0x35,
  0x03, 0x0d, 0x14, 0x0d, 0x28, 0x3c, 0x0e, 0x29, 0x3d, 0x0e, 0x2b, 0x40,
  0x0e, 0x2a, 0x3f, 0x07, 0x1d, 0x2e, 0x08, 0x1d, 0x2e, 0x1a, 0x3e, 0x57,
  0x13, 0x32, 0x49, 0x07, 0x1e, 0x30, 0x0d, 0x2b, 0x42, 0x06, 0x17, 0x24,
  0x05, 0x17, 0x28, 0x01, 0x1b, 0x38, 0x04, 0x2b, 0x52, 0x06, 0x17, 0x23,
  0x06, 0x10, 0x17, 0x05, 0x0f, 0x15, 0x03, 0x13, 0x22, 0x02, 0x1d, 0x39,
  0x05, 0x16, 0x23, 0x07, 0x15, 0x20, 0x03, 0x1f, 0x3a, 0x02, 0x24, 0x48,
  0x02, 0x20, 0x42, 0x02, 0x20, 0x41, 0x02, 0x16, 0x2b, 0x02, 0x1d, 0x3b,
  0x03, 0x2a, 0x50, 0x08, 0x36, 0x60, 0x01, 0x1c, 0x3c, 0x02, 0x24, 0x48,
  0x01, 0x2c, 0x5a, 0x03, 0x2b, 0x55, 0x03, 0x2f, 0x5b, 0x01, 0x23, 0x4b,
  0x01, 0x21, 0x44, 0x08, 0x12, 0x17, 0x09, 0x13, 0x17, 0x0a, 0x13, 0x16,
  0x0b, 0x17, 0x1b, 0x0e, 0x1b, 0x20, 0x0c, 0x19, 0x1f, 0x0c, 0x1b, 0x23,
  0x0c, 0x1c, 0x24, 0x09, 0x16, 0x1e, 0x0a, 0x17, 0x1e, 0x13, 0x24, 0x2c,
  0x0f, 0x1f, 0x26, 0x0a, 0x18, 0x20, 0x0d, 0x27, 0x39, 0x0c, 0x27, 0x39,
  0x08, 0x17, 0x22, 0x02, 0x19, 0x33, 0x01, 0x1a, 0x37, 0x01, 0x22, 0x44,
  0x02, 0x26, 0x4e, 0x03, 0x29, 0x50, 0x01, 0x1e, 0x40, 0x03, 0x17, 0x2b,
  0x06, 0x10, 0x16, 0x07, 0x16, 0x21, 0x07, 0x1c, 0x2c, 0x09, 0x21, 0x34,
  0x0d, 0x2a, 0x41, 0x0e, 0x2c, 0x44, 0x09, 0x24, 0x3a, 0x09, 0x22, 0x37,
  0x0b, 0x27, 0x3c, 0x0c, 0x29, 0x41, 0x0c, 0x26, 0x3b, 0x0a, 0x22, 0x34,
  0x0a, 0x21, 0x33, 0x0a, 0x20, 0x30, 0x0a, 0x1e, 0x2d, 0x09, 0x1f, 0x2f,
  0x08, 0x1d, 0x2d, 0x06, 0x18, 0x25, 0x06, 0x17, 0x25, 0x06, 0x1c, 0x2e,
  0x08, 0x21, 0x36, 0x0d, 0x31, 0x4e, 0x11, 0x42, 0x6a, 0x14, 0x52, 0x86,
  0x16, 0x59, 0x90, 0x16, 0x56, 0x8c, 0x15, 0x56, 0x8b, 0x14, 0x53, 0x89,
  0x11, 0x50, 0x86, 0x10, 0x4d, 0x81, 0x10, 0x4e, 0x82, 0x11, 0x4e, 0x81,
  0x12, 0x4f, 0x81, 0x10, 0x4a, 0x7c, 0x0e, 0x49, 0x7b, 0x0c, 0x48, 0x7c,
  0x0b, 0x45, 0x77, 0x08, 0x3c, 0x69, 0x09, 0x36, 0x5d, 0x09, 0x3b, 0x67,
  0x07, 0x38, 0x63, 0x08, 0x39, 0x63, 0x0a, 0x3d, 0x6a, 0x0c, 0x40, 0x6d,
  0x0c, 0x40, 0x6d, 0x0b, 0x3f, 0x6c, 0x0c, 0x43, 0x73, 0x0b, 0x42, 0x72,
  0x0f, 0x49, 0x7b, 0x09, 0x26, 0x40, 0x05, 0x18, 0x2a, 0x06, 0x19, 0x2a,
  0x05, 0x16, 0x25, 0x05, 0x14, 0x22, 0x04, 0x10, 0x1b, 0x05, 0x12, 0x1e,
  0x06, 0x16, 0x24, 0x09, 0x16, 0x20, 0x08, 0x14, 0x1c, 0x08, 0x13, 0x1a,
  0x0b, 0x1b, 0x26, 0x09, 0x16, 0x1e, 0x08, 0x14, 0x1b, 0x08, 0x14, 0x1b,
  0x08, 0x16, 0x1f, 0x08, 0x17, 0x21, 0x08, 0x15, 0x1e, 0x07, 0x12, 0x19,
  0x09, 0x18, 0x23, 0x0a, 0x1a, 0x25, 0x07, 0x14, 0x1b, 0x07, 0x15, 0x1f,
  0x09, 0x19, 0x25, 0x07, 0x15, 0x1e, 0x06, 0x12, 0x1a, 0x06, 0x11, 0x18,
  0x06, 0x12, 0x19, 0x06, 0x11, 0x19, 0x07, 0x12, 0x18, 0x07, 0x13, 0x1b,
  0x08, 0x1a, 0x27, 0x0a, 0x1f, 0x2f, 0x08, 0x1b, 0x29, 0x06, 0x10, 0x17,
  0x07, 0x13, 0x1c, 0x06, 0x14, 0x1d, 0x06, 0x14, 0x1d, 0x07, 0x16, 0x21,
  0x09, 0x1f, 0x31, 0x08, 0x1b, 0x2a, 0x05, 0x11, 0x18, 0x06, 0x12, 0x1b,
  0x06, 0x11, 0x19, 0x05, 0x11, 0x19, 0x07, 0x18, 0x25, 0x09, 0x1d, 0x2c,
  0x08, 0x1e, 0x30, 0x0a, 0x24, 0x38, 0x0a, 0x20, 0x31, 0x06, 0x13, 0x1b,
  0x05, 0x11, 0x19, 0x05, 0x10, 0x19, 0x06, 0x12, 0x19, 0x05, 0x10, 0x17,
  0x08, 0x19, 0x25, 0x07, 0x18, 0x23, 0x08, 0x1b, 0x28, 0x06, 0x13, 0x1c,
  0x05, 0x11, 0x19, 0x05, 0x0f, 0x14, 0x02, 0x16, 0x2a, 0x01, 0x1e, 0x40,
  0x01, 0x1d, 0x3f, 0x01, 0x1d, 0x3d, 0x02, 0x16, 0x2c, 0x03, 0x0b, 0x13,
  0x04, 0x10, 0x1a, 0x02, 0x1a, 0x34, 0x01, 0x1e, 0x3d, 0x01, 0x1e, 0x3c,
  0x03, 0x1f, 0x3c, 0x03, 0x0c, 0x13, 0x04, 0x10, 0x19, 0x07, 0x19, 0x28,
  0x08, 0x1c, 0x2c, 0x0a, 0x1f, 0x2e, 0x09, 0x1b, 0x27, 0x05, 0x17, 0x24,
  0x06, 0x15, 0x20, 0x02, 0x1c, 0x36, 0x02, 0x2e, 0x5c, 0x02, 0x20, 0x3e,
  0x03, 0x0b, 0x11, 0x06, 0x16, 0x24, 0x0f, 0x2d, 0x42, 0x17, 0x36, 0x4c,
  0x1b, 0x41, 0x5d, 0x08, 0x1c, 0x2a, 0x11, 0x2e, 0x42, 0x19, 0x40, 0x5c,
  0x0f, 0x2b, 0x40, 0x08, 0x1e, 0x30, 0x09, 0x22, 0x36, 0x05, 0x17, 0x24,
  0x04, 0x16, 0x28, 0x01, 0x1e, 0x3d, 0x03, 0x1f, 0x3b, 0x04, 0x0f, 0x16,
  0x03, 0x10, 0x1b, 0x06, 0x13, 0x1d, 0x04, 0x11, 0x1d, 0x02, 0x1a, 0x32,
  0x06, 0x16, 0x21, 0x08, 0x1a, 0x28, 0x04, 0x1d, 0x36, 0x02, 0x24, 0x48,
  0x02, 0x20, 0x41, 0x01, 0x20, 0x43, 0x05, 0x28, 0x4b, 0x08, 0x39, 0x67,
  0x02, 0x2a, 0x54, 0x06, 0x35, 0x61, 0x02, 0x21, 0x44, 0x02, 0x29, 0x51,
  0x02, 0x2d, 0x5b, 0x03, 0x2d, 0x59, 0x03, 0x2e, 0x58, 0x02, 0x1b, 0x38,
  0x02, 0x21, 0x42, 0x07, 0x13, 0x19, 0x0a, 0x16, 0x1c, 0x0b, 0x16, 0x1b,
  0x0f, 0x1e, 0x24, 0x13, 0x25, 0x2d, 0x0d, 0x1a, 0x20, 0x0d, 0x1c, 0x22,
  0x0d, 0x1e, 0x27, 0x09, 0x16, 0x1d, 0x0a, 0x18, 0x1e, 0x0e, 0x1e, 0x25,
  0x0c, 0x1a, 0x20, 0x09, 0x16, 0x1c, 0x0c, 0x21, 0x2f, 0x0b, 0x23, 0x33,
  0x07, 0x16, 0x20, 0x02, 0x18, 0x31, 0x01, 0x18, 0x33, 0x02, 0x1e, 0x3e,
  0x02, 0x22, 0x48, 0x02, 0x28, 0x50, 0x01, 0x22, 0x49, 0x03, 0x18, 0x2c,
  0x07, 0x11, 0x17, 0x07, 0x13, 0x1b, 0x09, 0x1c, 0x2b, 0x0c, 0x28, 0x3d,
  0x0b, 0x23, 0x36, 0x0a, 0x23, 0x37, 0x07, 0x1f, 0x33, 0x06, 0x1c, 0x2f,
  0x08, 0x20, 0x34, 0x08, 0x1f, 0x32, 0x08, 0x1c, 0x2b, 0x09, 0x1c, 0x2a,
  0x09, 0x1a, 0x27, 0x08, 0x18, 0x24, 0x07, 0x18, 0x25, 0x07, 0x1a, 0x2a,
  0x0a, 0x25, 0x3c, 0x0e, 0x35, 0x56, 0x12, 0x44, 0x6e, 0x15, 0x4f, 0x80,
  0x16, 0x56, 0x8c, 0x1a, 0x61, 0x9c, 0x17, 0x5e, 0x99, 0x14, 0x57, 0x90,
  0x12, 0x51, 0x86, 0x13, 0x52, 0x87, 0x14, 0x54, 0x8a, 0x14, 0x54, 0x8a,
  0x11, 0x50, 0x85, 0x0f, 0x4c, 0x81, 0x12, 0x52, 0x87, 0x10, 0x4e, 0x82,
  0x0f, 0x4a, 0x7d, 0x0d, 0x47, 0x79, 0x0b, 0x46, 0x79, 0x0b, 0x46, 0x7a,
  0x0a, 0x44, 0x76, 0x09, 0x3e, 0x6c, 0x08, 0x34, 0x5a, 0x09, 0x39, 0x63,
  0x07, 0x37, 0x62, 0x08, 0x38, 0x63, 0x0a, 0x3d, 0x6a, 0x0c, 0x40, 0x6c,
  0x0c, 0x40, 0x6e, 0x0c, 0x41, 0x70, 0x0c, 0x41, 0x6f, 0x0d, 0x44, 0x74,
  0x0d, 0x44, 0x75, 0x08, 0x21, 0x3a, 0x05, 0x1c, 0x32, 0x05, 0x1b, 0x2e,
  0x05, 0x15, 0x24, 0x05, 0x12, 0x1e, 0x05, 0x11, 0x1d, 0x05, 0x12, 0x1e,
  0x07, 0x16, 0x23, 0x09, 0x18, 0x22, 0x09, 0x15, 0x1d, 0x07, 0x12, 0x18,
  0x0b, 0x1a, 0x23, 0x08, 0x14, 0x1c, 0x08, 0x14, 0x1d, 0x08, 0x15, 0x1d,
  0x08, 0x13, 0x1a, 0x08, 0x14, 0x1c, 0x08, 0x14, 0x1d, 0x07, 0x12, 0x19,
  0x08, 0x14, 0x1c, 0x08, 0x16, 0x1e, 0x08, 0x12, 0x18, 0x08, 0x15, 0x1e,
  0x0a, 0x1c, 0x29, 0x09, 0x1b, 0x27, 0x08, 0x17, 0x21, 0x07, 0x13, 0x1c,
  0x07, 0x13, 0x1b, 0x06, 0x12, 0x1a, 0x06, 0x11, 0x19, 0x07, 0x12, 0x1a,
  0x07, 0x14, 0x1e, 0x07, 0x15, 0x1e, 0x06, 0x11, 0x19, 0x06, 0x11, 0x18,
  0x06, 0x12, 0x19, 0x06, 0x11, 0x17, 0x07, 0x12, 0x1a, 0x06, 0x12, 0x19,
  0x09, 0x19, 0x25, 0x08, 0x19, 0x24, 0x06, 0x11, 0x18, 0x06, 0x10, 0x18,
  0x06, 0x10, 0x17, 0x07, 0x15, 0x1f, 0x07, 0x17, 0x23, 0x07, 0x16, 0x21,
  0x0a, 0x24, 0x38, 0x09, 0x20, 0x30, 0x07, 0x15, 0x1f, 0x05, 0x11, 0x19,
  0x05, 0x12, 0x1b, 0x05, 0x10, 0x18, 0x06, 0x11, 0x18, 0x06, 0x12, 0x1a,
  0x05, 0x0e, 0x14, 0x05, 0x12, 0x1b, 0x06, 0x15, 0x20, 0x06, 0x11, 0x19,
  0x05, 0x0f, 0x16, 0x05, 0x0f, 0x15, 0x03, 0x11, 0x20, 0x01, 0x1c, 0x3c,
  0x02, 0x1b, 0x3a, 0x02, 0x1b, 0x39, 0x02, 0x17, 0x2f, 0x03, 0x0d, 0x15,
  0x04, 0x0f, 0x18, 0x02, 0x17, 0x2d, 0x02, 0x19, 0x32, 0x03, 0x1e, 0x38,
  0x01, 0x20, 0x40, 0x02, 0x14, 0x27, 0x04, 0x0b, 0x10, 0x04, 0x10, 0x18,
  0x05, 0x14, 0x1f, 0x08, 0x1a, 0x28, 0x07, 0x15, 0x1e, 0x06, 0x14, 0x1f,
  0x05, 0x14, 0x1e, 0x03, 0x13, 0x21, 0x02, 0x1d, 0x3a, 0x03, 0x14, 0x27,
  0x04, 0x0d, 0x15, 0x04, 0x0e, 0x17, 0x0c, 0x26, 0x39, 0x10, 0x2b, 0x40,
  0x10, 0x2b, 0x3f, 0x09, 0x1c, 0x29, 0x17, 0x37, 0x4d, 0x1a, 0x3e, 0x59,
  0x0d, 0x28, 0x3d, 0x08, 0x1d, 0x2d, 0x07, 0x1b, 0x2b, 0x08, 0x20, 0x31,
  0x04, 0x1a, 0x2e, 0x01, 0x1f, 0x3f, 0x03, 0x2b, 0x54, 0x03, 0x14, 0x22,
  0x16, 0x2c, 0x3b, 0x09, 0x1c, 0x2a, 0x02, 0x19, 0x32, 0x03, 0x18, 0x2e,
  0x07, 0x17, 0x22, 0x08, 0x1e, 0x2e, 0x03, 0x1b, 0x32, 0x02, 0x29, 0x52,
  0x02, 0x23, 0x45, 0x03, 0x28, 0x4f, 0x02, 0x27, 0x4d, 0x03, 0x26, 0x4a,
  0x06, 0x34, 0x60, 0x0e, 0x4c, 0x80, 0x02, 0x2a, 0x53, 0x03, 0x2e, 0x58,
  0x02, 0x2f, 0x5e, 0x02, 0x2f, 0x5b, 0x05, 0x39, 0x68, 0x07, 0x2c, 0x51,
  0x02, 0x24, 0x49, 0x07, 0x14, 0x1d, 0x0a, 0x17, 0x1d, 0x0d, 0x1b, 0x21,
  0x12, 0x24, 0x2c, 0x12, 0x24, 0x2c, 0x12, 0x25, 0x2e, 0x10, 0x23, 0x2d,
  0x0d, 0x1e, 0x28, 0x0a, 0x16, 0x1b, 0x0a, 0x17, 0x1e, 0x0d, 0x1c, 0x23,
  0x0a, 0x18, 0x1e, 0x08, 0x14, 0x1a, 0x0b, 0x1c, 0x26, 0x0a, 0x1e, 0x2a,
  0x06, 0x12, 0x19, 0x02, 0x17, 0x2f, 0x02, 0x17, 0x30, 0x01, 0x1c, 0x3b,
  0x02, 0x1f, 0x40, 0x01, 0x25, 0x4c, 0x01, 0x21, 0x47, 0x03, 0x15, 0x28,
  0x08, 0x14, 0x1b, 0x08, 0x16, 0x20, 0x08, 0x18, 0x23, 0x09, 0x1b, 0x28,
  0x09, 0x1c, 0x2a, 0x08, 0x1b, 0x2a, 0x07, 0x1c, 0x2b, 0x07, 0x1b, 0x2b,
  0x06, 0x18, 0x27, 0x07, 0x17, 0x23, 0x08, 0x18, 0x24, 0x0a, 0x20, 0x31,
  0x0d, 0x2c, 0x45, 0x10, 0x3c, 0x5f, 0x15, 0x4b, 0x77, 0x18, 0x54, 0x86,
  0x19, 0x5e, 0x96, 0x18, 0x5f, 0x99, 0x17, 0x5d, 0x97, 0x17, 0x5f, 0x9a,
  0x17, 0x60, 0x9b, 0x17, 0x5d, 0x96, 0x13, 0x57, 0x8f, 0x11, 0x52, 0x89,
  0x12, 0x52, 0x88, 0x12, 0x52, 0x87, 0x14, 0x54, 0x8a, 0x13, 0x55, 0x8b,
  0x11, 0x52, 0x88, 0x0e, 0x4d, 0x82, 0x0f, 0x4d, 0x82, 0x0f, 0x4d, 0x80,
  0x0c, 0x45, 0x77, 0x0b, 0x45, 0x77, 0x09, 0x45, 0x77, 0x08, 0x42, 0x75,
  0x0a, 0x43, 0x75, 0x09, 0x3f, 0x6e, 0x08, 0x34, 0x59, 0x09, 0x3a, 0x64,
  0x09, 0x3b, 0x68, 0x08, 0x3b, 0x68, 0x0b, 0x3f, 0x6c, 0x0c, 0x40, 0x6d,
  0x0b, 0x40, 0x6e, 0x0c, 0x43, 0x73, 0x0a, 0x3e, 0x6b, 0x0c, 0x43, 0x73,
  0x0c, 0x40, 0x6d, 0x05, 0x1b, 0x30, 0x06, 0x17, 0x27, 0x06, 0x14, 0x22,
  0x05, 0x14, 0x22, 0x04, 0x15, 0x25, 0x04, 0x12, 0x1f, 0x05, 0x12, 0x1d,
  0x07, 0x16, 0x22, 0x09, 0x17, 0x20, 0x08, 0x14, 0x1c, 0x07, 0x11, 0x17,
  0x08, 0x14, 0x1c, 0x08, 0x14, 0x1c, 0x07, 0x12, 0x1a, 0x0a, 0x19, 0x23,
  0x08, 0x17, 0x20, 0x08, 0x15, 0x1e, 0x08, 0x14, 0x1c, 0x07, 0x11, 0x17,
  0x07, 0x12, 0x19, 0x08, 0x13, 0x1a, 0x08, 0x13, 0x19, 0x08, 0x12, 0x19,
  0x0a, 0x18, 0x22, 0x09, 0x18, 0x22, 0x08, 0x15, 0x1e, 0x07, 0x13, 0x1a,
  0x07, 0x14, 0x1d, 0x07, 0x16, 0x22, 0x07, 0x15, 0x20, 0x08, 0x16, 0x22,
  0x07, 0x15, 0x1e, 0x07, 0x12, 0x1a, 0x06, 0x10, 0x16, 0x06, 0x11, 0x19,
  0x06, 0x11, 0x18, 0x07, 0x12, 0x19, 0x07, 0x12, 0x19, 0x06, 0x11, 0x18,
  0x07, 0x14, 0x1c, 0x07, 0x14, 0x1c, 0x06, 0x10, 0x16, 0x06, 0x11, 0x17,
  0x06, 0x13, 0x1c, 0x06, 0x13, 0x1d, 0x06, 0x16, 0x22, 0x06, 0x14, 0x1e,
  0x08, 0x1b, 0x2a, 0x07, 0x16, 0x22, 0x05, 0x12, 0x1b, 0x05, 0x12, 0x1a,
  0x06, 0x15, 0x20, 0x06, 0x14, 0x20, 0x05, 0x10, 0x17, 0x05, 0x11, 0x18,
  0x05, 0x12, 0x1a, 0x06, 0x12, 0x1b, 0x07, 0x15, 0x20, 0x06, 0x13, 0x1c,
  0x05, 0x0f, 0x15, 0x06, 0x10, 0x18, 0x04, 0x10, 0x1b, 0x01, 0x1c, 0x3a,
  0x02, 0x14, 0x29, 0x02, 0x13, 0x27, 0x02, 0x1b, 0x37, 0x03, 0x0e, 0x17,
  0x04, 0x0e, 0x15, 0x03, 0x11, 0x1e, 0x01, 0x1a, 0x35, 0x05, 0x28, 0x4a,
  0x02, 0x21, 0x43, 0x02, 0x27, 0x4c, 0x03, 0x13, 0x23, 0x04, 0x0b, 0x11,
  0x04, 0x0f, 0x16, 0x05, 0x15, 0x21, 0x06, 0x16, 0x22, 0x05, 0x13, 0x1e,
  0x05, 0x12, 0x1d, 0x04, 0x0e, 0x18, 0x02, 0x14, 0x27, 0x02, 0x23, 0x44,
  0x02, 0x1f, 0x3e, 0x03, 0x0d, 0x16, 0x06, 0x14, 0x1f, 0x12, 0x30, 0x46,
  0x0d, 0x23, 0x33, 0x08, 0x18, 0x23, 0x12, 0x2d, 0x40, 0x0d, 0x25, 0x36,
  0x08, 0x1c, 0x2c, 0x06, 0x19, 0x27, 0x06, 0x18, 0x26, 0x09, 0x26, 0x3c,
  0x04, 0x1b, 0x2f, 0x01, 0x28, 0x50, 0x02, 0x38, 0x6a, 0x12, 0x53, 0x87,
  0x26, 0x70, 0xa6, 0x06, 0x34, 0x5f, 0x01, 0x22, 0x46, 0x03, 0x11, 0x1f,
  0x0a, 0x1f, 0x2d, 0x09, 0x21, 0x33, 0x02, 0x1d, 0x37, 0x01, 0x1b, 0x39,
  0x01, 0x23, 0x48, 0x05, 0x21, 0x3b, 0x08, 0x27, 0x42, 0x08, 0x35, 0x5e,
  0x09, 0x47, 0x7d, 0x07, 0x3e, 0x71, 0x02, 0x35, 0x68, 0x02, 0x30, 0x5d,
  0x02, 0x36, 0x6a, 0x02, 0x33, 0x64, 0x06, 0x3f, 0x71, 0x01, 0x20, 0x46,
  0x02, 0x29, 0x52, 0x06, 0x15, 0x20, 0x09, 0x14, 0x19, 0x0f, 0x1f, 0x26,
  0x17, 0x2b, 0x34, 0x15, 0x27, 0x30, 0x17, 0x2e, 0x39, 0x17, 0x31, 0x40,
  0x0e, 0x1d, 0x26, 0x0c, 0x18, 0x1d, 0x0a, 0x17, 0x1e, 0x0b, 0x19, 0x20,
  0x09, 0x15, 0x1a, 0x08, 0x13, 0x19, 0x0b, 0x1b, 0x25, 0x09, 0x1b, 0x26,
  0x05, 0x10, 0x16, 0x02, 0x19, 0x31, 0x02, 0x14, 0x29, 0x01, 0x1a, 0x37,
  0x02, 0x1e, 0x3d, 0x02, 0x25, 0x4a, 0x01, 0x20, 0x44, 0x04, 0x15, 0x26,
  0x08, 0x15, 0x1c, 0x07, 0x16, 0x20, 0x08, 0x17, 0x21, 0x08, 0x19, 0x25,
  0x08, 0x1a, 0x28, 0x09, 0x1d, 0x2c, 0x08, 0x1b, 0x27, 0x09, 0x1c, 0x2a,
  0x0a, 0x22, 0x35, 0x10, 0x36, 0x55, 0x16, 0x4a, 0x75, 0x1b, 0x5c, 0x91,
  0x1e, 0x68, 0xa3, 0x1c, 0x68, 0xa6, 0x1b, 0x66, 0xa3, 0x1d, 0x66, 0xa2,
  0x18, 0x5e, 0x98, 0x14, 0x58, 0x91, 0x13, 0x56, 0x8f, 0x14, 0x5a, 0x95,
  0x16, 0x5e, 0x9a, 0x13, 0x55, 0x8e, 0x15, 0x59, 0x91, 0x15, 0x58, 0x91,
  0x11, 0x50, 0x87, 0x10, 0x4f, 0x85, 0x12, 0x52, 0x88, 0x12, 0x52, 0x86,
  0x11, 0x50, 0x85, 0x0d, 0x48, 0x7c, 0x0a, 0x45, 0x79, 0x0c, 0x49, 0x7c,
  0x0c, 0x46, 0x78, 0x0a, 0x44, 0x75, 0x07, 0x3e, 0x6e, 0x09, 0x43, 0x77,
  0x0a, 0x43, 0x74, 0x0a, 0x3f, 0x6c, 0x08, 0x35, 0x5a, 0x0a, 0x3c, 0x67,
  0x0a, 0x3d, 0x69, 0x0a, 0x3d, 0x6b, 0x0a, 0x3e, 0x6c, 0x0b, 0x41, 0x6e,
  0x0c, 0x43, 0x71, 0x0c, 0x42, 0x72, 0x09, 0x3c, 0x6a, 0x0b, 0x41, 0x70,
  0x0c, 0x3f, 0x6c, 0x06, 0x19, 0x2b, 0x05, 0x18, 0x2a, 0x05, 0x17, 0x29,
  0x05, 0x17, 0x29, 0x05, 0x13, 0x21, 0x05, 0x10, 0x1a, 0x05, 0x11, 0x1c,
  0x06, 0x15, 0x22, 0x07, 0x13, 0x1d, 0x09, 0x16, 0x1f, 0x08, 0x12, 0x18,
  0x07, 0x12, 0x18, 0x09, 0x16, 0x1e, 0x08, 0x14, 0x1c, 0x0a, 0x1a, 0x23,
  0x0b, 0x1c, 0x28, 0x0a, 0x1a, 0x24, 0x09, 0x18, 0x22, 0x08, 0x17, 0x20,
  0x07, 0x13, 0x1a, 0x07, 0x12, 0x18, 0x08, 0x13, 0x1a, 0x08, 0x12, 0x17,
  0x09, 0x17, 0x20, 0x0a, 0x1b, 0x28, 0x08, 0x14, 0x1d, 0x07, 0x11, 0x16,
  0x07, 0x11, 0x17, 0x07, 0x13, 0x1b, 0x07, 0x15, 0x1e, 0x07, 0x16, 0x21,
  0x08, 0x18, 0x25, 0x08, 0x16, 0x1f, 0x07, 0x14, 0x1d, 0x07, 0x13, 0x1c,
  0x06, 0x13, 0x1c, 0x06, 0x12, 0x1b, 0x06, 0x10, 0x17, 0x06, 0x0f, 0x15,
  0x06, 0x11, 0x19, 0x06, 0x10, 0x16, 0x05, 0x0e, 0x13, 0x06, 0x0f, 0x15,
  0x06, 0x14, 0x1e, 0x06, 0x14, 0x1f, 0x06, 0x14, 0x1e, 0x06, 0x14, 0x1f,
  0x06, 0x15, 0x21, 0x06, 0x15, 0x21, 0x05, 0x12, 0x1c, 0x05, 0x11, 0x1a,
  0x06, 0x14, 0x1e, 0x06, 0x15, 0x20, 0x05, 0x12, 0x1b, 0x05, 0x12, 0x1b,
  0x05, 0x11, 0x1a, 0x05, 0x10, 0x18, 0x06, 0x14, 0x1d, 0x06, 0x14, 0x1f,
  0x05, 0x10, 0x18, 0x05, 0x11, 0x19, 0x05, 0x11, 0x1b, 0x01, 0x18, 0x32,
  0x02, 0x11, 0x24, 0x01, 0x16, 0x2d, 0x02, 0x1d, 0x3a, 0x03, 0x11, 0x1e,
  0x04, 0x0e, 0x15, 0x04, 0x0d, 0x14, 0x03, 0x15, 0x27, 0x01, 0x1b, 0x39,
  0x02, 0x22, 0x44, 0x02, 0x2b, 0x53, 0x02, 0x23, 0x47, 0x02, 0x15, 0x29,
  0x03, 0x0c, 0x14, 0x04, 0x0e, 0x16, 0x06, 0x1a, 0x29, 0x06, 0x19, 0x28,
  0x05, 0x11, 0x1c, 0x02, 0x15, 0x2c, 0x05, 0x34, 0x62, 0x08, 0x34, 0x5c,
  0x01, 0x18, 0x32, 0x03, 0x13, 0x23, 0x05, 0x0f, 0x16, 0x09, 0x1b, 0x27,
  0x0c, 0x23, 0x32, 0x0a, 0x1d, 0x2c, 0x14, 0x34, 0x4b, 0x09, 0x1d, 0x2b,
  0x06, 0x16, 0x22, 0x06, 0x16, 0x22, 0x05, 0x13, 0x1d, 0x07, 0x22, 0x38,
  0x07, 0x22, 0x38, 0x02, 0x1d, 0x39, 0x02, 0x2a, 0x52, 0x0b, 0x45, 0x77,
  0x0a, 0x45, 0x79, 0x03, 0x2f, 0x59, 0x02, 0x18, 0x2e, 0x06, 0x16, 0x22,
  0x0d, 0x2c, 0x42, 0x06, 0x18, 0x27, 0x04, 0x23, 0x41, 0x09, 0x36, 0x5d,
  0x05, 0x31, 0x5a, 0x08, 0x1e, 0x32, 0x0d, 0x20, 0x2d, 0x04, 0x2d, 0x57,
  0x03, 0x3e, 0x77, 0x01, 0x27, 0x50, 0x01, 0x30, 0x5e, 0x02, 0x33, 0x64,
  0x02, 0x38, 0x6d, 0x02, 0x34, 0x67, 0x08, 0x4a, 0x81, 0x02, 0x2b, 0x58,
  0x01, 0x2b, 0x57, 0x05, 0x17, 0x26, 0x08, 0x13, 0x17, 0x0e, 0x1e, 0x24,
  0x18, 0x2c, 0x33, 0x17, 0x2d, 0x36, 0x21, 0x44, 0x5a, 0x19, 0x39, 0x4c,
  0x10, 0x1e, 0x24, 0x0d, 0x1a, 0x20, 0x09, 0x14, 0x1a, 0x08, 0x14, 0x19,
  0x08, 0x13, 0x18, 0x08, 0x12, 0x17, 0x0a, 0x19, 0x22, 0x08, 0x18, 0x21,
  0x05, 0x0e, 0x16, 0x01, 0x19, 0x32, 0x02, 0x12, 0x23, 0x02, 0x18, 0x32,
  0x02, 0x1e, 0x3e, 0x02, 0x24, 0x48, 0x01, 0x21, 0x46, 0x04, 0x14, 0x23,
  0x08, 0x16, 0x1e, 0x0a, 0x21, 0x32, 0x0a, 0x25, 0x39, 0x09, 0x1e, 0x2e,
  0x08, 0x1f, 0x30, 0x0a, 0x25, 0x3a, 0x10, 0x38, 0x57, 0x17, 0x51, 0x80,
  0x1b, 0x5f, 0x97, 0x1d, 0x66, 0xa1, 0x1b, 0x65, 0xa1, 0x1d, 0x66, 0xa2,
  0x19, 0x61, 0x9c, 0x15, 0x5b, 0x95, 0x15, 0x5c, 0x97, 0x19, 0x63, 0x9f,
  0x17, 0x5e, 0x99, 0x16, 0x5d, 0x98, 0x18, 0x5e, 0x98, 0x18, 0x5f, 0x98,
  0x16, 0x5b, 0x94, 0x15, 0x57, 0x90, 0x17, 0x5c, 0x94, 0x14, 0x58, 0x91,
  0x12, 0x54, 0x8c, 0x11, 0x53, 0x8a, 0x13, 0x55, 0x8b, 0x0f, 0x4c, 0x80,
  0x0f, 0x4a, 0x7d, 0x10, 0x4f, 0x84, 0x0b, 0x49, 0x7f, 0x0b, 0x47, 0x7a,
  0x0c, 0x46, 0x77, 0x0d, 0x49, 0x7c, 0x09, 0x40, 0x71, 0x09, 0x43, 0x75,
  0x0a, 0x43, 0x74, 0x09, 0x3d, 0x6a, 0x09, 0x35, 0x5b, 0x09, 0x3a, 0x64,
  0x08, 0x3a, 0x65, 0x08, 0x3a, 0x67, 0x0a, 0x3f, 0x6d, 0x0b, 0x41, 0x6f,
  0x0a, 0x40, 0x6e, 0x0c, 0x44, 0x75, 0x0a, 0x41, 0x71, 0x0b, 0x43, 0x73,
  0x0c, 0x3b, 0x64, 0x05, 0x18, 0x2c, 0x05, 0x1b, 0x30, 0x05, 0x16, 0x26,
  0x05, 0x11, 0x1b, 0x05, 0x10, 0x1a, 0x05, 0x13, 0x21, 0x05, 0x12, 0x1e,
  0x05, 0x14, 0x21, 0x06, 0x13, 0x1e, 0x08, 0x14, 0x1b, 0x08, 0x14, 0x1b,
  0x07, 0x12, 0x18, 0x09, 0x16, 0x1d, 0x0a, 0x18, 0x20, 0x09, 0x17, 0x1f,
  0x0b, 0x1b, 0x26, 0x0a, 0x1c, 0x28, 0x09, 0x1a, 0x24, 0x0a, 0x1c, 0x28,
  0x09, 0x17, 0x21, 0x08, 0x14, 0x1c, 0x08, 0x13, 0x1b, 0x08, 0x14, 0x1c,
  0x08, 0x14, 0x1c, 0x0a, 0x1b, 0x26, 0x08, 0x16, 0x20, 0x06, 0x0f, 0x14,
  0x07, 0x11, 0x18, 0x07, 0x11, 0x18, 0x07, 0x14, 0x1d, 0x07, 0x15, 0x1e,
  0x08, 0x17, 0x21, 0x08, 0x16, 0x20, 0x08, 0x16, 0x1f, 0x09, 0x1c, 0x29,
  0x08, 0x1a, 0x27, 0x07, 0x17, 0x23, 0x06, 0x16, 0x21, 0x06, 0x14, 0x1d,
  0x06, 0x11, 0x18, 0x05, 0x11, 0x19, 0x06, 0x13, 0x1c, 0x05, 0x11, 0x18,
  0x05, 0x11, 0x19, 0x06, 0x13, 0x1c, 0x06, 0x13, 0x1c, 0x06, 0x13, 0x1d,
  0x06, 0x14, 0x1e, 0x06, 0x14, 0x1e, 0x05, 0x13, 0x1d, 0x06, 0x12, 0x1c,
  0x06, 0x11, 0x1a, 0x06, 0x12, 0x1b, 0x06, 0x14, 0x1d, 0x05, 0x15, 0x20,
  0x05, 0x14, 0x1e, 0x06, 0x13, 0x1d, 0x05, 0x11, 0x19, 0x05, 0x12, 0x1b,
  0x05, 0x11, 0x19, 0x05, 0x12, 0x1b, 0x05, 0x11, 0x18, 0x01, 0x15, 0x2b,
  0x02, 0x1d, 0x3a, 0x06, 0x32, 0x5c, 0x02, 0x1d, 0x3b, 0x03, 0x18, 0x2c,
  0x05, 0x0f, 0x17, 0x04, 0x0f, 0x19, 0x04, 0x0e, 0x16, 0x03, 0x0e, 0x19,
  0x02, 0x16, 0x2b, 0x02, 0x20, 0x41, 0x02, 0x1b, 0x37, 0x01, 0x18, 0x33,
  0x01, 0x1e, 0x3c, 0x03, 0x0f, 0x1a, 0x04, 0x0f, 0x18, 0x06, 0x15, 0x22,
  0x05, 0x11, 0x1a, 0x02, 0x17, 0x2e, 0x02, 0x1b, 0x36, 0x04, 0x21, 0x3e,
  0x02, 0x29, 0x4f, 0x02, 0x18, 0x30, 0x04, 0x0e, 0x15, 0x05, 0x11, 0x1a,
  0x06, 0x16, 0x21, 0x07, 0x18, 0x25, 0x08, 0x1a, 0x27, 0x0a, 0x1e, 0x2d,
  0x09, 0x1d, 0x2c, 0x07, 0x1b, 0x2a, 0x06, 0x17, 0x24, 0x05, 0x13, 0x1e,
  0x07, 0x21, 0x36, 0x05, 0x19, 0x29, 0x03, 0x1a, 0x2f, 0x05, 0x29, 0x49,
  0x05, 0x27, 0x45, 0x03, 0x17, 0x2a, 0x07, 0x17, 0x24, 0x0d, 0x2c, 0x43,
  0x08, 0x22, 0x35, 0x04, 0x13, 0x21, 0x04, 0x29, 0x4e, 0x0b, 0x3f, 0x6d,
  0x06, 0x2e, 0x54, 0x0b, 0x26, 0x3a, 0x10, 0x2e, 0x44, 0x05, 0x2c, 0x52,
  0x03, 0x34, 0x68, 0x05, 0x26, 0x46, 0x05, 0x35, 0x63, 0x03, 0x40, 0x79,
  0x04, 0x40, 0x76, 0x02, 0x40, 0x7b, 0x0c, 0x54, 0x8f, 0x04, 0x30, 0x5e,
  0x01, 0x2d, 0x5e, 0x04, 0x1b, 0x31, 0x08, 0x11, 0x15, 0x10, 0x20, 0x29,
  0x15, 0x28, 0x2f, 0x26, 0x48, 0x5a, 0x37, 0x6d, 0x90, 0x15, 0x2e, 0x3c,
  0x13, 0x24, 0x2b, 0x0f, 0x1d, 0x23, 0x0c, 0x1a, 0x20, 0x0a, 0x16, 0x1a,
  0x09, 0x15, 0x19, 0x08, 0x12, 0x17, 0x0a, 0x16, 0x1d, 0x08, 0x14, 0x1a,
  0x04, 0x0f, 0x19, 0x02, 0x1b, 0x37, 0x02, 0x11, 0x21, 0x01, 0x17, 0x32,
  0x02, 0x1e, 0x3e, 0x02, 0x22, 0x45, 0x01, 0x1d, 0x3d, 0x06, 0x17, 0x25,
  0x0b, 0x20, 0x2f, 0x09, 0x1d, 0x2b, 0x09, 0x1e, 0x2d, 0x0e, 0x30, 0x4c,
  0x14, 0x4a, 0x75, 0x18, 0x5c, 0x94, 0x1a, 0x66, 0xa5, 0x18, 0x62, 0x9f,
  0x1a, 0x62, 0x9c, 0x17, 0x5d, 0x96, 0x14, 0x57, 0x90, 0x14, 0x59, 0x94,
  0x17, 0x5e, 0x9a, 0x16, 0x5d, 0x98, 0x16, 0x5e, 0x99, 0x13, 0x5a, 0x95,
  0x11, 0x58, 0x94, 0x12, 0x59, 0x95, 0x15, 0x59, 0x92, 0x13, 0x55, 0x8c,
  0x14, 0x58, 0x90, 0x15, 0x59, 0x91, 0x14, 0x59, 0x91, 0x11, 0x51, 0x87,
  0x11, 0x52, 0x88, 0x11, 0x53, 0x8a, 0x11, 0x53, 0x8a, 0x0f, 0x4b, 0x7e,
  0x0e, 0x47, 0x78, 0x12, 0x53, 0x89, 0x0f, 0x4f, 0x85, 0x0e, 0x4c, 0x80,
  0x0b, 0x44, 0x74, 0x0b, 0x47, 0x7a, 0x09, 0x43, 0x75, 0x09, 0x42, 0x74,
  0x0a, 0x43, 0x75, 0x09, 0x3e, 0x6c, 0x09, 0x36, 0x5d, 0x09, 0x3a, 0x65,
  0x0a, 0x3c, 0x68, 0x08, 0x39, 0x65, 0x0a, 0x3e, 0x6b, 0x0c, 0x42, 0x70,
  0x0a, 0x41, 0x70, 0x0c, 0x45, 0x76, 0x09, 0x41, 0x71, 0x0a, 0x3e, 0x6d,
  0x07, 0x26, 0x43, 0x05, 0x16, 0x27, 0x06, 0x16, 0x25, 0x05, 0x12, 0x1e,
  0x05, 0x14, 0x21, 0x05, 0x16, 0x27, 0x05, 0x14, 0x22, 0x05, 0x11, 0x1c,
  0x05, 0x12, 0x1d, 0x06, 0x14, 0x21, 0x06, 0x13, 0x1d, 0x07, 0x12, 0x1a,
  0x08, 0x13, 0x1a, 0x08, 0x16, 0x1e, 0x0b, 0x1b, 0x25, 0x0b, 0x1a, 0x25,
  0x0a, 0x19, 0x24, 0x09, 0x18, 0x22, 0x0a, 0x1a, 0x25, 0x0b, 0x1e, 0x2b,
  0x0a, 0x1b, 0x27, 0x0a, 0x19, 0x24, 0x0a, 0x1a, 0x24, 0x09, 0x19, 0x24,
  0x07, 0x14, 0x1b, 0x09, 0x16, 0x1f, 0x08, 0x17, 0x21, 0x06, 0x10, 0x15,
  0x06, 0x11, 0x17, 0x06, 0x11, 0x18, 0x07, 0x13, 0x1b, 0x08, 0x16, 0x21,
  0x07, 0x15, 0x1f, 0x07, 0x14, 0x1d, 0x08, 0x17, 0x22, 0x0b, 0x23, 0x36,
  0x08, 0x19, 0x27, 0x07, 0x14, 0x1c, 0x07, 0x15, 0x20, 0x07, 0x18, 0x25,
  0x07, 0x17, 0x23, 0x07, 0x16, 0x20, 0x08, 0x1b, 0x29, 0x07, 0x17, 0x23,
  0x07, 0x18, 0x25, 0x07, 0x18, 0x24, 0x06, 0x14, 0x1e, 0x06, 0x12, 0x1b,
  0x06, 0x10, 0x17, 0x06, 0x12, 0x1b, 0x06, 0x13, 0x1d, 0x06, 0x14, 0x1e,
  0x06, 0x14, 0x1e, 0x06, 0x13, 0x1c, 0x06, 0x12, 0x1b, 0x06, 0x14, 0x1e,
  0x06, 0x14, 0x1f, 0x0a, 0x22, 0x33, 0x08, 0x1a, 0x26, 0x05, 0x11, 0x1b,
  0x05, 0x11, 0x1b, 0x05, 0x13, 0x1c, 0x05, 0x10, 0x16, 0x02, 0x15, 0x29,
  0x01, 0x1e, 0x40, 0x02, 0x1d, 0x3b, 0x02, 0x1f, 0x40, 0x03, 0x1c, 0x35,
  0x04, 0x0c, 0x14, 0x05, 0x14, 0x21, 0x06, 0x19, 0x2a, 0x05, 0x12, 0x1d,
  0x04, 0x0e, 0x16, 0x02, 0x19, 0x32, 0x01, 0x15, 0x2b, 0x05, 0x29, 0x4e,
  0x03, 0x2a, 0x51, 0x02, 0x1e, 0x3c, 0x03, 0x0c, 0x14, 0x04, 0x11, 0x1a,
  0x07, 0x19, 0x26, 0x04, 0x0f, 0x18, 0x01, 0x1d, 0x3c, 0x07, 0x3a, 0x69,
  0x03, 0x29, 0x4f, 0x01, 0x1c, 0x3a, 0x03, 0x0d, 0x16, 0x05, 0x0c, 0x10,
  0x05, 0x11, 0x19, 0x07, 0x17, 0x22, 0x0d, 0x24, 0x34, 0x0e, 0x26, 0x37,
  0x0b, 0x22, 0x31, 0x08, 0x1c, 0x2b, 0x07, 0x19, 0x27, 0x05, 0x12, 0x1b,
  0x05, 0x0e, 0x14, 0x05, 0x14, 0x1f, 0x06, 0x15, 0x20, 0x03, 0x0e, 0x17,
  0x02, 0x0b, 0x11, 0x07, 0x1a, 0x28, 0x11, 0x32, 0x4a, 0x0c, 0x24, 0x36,
  0x03, 0x0e, 0x17, 0x04, 0x25, 0x44, 0x02, 0x2d, 0x5a, 0x00, 0x22, 0x47,
  0x07, 0x1f, 0x36, 0x12, 0x33, 0x4b, 0x1a, 0x44, 0x62, 0x0a, 0x30, 0x51,
  0x01, 0x3a, 0x72, 0x0c, 0x51, 0x8c, 0x09, 0x50, 0x90, 0x07, 0x50, 0x90,
  0x0d, 0x51, 0x8a, 0x08, 0x4e, 0x8c, 0x0c, 0x55, 0x91, 0x07, 0x36, 0x63,
  0x00, 0x29, 0x58, 0x03, 0x21, 0x40, 0x08, 0x11, 0x15, 0x0f, 0x21, 0x2b,
  0x12, 0x24, 0x2d, 0x32, 0x56, 0x69, 0x37, 0x62, 0x7b, 0x15, 0x29, 0x31,
  0x14, 0x25, 0x2b, 0x11, 0x22, 0x29, 0x0e, 0x1b, 0x20, 0x0c, 0x17, 0x1a,
  0x0c, 0x17, 0x1b, 0x09, 0x13, 0x18, 0x09, 0x15, 0x1b, 0x07, 0x11, 0x16,
  0x03, 0x11, 0x1f, 0x02, 0x17, 0x2f, 0x02, 0x10, 0x20, 0x01, 0x17, 0x31,
  0x03, 0x1f, 0x3e, 0x02, 0x1f, 0x41, 0x01, 0x1c, 0x39, 0x06, 0x14, 0x20,
  0x06, 0x18, 0x25, 0x0e, 0x32, 0x50, 0x18, 0x57, 0x8a, 0x1c, 0x69, 0xa6,
  0x1b, 0x66, 0xa4, 0x18, 0x60, 0x9c, 0x16, 0x5d, 0x98, 0x17, 0x5f, 0x99,
  0x19, 0x5f, 0x98, 0x16, 0x5b, 0x94, 0x15, 0x5b, 0x96, 0x14, 0x5c, 0x98,
  0x17, 0x60, 0x9b, 0x16, 0x5c, 0x96, 0x12, 0x56, 0x8f, 0x12, 0x57, 0x91,
  0x12, 0x58, 0x93, 0x11, 0x57, 0x90, 0x13, 0x59, 0x93, 0x10, 0x53, 0x8b,
  0x10, 0x52, 0x89, 0x13, 0x57, 0x90, 0x10, 0x50, 0x87, 0x10, 0x4e, 0x84,
  0x0f, 0x4f, 0x85, 0x10, 0x4f, 0x85, 0x0d, 0x4b, 0x7f, 0x0c, 0x45, 0x76,
  0x0d, 0x47, 0x77, 0x0f, 0x4e, 0x83, 0x10, 0x50, 0x85, 0x10, 0x4c, 0x80,
  0x0b, 0x44, 0x74, 0x0d, 0x49, 0x7c, 0x0a, 0x43, 0x75, 0x09, 0x41, 0x73,
  0x09, 0x40, 0x72, 0x09, 0x3f, 0x6c, 0x09, 0x35, 0x5c, 0x09, 0x39, 0x62,
  0x0a, 0x3b, 0x66, 0x09, 0x3b, 0x66, 0x08, 0x3c, 0x68, 0x0c, 0x42, 0x70,
  0x0b, 0x43, 0x73, 0x0c, 0x46, 0x76, 0x0b, 0x42, 0x72, 0x09, 0x39, 0x64,
  0x06, 0x1d, 0x33, 0x05, 0x14, 0x22, 0x06, 0x13, 0x20, 0x05, 0x18, 0x2a,
  0x05, 0x19, 0x2e, 0x05, 0x14, 0x22, 0x05, 0x11, 0x1c, 0x05, 0x11, 0x1c,
  0x06, 0x11, 0x1b, 0x05, 0x14, 0x21, 0x06, 0x14, 0x21, 0x06, 0x15, 0x20,
  0x08, 0x14, 0x1c, 0x09, 0x16, 0x1e, 0x0b, 0x1a, 0x23, 0x0a, 0x19, 0x24,
  0x08, 0x17, 0x23, 0x08, 0x1a, 0x29, 0x09, 0x1c, 0x2c, 0x08, 0x1b, 0x29,
  0x08, 0x19, 0x25, 0x0a, 0x1a, 0x24, 0x0a, 0x1a, 0x26, 0x0a, 0x1a, 0x25,
  0x09, 0x18, 0x23, 0x08, 0x13, 0x1b, 0x07, 0x15, 0x1f, 0x06, 0x11, 0x18,
  0x07, 0x10, 0x16, 0x06, 0x10, 0x16, 0x07, 0x13, 0x1c, 0x08, 0x16, 0x21,
  0x08, 0x16, 0x1f, 0x07, 0x14, 0x1b, 0x07, 0x17, 0x22, 0x0d, 0x26, 0x38,
  0x0b, 0x20, 0x31, 0x07, 0x13, 0x1b, 0x07, 0x11, 0x18, 0x07, 0x14, 0x1c,
  0x07, 0x15, 0x20, 0x07, 0x17, 0x21, 0x08, 0x19, 0x26, 0x08, 0x18, 0x24,
  0x07, 0x18, 0x25, 0x07, 0x19, 0x27, 0x07, 0x18, 0x24, 0x06, 0x15, 0x1f,
  0x07, 0x18, 0x25, 0x0c, 0x27, 0x3c, 0x08, 0x1c, 0x2b, 0x06, 0x13, 0x1c,
  0x05, 0x12, 0x1b, 0x05, 0x11, 0x1a, 0x06, 0x12, 0x1b, 0x06, 0x12, 0x1c,
  0x04, 0x0f, 0x18, 0x08, 0x1b, 0x29, 0x09, 0x1c, 0x2a, 0x04, 0x10, 0x1a,
  0x05, 0x12, 0x1d, 0x05, 0x10, 0x18, 0x05, 0x0e, 0x14, 0x03, 0x14, 0x25,
  0x01, 0x22, 0x48, 0x01, 0x1b, 0x3b, 0x01, 0x20, 0x42, 0x02, 0x1f, 0x3d,
  0x03, 0x0c, 0x13, 0x05, 0x13, 0x1e, 0x07, 0x21, 0x37, 0x06, 0x19, 0x28,
  0x05, 0x10, 0x18, 0x04, 0x0e, 0x17, 0x01, 0x1a, 0x34, 0x05, 0x2a, 0x4e,
  0x03, 0x26, 0x4a, 0x02, 0x2a, 0x53, 0x02, 0x14, 0x27, 0x05, 0x0f, 0x17,
  0x07, 0x18, 0x25, 0x06, 0x14, 0x20, 0x03, 0x13, 0x24, 0x02, 0x1d, 0x3a,
  0x02, 0x20, 0x42, 0x03, 0x16, 0x2c, 0x02, 0x12, 0x23, 0x03, 0x0f, 0x1b,
  0x04, 0x0c, 0x12, 0x06, 0x11, 0x18, 0x0c, 0x22, 0x31, 0x0e, 0x26, 0x36,
  0x0a, 0x1c, 0x28, 0x08, 0x16, 0x20, 0x07, 0x17, 0x23, 0x07, 0x1a, 0x28,
  0x06, 0x15, 0x20, 0x05, 0x11, 0x1b, 0x05, 0x15, 0x21, 0x08, 0x1e, 0x30,
  0x0e, 0x2e, 0x48, 0x0c, 0x29, 0x40, 0x08, 0x1d, 0x2e, 0x03, 0x13, 0x23,
  0x02, 0x20, 0x3f, 0x03, 0x2b, 0x53, 0x03, 0x1e, 0x3b, 0x07, 0x1e, 0x30,
  0x0b, 0x24, 0x37, 0x14, 0x38, 0x53, 0x23, 0x51, 0x71, 0x15, 0x37, 0x51,
  0x02, 0x39, 0x70, 0x06, 0x53, 0x97, 0x04, 0x4d, 0x8f, 0x0b, 0x56, 0x97,
  0x0e, 0x55, 0x8f, 0x0c, 0x53, 0x8f, 0x0e, 0x5a, 0x98, 0x0e, 0x4c, 0x80,
  0x00, 0x29, 0x56, 0x02, 0x27, 0x50, 0x06, 0x14, 0x1e, 0x0b, 0x19, 0x21,
  0x12, 0x24, 0x2d, 0x1c, 0x32, 0x3b, 0x22, 0x3d, 0x4b, 0x19, 0x2e, 0x37,
  0x13, 0x21, 0x25, 0x11, 0x1d, 0x21, 0x0e, 0x19, 0x1c, 0x0d, 0x1a, 0x1d,
  0x0b, 0x15, 0x19, 0x0a, 0x15, 0x19, 0x09, 0x14, 0x18, 0x06, 0x0e, 0x11,
  0x02, 0x13, 0x24, 0x02, 0x14, 0x27, 0x02, 0x11, 0x22, 0x01, 0x15, 0x2c,
  0x02, 0x21, 0x40, 0x02, 0x1b, 0x39, 0x02, 0x19, 0x32, 0x0d, 0x29, 0x3f,
  0x17, 0x4e, 0x7b, 0x1f, 0x6a, 0xa8, 0x1c, 0x68, 0xa5, 0x19, 0x61, 0x9c,
  0x12, 0x58, 0x92, 0x15, 0x5b, 0x95, 0x17, 0x5e, 0x98, 0x17, 0x5c, 0x95,
  0x16, 0x5a, 0x92, 0x17, 0x5e, 0x98, 0x15, 0x5d, 0x98, 0x15, 0x5d, 0x99,
  0x15, 0x5c, 0x97, 0x11, 0x53, 0x8a, 0x0f, 0x50, 0x86, 0x12, 0x56, 0x8f,
  0x11, 0x56, 0x90, 0x10, 0x54, 0x8e, 0x0f, 0x54, 0x8d, 0x0e, 0x4f, 0x87,
  0x0d, 0x4d, 0x85, 0x0f, 0x51, 0x8a, 0x0d, 0x4c, 0x82, 0x0c, 0x4a, 0x7f,
  0x0d, 0x4c, 0x81, 0x0e, 0x4c, 0x80, 0x0d, 0x48, 0x7a, 0x0e, 0x49, 0x7c,
  0x0e, 0x4c, 0x81, 0x0f, 0x4f, 0x85, 0x0e, 0x4d, 0x82, 0x0d, 0x47, 0x78,
  0x0e, 0x47, 0x79, 0x0e, 0x4b, 0x7e, 0x0a, 0x45, 0x77, 0x08, 0x40, 0x71,
  0x09, 0x42, 0x74, 0x09, 0x3f, 0x6e, 0x08, 0x32, 0x57, 0x09, 0x38, 0x62,
  0x0a, 0x3d, 0x69, 0x0a, 0x3e, 0x6b, 0x0a, 0x41, 0x6f, 0x0a, 0x3f, 0x6d,
  0x0b, 0x42, 0x72, 0x0c, 0x45, 0x76, 0x0b, 0x41, 0x70, 0x08, 0x32, 0x57,
  0x06, 0x18, 0x2a, 0x05, 0x18, 0x29, 0x05, 0x1c, 0x32, 0x06, 0x1a, 0x2e,
  0x05, 0x15, 0x23, 0x05, 0x13, 0x1f, 0x05, 0x14, 0x23, 0x05, 0x11, 0x1c,
  0x05, 0x13, 0x21, 0x05, 0x11, 0x1d, 0x05, 0x12, 0x1f, 0x05, 0x14, 0x22,
  0x06, 0x13, 0x1d, 0x08, 0x14, 0x1d, 0x09, 0x18, 0x22, 0x07, 0x18, 0x26,
  0x07, 0x2b, 0x4a, 0x0c, 0x41, 0x6e, 0x0c, 0x40, 0x6f, 0x09, 0x3a, 0x65,
  0x09, 0x32, 0x58, 0x0a, 0x29, 0x43, 0x0a, 0x1b, 0x28, 0x0a, 0x19, 0x22,
  0x0b, 0x1c, 0x27, 0x09, 0x18, 0x23, 0x07, 0x13, 0x1b, 0x07, 0x14, 0x1c,
  0x07, 0x12, 0x19, 0x06, 0x11, 0x17, 0x06, 0x12, 0x1a, 0x07, 0x14, 0x1d,
  0x07, 0x13, 0x1b, 0x07, 0x14, 0x1c, 0x08, 0x15, 0x1e, 0x09, 0x1c, 0x28,
  0x0a, 0x1d, 0x2c, 0x07, 0x12, 0x19, 0x07, 0x11, 0x17, 0x07, 0x13, 0x1c,
  0x07, 0x17, 0x22, 0x07, 0x16, 0x22, 0x07, 0x15, 0x1f, 0x07, 0x15, 0x1e,
  0x07, 0x16, 0x21, 0x07, 0x15, 0x1f, 0x06, 0x15, 0x20, 0x07, 0x19, 0x27,
  0x07, 0x1b, 0x2a, 0x07, 0x1a, 0x29, 0x07, 0x1d, 0x2d, 0x07, 0x1b, 0x2b,
  0x06, 0x1a, 0x2a, 0x06, 0x1a, 0x2a, 0x07, 0x1c, 0x2d, 0x07, 0x1d, 0x2e,
  0x07, 0x1b, 0x2b, 0x05, 0x15, 0x23, 0x06, 0x16, 0x23, 0x09, 0x21, 0x33,
  0x09, 0x21, 0x33, 0x07, 0x1b, 0x2b, 0x06, 0x17, 0x24, 0x04, 0x14, 0x23,
  0x02, 0x23, 0x48, 0x01, 0x24, 0x4b, 0x02, 0x23, 0x49, 0x02, 0x24, 0x47,
  0x03, 0x0f, 0x1b, 0x04, 0x0d, 0x13, 0x05, 0x14, 0x20, 0x04, 0x14, 0x21,
  0x05, 0x11, 0x1b, 0x04, 0x0b, 0x10, 0x02, 0x1a, 0x33, 0x01, 0x24, 0x4b,
  0x01, 0x22, 0x46, 0x02, 0x29, 0x52, 0x03, 0x27, 0x4b, 0x03, 0x0e, 0x18,
  0x05, 0x12, 0x1c, 0x06, 0x14, 0x1e, 0x05, 0x10, 0x18, 0x03, 0x10, 0x1d,
  0x03, 0x16, 0x2a, 0x04, 0x25, 0x45, 0x02, 0x27, 0x4f, 0x01, 0x1e, 0x40,
  0x03, 0x10, 0x1f, 0x05, 0x0e, 0x13, 0x05, 0x10, 0x17, 0x07, 0x14, 0x1d,
  0x09, 0x1a, 0x26, 0x08, 0x19, 0x26, 0x08, 0x1a, 0x27, 0x09, 0x22, 0x35,
  0x0a, 0x27, 0x3d, 0x0a, 0x2e, 0x49, 0x07, 0x29, 0x45, 0x0c, 0x2e, 0x49,
  0x0d, 0x2b, 0x44, 0x04, 0x1a, 0x30, 0x02, 0x21, 0x40, 0x02, 0x2a, 0x53,
  0x03, 0x2b, 0x55, 0x02, 0x14, 0x27, 0x09, 0x1d, 0x2d, 0x13, 0x38, 0x53,
  0x14, 0x38, 0x52, 0x24, 0x50, 0x6f, 0x1d, 0x46, 0x65, 0x1d, 0x41, 0x5a,
  0x07, 0x30, 0x57, 0x03, 0x4b, 0x8e, 0x04, 0x52, 0x98, 0x08, 0x58, 0x9d,
  0x0e, 0x5a, 0x99, 0x0d, 0x59, 0x96, 0x0f, 0x5e, 0x9e, 0x16, 0x65, 0xa2,
  0x01, 0x26, 0x4e, 0x04, 0x2a, 0x52, 0x04, 0x1d, 0x36, 0x08, 0x10, 0x14,
  0x0e, 0x1e, 0x25, 0x12, 0x22, 0x27, 0x15, 0x26, 0x2b, 0x13, 0x23, 0x28,
  0x12, 0x20, 0x24, 0x11, 0x1e, 0x21, 0x10, 0x1d, 0x20, 0x0e, 0x1a, 0x1d,
  0x0a, 0x14, 0x17, 0x09, 0x13, 0x17, 0x08, 0x10, 0x13, 0x05, 0x0e, 0x15,
  0x02, 0x13, 0x27, 0x03, 0x0f, 0x1c, 0x02, 0x10, 0x21, 0x02, 0x14, 0x2a,
  0x02, 0x1e, 0x3c, 0x00, 0x17, 0x33, 0x07, 0x26, 0x45, 0x1e, 0x66, 0x9f,
  0x1f, 0x69, 0xa6, 0x1c, 0x65, 0xa0, 0x19, 0x62, 0x9c, 0x17, 0x5e, 0x98,
  0x15, 0x5a, 0x94, 0x16, 0x5d, 0x97, 0x16, 0x5c, 0x95, 0x14, 0x55, 0x8c,
  0x14, 0x56, 0x8e, 0x17, 0x5f, 0x9a, 0x17, 0x60, 0x9b, 0x14, 0x5b, 0x97,
  0x11, 0x53, 0x8c, 0x10, 0x4f, 0x85, 0x10, 0x4f, 0x85, 0x0e, 0x4e, 0x85,
  0x0f, 0x52, 0x8a, 0x0f, 0x53, 0x8c, 0x10, 0x54, 0x8d, 0x0e, 0x4f, 0x88,
  0x0c, 0x4c, 0x83, 0x0d, 0x4f, 0x87, 0x0d, 0x4d, 0x85, 0x0d, 0x4c, 0x82,
  0x0c, 0x49, 0x7d, 0x0e, 0x4a, 0x7e, 0x0d, 0x4a, 0x7f, 0x0e, 0x4b, 0x80,
  0x0e, 0x4e, 0x84, 0x0e, 0x4b, 0x7e, 0x0e, 0x48, 0x7b, 0x0d, 0x46, 0x77,
  0x0e, 0x48, 0x79, 0x0c, 0x47, 0x78, 0x0b, 0x45, 0x77, 0x0b, 0x44, 0x74,
  0x09, 0x42, 0x73, 0x09, 0x3e, 0x6d, 0x09, 0x34, 0x5a, 0x08, 0x38, 0x62,
  0x09, 0x3c, 0x69, 0x0a, 0x3f, 0x6d, 0x0d, 0x45, 0x74, 0x0c, 0x43, 0x71,
  0x0a, 0x3f, 0x6d, 0x09, 0x3e, 0x6c, 0x0b, 0x43, 0x73, 0x08, 0x2a, 0x49,
  0x05, 0x17, 0x29, 0x06, 0x1e, 0x35, 0x06, 0x1c, 0x32, 0x06, 0x19, 0x2b,
  0x06, 0x15, 0x23, 0x05, 0x16, 0x26, 0x05, 0x13, 0x22, 0x04, 0x12, 0x21,
  0x05, 0x15, 0x24, 0x05, 0x12, 0x1f, 0x05, 0x13, 0x21, 0x06, 0x13, 0x20,
  0x06, 0x13, 0x1e, 0x06, 0x17, 0x25, 0x07, 0x15, 0x21, 0x09, 0x29, 0x48,
  0x0e, 0x4c, 0x82, 0x0e, 0x4f, 0x86, 0x0c, 0x4c, 0x83, 0x0d, 0x4e, 0x87,
  0x0e, 0x4e, 0x86, 0x0f, 0x4e, 0x84, 0x0e, 0x41, 0x6e, 0x09, 0x26, 0x3e,
  0x08, 0x19, 0x24, 0x09, 0x19, 0x23, 0x08, 0x16, 0x1f, 0x08, 0x15, 0x1d,
  0x08, 0x14, 0x1d, 0x06, 0x11, 0x18, 0x06, 0x10, 0x17, 0x07, 0x12, 0x1a,
  0x06, 0x11, 0x19, 0x06, 0x12, 0x1a, 0x08, 0x15, 0x1e, 0x08, 0x17, 0x22,
  0x07, 0x14, 0x1c, 0x06, 0x12, 0x18, 0x07, 0x13, 0x1b, 0x07, 0x15, 0x1d,
  0x07, 0x17, 0x22, 0x07, 0x16, 0x21, 0x07, 0x15, 0x1f, 0x07, 0x14, 0x1e,
  0x07, 0x17, 0x21, 0x07, 0x16, 0x21, 0x08, 0x19, 0x25, 0x08, 0x1d, 0x2e,
  0x08, 0x1c, 0x2c, 0x08, 0x1d, 0x2e, 0x06, 0x1a, 0x2a, 0x07, 0x19, 0x27,
  0x06, 0x17, 0x26, 0x06, 0x18, 0x28, 0x06, 0x1a, 0x29, 0x06, 0x1c, 0x2d,
  0x08, 0x1f, 0x31, 0x07, 0x1a, 0x29, 0x07, 0x1b, 0x2a, 0x08, 0x1c, 0x2c,
  0x07, 0x1e, 0x2f, 0x07, 0x1e, 0x31, 0x06, 0x1f, 0x32, 0x06, 0x18, 0x26,
  0x04, 0x25, 0x46, 0x02, 0x2b, 0x56, 0x01, 0x23, 0x48, 0x02, 0x26, 0x4b,
  0x03, 0x17, 0x2b, 0x03, 0x0a, 0x0f, 0x05, 0x0d, 0x12, 0x04, 0x0f, 0x16,
  0x04, 0x0e, 0x17, 0x03, 0x0e, 0x19, 0x02, 0x10, 0x1d, 0x02, 0x26, 0x4c,
  0x02, 0x29, 0x52, 0x01, 0x28, 0x51, 0x05, 0x39, 0x69, 0x02, 0x15, 0x29,
  0x04, 0x0f, 0x17, 0x04, 0x12, 0x1e, 0x03, 0x10, 0x1e, 0x03, 0x0e, 0x1a,
  0x01, 0x1c, 0x39, 0x03, 0x2d, 0x57, 0x08, 0x36, 0x61, 0x01, 0x1a, 0x36,
  0x02, 0x12, 0x23, 0x04, 0x0c, 0x11, 0x05, 0x0f, 0x16, 0x05, 0x0e, 0x15,
  0x05, 0x0f, 0x16, 0x06, 0x13, 0x1d, 0x07, 0x18, 0x23, 0x08, 0x1b, 0x29,
  0x0a, 0x24, 0x38, 0x0a, 0x2e, 0x49, 0x07, 0x2a, 0x46, 0x03, 0x1b, 0x31,
  0x02, 0x22, 0x43, 0x02, 0x1f, 0x3e, 0x02, 0x26, 0x4b, 0x02, 0x30, 0x5e,
  0x08, 0x35, 0x60, 0x02, 0x17, 0x2e, 0x0b, 0x24, 0x37, 0x1b, 0x44, 0x64,
  0x1d, 0x41, 0x5b, 0x28, 0x53, 0x70, 0x29, 0x56, 0x74, 0x2a, 0x57, 0x75,
  0x12, 0x37, 0x55, 0x02, 0x48, 0x88, 0x06, 0x5b, 0xa5, 0x06, 0x4f, 0x8f,
  0x0b, 0x49, 0x7f, 0x11, 0x5e, 0x9c, 0x14, 0x69, 0xab, 0x1d, 0x78, 0xbb,
  0x0a, 0x42, 0x75, 0x03, 0x2b, 0x55, 0x02, 0x27, 0x4e, 0x05, 0x0f, 0x16,
  0x09, 0x16, 0x1c, 0x0e, 0x1c, 0x21, 0x0f, 0x1c, 0x21, 0x11, 0x20, 0x26,
  0x13, 0x22, 0x26, 0x12, 0x21, 0x25, 0x10, 0x1d, 0x21, 0x0b, 0x15, 0x18,
  0x09, 0x12, 0x15, 0x08, 0x10, 0x13, 0x06, 0x0d, 0x10, 0x03, 0x10, 0x1d,
  0x02, 0x12, 0x23, 0x02, 0x0e, 0x1a, 0x02, 0x11, 0x22, 0x02, 0x17, 0x2d,
  0x02, 0x1d, 0x3b, 0x00, 0x18, 0x36, 0x0f, 0x41, 0x6c, 0x20, 0x6d, 0xa8,
  0x1f, 0x67, 0xa1, 0x1f, 0x69, 0xa4, 0x1b, 0x64, 0x9e, 0x18, 0x5e, 0x96,
  0x1a, 0x5f, 0x98, 0x18, 0x5c, 0x94, 0x16, 0x5a, 0x92, 0x15, 0x55, 0x8b,
  0x15, 0x57, 0x8c, 0x16, 0x5b, 0x93, 0x13, 0x57, 0x8f, 0x10, 0x52, 0x89,
  0x0f, 0x4f, 0x87, 0x0d, 0x4c, 0x83, 0x0e, 0x4b, 0x80, 0x0f, 0x4d, 0x81,
  0x0e, 0x4e, 0x85, 0x0f, 0x51, 0x8a, 0x0f, 0x52, 0x8a, 0x0d, 0x4e, 0x84,
  0x0e, 0x4d, 0x83, 0x0f, 0x50, 0x87, 0x0e, 0x4f, 0x86, 0x0c, 0x4c, 0x83,
  0x0c, 0x4a, 0x7f, 0x0d, 0x48, 0x7a, 0x0f, 0x4d, 0x81, 0x0e, 0x4c, 0x81,
  0x0e, 0x4d, 0x83, 0x0e, 0x49, 0x7c, 0x0b, 0x44, 0x75, 0x0b, 0x43, 0x74,
  0x0c, 0x44, 0x75, 0x0d, 0x46, 0x77, 0x0c, 0x46, 0x78, 0x0b, 0x42, 0x72,
  0x09, 0x41, 0x71, 0x09, 0x3f, 0x6d, 0x08, 0x33, 0x59, 0x09, 0x3a, 0x65,
  0x08, 0x3c, 0x6a, 0x09, 0x3f, 0x6e, 0x0b, 0x41, 0x6f, 0x0b, 0x41, 0x70,
  0x0a, 0x41, 0x71, 0x09, 0x3e, 0x6c, 0x0e, 0x46, 0x77, 0x09, 0x2c, 0x4b,
  0x05, 0x19, 0x2e, 0x06, 0x1d, 0x33, 0x05, 0x1a, 0x2f, 0x06, 0x18, 0x28,
  0x06, 0x14, 0x21, 0x04, 0x17, 0x2a, 0x04, 0x14, 0x23, 0x04, 0x16, 0x29,
  0x05, 0x13, 0x1f, 0x05, 0x14, 0x22, 0x06, 0x12, 0x1d, 0x05, 0x13, 0x1f,
  0x06, 0x13, 0x1f, 0x05, 0x14, 0x21, 0x07, 0x1e, 0x33, 0x0d, 0x47, 0x78,
  0x0e, 0x4d, 0x84, 0x0d, 0x4e, 0x86, 0x0d, 0x4d, 0x86, 0x0d, 0x4f, 0x88,
  0x0c, 0x4c, 0x84, 0x0e, 0x4d, 0x85, 0x10, 0x50, 0x87, 0x11, 0x53, 0x8b,
  0x0d, 0x3f, 0x6a, 0x09, 0x26, 0x3c, 0x08, 0x17, 0x20, 0x09, 0x15, 0x1d,
  0x07, 0x14, 0x1d, 0x07, 0x13, 0x1b, 0x07, 0x12, 0x19, 0x06, 0x10, 0x16,
  0x06, 0x11, 0x17, 0x07, 0x14, 0x1d, 0x07, 0x13, 0x1a, 0x07, 0x12, 0x19,
  0x08, 0x16, 0x1f, 0x09, 0x19, 0x25, 0x06, 0x12, 0x19, 0x06, 0x11, 0x18,
  0x07, 0x12, 0x1a, 0x07, 0x15, 0x20, 0x09, 0x1e, 0x2d, 0x09, 0x1c, 0x2a,
  0x07, 0x16, 0x20, 0x08, 0x17, 0x22, 0x07, 0x17, 0x22, 0x08, 0x1d, 0x2c,
  0x08, 0x1d, 0x2c, 0x09, 0x20, 0x32, 0x07, 0x1a, 0x28, 0x0a, 0x20, 0x31,
  0x0d, 0x29, 0x40, 0x08, 0x1b, 0x29, 0x05, 0x15, 0x20, 0x06, 0x18, 0x27,
  0x07, 0x1b, 0x2b, 0x06, 0x18, 0x25, 0x10, 0x2e, 0x45, 0x10, 0x2c, 0x41,
  0x06, 0x17, 0x23, 0x07, 0x1c, 0x2c, 0x07, 0x1c, 0x2c, 0x08, 0x1b, 0x2a,
  0x04, 0x1c, 0x35, 0x01, 0x27, 0x4f, 0x01, 0x22, 0x47, 0x02, 0x28, 0x4f,
  0x04, 0x22, 0x40, 0x03, 0x0c, 0x17, 0x03, 0x13, 0x23, 0x03, 0x11, 0x1f,
  0x03, 0x10, 0x1f, 0x02, 0x14, 0x27, 0x02, 0x10, 0x20, 0x02, 0x1e, 0x3d,
  0x02, 0x2f, 0x5e, 0x01, 0x27, 0x4e, 0x04, 0x32, 0x5d, 0x05, 0x2e, 0x55,
  0x02, 0x10, 0x22, 0x02, 0x19, 0x32, 0x01, 0x1a, 0x35, 0x02, 0x19, 0x32,
  0x02, 0x17, 0x2e, 0x04, 0x28, 0x4d, 0x03, 0x2e, 0x59, 0x02, 0x1f, 0x41,
  0x02, 0x17, 0x2f, 0x03, 0x10, 0x1d, 0x05, 0x0c, 0x11, 0x05, 0x10, 0x18,
  0x04, 0x0e, 0x15, 0x05, 0x0e, 0x14, 0x05, 0x11, 0x18, 0x06, 0x14, 0x1e,
  0x07, 0x19, 0x26, 0x06, 0x1b, 0x2b, 0x05, 0x16, 0x25, 0x06, 0x26, 0x44,
  0x03, 0x2e, 0x5b, 0x05, 0x2e, 0x55, 0x06, 0x32, 0x5b, 0x01, 0x2a, 0x56,
  0x07, 0x37, 0x63, 0x03, 0x23, 0x45, 0x07, 0x19, 0x27, 0x1a, 0x3e, 0x58,
  0x1c, 0x42, 0x5d, 0x1c, 0x43, 0x5e, 0x2b, 0x57, 0x75, 0x2e, 0x5d, 0x7d,
  0x1d, 0x3f, 0x56, 0x07, 0x43, 0x77, 0x04, 0x59, 0xa6, 0x04, 0x31, 0x5e,
  0x04, 0x29, 0x4d, 0x10, 0x58, 0x93, 0x19, 0x70, 0xb1, 0x20, 0x79, 0xb9,
  0x1e, 0x70, 0xac, 0x00, 0x26, 0x52, 0x02, 0x2f, 0x5f, 0x03, 0x1b, 0x33,
  0x07, 0x0e, 0x11, 0x0a, 0x16, 0x1b, 0x0c, 0x18, 0x1c, 0x0f, 0x1c, 0x20,
  0x10, 0x1b, 0x1e, 0x10, 0x1d, 0x21, 0x0d, 0x18, 0x1b, 0x09, 0x12, 0x14,
  0x07, 0x0f, 0x11, 0x07, 0x0e, 0x10, 0x04, 0x0d, 0x14, 0x02, 0x12, 0x22,
  0x03, 0x0d, 0x18, 0x02, 0x10, 0x1f, 0x02, 0x10, 0x21, 0x02, 0x1a, 0x36,
  0x01, 0x1c, 0x3b, 0x02, 0x1e, 0x3d, 0x15, 0x54, 0x88, 0x19, 0x63, 0x9e,
  0x1c, 0x65, 0xa0, 0x1d, 0x66, 0xa0, 0x1a, 0x61, 0x99, 0x1c, 0x62, 0x9b,
  0x1a, 0x5f, 0x97, 0x17, 0x5b, 0x92, 0x14, 0x57, 0x8d, 0x16, 0x56, 0x8a,
  0x14, 0x53, 0x86, 0x13, 0x52, 0x86, 0x10, 0x4f, 0x84, 0x10, 0x52, 0x89,
  0x12, 0x55, 0x8d, 0x0e, 0x4e, 0x86, 0x0c, 0x48, 0x7b, 0x0c, 0x46, 0x77,
  0x0d, 0x47, 0x7a, 0x0d, 0x4a, 0x7e, 0x0d, 0x4b, 0x7f, 0x0e, 0x4d, 0x81,
  0x0e, 0x4b, 0x7e, 0x0d, 0x4c, 0x82, 0x0d, 0x4f, 0x86, 0x0d, 0x4f, 0x86,
  0x0c, 0x4b, 0x80, 0x0c, 0x46, 0x78, 0x0d, 0x49, 0x7c, 0x0f, 0x4d, 0x82,
  0x11, 0x51, 0x87, 0x10, 0x4d, 0x80, 0x0c, 0x48, 0x7a, 0x0b, 0x44, 0x74,
  0x0c, 0x46, 0x78, 0x0e, 0x4a, 0x7c, 0x0d, 0x48, 0x79, 0x0b, 0x45, 0x75,
  0x0a, 0x41, 0x72, 0x0a, 0x40, 0x6e, 0x08, 0x33, 0x59, 0x08, 0x3b, 0x67,
  0x08, 0x3b, 0x69, 0x07, 0x3c, 0x6c, 0x08, 0x3d, 0x6d, 0x09, 0x40, 0x70,
  0x09, 0x42, 0x73, 0x09, 0x40, 0x6f, 0x0c, 0x44, 0x75, 0x09, 0x31, 0x55,
  0x05, 0x1c, 0x32, 0x06, 0x1f, 0x35, 0x06, 0x19, 0x2b, 0x06, 0x16, 0x25,
  0x04, 0x19, 0x2e, 0x04, 0x16, 0x27, 0x04, 0x15, 0x25, 0x05, 0x17, 0x28,
  0x05, 0x13, 0x20, 0x04, 0x14, 0x23, 0x05, 0x12, 0x1e, 0x06, 0x14, 0x21,
  0x06, 0x15, 0x23, 0x04, 0x14, 0x22, 0x0b, 0x3b, 0x64, 0x0e, 0x4d, 0x83,
  0x0b, 0x49, 0x80, 0x0c, 0x4e, 0x87, 0x0d, 0x50, 0x8a, 0x0c, 0x4d, 0x86,
  0x0c, 0x4c, 0x85, 0x0d, 0x4f, 0x88, 0x0f, 0x51, 0x89, 0x10, 0x54, 0x8c,
  0x11, 0x55, 0x8e, 0x11, 0x51, 0x87, 0x0f, 0x3e, 0x67, 0x08, 0x1e, 0x30,
  0x07, 0x11, 0x18, 0x08, 0x16, 0x1e, 0x08, 0x15, 0x1e, 0x06, 0x11, 0x17,
  0x06, 0x10, 0x16, 0x07, 0x13, 0x1b, 0x06, 0x12, 0x1a, 0x06, 0x11, 0x17,
  0x06, 0x11, 0x17, 0x07, 0x13, 0x1b, 0x07, 0x15, 0x1e, 0x06, 0x10, 0x17,
  0x06, 0x11, 0x19, 0x07, 0x14, 0x1d, 0x0b, 0x23, 0x35, 0x0d, 0x26, 0x39,
  0x07, 0x18, 0x23, 0x07, 0x16, 0x20, 0x07, 0x14, 0x1d, 0x06, 0x12, 0x1a,
  0x07, 0x16, 0x20, 0x09, 0x1f, 0x30, 0x08, 0x1c, 0x2b, 0x08, 0x1b, 0x29,
  0x10, 0x2e, 0x45, 0x11, 0x30, 0x47, 0x07, 0x15, 0x20, 0x07, 0x17, 0x24,
  0x07, 0x1b, 0x2a, 0x06, 0x19, 0x27, 0x0b, 0x23, 0x36, 0x0c, 0x27, 0x3b,
  0x05, 0x15, 0x22, 0x07, 0x19, 0x26, 0x08, 0x1c, 0x2d, 0x07, 0x1a, 0x28,
  0x04, 0x18, 0x29, 0x01, 0x1f, 0x40, 0x02, 0x18, 0x33, 0x01, 0x1b, 0x38,
  0x03, 0x25, 0x48, 0x02, 0x13, 0x27, 0x01, 0x1c, 0x3b, 0x01, 0x19, 0x34,
  0x02, 0x1b, 0x36, 0x02, 0x1e, 0x3b, 0x02, 0x1f, 0x40, 0x01, 0x1a, 0x35,
  0x01, 0x2c, 0x59, 0x02, 0x1b, 0x37, 0x01, 0x1a, 0x37, 0x07, 0x37, 0x64,
  0x03, 0x1c, 0x37, 0x02, 0x1e, 0x3a, 0x03, 0x23, 0x44, 0x03, 0x2a, 0x50,
  0x02, 0x1b, 0x34, 0x02, 0x14, 0x28, 0x01, 0x27, 0x4e, 0x02, 0x37, 0x6b,
  0x02, 0x1f, 0x3f, 0x01, 0x18, 0x32, 0x03, 0x12, 0x21, 0x04, 0x0d, 0x13,
  0x04, 0x0d, 0x13, 0x04, 0x0f, 0x18, 0x04, 0x0f, 0x17, 0x05, 0x0e, 0x15,
  0x05, 0x11, 0x1a, 0x05, 0x14, 0x20, 0x04, 0x12, 0x1d, 0x04, 0x15, 0x25,
  0x03, 0x2b, 0x53, 0x02, 0x2f, 0x5c, 0x02, 0x29, 0x53, 0x01, 0x29, 0x54,
  0x02, 0x2c, 0x59, 0x02, 0x29, 0x52, 0x02, 0x1a, 0x32, 0x11, 0x2a, 0x3b,
  0x1a, 0x43, 0x60, 0x19, 0x3f, 0x5c, 0x1c, 0x40, 0x59, 0x29, 0x53, 0x71,
  0x27, 0x4d, 0x67, 0x13, 0x39, 0x55, 0x05, 0x51, 0x96, 0x07, 0x49, 0x87,
  0x0e, 0x53, 0x8e, 0x0f, 0x60, 0xa0, 0x1e, 0x71, 0xae, 0x1d, 0x74, 0xb4,
  0x2d, 0x89, 0xc5, 0x0f, 0x47, 0x79, 0x00, 0x2a, 0x59, 0x02, 0x2b, 0x56,
  0x04, 0x12, 0x1e, 0x07, 0x0f, 0x12, 0x09, 0x13, 0x18, 0x0c, 0x17, 0x1a,
  0x0e, 0x17, 0x19, 0x0c, 0x16, 0x18, 0x0a, 0x11, 0x13, 0x08, 0x0f, 0x11,
  0x07, 0x0e, 0x10, 0x05, 0x0d, 0x11, 0x03, 0x10, 0x1e, 0x03, 0x0f, 0x1b,
  0x02, 0x0f, 0x1b, 0x02, 0x0f, 0x1e, 0x02, 0x14, 0x28, 0x01, 0x1a, 0x37,
  0x00, 0x18, 0x34, 0x08, 0x31, 0x58, 0x18, 0x60, 0x9a, 0x1a, 0x5f, 0x98,
  0x19, 0x61, 0x9b, 0x19, 0x60, 0x9b, 0x1a, 0x60, 0x99, 0x1a, 0x62, 0x9c,
  0x19, 0x60, 0x99, 0x17, 0x5d, 0x96, 0x15, 0x57, 0x8e, 0x17, 0x59, 0x8e,
  0x14, 0x53, 0x88, 0x10, 0x4d, 0x7f, 0x12, 0x50, 0x85, 0x11, 0x4f, 0x85,
  0x10, 0x50, 0x88, 0x0d, 0x4d, 0x83, 0x0e, 0x4a, 0x7c, 0x0d, 0x45, 0x75,
  0x0d, 0x42, 0x71, 0x0e, 0x44, 0x73, 0x0d, 0x44, 0x73, 0x0d, 0x43, 0x71,
  0x0c, 0x42, 0x70, 0x0d, 0x47, 0x79, 0x0e, 0x4c, 0x80, 0x0e, 0x4d, 0x83,
  0x0d, 0x49, 0x7c, 0x0d, 0x45, 0x74, 0x0d, 0x45, 0x76, 0x0e, 0x47, 0x79,
  0x10, 0x4e, 0x81, 0x0f, 0x4b, 0x7d, 0x0c, 0x46, 0x77, 0x0b, 0x43, 0x72,
  0x0d, 0x47, 0x77, 0x0e, 0x49, 0x7b, 0x0c, 0x46, 0x77, 0x0b, 0x43, 0x73,
  0x0a, 0x42, 0x72, 0x09, 0x3f, 0x6e, 0x07, 0x31, 0x56, 0x08, 0x39, 0x65,
  0x07, 0x3a, 0x68, 0x07, 0x3c, 0x6b, 0x08, 0x3e, 0x6e, 0x08, 0x3e, 0x6e,
  0x09, 0x40, 0x70, 0x07, 0x3d, 0x6c, 0x0a, 0x43, 0x75, 0x09, 0x35, 0x5b,
  0x05, 0x19, 0x2d, 0x06, 0x18, 0x29, 0x06, 0x17, 0x26, 0x04, 0x1a, 0x2f,
  0x04, 0x19, 0x2f, 0x05, 0x14, 0x23, 0x04, 0x17, 0x2b, 0x05, 0x14, 0x23,
  0x05, 0x14, 0x24, 0x06, 0x14, 0x21, 0x05, 0x14, 0x22, 0x05, 0x15, 0x24,
  0x04, 0x14, 0x23, 0x07, 0x23, 0x3d, 0x10, 0x4c, 0x7f, 0x0d, 0x48, 0x7c,
  0x0a, 0x49, 0x81, 0x0d, 0x51, 0x8b, 0x10, 0x54, 0x8e, 0x0c, 0x4e, 0x88,
  0x0e, 0x52, 0x8d, 0x0d, 0x50, 0x89, 0x0f, 0x51, 0x89, 0x0e, 0x4d, 0x85,
  0x0f, 0x4d, 0x83, 0x11, 0x51, 0x88, 0x12, 0x54, 0x8d, 0x11, 0x4c, 0x7f,
  0x0c, 0x30, 0x4f, 0x06, 0x17, 0x23, 0x06, 0x11, 0x19, 0x07, 0x13, 0x1a,
  0x06, 0x11, 0x17, 0x06, 0x10, 0x15, 0x06, 0x11, 0x18, 0x06, 0x12, 0x19,
  0x06, 0x11, 0x17, 0x06, 0x0f, 0x15, 0x06, 0x11, 0x18, 0x06, 0x0f, 0x15,
  0x06, 0x12, 0x1b, 0x07, 0x13, 0x1a, 0x09, 0x1c, 0x29, 0x0b, 0x1f, 0x2e,
  0x09, 0x1a, 0x27, 0x06, 0x11, 0x18, 0x06, 0x13, 0x1b, 0x06, 0x11, 0x18,
  0x06, 0x12, 0x1a, 0x08, 0x19, 0x26, 0x09, 0x1b, 0x28, 0x08, 0x18, 0x24,
  0x0a, 0x1f, 0x2e, 0x0c, 0x23, 0x33, 0x07, 0x15, 0x1f, 0x07, 0x17, 0x23,
  0x08, 0x1b, 0x28, 0x07, 0x1b, 0x29, 0x06, 0x17, 0x23, 0x06, 0x19, 0x27,
  0x06, 0x19, 0x27, 0x06, 0x16, 0x21, 0x08, 0x1c, 0x2d, 0x07, 0x1c, 0x2b,
  0x05, 0x17, 0x25, 0x02, 0x1a, 0x33, 0x02, 0x1a, 0x34, 0x03, 0x21, 0x41,
  0x03, 0x24, 0x47, 0x03, 0x1b, 0x34, 0x02, 0x1d, 0x3d, 0x02, 0x2a, 0x54,
  0x02, 0x22, 0x44, 0x05, 0x2b, 0x51, 0x02, 0x2c, 0x54, 0x02, 0x2f, 0x5c,
  0x01, 0x24, 0x4a, 0x02, 0x28, 0x4f, 0x08, 0x3c, 0x6c, 0x03, 0x32, 0x60,
  0x06, 0x34, 0x5f, 0x02, 0x11, 0x21, 0x04, 0x1e, 0x37, 0x04, 0x26, 0x47,
  0x02, 0x22, 0x43, 0x03, 0x15, 0x27, 0x03, 0x16, 0x28, 0x02, 0x31, 0x61,
  0x05, 0x3f, 0x75, 0x03, 0x25, 0x48, 0x01, 0x17, 0x31, 0x03, 0x12, 0x22,
  0x02, 0x14, 0x27, 0x02, 0x17, 0x2e, 0x02, 0x0f, 0x1d, 0x03, 0x0e, 0x18,
  0x03, 0x0c, 0x14, 0x04, 0x0f, 0x1a, 0x04, 0x10, 0x1c, 0x04, 0x11, 0x1d,
  0x03, 0x11, 0x1e, 0x02, 0x13, 0x25, 0x02, 0x12, 0x24, 0x02, 0x15, 0x2a,
  0x02, 0x1a, 0x34, 0x03, 0x2c, 0x55, 0x02, 0x30, 0x60, 0x04, 0x19, 0x2a,
  0x0f, 0x2a, 0x3d, 0x14, 0x37, 0x52, 0x15, 0x3b, 0x59, 0x19, 0x3f, 0x5b,
  0x1d, 0x46, 0x64, 0x17, 0x37, 0x4f, 0x0b, 0x42, 0x70, 0x04, 0x4e, 0x94,
  0x06, 0x4d, 0x8c, 0x09, 0x58, 0x9c, 0x10, 0x56, 0x90, 0x1b, 0x74, 0xb5,
  0x1b, 0x74, 0xb5, 0x25, 0x7d, 0xb9, 0x01, 0x29, 0x56, 0x02, 0x26, 0x4d,
  0x02, 0x20, 0x40, 0x05, 0x0e, 0x14, 0x07, 0x11, 0x16, 0x09, 0x13, 0x18,
  0x0a, 0x13, 0x16, 0x0a, 0x12, 0x14, 0x08, 0x10, 0x11, 0x07, 0x0e, 0x10,
  0x05, 0x0d, 0x12, 0x03, 0x10, 0x1d, 0x02, 0x0f, 0x1c, 0x03, 0x0e, 0x19,
  0x02, 0x0e, 0x1c, 0x02, 0x0f, 0x1e, 0x01, 0x1a, 0x36, 0x01, 0x18, 0x34,
  0x01, 0x1c, 0x3b, 0x11, 0x4e, 0x81, 0x1a, 0x61, 0x9b, 0x1a, 0x5f, 0x97,
  0x19, 0x60, 0x99, 0x1b, 0x62, 0x9c, 0x1d, 0x66, 0xa0, 0x1a, 0x62, 0x9b,
  0x16, 0x5b, 0x94, 0x18, 0x5f, 0x98, 0x18, 0x5e, 0x97, 0x12, 0x53, 0x8b,
  0x12, 0x55, 0x8c, 0x13, 0x54, 0x8a, 0x11, 0x4f, 0x84, 0x12, 0x51, 0x86,
  0x10, 0x4f, 0x85, 0x0c, 0x4a, 0x7e, 0x0d, 0x46, 0x76, 0x0e, 0x46, 0x75,
  0x0d, 0x43, 0x71, 0x0c, 0x40, 0x6c, 0x0e, 0x44, 0x71, 0x0d, 0x44, 0x72,
  0x0d, 0x44, 0x73, 0x0e, 0x46, 0x75, 0x0d, 0x46, 0x76, 0x0d, 0x49, 0x7b,
  0x0e, 0x48, 0x7a, 0x0e, 0x46, 0x75, 0x0d, 0x45, 0x74, 0x0d, 0x46, 0x78,
  0x0d, 0x48, 0x7a, 0x0c, 0x44, 0x75, 0x0c, 0x44, 0x74, 0x0b, 0x41, 0x6f,
  0x0c, 0x43, 0x71, 0x0d, 0x47, 0x78, 0x0c, 0x46, 0x77, 0x0b, 0x42, 0x72,
  0x08, 0x3f, 0x6f, 0x09, 0x3f, 0x6e, 0x07, 0x32, 0x57, 0x07, 0x35, 0x5e,
  0x07, 0x3b, 0x69, 0x09, 0x3e, 0x6d, 0x0a, 0x43, 0x73, 0x07, 0x3c, 0x6b,
  0x08, 0x3f, 0x6e, 0x08, 0x3f, 0x6e, 0x0a, 0x43, 0x75, 0x0a, 0x38, 0x61,
  0x06, 0x16, 0x25, 0x06, 0x18, 0x28, 0x05, 0x1c, 0x33, 0x04, 0x1c, 0x33,
  0x05, 0x16, 0x27, 0x05, 0x17, 0x28, 0x04, 0x17, 0x2a, 0x05, 0x13, 0x20,
  0x05, 0x17, 0x28, 0x06, 0x14, 0x21, 0x05, 0x15, 0x24, 0x05, 0x15, 0x24,
  0x04, 0x15, 0x25, 0x0b, 0x39, 0x60, 0x0e, 0x4b, 0x7e, 0x0b, 0x44, 0x76,
  0x0c, 0x4c, 0x84, 0x0f, 0x53, 0x8c, 0x12, 0x57, 0x91, 0x10, 0x54, 0x8d,
  0x10, 0x53, 0x8c, 0x0e, 0x4f, 0x86, 0x0f, 0x50, 0x88, 0x10, 0x52, 0x8b,
  0x11, 0x52, 0x88, 0x0e, 0x46, 0x76, 0x0d, 0x42, 0x72, 0x11, 0x51, 0x86,
  0x12, 0x56, 0x8f, 0x0e, 0x45, 0x75, 0x0a, 0x2c, 0x48, 0x08, 0x19, 0x26,
  0x06, 0x13, 0x1c, 0x07, 0x14, 0x1d, 0x07, 0x12, 0x1a, 0x06, 0x11, 0x18,
  0x06, 0x12, 0x19, 0x06, 0x10, 0x17, 0x05, 0x0f, 0x16, 0x05, 0x0f, 0x17,
  0x06, 0x0f, 0x16, 0x07, 0x12, 0x18, 0x06, 0x12, 0x19, 0x09, 0x17, 0x22,
  0x0a, 0x1c, 0x2a, 0x07, 0x14, 0x1d, 0x06, 0x12, 0x1a, 0x06, 0x13, 0x1b,
  0x06, 0x12, 0x1a, 0x07, 0x13, 0x1c, 0x08, 0x17, 0x22, 0x07, 0x15, 0x1e,
  0x08, 0x19, 0x25, 0x08, 0x18, 0x23, 0x06, 0x13, 0x1b, 0x06, 0x14, 0x1e,
  0x07, 0x16, 0x21, 0x07, 0x19, 0x25, 0x07, 0x19, 0x25, 0x0a, 0x1e, 0x2e,
  0x08, 0x1b, 0x29, 0x06, 0x15, 0x20, 0x07, 0x18, 0x25, 0x07, 0x1b, 0x2b,
  0x06, 0x19, 0x28, 0x03, 0x19, 0x2f, 0x04, 0x2a, 0x4f, 0x08, 0x3a, 0x67,
  0x02, 0x24, 0x49, 0x05, 0x28, 0x4a, 0x02, 0x19, 0x32, 0x02, 0x2b, 0x56,
  0x01, 0x20, 0x43, 0x05, 0x2a, 0x4e, 0x05, 0x32, 0x5e, 0x02, 0x2c, 0x56,
  0x02, 0x1c, 0x37, 0x02, 0x29, 0x52, 0x04, 0x31, 0x5f, 0x01, 0x2e, 0x5b,
  0x05, 0x37, 0x68, 0x04, 0x24, 0x43, 0x02, 0x0a, 0x11, 0x05, 0x14, 0x21,
  0x05, 0x12, 0x1c, 0x06, 0x16, 0x22, 0x06, 0x16, 0x21, 0x03, 0x18, 0x2d,
  0x03, 0x34, 0x66, 0x06, 0x47, 0x81, 0x04, 0x29, 0x4e, 0x02, 0x1b, 0x37,
  0x02, 0x23, 0x46, 0x02, 0x17, 0x2e, 0x02, 0x13, 0x25, 0x02, 0x10, 0x1e,
  0x02, 0x17, 0x2f, 0x02, 0x13, 0x26, 0x03, 0x0f, 0x1b, 0x03, 0x0d, 0x18,
  0x03, 0x0f, 0x1c, 0x02, 0x0f, 0x1e, 0x02, 0x0f, 0x1e, 0x02, 0x13, 0x27,
  0x02, 0x14, 0x29, 0x02, 0x13, 0x24, 0x02, 0x23, 0x44, 0x02, 0x29, 0x51,
  0x07, 0x17, 0x24, 0x10, 0x2a, 0x3e, 0x11, 0x30, 0x47, 0x0f, 0x2e, 0x45,
  0x09, 0x25, 0x3d, 0x0c, 0x31, 0x4f, 0x0e, 0x32, 0x4f, 0x05, 0x3f, 0x76,
  0x03, 0x44, 0x82, 0x05, 0x49, 0x88, 0x08, 0x4e, 0x8c, 0x11, 0x5d, 0x9b,
  0x0b, 0x65, 0xac, 0x1c, 0x79, 0xbe, 0x18, 0x61, 0x99, 0x00, 0x20, 0x45,
  0x03, 0x2d, 0x5a, 0x02, 0x1f, 0x3e, 0x04, 0x0c, 0x11, 0x06, 0x0f, 0x15,
  0x06, 0x11, 0x18, 0x06, 0x10, 0x16, 0x05, 0x0e, 0x14, 0x04, 0x0e, 0x15,
  0x03, 0x0f, 0x1b, 0x03, 0x10, 0x1d, 0x03, 0x0f, 0x1b, 0x03, 0x0e, 0x1a,
  0x02, 0x0e, 0x1d, 0x01, 0x17, 0x31, 0x02, 0x17, 0x30, 0x00, 0x14, 0x2e,
  0x0c, 0x3b, 0x65, 0x18, 0x61, 0x9c, 0x19, 0x5d, 0x96, 0x19, 0x5e, 0x96,
  0x1a, 0x5e, 0x95, 0x1a, 0x5d, 0x94, 0x1b, 0x61, 0x98, 0x1a, 0x60, 0x98,
  0x16, 0x5b, 0x93, 0x16, 0x5a, 0x93, 0x16, 0x5c, 0x95, 0x15, 0x5b, 0x95,
  0x16, 0x5d, 0x97, 0x18, 0x5d, 0x96, 0x15, 0x56, 0x8d, 0x12, 0x51, 0x85,
  0x11, 0x50, 0x84, 0x0f, 0x4b, 0x7d, 0x0c, 0x42, 0x6e, 0x0d, 0x43, 0x70,
  0x0c, 0x42, 0x70, 0x0c, 0x3f, 0x6a, 0x0d, 0x40, 0x6a, 0x0d, 0x41, 0x6d,
  0x0e, 0x45, 0x74, 0x0e, 0x45, 0x74, 0x0e, 0x45, 0x75, 0x0d, 0x46, 0x76,
  0x0e, 0x48, 0x79, 0x0d, 0x46, 0x76, 0x0e, 0x46, 0x76, 0x0d, 0x47, 0x78,
  0x0c, 0x46, 0x76, 0x0d, 0x46, 0x77, 0x0c, 0x45, 0x75, 0x0b, 0x41, 0x6f,
  0x09, 0x3c, 0x69, 0x0c, 0x45, 0x75, 0x0e, 0x47, 0x78, 0x0c, 0x44, 0x73,
  0x09, 0x3e, 0x6e, 0x08, 0x3d, 0x6c, 0x07, 0x32, 0x57, 0x07, 0x36, 0x60,
  0x07, 0x3c, 0x6a, 0x08, 0x3d, 0x6b, 0x0b, 0x45, 0x76, 0x0a, 0x40, 0x6f,
  0x0a, 0x41, 0x70, 0x0b, 0x42, 0x72, 0x0a, 0x43, 0x75, 0x0a, 0x3b, 0x65,
  0x06, 0x18, 0x2a, 0x06, 0x1d, 0x33, 0x06, 0x1d, 0x32, 0x05, 0x1c, 0x31,
  0x05, 0x16, 0x27, 0x04, 0x18, 0x2c, 0x05, 0x13, 0x21, 0x05, 0x16, 0x27,
  0x05, 0x15, 0x25, 0x05, 0x14, 0x23, 0x05, 0x15, 0x26, 0x04, 0x14, 0x24,
  0x07, 0x23, 0x3d, 0x0e, 0x47, 0x78, 0x0a, 0x40, 0x70, 0x0c, 0x47, 0x7a,
  0x0c, 0x4a, 0x80, 0x0d, 0x4b, 0x81, 0x0d, 0x4e, 0x85, 0x10, 0x53, 0x8b,
  0x12, 0x54, 0x8c, 0x12, 0x54, 0x8b, 0x10, 0x50, 0x87, 0x12, 0x54, 0x8b,
  0x14, 0x5a, 0x92, 0x0d, 0x42, 0x6f, 0x04, 0x21, 0x3e, 0x05, 0x26, 0x45,
  0x07, 0x2f, 0x55, 0x0a, 0x39, 0x63, 0x0f, 0x46, 0x74, 0x0d, 0x3a, 0x61,
  0x06, 0x1d, 0x31, 0x07, 0x16, 0x21, 0x08, 0x17, 0x21, 0x06, 0x13, 0x1d,
  0x06, 0x13, 0x1a, 0x07, 0x14, 0x1e, 0x06, 0x15, 0x1f, 0x06, 0x11, 0x19,
  0x06, 0x10, 0x16, 0x07, 0x12, 0x1a, 0x06, 0x15, 0x1e, 0x06, 0x12, 0x1b,
  0x07, 0x17, 0x23, 0x08, 0x1c, 0x2a, 0x07, 0x17, 0x23, 0x07, 0x15, 0x1f,
  0x07, 0x15, 0x1e, 0x06, 0x11, 0x18, 0x08, 0x17, 0x21, 0x08, 0x18, 0x23,
  0x07, 0x16, 0x20, 0x05, 0x10, 0x17, 0x06, 0x10, 0x17, 0x06, 0x13, 0x1c,
  0x07, 0x16, 0x20, 0x08, 0x19, 0x25, 0x0a, 0x22, 0x34, 0x11, 0x32, 0x4a,
  0x08, 0x17, 0x22, 0x07, 0x17, 0x22, 0x06, 0x15, 0x1f, 0x06, 0x17, 0x24,
  0x08, 0x1c, 0x2d, 0x06, 0x1a, 0x2a, 0x02, 0x26, 0x4b, 0x01, 0x27, 0x4f,
  0x02, 0x25, 0x4a, 0x04, 0x2d, 0x55, 0x04, 0x19, 0x31, 0x03, 0x0e, 0x18,
  0x05, 0x13, 0x20, 0x04, 0x12, 0x1f, 0x04, 0x1c, 0x34, 0x04, 0x12, 0x21,
  0x05, 0x0f, 0x15, 0x04, 0x1a, 0x2d, 0x01, 0x34, 0x67, 0x02, 0x2d, 0x59,
  0x02, 0x2a, 0x54, 0x06, 0x38, 0x67, 0x03, 0x1a, 0x33, 0x04, 0x0c, 0x12,
  0x06, 0x13, 0x1d, 0x09, 0x1c, 0x2a, 0x0a, 0x22, 0x33, 0x07, 0x18, 0x24,
  0x03, 0x15, 0x26, 0x02, 0x2b, 0x56, 0x07, 0x46, 0x7e, 0x02, 0x2c, 0x54,
  0x02, 0x27, 0x4c, 0x02, 0x21, 0x42, 0x02, 0x1c, 0x38, 0x03, 0x21, 0x3e,
  0x01, 0x27, 0x50, 0x02, 0x1b, 0x37, 0x02, 0x15, 0x2b, 0x02, 0x0f, 0x1e,
  0x02, 0x15, 0x2c, 0x02, 0x14, 0x28, 0x02, 0x1f, 0x40, 0x02, 0x25, 0x4c,
  0x01, 0x1e, 0x3f, 0x02, 0x16, 0x2b, 0x02, 0x0f, 0x1e, 0x02, 0x26, 0x4b,
  0x03, 0x23, 0x41, 0x0a, 0x1c, 0x28, 0x16, 0x34, 0x4b, 0x15, 0x39, 0x53,
  0x0b, 0x29, 0x41, 0x0d, 0x2d, 0x46, 0x0f, 0x2e, 0x46, 0x0a, 0x2a, 0x45,
  0x07, 0x4e, 0x8d, 0x05, 0x50, 0x92, 0x05, 0x44, 0x7c, 0x08, 0x46, 0x7d,
  0x08, 0x53, 0x93, 0x08, 0x5d, 0xa2, 0x20, 0x79, 0xb9, 0x11, 0x4f, 0x82,
  0x00, 0x24, 0x51, 0x02, 0x2d, 0x5b, 0x02, 0x21, 0x43, 0x03, 0x10, 0x1d,
  0x04, 0x0c, 0x13, 0x03, 0x0e, 0x17, 0x02, 0x0f, 0x1c, 0x03, 0x0e, 0x1a,
  0x03, 0x0d, 0x17, 0x03, 0x0d, 0x18, 0x03, 0x0e, 0x1a, 0x02, 0x11, 0x21,
  0x01, 0x18, 0x31, 0x02, 0x17, 0x31, 0x00, 0x15, 0x30, 0x05, 0x27, 0x4a,
  0x18, 0x5e, 0x96, 0x18, 0x5e, 0x98, 0x16, 0x5b, 0x93, 0x1a, 0x5f, 0x97,
  0x18, 0x5b, 0x90, 0x17, 0x5b, 0x91, 0x18, 0x5a, 0x90, 0x1b, 0x5f, 0x96,
  0x18, 0x5d, 0x95, 0x15, 0x59, 0x92, 0x18, 0x5e, 0x99, 0x17, 0x5e, 0x98,
  0x17, 0x5f, 0x9a, 0x16, 0x5d, 0x97, 0x16, 0x5c, 0x96, 0x14, 0x55, 0x8b,
  0x0f, 0x4b, 0x7c, 0x0f, 0x48, 0x78, 0x0d, 0x43, 0x71, 0x0c, 0x43, 0x71,
  0x0c, 0x45, 0x75, 0x0d, 0x43, 0x71, 0x0d, 0x42, 0x6f, 0x0e, 0x45, 0x72,
  0x10, 0x48, 0x77, 0x0f, 0x46, 0x74, 0x0f, 0x45, 0x73, 0x0e, 0x44, 0x72,
  0x0f, 0x49, 0x79, 0x0e, 0x46, 0x76, 0x0d, 0x47, 0x78, 0x0c, 0x47, 0x78,
  0x0d, 0x46, 0x77, 0x0e, 0x49, 0x7a, 0x0b, 0x44, 0x75, 0x09, 0x41, 0x71,
  0x09, 0x3e, 0x6c, 0x0a, 0x41, 0x70, 0x0c, 0x44, 0x74, 0x0b, 0x45, 0x76,
  0x09, 0x40, 0x70, 0x08, 0x3d, 0x6c, 0x08, 0x33, 0x59, 0x08, 0x38, 0x62,
  0x08, 0x3a, 0x67, 0x07, 0x3a, 0x67, 0x0a, 0x42, 0x72, 0x0a, 0x3f, 0x6e,
  0x0a, 0x42, 0x73, 0x08, 0x3d, 0x6c, 0x09, 0x40, 0x71, 0x09, 0x30, 0x53,
  0x06, 0x18, 0x2a, 0x06, 0x1d, 0x34, 0x05, 0x1e, 0x36, 0x05, 0x17, 0x28,
  0x04, 0x17, 0x2b, 0x05, 0x18, 0x2c, 0x06, 0x14, 0x21, 0x05, 0x19, 0x2d,
  0x06, 0x14, 0x21, 0x05, 0x16, 0x26, 0x04, 0x15, 0x25, 0x03, 0x15, 0x27,
  0x0a, 0x36, 0x5c, 0x0d, 0x47, 0x7a, 0x0c, 0x46, 0x77, 0x0b, 0x46, 0x7a,
  0x0a, 0x46, 0x7a, 0x0d, 0x4a, 0x7e, 0x0d, 0x4b, 0x80, 0x0d, 0x4a, 0x7f,
  0x0f, 0x4d, 0x83, 0x13, 0x56, 0x8d, 0x11, 0x52, 0x89, 0x12, 0x53, 0x8a,
  0x12, 0x55, 0x8d, 0x13, 0x57, 0x90, 0x0b, 0x3c, 0x66, 0x03, 0x19, 0x31,
  0x03, 0x1b, 0x33, 0x03, 0x19, 0x30, 0x03, 0x1b, 0x33, 0x03, 0x1e, 0x38,
  0x04, 0x1a, 0x2e, 0x05, 0x14, 0x21, 0x07, 0x14, 0x1e, 0x07, 0x16, 0x21,
  0x07, 0x16, 0x20, 0x07, 0x15, 0x1f, 0x06, 0x12, 0x1b, 0x06, 0x10, 0x18,
  0x06, 0x10, 0x17, 0x06, 0x11, 0x18, 0x07, 0x16, 0x20, 0x06, 0x13, 0x1b,
  0x05, 0x10, 0x18, 0x07, 0x14, 0x1e, 0x06, 0x14, 0x1d, 0x07, 0x14, 0x1e,
  0x07, 0x14, 0x1c, 0x06, 0x12, 0x19, 0x07, 0x13, 0x1b, 0x08, 0x1b, 0x29,
  0x08, 0x1c, 0x2a, 0x06, 0x12, 0x1b, 0x05, 0x0f, 0x15, 0x06, 0x13, 0x1c,
  0x07, 0x17, 0x22, 0x06, 0x17, 0x22, 0x0a, 0x23, 0x36, 0x10, 0x31, 0x4a,
  0x09, 0x1b, 0x28, 0x06, 0x14, 0x1d, 0x07, 0x16, 0x21, 0x06, 0x14, 0x1e,
  0x06, 0x17, 0x24, 0x06, 0x16, 0x22, 0x03, 0x1f, 0x3c, 0x02, 0x2a, 0x54,
  0x02, 0x27, 0x4e, 0x02, 0x2b, 0x53, 0x05, 0x2a, 0x4d, 0x03, 0x0e, 0x19,
  0x06, 0x16, 0x22, 0x06, 0x18, 0x25, 0x05, 0x16, 0x22, 0x06, 0x17, 0x24,
  0x07, 0x19, 0x27, 0x06, 0x10, 0x17, 0x04, 0x26, 0x47, 0x03, 0x35, 0x66,
  0x01, 0x1a, 0x37, 0x03, 0x27, 0x4d, 0x07, 0x36, 0x61, 0x02, 0x13, 0x25,
  0x04, 0x0f, 0x17, 0x05, 0x12, 0x1c, 0x08, 0x1b, 0x28, 0x08, 0x1c, 0x2b,
  0x06, 0x13, 0x1c, 0x05, 0x12, 0x1c, 0x02, 0x1f, 0x3b, 0x02, 0x2b, 0x54,
  0x06, 0x36, 0x62, 0x03, 0x2f, 0x59, 0x02, 0x2c, 0x57, 0x04, 0x2d, 0x55,
  0x03, 0x35, 0x66, 0x02, 0x27, 0x4e, 0x03, 0x21, 0x41, 0x02, 0x1c, 0x38,
  0x02, 0x1d, 0x3c, 0x02, 0x19, 0x33, 0x02, 0x29, 0x51, 0x02, 0x1e, 0x3d,
  0x02, 0x17, 0x31, 0x03, 0x1e, 0x3b, 0x02, 0x1b, 0x36, 0x02, 0x13, 0x27,
  0x02, 0x2c, 0x57, 0x03, 0x17, 0x2b, 0x0a, 0x1c, 0x28, 0x11, 0x2e, 0x43,
  0x0c, 0x22, 0x32, 0x0d, 0x24, 0x35, 0x0b, 0x1e, 0x2b, 0x08, 0x12, 0x19,
  0x09, 0x2a, 0x46, 0x05, 0x47, 0x84, 0x04, 0x2d, 0x54, 0x04, 0x28, 0x4b,
  0x04, 0x37, 0x69, 0x08, 0x49, 0x82, 0x07, 0x4f, 0x8d, 0x17, 0x6d, 0xae,
  0x0b, 0x45, 0x76, 0x00, 0x24, 0x4f, 0x01, 0x26, 0x4f, 0x02, 0x1d, 0x3c,
  0x02, 0x1c, 0x39, 0x03, 0x12, 0x23, 0x03, 0x0d, 0x19, 0x03, 0x0f, 0x1b,
  0x02, 0x0f, 0x1d, 0x02, 0x10, 0x1f, 0x02, 0x15, 0x2b, 0x01, 0x1a, 0x36,
  0x02, 0x18, 0x33, 0x00, 0x17, 0x33, 0x04, 0x23, 0x44, 0x18, 0x5a, 0x90,
  0x1d, 0x67, 0xa1, 0x19, 0x5f, 0x97, 0x14, 0x56, 0x8c, 0x16, 0x59, 0x8f,
  0x15, 0x58, 0x90, 0x17, 0x5c, 0x93, 0x18, 0x5c, 0x93, 0x1b, 0x5f, 0x96,
  0x19, 0x5d, 0x95, 0x14, 0x58, 0x90, 0x0f, 0x53, 0x8d, 0x10, 0x54, 0x8e,
  0x13, 0x57, 0x91, 0x11, 0x56, 0x8f, 0x12, 0x55, 0x8d, 0x12, 0x4f, 0x83,
  0x0f, 0x4a, 0x7c, 0x0f, 0x49, 0x7a, 0x0e, 0x47, 0x78, 0x0d, 0x45, 0x75,
  0x0c, 0x43, 0x73, 0x0d, 0x44, 0x75, 0x0e, 0x48, 0x7a, 0x0d, 0x49, 0x7c,
  0x0f, 0x4a, 0x7b, 0x0f, 0x46, 0x75, 0x0e, 0x45, 0x74, 0x0e, 0x44, 0x72,
  0x0f, 0x47, 0x76, 0x0d, 0x44, 0x73, 0x0d, 0x45, 0x75, 0x0d, 0x46, 0x76,
  0x0c, 0x45, 0x74, 0x0c, 0x43, 0x73, 0x09, 0x42, 0x73, 0x0a, 0x44, 0x76,
  0x0a, 0x43, 0x74, 0x09, 0x3f, 0x6e, 0x0a, 0x41, 0x71, 0x0a, 0x42, 0x73,
  0x08, 0x3e, 0x6e, 0x08, 0x3b, 0x6a, 0x08, 0x34, 0x5a, 0x08, 0x37, 0x60,
  0x07, 0x37, 0x62, 0x08, 0x3b, 0x68, 0x09, 0x3d, 0x6a, 0x08, 0x3c, 0x69,
  0x08, 0x3f, 0x6f, 0x07, 0x3c, 0x6a, 0x09, 0x40, 0x70, 0x09, 0x2e, 0x4f,
  0x05, 0x17, 0x29, 0x05, 0x1d, 0x35, 0x05, 0x1a, 0x2c, 0x05, 0x15, 0x24,
  0x04, 0x1b, 0x32, 0x05, 0x16, 0x26, 0x05, 0x15, 0x26, 0x05, 0x17, 0x28,
  0x05, 0x13, 0x20, 0x05, 0x16, 0x27, 0x04, 0x14, 0x24, 0x05, 0x1e, 0x35,
  0x0b, 0x42, 0x71, 0x0b, 0x44, 0x75, 0x0b, 0x44, 0x76, 0x0a, 0x43, 0x74,
  0x0c, 0x49, 0x7c, 0x0e, 0x4a, 0x7e, 0x0e, 0x4b, 0x7f, 0x0e, 0x4b, 0x7f,
  0x0f, 0x4d, 0x82, 0x0f, 0x50, 0x87, 0x12, 0x55, 0x8c, 0x11, 0x53, 0x8b,
  0x11, 0x53, 0x8b, 0x13, 0x55, 0x8d, 0x10, 0x50, 0x87, 0x06, 0x2d, 0x53,
  0x03, 0x1d, 0x38, 0x04, 0x1f, 0x39, 0x04, 0x20, 0x3b, 0x04, 0x1f, 0x3a,
  0x04, 0x1b, 0x32, 0x04, 0x16, 0x29, 0x03, 0x14, 0x24, 0x04, 0x12, 0x1e,
  0x06, 0x10, 0x1a, 0x07, 0x12, 0x1b, 0x07, 0x14, 0x1e, 0x07, 0x14, 0x1e,
  0x07, 0x15, 0x1f, 0x06, 0x12, 0x19, 0x06, 0x10, 0x17, 0x07, 0x14, 0x1c,
  0x08, 0x15, 0x1e, 0x07, 0x13, 0x1c, 0x05, 0x10, 0x17, 0x06, 0x12, 0x1a,
  0x07, 0x14, 0x1d, 0x06, 0x12, 0x19, 0x07, 0x12, 0x1a, 0x07, 0x13, 0x1d,
  0x07, 0x16, 0x22, 0x07, 0x15, 0x1e, 0x05, 0x0f, 0x15, 0x06, 0x11, 0x18,
  0x06, 0x14, 0x1e, 0x07, 0x15, 0x20, 0x06, 0x15, 0x20, 0x0d, 0x29, 0x3e,
  0x10, 0x2d, 0x44, 0x09, 0x1a, 0x27, 0x06, 0x11, 0x1a, 0x06, 0x15, 0x20,
  0x06, 0x16, 0x22, 0x06, 0x14, 0x1f, 0x04, 0x14, 0x22, 0x02, 0x25, 0x4a,
  0x02, 0x29, 0x52, 0x02, 0x2a, 0x54, 0x03, 0x31, 0x5d, 0x03, 0x1b, 0x35,
  0x04, 0x0f, 0x19, 0x06, 0x1a, 0x29, 0x07, 0x1d, 0x2f, 0x06, 0x1a, 0x29,
  0x06, 0x18, 0x25, 0x07, 0x19, 0x25, 0x04, 0x10, 0x19, 0x04, 0x2c, 0x4f,
  0x05, 0x33, 0x5f, 0x04, 0x2f, 0x58, 0x05, 0x3c, 0x6e, 0x06, 0x31, 0x58,
  0x02, 0x0f, 0x1e, 0x05, 0x13, 0x1c, 0x05, 0x12, 0x1c, 0x06, 0x15, 0x1f,
  0x06, 0x14, 0x1f, 0x05, 0x12, 0x1b, 0x06, 0x13, 0x1b, 0x05, 0x15, 0x22,
  0x06, 0x31, 0x59, 0x08, 0x3d, 0x6c, 0x02, 0x2e, 0x5b, 0x04, 0x2e, 0x56,
  0x0b, 0x48, 0x7d, 0x04, 0x2d, 0x55, 0x05, 0x2b, 0x52, 0x04, 0x2a, 0x4e,
  0x02, 0x28, 0x4f, 0x03, 0x25, 0x48, 0x03, 0x36, 0x67, 0x01, 0x19, 0x33,
  0x04, 0x26, 0x47, 0x02, 0x20, 0x40, 0x07, 0x35, 0x61, 0x03, 0x1a, 0x34,
  0x01, 0x19, 0x33, 0x02, 0x25, 0x4b, 0x03, 0x10, 0x1d, 0x06, 0x11, 0x19,
  0x09, 0x1a, 0x26, 0x05, 0x14, 0x20, 0x04, 0x12, 0x1f, 0x05, 0x13, 0x1f,
  0x05, 0x0d, 0x12, 0x05, 0x1d, 0x34, 0x07, 0x37, 0x64, 0x05, 0x32, 0x5f,
  0x02, 0x2e, 0x5c, 0x03, 0x2e, 0x5a, 0x03, 0x3a, 0x6e, 0x02, 0x3f, 0x79,
  0x09, 0x54, 0x91, 0x07, 0x41, 0x74, 0x02, 0x21, 0x42, 0x04, 0x21, 0x41,
  0x01, 0x26, 0x51, 0x01, 0x28, 0x53, 0x01, 0x24, 0x49, 0x02, 0x1b, 0x37,
  0x02, 0x1c, 0x39, 0x01, 0x1e, 0x3d, 0x02, 0x1d, 0x3c, 0x01, 0x18, 0x34,
  0x00, 0x15, 0x32, 0x03, 0x24, 0x48, 0x19, 0x5b, 0x90, 0x1f, 0x69, 0xa4,
  0x1c, 0x62, 0x9a, 0x16, 0x5a, 0x92, 0x11, 0x53, 0x8a, 0x16, 0x59, 0x91,
  0x16, 0x5a, 0x92, 0x12, 0x51, 0x85, 0x14, 0x55, 0x8b, 0x16, 0x5a, 0x92,
  0x18, 0x5b, 0x92, 0x13, 0x58, 0x90, 0x0e, 0x50, 0x8a, 0x11, 0x55, 0x8e,
  0x13, 0x58, 0x91, 0x11, 0x55, 0x8e, 0x12, 0x53, 0x89, 0x10, 0x4b, 0x7e,
  0x10, 0x4c, 0x7f, 0x10, 0x4b, 0x7d, 0x10, 0x4b, 0x7d, 0x0f, 0x4b, 0x7e,
  0x0d, 0x48, 0x7a, 0x0c, 0x45, 0x76, 0x0d, 0x48, 0x7a, 0x0d, 0x48, 0x7a,
  0x0c, 0x43, 0x72, 0x0e, 0x45, 0x75, 0x0f, 0x49, 0x7a, 0x0d, 0x47, 0x77,
  0x0c, 0x43, 0x72, 0x0c, 0x42, 0x70, 0x0d, 0x42, 0x6f, 0x0c, 0x41, 0x6f,
  0x0c, 0x43, 0x71, 0x0b, 0x43, 0x73, 0x09, 0x42, 0x74, 0x0b, 0x44, 0x76,
  0x0c, 0x46, 0x78, 0x0b, 0x44, 0x75, 0x0b, 0x43, 0x74, 0x0a, 0x42, 0x72,
  0x08, 0x3e, 0x6c, 0x08, 0x3c, 0x6a, 0x09, 0x37, 0x5e, 0x09, 0x39, 0x64,
  0x08, 0x3b, 0x67, 0x09, 0x3b, 0x68, 0x08, 0x3b, 0x68, 0x07, 0x39, 0x66,
  0x07, 0x3c, 0x6b, 0x09, 0x3f, 0x6e, 0x0a, 0x40, 0x6f, 0x08, 0x2e, 0x4f,
  0x05, 0x18, 0x2b, 0x06, 0x1a, 0x2e, 0x05, 0x16, 0x25, 0x05, 0x1a, 0x2f,
  0x04, 0x1b, 0x31, 0x05, 0x12, 0x1e, 0x05, 0x17, 0x29, 0x05, 0x13, 0x20,
  0x06, 0x14, 0x23, 0x06, 0x15, 0x24, 0x04, 0x14, 0x24, 0x08, 0x2e, 0x50,
  0x0c, 0x47, 0x7a, 0x0a, 0x42, 0x73, 0x09, 0x41, 0x72, 0x0a, 0x41, 0x72,
  0x0d, 0x48, 0x7a, 0x0e, 0x4a, 0x7f, 0x0f, 0x4d, 0x83, 0x11, 0x51, 0x88,
  0x0f, 0x4e, 0x83, 0x0c, 0x4b, 0x81, 0x0c, 0x4c, 0x84, 0x0d, 0x4e, 0x87,
  0x10, 0x53, 0x8c, 0x12, 0x54, 0x8c, 0x12, 0x55, 0x8c, 0x11, 0x52, 0x89,
  0x05, 0x26, 0x44, 0x02, 0x1b, 0x34, 0x04, 0x1c, 0x36, 0x04, 0x1a, 0x30,
  0x04, 0x18, 0x2c, 0x04, 0x18, 0x2c, 0x03, 0x15, 0x27, 0x04, 0x13, 0x22,
  0x03, 0x11, 0x1f, 0x03, 0x11, 0x1f, 0x06, 0x11, 0x1a, 0x07, 0x12, 0x19,
  0x08, 0x15, 0x1e, 0x07, 0x15, 0x1e, 0x06, 0x12, 0x1a, 0x08, 0x14, 0x1c,
  0x08, 0x16, 0x20, 0x07, 0x15, 0x1e, 0x07, 0x13, 0x1b, 0x06, 0x12, 0x1a,
  0x06, 0x12, 0x1b, 0x06, 0x11, 0x18, 0x06, 0x12, 0x1a, 0x07, 0x13, 0x1c,
  0x07, 0x12, 0x1a, 0x06, 0x12, 0x19, 0x07, 0x14, 0x1c, 0x06, 0x11, 0x18,
  0x06, 0x11, 0x19, 0x07, 0x14, 0x1e, 0x06, 0x13, 0x1b, 0x06, 0x13, 0x1d,
  0x09, 0x1d, 0x2c, 0x09, 0x1d, 0x2b, 0x08, 0x18, 0x25, 0x07, 0x16, 0x20,
  0x06, 0x13, 0x1d, 0x06, 0x16, 0x23, 0x06, 0x13, 0x1d, 0x03, 0x1c, 0x33,
  0x02, 0x2b, 0x56, 0x02, 0x22, 0x43, 0x01, 0x20, 0x40, 0x05, 0x31, 0x5c,
  0x02, 0x13, 0x24, 0x06, 0x14, 0x1f, 0x07, 0x1c, 0x2c, 0x08, 0x1e, 0x2d,
  0x06, 0x18, 0x24, 0x06, 0x18, 0x25, 0x05, 0x15, 0x21, 0x05, 0x15, 0x22,
  0x07, 0x33, 0x5b, 0x04, 0x37, 0x67, 0x00, 0x2e, 0x5c, 0x06, 0x3d, 0x70,
  0x05, 0x27, 0x47, 0x02, 0x0f, 0x1c, 0x05, 0x13, 0x1e, 0x05, 0x13, 0x1d,
  0x0a, 0x1e, 0x2c, 0x0a, 0x1e, 0x2c, 0x08, 0x18, 0x22, 0x08, 0x18, 0x22,
  0x06, 0x16, 0x22, 0x04, 0x1e, 0x37, 0x02, 0x1d, 0x38, 0x02, 0x19, 0x2f,
  0x04, 0x2e, 0x55, 0x07, 0x3c, 0x6d, 0x01, 0x1e, 0x3f, 0x04, 0x25, 0x46,
  0x04, 0x3c, 0x6f, 0x03, 0x30, 0x5c, 0x09, 0x4b, 0x83, 0x04, 0x23, 0x44,
  0x03, 0x21, 0x43, 0x02, 0x1f, 0x3f, 0x05, 0x38, 0x68, 0x0b, 0x43, 0x73,
  0x01, 0x17, 0x31, 0x02, 0x1d, 0x3a, 0x02, 0x25, 0x4b, 0x03, 0x14, 0x27,
  0x02, 0x1a, 0x34, 0x02, 0x29, 0x52, 0x02, 0x29, 0x50, 0x02, 0x26, 0x4c,
  0x03, 0x2b, 0x53, 0x02, 0x17, 0x2d, 0x02, 0x16, 0x2c, 0x02, 0x2a, 0x53,
  0x02, 0x31, 0x61, 0x01, 0x29, 0x54, 0x02, 0x2a, 0x53, 0x03, 0x2d, 0x57,
  0x01, 0x31, 0x60, 0x05, 0x49, 0x84, 0x06, 0x46, 0x7d, 0x04, 0x2e, 0x59,
  0x02, 0x22, 0x46, 0x02, 0x23, 0x48, 0x01, 0x21, 0x45, 0x04, 0x21, 0x3f,
  0x02, 0x1d, 0x3c, 0x00, 0x1c, 0x3e, 0x00, 0x1c, 0x3c, 0x01, 0x1f, 0x41,
  0x0e, 0x3d, 0x67, 0x1e, 0x66, 0x9e, 0x21, 0x6e, 0xaa, 0x1a, 0x62, 0x9c,
  0x18, 0x5e, 0x97, 0x17, 0x5c, 0x95, 0x13, 0x58, 0x91, 0x15, 0x5b, 0x93,
  0x14, 0x56, 0x8b, 0x12, 0x51, 0x85, 0x12, 0x51, 0x86, 0x12, 0x55, 0x8d,
  0x13, 0x57, 0x90, 0x10, 0x53, 0x8b, 0x10, 0x55, 0x8f, 0x0f, 0x51, 0x89,
  0x0f, 0x54, 0x8e, 0x10, 0x54, 0x8d, 0x10, 0x4e, 0x83, 0x0e, 0x4a, 0x7c,
  0x10, 0x4b, 0x7e, 0x10, 0x4b, 0x7c, 0x0f, 0x4b, 0x7d, 0x0e, 0x48, 0x7a,
  0x0d, 0x48, 0x7a, 0x0b, 0x42, 0x72, 0x0c, 0x41, 0x6e, 0x0d, 0x44, 0x72,
  0x0c, 0x40, 0x6c, 0x0e, 0x47, 0x77, 0x10, 0x4d, 0x80, 0x0e, 0x4a, 0x7c,
  0x0c, 0x43, 0x74, 0x0c, 0x43, 0x72, 0x0c, 0x41, 0x6d, 0x0d, 0x42, 0x6f,
  0x0c, 0x40, 0x6d, 0x0c, 0x44, 0x73, 0x0a, 0x43, 0x74, 0x0b, 0x45, 0x77,
  0x0a, 0x45, 0x78, 0x0b, 0x46, 0x79, 0x0a, 0x42, 0x72, 0x0a, 0x40, 0x70,
  0x08, 0x3e, 0x6c, 0x08, 0x3c, 0x68, 0x09, 0x37, 0x5f, 0x08, 0x39, 0x64,
  0x09, 0x3d, 0x6a, 0x07, 0x38, 0x65, 0x07, 0x39, 0x65, 0x08, 0x3b, 0x68,
  0x07, 0x3a, 0x68, 0x08, 0x3c, 0x6a, 0x0a, 0x3e, 0x6c, 0x07, 0x29, 0x46,
  0x05, 0x18, 0x2c, 0x05, 0x1a, 0x2d, 0x05, 0x18, 0x2b, 0x05, 0x1c, 0x33,
  0x05, 0x15, 0x25, 0x05, 0x14, 0x21, 0x06, 0x16, 0x25, 0x06, 0x13, 0x20,
  0x06, 0x16, 0x26, 0x05, 0x15, 0x25, 0x05, 0x1a, 0x30, 0x0b, 0x41, 0x71,
  0x0b, 0x44, 0x76, 0x0a, 0x43, 0x74, 0x0a, 0x41, 0x71, 0x0a, 0x43, 0x74,
  0x0a, 0x43, 0x75, 0x0c, 0x4a, 0x7f, 0x0e, 0x51, 0x89, 0x0d, 0x4e, 0x85,
  0x0e, 0x4f, 0x87, 0x0f, 0x51, 0x88, 0x0b, 0x4b, 0x84, 0x0d, 0x50, 0x89,
  0x10, 0x53, 0x8b, 0x11, 0x53, 0x8b, 0x0f, 0x4d, 0x83, 0x0e, 0x4e, 0x86,
  0x0d, 0x46, 0x75, 0x06, 0x24, 0x40, 0x04, 0x1b, 0x32, 0x04, 0x19, 0x2e,
  0x04, 0x19, 0x2d, 0x04, 0x16, 0x27, 0x05, 0x13, 0x20, 0x04, 0x13, 0x23,
  0x03, 0x15, 0x28, 0x03, 0x13, 0x24, 0x03, 0x12, 0x20, 0x04, 0x11, 0x1d,
  0x06, 0x11, 0x1a, 0x08, 0x16, 0x1f, 0x08, 0x16, 0x1f, 0x08, 0x16, 0x1f,
  0x08, 0x17, 0x21, 0x08, 0x15, 0x1e, 0x07, 0x13, 0x1a, 0x07, 0x13, 0x1b,
  0x07, 0x13, 0x1c, 0x06, 0x14, 0x1e, 0x06, 0x12, 0x19, 0x06, 0x11, 0x19,
  0x08, 0x15, 0x1f, 0x0a, 0x1b, 0x27, 0x08, 0x15, 0x1f, 0x07, 0x14, 0x1d,
  0x07, 0x13, 0x1c, 0x06, 0x11, 0x1a, 0x07, 0x13, 0x1a, 0x07, 0x13, 0x1b,
  0x08, 0x17, 0x22, 0x09, 0x1b, 0x27, 0x08, 0x18, 0x23, 0x09, 0x1c, 0x29,
  0x06, 0x13, 0x1d, 0x06, 0x13, 0x1c, 0x06, 0x13, 0x1d, 0x05, 0x10, 0x19,
  0x03, 0x26, 0x49, 0x03, 0x26, 0x47, 0x05, 0x29, 0x4d, 0x04, 0x30, 0x5c,
  0x05, 0x2d, 0x53, 0x03, 0x11, 0x1f, 0x05, 0x13, 0x1c, 0x0c, 0x25, 0x37,
  0x0d, 0x27, 0x39, 0x07, 0x19, 0x26, 0x07, 0x1a, 0x29, 0x09, 0x1e, 0x2e,
  0x07, 0x19, 0x27, 0x05, 0x2d, 0x52, 0x03, 0x2c, 0x54, 0x01, 0x25, 0x4b,
  0x05, 0x37, 0x66, 0x03, 0x20, 0x3d, 0x02, 0x0d, 0x1a, 0x05, 0x0f, 0x17,
  0x08, 0x19, 0x24, 0x09, 0x1c, 0x28, 0x08, 0x19, 0x24, 0x07, 0x15, 0x1f,
  0x09, 0x19, 0x24, 0x08, 0x16, 0x1e, 0x06, 0x13, 0x1c, 0x06, 0x14, 0x1d,
  0x05, 0x12, 0x1e, 0x03, 0x1e, 0x39, 0x03, 0x21, 0x3e, 0x03, 0x18, 0x2e,
  0x08, 0x3b, 0x68, 0x05, 0x3a, 0x6b, 0x0f, 0x55, 0x90, 0x08, 0x40, 0x73,
  0x00, 0x22, 0x47, 0x03, 0x2c, 0x55, 0x03, 0x2c, 0x54, 0x0e, 0x55, 0x8f,
  0x0c, 0x40, 0x6f, 0x00, 0x14, 0x2d, 0x02, 0x1d, 0x3a, 0x03, 0x27, 0x4e,
  0x02, 0x1c, 0x38, 0x02, 0x22, 0x45, 0x02, 0x23, 0x48, 0x02, 0x1e, 0x3b,
  0x03, 0x32, 0x60, 0x03, 0x37, 0x6a, 0x02, 0x22, 0x45, 0x02, 0x1a, 0x33,
  0x03, 0x1f, 0x3c, 0x02, 0x23, 0x46, 0x01, 0x26, 0x4d, 0x02, 0x2b, 0x55,
  0x02, 0x2c, 0x56, 0x01, 0x28, 0x4f, 0x00, 0x29, 0x53, 0x01, 0x2d, 0x58,
  0x00, 0x2b, 0x56, 0x00, 0x2b, 0x56, 0x00, 0x26, 0x4e, 0x01, 0x26, 0x4d,
  0x03, 0x2a, 0x54, 0x08, 0x35, 0x61, 0x0f, 0x42, 0x70, 0x1d, 0x5e, 0x94,
  0x24, 0x71, 0xad, 0x21, 0x6d, 0xa8, 0x1b, 0x64, 0x9d, 0x17, 0x5f, 0x99,
  0x18, 0x60, 0x99, 0x17, 0x5d, 0x95, 0x15, 0x5a, 0x92, 0x13, 0x54, 0x89,
  0x11, 0x50, 0x82, 0x11, 0x4d, 0x80, 0x11, 0x50, 0x85, 0x12, 0x53, 0x8a,
  0x10, 0x50, 0x85, 0x0f, 0x51, 0x89, 0x0e, 0x53, 0x8e, 0x0d, 0x51, 0x8b,
  0x0c, 0x4c, 0x83, 0x0e, 0x4a, 0x7d, 0x0e, 0x49, 0x7b, 0x0f, 0x4c, 0x7f,
  0x0f, 0x4a, 0x7c, 0x0d, 0x45, 0x76, 0x0d, 0x46, 0x76, 0x0d, 0x46, 0x76,
  0x0d, 0x48, 0x7a, 0x0d, 0x46, 0x76, 0x0c, 0x40, 0x6b, 0x0c, 0x3e, 0x68,
  0x0d, 0x3f, 0x6a, 0x0c, 0x3f, 0x6c, 0x0e, 0x48, 0x79, 0x0e, 0x47, 0x77,
  0x0c, 0x44, 0x72, 0x0d, 0x46, 0x75, 0x0d, 0x44, 0x72, 0x0e, 0x46, 0x74,
  0x0d, 0x45, 0x74, 0x0d, 0x47, 0x79, 0x0b, 0x44, 0x75, 0x0b, 0x43, 0x75,
  0x0a, 0x44, 0x76, 0x0c, 0x46, 0x79, 0x0a, 0x40, 0x6f, 0x0b, 0x40, 0x6f,
  0x0a, 0x40, 0x6d, 0x0a, 0x3f, 0x6c, 0x09, 0x37, 0x5f, 0x07, 0x38, 0x64,
  0x07, 0x3a, 0x67, 0x07, 0x39, 0x66, 0x07, 0x39, 0x65, 0x09, 0x3d, 0x6b,
  0x08, 0x3c, 0x69, 0x08, 0x3c, 0x69, 0x0b, 0x3d, 0x69, 0x06, 0x1e, 0x34,
  0x05, 0x18, 0x2b, 0x06, 0x18, 0x2a, 0x04, 0x1a, 0x2f, 0x05, 0x1a, 0x2f,
  0x06, 0x13, 0x21, 0x05, 0x17, 0x28, 0x06, 0x14, 0x21, 0x05, 0x15, 0x25,
  0x05, 0x16, 0x27, 0x04, 0x14, 0x23, 0x09, 0x2d, 0x4e, 0x0c, 0x47, 0x7a,
  0x0a, 0x42, 0x73, 0x0b, 0x44, 0x76, 0x09, 0x42, 0x73, 0x0a, 0x42, 0x73,
  0x0b, 0x45, 0x77, 0x0d, 0x4e, 0x85, 0x0c, 0x4b, 0x81, 0x0b, 0x4b, 0x82,
  0x0d, 0x4f, 0x87, 0x0e, 0x4f, 0x86, 0x0c, 0x4b, 0x81, 0x0b, 0x4a, 0x7f,
  0x0f, 0x50, 0x87, 0x10, 0x53, 0x8a, 0x0f, 0x4f, 0x86, 0x0b, 0x49, 0x7e,
  0x0f, 0x4f, 0x86, 0x10, 0x4a, 0x7b, 0x05, 0x1e, 0x34, 0x05, 0x18, 0x2c,
  0x04, 0x16, 0x28, 0x04, 0x14, 0x25, 0x03, 0x14, 0x25, 0x03, 0x13, 0x24,
  0x03, 0x11, 0x1f, 0x03, 0x11, 0x20, 0x03, 0x12, 0x22, 0x03, 0x11, 0x20,
  0x04, 0x0f, 0x1b, 0x04, 0x13, 0x21, 0x05, 0x17, 0x27, 0x07, 0x15, 0x1f,
  0x09, 0x17, 0x20, 0x0b, 0x1d, 0x2a, 0x0a, 0x1a, 0x25, 0x08, 0x15, 0x1f,
  0x07, 0x14, 0x1c, 0x07, 0x14, 0x1d, 0x08, 0x16, 0x1f, 0x07, 0x13, 0x1a,
  0x06, 0x11, 0x19, 0x0a, 0x1b, 0x27, 0x09, 0x19, 0x23, 0x07, 0x13, 0x1b,
  0x08, 0x16, 0x20, 0x09, 0x19, 0x24, 0x07, 0x15, 0x1d, 0x06, 0x11, 0x18,
  0x07, 0x16, 0x20, 0x0b, 0x1e, 0x2c, 0x08, 0x17, 0x20, 0x07, 0x14, 0x1e,
  0x06, 0x12, 0x1c, 0x05, 0x11, 0x19, 0x05, 0x11, 0x19, 0x06, 0x11, 0x19,
  0x04, 0x14, 0x23, 0x02, 0x2c, 0x56, 0x03, 0x2b, 0x55, 0x02, 0x2b, 0x54,
  0x03, 0x31, 0x5d, 0x04, 0x27, 0x49, 0x03, 0x0f, 0x1b, 0x07, 0x16, 0x22,
  0x0d, 0x27, 0x39, 0x0c, 0x24, 0x35, 0x08, 0x1c, 0x2b, 0x08, 0x1e, 0x2e,
  0x09, 0x1d, 0x2c, 0x06, 0x18, 0x26, 0x04, 0x27, 0x48, 0x02, 0x29, 0x4f,
  0x02, 0x24, 0x46, 0x05, 0x37, 0x65, 0x03, 0x20, 0x3d, 0x02, 0x0e, 0x1b,
  0x05, 0x0f, 0x17, 0x07, 0x14, 0x1d, 0x06, 0x16, 0x22, 0x06, 0x14, 0x1e,
  0x06, 0x13, 0x1c, 0x07, 0x17, 0x22, 0x07, 0x16, 0x22, 0x07, 0x18, 0x23,
  0x07, 0x18, 0x23, 0x07, 0x16, 0x20, 0x05, 0x15, 0x21, 0x03, 0x11, 0x1f,
  0x03, 0x17, 0x2c, 0x03, 0x2a, 0x51, 0x01, 0x25, 0x4b, 0x01, 0x29, 0x52,
  0x02, 0x2a, 0x53, 0x03, 0x33, 0x63, 0x02, 0x2c, 0x54, 0x05, 0x32, 0x5b,
  0x12, 0x59, 0x94, 0x10, 0x48, 0x79, 0x01, 0x1c, 0x3a, 0x01, 0x16, 0x2f,
  0x02, 0x21, 0x42, 0x02, 0x22, 0x44, 0x02, 0x21, 0x43, 0x02, 0x24, 0x4a,
  0x02, 0x2d, 0x5a, 0x02, 0x2c, 0x59, 0x02, 0x30, 0x61, 0x02, 0x2b, 0x58,
  0x01, 0x22, 0x46, 0x02, 0x1f, 0x40, 0x02, 0x1e, 0x3e, 0x00, 0x19, 0x35,
  0x01, 0x1c, 0x39, 0x04, 0x25, 0x47, 0x09, 0x2e, 0x50, 0x0e, 0x37, 0x5b,
  0x13, 0x45, 0x6f, 0x15, 0x50, 0x7f, 0x19, 0x59, 0x8c, 0x1f, 0x61, 0x96,
  0x1f, 0x67, 0x9e, 0x1f, 0x66, 0x9e, 0x1e, 0x66, 0xa0, 0x20, 0x6a, 0xa4,
  0x1c, 0x64, 0x9d, 0x1a, 0x61, 0x99, 0x19, 0x5f, 0x98, 0x15, 0x59, 0x91,
  0x10, 0x50, 0x87, 0x11, 0x53, 0x8b, 0x0f, 0x50, 0x85, 0x0f, 0x4b, 0x7d,
  0x0f, 0x49, 0x7a, 0x0f, 0x48, 0x78, 0x0f, 0x49, 0x7a, 0x0e, 0x48, 0x78,
  0x0e, 0x46, 0x76, 0x0c, 0x47, 0x78, 0x0e, 0x51, 0x8b, 0x0e, 0x51, 0x8a,
  0x0d, 0x4a, 0x7f, 0x0d, 0x45, 0x75, 0x0e, 0x48, 0x78, 0x0f, 0x49, 0x7a,
  0x10, 0x4a, 0x7b, 0x0e, 0x47, 0x77, 0x0d, 0x46, 0x75, 0x0e, 0x46, 0x76,
  0x0f, 0x49, 0x7a, 0x0d, 0x44, 0x72, 0x0c, 0x3f, 0x6a, 0x0c, 0x3d, 0x67,
  0x0c, 0x3d, 0x66, 0x0d, 0x3d, 0x66, 0x0d, 0x42, 0x70, 0x0d, 0x46, 0x76,
  0x0c, 0x43, 0x71, 0x0c, 0x44, 0x74, 0x0d, 0x46, 0x76, 0x0e, 0x47, 0x77,
  0x0e, 0x48, 0x79, 0x0c, 0x46, 0x77, 0x0b, 0x45, 0x76, 0x0c, 0x45, 0x76,
  0x0a, 0x43, 0x75, 0x0c, 0x47, 0x79, 0x0a, 0x3f, 0x6e, 0x0a, 0x3f, 0x6d,
  0x0a, 0x3f, 0x6d, 0x0c, 0x41, 0x6f, 0x07, 0x34, 0x5b, 0x06, 0x36, 0x60,
  0x08, 0x3a, 0x67, 0x07, 0x39, 0x65, 0x08, 0x39, 0x66, 0x0a, 0x3f, 0x6d,
  0x08, 0x3b, 0x67, 0x08, 0x39, 0x65, 0x09, 0x35, 0x5b, 0x05, 0x1a, 0x2c,
  0x05, 0x17, 0x29, 0x05, 0x18, 0x2a, 0x04, 0x1c, 0x33, 0x05, 0x18, 0x2a,
  0x05, 0x14, 0x23, 0x05, 0x15, 0x24, 0x06, 0x14, 0x21, 0x06, 0x17, 0x28,
  0x05, 0x15, 0x23, 0x05, 0x1b, 0x31, 0x0b, 0x42, 0x72, 0x0b, 0x43, 0x75,
  0x0a, 0x42, 0x73, 0x0a, 0x43, 0x74, 0x09, 0x43, 0x74, 0x0a, 0x43, 0x75,
  0x0b, 0x48, 0x7d, 0x0c, 0x4c, 0x83, 0x0b, 0x48, 0x7d, 0x0d, 0x4c, 0x82,
  0x0c, 0x4b, 0x82, 0x0b, 0x4a, 0x80, 0x0c, 0x4b, 0x82, 0x09, 0x45, 0x79,
  0x0c, 0x4c, 0x82, 0x0e, 0x52, 0x8a, 0x0e, 0x4f, 0x87, 0x0d, 0x4c, 0x82,
  0x10, 0x4c, 0x80, 0x0e, 0x48, 0x79, 0x08, 0x25, 0x3f, 0x05, 0x17, 0x29,
  0x04, 0x1b, 0x32, 0x03, 0x18, 0x2c, 0x04, 0x13, 0x24, 0x04, 0x12, 0x21,
  0x04, 0x13, 0x23, 0x03, 0x14, 0x25, 0x03, 0x11, 0x1f, 0x04, 0x11, 0x1e,
  0x03, 0x15, 0x28, 0x02, 0x17, 0x2e, 0x03, 0x14, 0x26, 0x03, 0x11, 0x1f,
  0x05, 0x12, 0x1f, 0x07, 0x14, 0x1f, 0x09, 0x1a, 0x26, 0x08, 0x16, 0x1f,
  0x08, 0x15, 0x1e, 0x07, 0x13, 0x1b, 0x07, 0x13, 0x1c, 0x08, 0x15, 0x1d,
  0x06, 0x12, 0x19, 0x06, 0x11, 0x18, 0x07, 0x12, 0x1a, 0x07, 0x12, 0x1a,
  0x07, 0x15, 0x1e, 0x08, 0x16, 0x1f, 0x09, 0x17, 0x21, 0x07, 0x14, 0x1d,
  0x05, 0x11, 0x18, 0x07, 0x15, 0x20, 0x08, 0x17, 0x22, 0x06, 0x14, 0x1e,
  0x06, 0x15, 0x20, 0x07, 0x17, 0x23, 0x06, 0x14, 0x1e, 0x06, 0x15, 0x1f,
  0x06, 0x12, 0x1a, 0x03, 0x19, 0x2e, 0x01, 0x25, 0x4d, 0x02, 0x27, 0x4d,
  0x01, 0x25, 0x4a, 0x03, 0x2e, 0x59, 0x02, 0x21, 0x3f, 0x03, 0x10, 0x1a,
  0x07, 0x15, 0x1f, 0x08, 0x19, 0x26, 0x08, 0x19, 0x26, 0x07, 0x19, 0x25,
  0x0a, 0x20, 0x2f, 0x08, 0x1b, 0x29, 0x05, 0x15, 0x21, 0x02, 0x18, 0x2d,
  0x07, 0x28, 0x48, 0x03, 0x2e, 0x59, 0x04, 0x35, 0x62, 0x03, 0x1f, 0x3b,
  0x01, 0x10, 0x21, 0x04, 0x0e, 0x17, 0x06, 0x13, 0x1b, 0x06, 0x17, 0x22,
  0x06, 0x14, 0x1f, 0x07, 0x14, 0x1d, 0x07, 0x14, 0x1e, 0x07, 0x17, 0x22,
  0x08, 0x18, 0x25, 0x07, 0x18, 0x25, 0x06, 0x20, 0x34, 0x05, 0x26, 0x46,
  0x03, 0x17, 0x2d, 0x02, 0x15, 0x28, 0x02, 0x1a, 0x33, 0x02, 0x1f, 0x3d,
  0x02, 0x21, 0x40, 0x02, 0x17, 0x2e, 0x02, 0x1b, 0x35, 0x02, 0x1b, 0x37,
  0x05, 0x2a, 0x4f, 0x15, 0x5b, 0x92, 0x17, 0x5c, 0x94, 0x09, 0x32, 0x5a,
  0x02, 0x16, 0x2d, 0x01, 0x17, 0x2f, 0x02, 0x1a, 0x35, 0x01, 0x17, 0x2f,
  0x01, 0x17, 0x31, 0x01, 0x18, 0x32, 0x02, 0x1c, 0x39, 0x02, 0x1d, 0x3c,
  0x02, 0x1c, 0x3a, 0x02, 0x1c, 0x3a, 0x02, 0x1a, 0x34, 0x0f, 0x3e, 0x66,
  0x16, 0x51, 0x82, 0x1c, 0x62, 0x99, 0x20, 0x6c, 0xa7, 0x21, 0x6d, 0xaa,
  0x21, 0x6d, 0xa9, 0x23, 0x70, 0xab, 0x23, 0x71, 0xac, 0x21, 0x6c, 0xa7,
  0x20, 0x6a, 0xa3, 0x19, 0x5d, 0x94, 0x16, 0x59, 0x8f, 0x17, 0x5a, 0x91,
  0x1a, 0x5e, 0x96, 0x17, 0x59, 0x8f, 0x15, 0x55, 0x8a, 0x13, 0x54, 0x8a,
  0x10, 0x51, 0x87, 0x10, 0x50, 0x84, 0x0f, 0x4c, 0x7f, 0x0d, 0x47, 0x77,
  0x0d, 0x46, 0x75, 0x0f, 0x48, 0x78, 0x0e, 0x47, 0x76, 0x0c, 0x44, 0x73,
  0x0c, 0x43, 0x72, 0x0a, 0x3f, 0x6d, 0x0c, 0x49, 0x7e, 0x0e, 0x4c, 0x82,
  0x0e, 0x49, 0x7b, 0x0d, 0x44, 0x75, 0x0e, 0x46, 0x76, 0x0d, 0x45, 0x74,
  0x0e, 0x46, 0x75, 0x0f, 0x4a, 0x7b, 0x0e, 0x48, 0x79, 0x0e, 0x46, 0x76,
  0x0f, 0x48, 0x77, 0x0b, 0x3e, 0x69, 0x0c, 0x3e, 0x68, 0x0d, 0x3e, 0x68,
  0x0d, 0x3e, 0x67, 0x0d, 0x3c, 0x64, 0x0b, 0x3f, 0x6c, 0x0d, 0x47, 0x78,
  0x0d, 0x46, 0x76, 0x0d, 0x46, 0x77, 0x0d, 0x47, 0x78, 0x0d, 0x47, 0x78,
  0x0e, 0x49, 0x7b, 0x0c, 0x46, 0x77, 0x0b, 0x45, 0x76, 0x0d, 0x45, 0x77,
  0x0b, 0x43, 0x75, 0x0c, 0x47, 0x7a, 0x0b, 0x41, 0x70, 0x0c, 0x41, 0x6f,
  0x0c, 0x42, 0x71, 0x0b, 0x3e, 0x6a, 0x06, 0x33, 0x5a, 0x08, 0x3a, 0x67,
  0x08, 0x3b, 0x68, 0x06, 0x35, 0x60, 0x08, 0x3b, 0x68, 0x0b, 0x40, 0x6f,
  0x09, 0x3b, 0x67, 0x09, 0x3a, 0x66, 0x09, 0x32, 0x55, 0x05, 0x17, 0x28,
  0x05, 0x18, 0x2b, 0x04, 0x1c, 0x33, 0x04, 0x1b, 0x31, 0x05, 0x17, 0x27,
  0x05, 0x15, 0x26, 0x06, 0x13, 0x20, 0x06, 0x17, 0x28, 0x06, 0x16, 0x26,
  0x04, 0x15, 0x25, 0x08, 0x2f, 0x52, 0x0c, 0x47, 0x7b, 0x0c, 0x48, 0x7b,
  0x0b, 0x46, 0x7a, 0x0a, 0x43, 0x75, 0x09, 0x43, 0x75, 0x09, 0x43, 0x75,
  0x0b, 0x46, 0x7b, 0x0c, 0x48, 0x7d, 0x0d, 0x4c, 0x82, 0x0f, 0x4e, 0x85,
  0x0d, 0x4b, 0x81, 0x0b, 0x49, 0x80, 0x09, 0x49, 0x7f, 0x0b, 0x48, 0x7d,
  0x0c, 0x4c, 0x82, 0x0f, 0x52, 0x8a, 0x0d, 0x4c, 0x82, 0x0e, 0x4f, 0x86,
  0x10, 0x4f, 0x85, 0x12, 0x51, 0x86, 0x11, 0x4b, 0x7c, 0x05, 0x1a, 0x30,
  0x04, 0x16, 0x28, 0x04, 0x17, 0x29, 0x03, 0x17, 0x2d, 0x03, 0x18, 0x2e,
  0x04, 0x14, 0x24, 0x04, 0x12, 0x20, 0x03, 0x14, 0x26, 0x02, 0x19, 0x30,
  0x03, 0x17, 0x2e, 0x03, 0x12, 0x21, 0x03, 0x13, 0x23, 0x02, 0x12, 0x24,
  0x03, 0x14, 0x26, 0x03, 0x11, 0x1f, 0x04, 0x0f, 0x19, 0x05, 0x13, 0x1d,
  0x06, 0x10, 0x18, 0x07, 0x11, 0x17, 0x07, 0x13, 0x1b, 0x08, 0x14, 0x1c,
  0x08, 0x14, 0x1b, 0x07, 0x13, 0x1b, 0x07, 0x12, 0x19, 0x06, 0x11, 0x18,
  0x06, 0x12, 0x1a, 0x07, 0x14, 0x1c, 0x06, 0x12, 0x19, 0x06, 0x12, 0x19,
  0x07, 0x12, 0x1a, 0x06, 0x11, 0x19, 0x07, 0x15, 0x1f, 0x06, 0x15, 0x1f,
  0x06, 0x15, 0x1f, 0x06, 0x13, 0x1c, 0x06, 0x14, 0x1f, 0x07, 0x17, 0x22,
  0x07, 0x17, 0x23, 0x06, 0x14, 0x1d, 0x03, 0x19, 0x2e, 0x01, 0x2d, 0x5a,
  0x01, 0x26, 0x4d, 0x01, 0x25, 0x4b, 0x03, 0x30, 0x5b, 0x04, 0x24, 0x43,
  0x04, 0x10, 0x1a, 0x07, 0x19, 0x25, 0x08, 0x1e, 0x2e, 0x07, 0x17, 0x21,
  0x0a, 0x1e, 0x2b, 0x0a, 0x21, 0x30, 0x07, 0x16, 0x21, 0x06, 0x13, 0x1c,
  0x04, 0x16, 0x27, 0x02, 0x21, 0x41, 0x02, 0x2e, 0x59, 0x05, 0x32, 0x5c,
  0x04, 0x20, 0x3d, 0x02, 0x15, 0x2c, 0x03, 0x10, 0x1e, 0x04, 0x10, 0x18,
  0x06, 0x15, 0x1f, 0x08, 0x18, 0x23, 0x07, 0x16, 0x20, 0x07, 0x16, 0x20,
  0x08, 0x1a, 0x28, 0x08, 0x18, 0x24, 0x05, 0x1e, 0x34, 0x03, 0x27, 0x49,
  0x04, 0x1b, 0x2f, 0x03, 0x23, 0x42, 0x02, 0x1d, 0x38, 0x04, 0x0f, 0x1a,
  0x03, 0x1a, 0x31, 0x02, 0x1b, 0x37, 0x02, 0x1b, 0x36, 0x02, 0x14, 0x28,
  0x01, 0x18, 0x30, 0x02, 0x20, 0x3e, 0x09, 0x3a, 0x63, 0x11, 0x54, 0x89,
  0x0a, 0x41, 0x72, 0x03, 0x29, 0x4e, 0x02, 0x1c, 0x38, 0x01, 0x19, 0x34,
  0x02, 0x19, 0x33, 0x01, 0x18, 0x34, 0x02, 0x1a, 0x36, 0x01, 0x18, 0x33,
  0x00, 0x19, 0x37, 0x01, 0x1c, 0x3a, 0x13, 0x48, 0x75, 0x1d, 0x69, 0xa7,
  0x1d, 0x67, 0xa4, 0x20, 0x6b, 0xa6, 0x1e, 0x68, 0xa3, 0x1e, 0x68, 0xa2,
  0x1e, 0x68, 0xa3, 0x1d, 0x67, 0xa1, 0x1d, 0x66, 0x9f, 0x1d, 0x66, 0x9f,
  0x1c, 0x64, 0x9d, 0x16, 0x57, 0x8c, 0x17, 0x57, 0x8d, 0x16, 0x57, 0x8c,
  0x16, 0x56, 0x8a, 0x15, 0x55, 0x88, 0x14, 0x53, 0x86, 0x13, 0x51, 0x84,
  0x13, 0x51, 0x85, 0x13, 0x50, 0x83, 0x11, 0x4e, 0x80, 0x0f, 0x4a, 0x7b,
  0x0e, 0x47, 0x77, 0x0e, 0x48, 0x78, 0x0e, 0x4a, 0x7c, 0x0a, 0x41, 0x6f,
  0x09, 0x3f, 0x6e, 0x09, 0x41, 0x72, 0x07, 0x3d, 0x6d, 0x09, 0x40, 0x6f,
  0x0b, 0x45, 0x76, 0x0b, 0x43, 0x72, 0x0d, 0x46, 0x77, 0x0e, 0x47, 0x77,
  0x0c, 0x44, 0x72, 0x0b, 0x42, 0x71, 0x0d, 0x46, 0x76, 0x0d, 0x44, 0x74,
  0x0d, 0x45, 0x74, 0x0b, 0x3e, 0x68, 0x0c, 0x3e, 0x69, 0x0d, 0x3f, 0x6a,
  0x0d, 0x3f, 0x69, 0x0b, 0x3a, 0x63, 0x0c, 0x40, 0x6d, 0x0d, 0x47, 0x79,
  0x0d, 0x47, 0x77, 0x0d, 0x48, 0x7a, 0x0c, 0x47, 0x79, 0x0c, 0x46, 0x78,
  0x0d, 0x47, 0x7a, 0x0b, 0x44, 0x76, 0x0b, 0x46, 0x78, 0x0c, 0x45, 0x76,
  0x0b, 0x44, 0x75, 0x0c, 0x44, 0x75, 0x0b, 0x42, 0x71, 0x0c, 0x41, 0x6f,
  0x0c, 0x40, 0x6e, 0x0b, 0x3f, 0x6c, 0x07, 0x33, 0x59, 0x07, 0x3a, 0x67,
  0x07, 0x39, 0x66, 0x06, 0x34, 0x5f, 0x08, 0x3b, 0x67, 0x0b, 0x3f, 0x6b,
  0x0a, 0x3b, 0x66, 0x0a, 0x3b, 0x67, 0x0a, 0x35, 0x5a, 0x05, 0x18, 0x2a,
  0x05, 0x1b, 0x2f, 0x05, 0x1d, 0x35, 0x04, 0x1a, 0x2f, 0x05, 0x19, 0x2c,
  0x06, 0x15, 0x23, 0x06, 0x14, 0x21, 0x06, 0x16, 0x25, 0x05, 0x14, 0x22,
  0x05, 0x1c, 0x33, 0x0a, 0x41, 0x70, 0x0d, 0x48, 0x7a, 0x0e, 0x4c, 0x81,
  0x0b, 0x47, 0x7b, 0x0b, 0x48, 0x7c, 0x0b, 0x47, 0x7b, 0x0a, 0x44, 0x77,
  0x0a, 0x43, 0x75, 0x0d, 0x48, 0x7c, 0x0f, 0x50, 0x87, 0x0e, 0x50, 0x87,
  0x0c, 0x4b, 0x82, 0x0b, 0x49, 0x7e, 0x0b, 0x49, 0x7f, 0x0b, 0x49, 0x7f,
  0x0b, 0x47, 0x7a, 0x0c, 0x49, 0x7e, 0x0e, 0x4d, 0x81, 0x0f, 0x50, 0x86,
  0x11, 0x53, 0x8b, 0x12, 0x53, 0x89, 0x14, 0x55, 0x8c, 0x0e, 0x3e, 0x68,
  0x05, 0x1a, 0x2f, 0x04, 0x1b, 0x33, 0x04, 0x19, 0x2e, 0x04, 0x14, 0x23,
  0x04, 0x14, 0x25, 0x03, 0x17, 0x2c, 0x02, 0x19, 0x30, 0x03, 0x14, 0x25,
  0x04, 0x12, 0x20, 0x03, 0x15, 0x27, 0x03, 0x12, 0x23, 0x03, 0x11, 0x1f,
  0x04, 0x0f, 0x19, 0x04, 0x11, 0x1f, 0x03, 0x16, 0x2a, 0x04, 0x13, 0x23,
  0x03, 0x0f, 0x19, 0x04, 0x10, 0x1b, 0x05, 0x12, 0x1c, 0x06, 0x12, 0x1a,
  0x07, 0x12, 0x19, 0x07, 0x13, 0x1a, 0x08, 0x15, 0x1e, 0x08, 0x15, 0x1e,
  0x07, 0x13, 0x1c, 0x06, 0x12, 0x1a, 0x06, 0x13, 0x1b, 0x06, 0x11, 0x18,
  0x05, 0x10, 0x16, 0x06, 0x11, 0x17, 0x06, 0x0f, 0x16, 0x06, 0x11, 0x18,
  0x07, 0x15, 0x1f, 0x06, 0x13, 0x1b, 0x06, 0x11, 0x19, 0x06, 0x12, 0x1b,
  0x07, 0x14, 0x1e, 0x07, 0x17, 0x22, 0x07, 0x15, 0x1d, 0x03, 0x1b, 0x33,
  0x01, 0x29, 0x52, 0x02, 0x22, 0x42, 0x04, 0x26, 0x47, 0x04, 0x30, 0x5a,
  0x07, 0x2b, 0x4c, 0x05, 0x16, 0x26, 0x06, 0x17, 0x24, 0x07, 0x16, 0x21,
  0x06, 0x13, 0x1c, 0x07, 0x16, 0x20, 0x08, 0x18, 0x23, 0x08, 0x19, 0x24,
  0x08, 0x16, 0x20, 0x07, 0x15, 0x20, 0x03, 0x1c, 0x34, 0x02, 0x27, 0x4c,
  0x03, 0x2a, 0x50, 0x03, 0x24, 0x44, 0x01, 0x14, 0x29, 0x02, 0x10, 0x20,
  0x03, 0x0e, 0x1a, 0x04, 0x0e, 0x17, 0x06, 0x11, 0x1a, 0x06, 0x14, 0x1d,
  0x06, 0x16, 0x21, 0x05, 0x16, 0x25, 0x02, 0x15, 0x28, 0x02, 0x17, 0x2d,
  0x02, 0x12, 0x23, 0x04, 0x21, 0x3e, 0x03, 0x1b, 0x33, 0x04, 0x11, 0x1c,
  0x04, 0x1a, 0x2e, 0x03, 0x2c, 0x54, 0x02, 0x1c, 0x37, 0x02, 0x1d, 0x3a,
  0x02, 0x21, 0x43, 0x02, 0x1d, 0x3d, 0x01, 0x18, 0x33, 0x00, 0x16, 0x2f,
  0x02, 0x29, 0x50, 0x04, 0x2f, 0x5b, 0x02, 0x2c, 0x55, 0x02, 0x29, 0x52,
  0x02, 0x27, 0x4d, 0x02, 0x27, 0x4f, 0x01, 0x23, 0x48, 0x06, 0x2c, 0x52,
  0x10, 0x44, 0x71, 0x19, 0x5a, 0x8e, 0x21, 0x6f, 0xab, 0x1f, 0x6a, 0xa4,
  0x1d, 0x66, 0xa0, 0x1b, 0x63, 0x9d, 0x1c, 0x66, 0xa0, 0x1d, 0x67, 0xa1,
  0x1c, 0x66, 0xa0, 0x1d, 0x66, 0xa0, 0x1b, 0x63, 0x9c, 0x18, 0x5e, 0x98,
  0x14, 0x58, 0x91, 0x12, 0x51, 0x87, 0x14, 0x51, 0x83, 0x15, 0x52, 0x84,
  0x14, 0x52, 0x84, 0x14, 0x52, 0x85, 0x13, 0x51, 0x84, 0x11, 0x4f, 0x82,
  0x10, 0x4d, 0x80, 0x11, 0x4e, 0x81, 0x12, 0x4f, 0x81, 0x10, 0x4d, 0x7f,
  0x0c, 0x44, 0x72, 0x0c, 0x43, 0x73, 0x0b, 0x46, 0x77, 0x0b, 0x44, 0x74,
  0x09, 0x40, 0x70, 0x09, 0x44, 0x76, 0x08, 0x3e, 0x6e, 0x08, 0x3b, 0x69,
  0x0a, 0x40, 0x6f, 0x0a, 0x41, 0x70, 0x0b, 0x42, 0x72, 0x0b, 0x44, 0x73,
  0x0a, 0x41, 0x72, 0x0a, 0x40, 0x6f, 0x0b, 0x42, 0x71, 0x0b, 0x41, 0x70,
  0x0b, 0x3f, 0x6c, 0x0b, 0x3d, 0x68, 0x0c, 0x3e, 0x69, 0x0c, 0x3e, 0x69,
  0x0b, 0x3e, 0x68, 0x0b, 0x3e, 0x6a, 0x0d, 0x46, 0x77, 0x0c, 0x45, 0x76,
  0x0d, 0x46, 0x78, 0x0d, 0x48, 0x7c, 0x0d, 0x49, 0x7c, 0x0b, 0x45, 0x76,
  0x0e, 0x49, 0x7b, 0x0c, 0x45, 0x76, 0x0b, 0x44, 0x76, 0x0b, 0x44, 0x75,
  0x0b, 0x44, 0x75, 0x0c, 0x43, 0x73, 0x0d, 0x44, 0x72, 0x0c, 0x42, 0x70,
  0x0a, 0x3d, 0x69, 0x0b, 0x3e, 0x6a, 0x07, 0x33, 0x59, 0x07, 0x38, 0x65,
  0x07, 0x39, 0x65, 0x06, 0x37, 0x63, 0x09, 0x3a, 0x66, 0x0a, 0x3c, 0x67,
  0x0a, 0x3c, 0x66, 0x0b, 0x3e, 0x6b, 0x08, 0x2f, 0x51, 0x05, 0x18, 0x2a,
  0x05, 0x1b, 0x31, 0x05, 0x1a, 0x2d, 0x05, 0x19, 0x2c, 0x05, 0x19, 0x2c,
  0x07, 0x14, 0x21, 0x06, 0x15, 0x23, 0x06, 0x16, 0x24, 0x04, 0x14, 0x24,
  0x09, 0x31, 0x55, 0x0c, 0x43, 0x73, 0x0d, 0x46, 0x77, 0x0c, 0x46, 0x78,
  0x0a, 0x41, 0x72, 0x0b, 0x47, 0x7a, 0x0d, 0x4a, 0x7d, 0x0b, 0x46, 0x78,
  0x0a, 0x42, 0x74, 0x0d, 0x47, 0x79, 0x0e, 0x4a, 0x7c, 0x0a, 0x43, 0x73,
  0x0b, 0x46, 0x78, 0x0d, 0x4a, 0x7f, 0x0a, 0x45, 0x79, 0x09, 0x45, 0x79,
  0x09, 0x45, 0x78, 0x0a, 0x47, 0x7b, 0x0c, 0x4a, 0x7f, 0x0e, 0x4d, 0x84,
  0x10, 0x53, 0x8a, 0x11, 0x53, 0x8b, 0x11, 0x51, 0x87, 0x13, 0x57, 0x90,
  0x0a, 0x33, 0x58, 0x02, 0x12, 0x24, 0x04, 0x18, 0x2c, 0x04, 0x17, 0x2a,
  0x03, 0x15, 0x28, 0x03, 0x14, 0x28, 0x03, 0x13, 0x23, 0x04, 0x11, 0x1e,
  0x03, 0x13, 0x23, 0x04, 0x12, 0x20, 0x04, 0x11, 0x1c, 0x04, 0x10, 0x1c,
  0x04, 0x19, 0x2f, 0x04, 0x1a, 0x30, 0x04, 0x10, 0x1c, 0x03, 0x10, 0x1e,
  0x03, 0x12, 0x22, 0x03, 0x12, 0x23, 0x03, 0x13, 0x23, 0x04, 0x0f, 0x1a,
  0x04, 0x0f, 0x19, 0x04, 0x14, 0x25, 0x05, 0x13, 0x20, 0x07, 0x13, 0x1d,
  0x07, 0x14, 0x1e, 0x07, 0x13, 0x1a, 0x07, 0x13, 0x1b, 0x08, 0x14, 0x1b,
  0x07, 0x12, 0x1a, 0x07, 0x12, 0x19, 0x06, 0x11, 0x18, 0x06, 0x10, 0x17,
  0x06, 0x11, 0x19, 0x06, 0x12, 0x1b, 0x06, 0x11, 0x18, 0x06, 0x12, 0x1b,
  0x07, 0x17, 0x21, 0x07, 0x16, 0x20, 0x08, 0x16, 0x20, 0x08, 0x15, 0x1c,
  0x04, 0x1a, 0x2e, 0x02, 0x23, 0x46, 0x05, 0x27, 0x49, 0x02, 0x27, 0x4d,
  0x05, 0x36, 0x64, 0x05, 0x2b, 0x50, 0x03, 0x17, 0x2c, 0x05, 0x12, 0x1d,
  0x07, 0x15, 0x20, 0x06, 0x14, 0x1e, 0x07, 0x15, 0x1e, 0x09, 0x18, 0x23,
  0x08, 0x18, 0x23, 0x08, 0x16, 0x1f, 0x06, 0x12, 0x19, 0x05, 0x13, 0x20,
  0x03, 0x15, 0x28, 0x02, 0x19, 0x32, 0x05, 0x23, 0x3f, 0x07, 0x2e, 0x51,
  0x05, 0x27, 0x47, 0x03, 0x1f, 0x3d, 0x02, 0x1d, 0x3b, 0x01, 0x1a, 0x36,
  0x00, 0x10, 0x24, 0x0a, 0x2c, 0x4c, 0x0e, 0x3b, 0x61, 0x08, 0x2b, 0x4a,
  0x0c, 0x37, 0x5c, 0x0c, 0x35, 0x59, 0x05, 0x20, 0x3a, 0x03, 0x14, 0x25,
  0x03, 0x14, 0x27, 0x03, 0x23, 0x44, 0x01, 0x12, 0x25, 0x07, 0x30, 0x55,
  0x07, 0x2e, 0x54, 0x01, 0x19, 0x34, 0x02, 0x14, 0x27, 0x02, 0x10, 0x1f,
  0x04, 0x25, 0x44, 0x01, 0x1a, 0x37, 0x01, 0x10, 0x22, 0x02, 0x16, 0x2b,
  0x02, 0x18, 0x30, 0x02, 0x17, 0x2f, 0x02, 0x16, 0x2d, 0x17, 0x52, 0x83,
  0x20, 0x6b, 0xa7, 0x1f, 0x6a, 0xa6, 0x1f, 0x69, 0xa3, 0x1f, 0x69, 0xa4,
  0x1e, 0x68, 0xa2, 0x1c, 0x64, 0x9e, 0x1c, 0x65, 0x9f, 0x19, 0x61, 0x9a,
  0x1b, 0x62, 0x9b, 0x1c, 0x61, 0x98, 0x1b, 0x5f, 0x98, 0x1a, 0x61, 0x9a,
  0x16, 0x5b, 0x93, 0x17, 0x58, 0x8e, 0x14, 0x4f, 0x80, 0x15, 0x4f, 0x7f,
  0x13, 0x4e, 0x7f, 0x13, 0x4f, 0x80, 0x10, 0x4b, 0x7d, 0x10, 0x4e, 0x80,
  0x10, 0x4c, 0x7e, 0x0f, 0x4a, 0x7b, 0x10, 0x4c, 0x7d, 0x0d, 0x46, 0x76,
  0x0c, 0x44, 0x74, 0x0b, 0x44, 0x75, 0x0c, 0x47, 0x7a, 0x0a, 0x45, 0x77,
  0x09, 0x41, 0x73, 0x08, 0x42, 0x75, 0x0b, 0x46, 0x78, 0x0a, 0x41, 0x72,
  0x0a, 0x42, 0x72, 0x0a, 0x41, 0x71, 0x0c, 0x44, 0x75, 0x0b, 0x44, 0x74,
  0x0a, 0x40, 0x70, 0x0a, 0x3f, 0x6c, 0x0a, 0x3f, 0x6d, 0x0a, 0x3f, 0x6d,
  0x0a, 0x3e, 0x6b, 0x0b, 0x3d, 0x69, 0x0b, 0x3d, 0x69, 0x0b, 0x40, 0x6d,
  0x0c, 0x43, 0x73, 0x0d, 0x46, 0x77, 0x0c, 0x46, 0x77, 0x0c, 0x45, 0x76,
  0x0c, 0x45, 0x77, 0x0c, 0x46, 0x78, 0x0b, 0x43, 0x73, 0x0c, 0x43, 0x72,
  0x0d, 0x46, 0x76, 0x0d, 0x47, 0x79, 0x0c, 0x45, 0x75, 0x0c, 0x44, 0x75,
  0x0c, 0x45, 0x77, 0x0c, 0x44, 0x74, 0x0d, 0x44, 0x73, 0x0e, 0x45, 0x73,
  0x0b, 0x3e, 0x6a, 0x0a, 0x3d, 0x68, 0x07, 0x34, 0x5a, 0x07, 0x38, 0x63,
  0x06, 0x36, 0x61, 0x07, 0x38, 0x64, 0x08, 0x39, 0x64, 0x09, 0x3a, 0x64,
  0x0a, 0x3c, 0x68, 0x0b, 0x3d, 0x69, 0x08, 0x27, 0x41, 0x05, 0x18, 0x2a,
  0x05, 0x1b, 0x30, 0x05, 0x19, 0x2a, 0x05, 0x1b, 0x2f, 0x06, 0x16, 0x24,
  0x06, 0x15, 0x23, 0x06, 0x16, 0x26, 0x05, 0x13, 0x21, 0x06, 0x22, 0x3c,
  0x0c, 0x42, 0x71, 0x0c, 0x41, 0x6f, 0x0d, 0x46, 0x76, 0x0c, 0x43, 0x72,
  0x0a, 0x41, 0x6f, 0x0d, 0x45, 0x76, 0x0f, 0x49, 0x7a, 0x0d, 0x45, 0x75,
  0x0b, 0x42, 0x72, 0x0b, 0x41, 0x70, 0x0c, 0x42, 0x70, 0x0b, 0x42, 0x71,
  0x0a, 0x42, 0x70, 0x0b, 0x44, 0x73, 0x0a, 0x43, 0x74, 0x0b, 0x47, 0x79,
  0x0e, 0x4b, 0x80, 0x0c, 0x4b, 0x81, 0x0c, 0x4a, 0x80, 0x0d, 0x4f, 0x86,
  0x0e, 0x51, 0x89, 0x10, 0x53, 0x8b, 0x12, 0x55, 0x8d, 0x12, 0x54, 0x8b,
  0x0e, 0x45, 0x73, 0x06, 0x26, 0x43, 0x03, 0x18, 0x2d, 0x04, 0x15, 0x26,
  0x03, 0x13, 0x23, 0x04, 0x13, 0x24, 0x04, 0x12, 0x21, 0x04, 0x12, 0x20,
  0x04, 0x11, 0x1f, 0x04, 0x11, 0x1d, 0x04, 0x13, 0x21, 0x03, 0x19, 0x2f,
  0x03, 0x16, 0x2a, 0x03, 0x10, 0x1d, 0x03, 0x16, 0x29, 0x02, 0x17, 0x2d,
  0x03, 0x15, 0x2a, 0x03, 0x14, 0x27, 0x04, 0x10, 0x1c, 0x04, 0x0f, 0x1a,
  0x03, 0x17, 0x2c, 0x02, 0x1c, 0x39, 0x03, 0x13, 0x26, 0x04, 0x13, 0x20,
  0x04, 0x11, 0x1d, 0x05, 0x10, 0x19, 0x06, 0x10, 0x18, 0x06, 0x13, 0x1c,
  0x08, 0x15, 0x1d, 0x07, 0x12, 0x19, 0x08, 0x13, 0x1a, 0x08, 0x13, 0x1a,
  0x07, 0x13, 0x1b, 0x07, 0x13, 0x1b, 0x07, 0x12, 0x1a, 0x06, 0x12, 0x1a,
  0x07, 0x13, 0x1a, 0x06, 0x12, 0x1a, 0x06, 0x12, 0x1b, 0x07, 0x15, 0x1e,
  0x08, 0x13, 0x1a, 0x04, 0x16, 0x25, 0x01, 0x1d, 0x3b, 0x01, 0x27, 0x4e,
  0x01, 0x2a, 0x55, 0x02, 0x28, 0x50, 0x03, 0x29, 0x4f, 0x03, 0x1f, 0x3c,
  0x03, 0x13, 0x23, 0x05, 0x11, 0x1c, 0x05, 0x14, 0x21, 0x06, 0x14, 0x20,
  0x06, 0x14, 0x1e, 0x05, 0x15, 0x23, 0x05, 0x14, 0x22, 0x05, 0x14, 0x22,
  0x05, 0x12, 0x1c, 0x04, 0x17, 0x29, 0x02, 0x25, 0x47, 0x03, 0x2a, 0x50,
  0x04, 0x2c, 0x53, 0x02, 0x24, 0x48, 0x04, 0x24, 0x44, 0x0a, 0x36, 0x5f,
  0x0e, 0x3c, 0x65, 0x19, 0x58, 0x8b, 0x1e, 0x67, 0xa2, 0x1c, 0x62, 0x9a,
  0x1e, 0x67, 0xa1, 0x1d, 0x64, 0x9e, 0x1c, 0x61, 0x98, 0x08, 0x27, 0x44,
  0x00, 0x14, 0x2c, 0x01, 0x1a, 0x38, 0x02, 0x21, 0x42, 0x01, 0x1f, 0x40,
  0x02, 0x24, 0x49, 0x02, 0x25, 0x4b, 0x02, 0x1e, 0x3e, 0x04, 0x2b, 0x50,
  0x08, 0x38, 0x62, 0x0b, 0x42, 0x71, 0x04, 0x32, 0x5f, 0x01, 0x25, 0x4d,
  0x02, 0x21, 0x42, 0x02, 0x1d, 0x3c, 0x02, 0x17, 0x2f, 0x19, 0x5a, 0x8e,
  0x21, 0x6b, 0xa6, 0x1e, 0x67, 0xa2, 0x1b, 0x65, 0x9f, 0x1c, 0x66, 0xa1,
  0x1b, 0x65, 0x9f, 0x1b, 0x64, 0x9e, 0x1a, 0x61, 0x9b, 0x19, 0x60, 0x99,
  0x1b, 0x61, 0x98, 0x18, 0x59, 0x8d, 0x18, 0x5a, 0x8f, 0x19, 0x5d, 0x94,
  0x17, 0x59, 0x90, 0x19, 0x5a, 0x90, 0x1a, 0x5c, 0x91, 0x16, 0x54, 0x87,
  0x13, 0x4f, 0x81, 0x12, 0x50, 0x82, 0x12, 0x50, 0x84, 0x0d, 0x48, 0x7b,
  0x0d, 0x47, 0x79, 0x0e, 0x48, 0x78, 0x0c, 0x45, 0x75, 0x0c, 0x45, 0x75,
  0x0c, 0x45, 0x76, 0x0b, 0x45, 0x77, 0x0a, 0x44, 0x75, 0x09, 0x42, 0x73,
  0x09, 0x42, 0x75, 0x08, 0x41, 0x74, 0x0a, 0x44, 0x77, 0x0b, 0x44, 0x77,
  0x0b, 0x44, 0x77, 0x09, 0x41, 0x72, 0x0b, 0x45, 0x76, 0x0c, 0x45, 0x76,
  0x0b, 0x41, 0x70, 0x0a, 0x3e, 0x6c, 0x0b, 0x40, 0x6d, 0x0c, 0x41, 0x6e,
  0x0b, 0x41, 0x6f, 0x0b, 0x40, 0x6f, 0x0b, 0x42, 0x72, 0x0b, 0x43, 0x74,
  0x0c, 0x45, 0x76, 0x0b, 0x43, 0x74, 0x0d, 0x44, 0x73, 0x0c, 0x41, 0x6f,
  0x0a, 0x3e, 0x6c, 0x09, 0x3c, 0x69, 0x09, 0x3d, 0x69, 0x0b, 0x40, 0x6e,
  0x0a, 0x40, 0x6e, 0x0c, 0x41, 0x6f, 0x0d, 0x44, 0x73, 0x0d, 0x46, 0x77,
  0x0d, 0x46, 0x78, 0x0c, 0x43, 0x73, 0x0c, 0x41, 0x6f, 0x0d, 0x41, 0x6e,
  0x0b, 0x3c, 0x66, 0x0a, 0x3d, 0x68, 0x08, 0x33, 0x58, 0x07, 0x37, 0x61,
  0x07, 0x38, 0x64, 0x07, 0x38, 0x63, 0x06, 0x37, 0x62, 0x07, 0x38, 0x62,
  0x08, 0x39, 0x63, 0x0b, 0x3d, 0x69, 0x08, 0x24, 0x3d, 0x05, 0x17, 0x26,
  0x06, 0x19, 0x2c, 0x05, 0x1a, 0x2d, 0x06, 0x1a, 0x2d, 0x06, 0x15, 0x21,
  0x06, 0x18, 0x29, 0x06, 0x17, 0x27, 0x05, 0x18, 0x29, 0x0b, 0x3a, 0x64,
  0x0e, 0x46, 0x76, 0x0d, 0x44, 0x72, 0x0d, 0x44, 0x73, 0x0c, 0x41, 0x6f,
  0x0c, 0x43, 0x71, 0x0d, 0x45, 0x75, 0x0f, 0x49, 0x7a, 0x10, 0x4a, 0x7b,
  0x0e, 0x46, 0x76, 0x0c, 0x41, 0x6d, 0x0c, 0x42, 0x70, 0x0c, 0x44, 0x72,
  0x0c, 0x42, 0x70, 0x0d, 0x46, 0x75, 0x0e, 0x4a, 0x7c, 0x0e, 0x4c, 0x80,
  0x0f, 0x4f, 0x85, 0x0c, 0x4b, 0x80, 0x0d, 0x4e, 0x85, 0x0e, 0x52, 0x8b,
  0x0e, 0x51, 0x89, 0x0d, 0x4c, 0x83, 0x0f, 0x50, 0x86, 0x12, 0x55, 0x8b,
  0x11, 0x53, 0x89, 0x10, 0x51, 0x87, 0x06, 0x28, 0x46, 0x03, 0x16, 0x2b,
  0x03, 0x17, 0x2b, 0x03, 0x14, 0x25, 0x03, 0x14, 0x26, 0x03, 0x12, 0x20,
  0x03, 0x13, 0x23, 0x04, 0x17, 0x2b, 0x04, 0x16, 0x28, 0x03, 0x13, 0x23,
  0x03, 0x12, 0x22, 0x03, 0x16, 0x2b, 0x03, 0x18, 0x2e, 0x03, 0x19, 0x2f,
  0x03, 0x17, 0x2d, 0x03, 0x12, 0x21, 0x04, 0x11, 0x1d, 0x03, 0x1a, 0x31,
  0x03, 0x1b, 0x34, 0x02, 0x14, 0x28, 0x03, 0x14, 0x27, 0x04, 0x14, 0x24,
  0x04, 0x13, 0x21, 0x04, 0x0f, 0x19, 0x04, 0x12, 0x20, 0x03, 0x14, 0x25,
  0x05, 0x0f, 0x18, 0x05, 0x0f, 0x17, 0x05, 0x10, 0x1a, 0x05, 0x10, 0x19,
  0x05, 0x10, 0x18, 0x06, 0x13, 0x1e, 0x07, 0x14, 0x1c, 0x08, 0x16, 0x1f,
  0x08, 0x14, 0x1b, 0x08, 0x14, 0x1b, 0x08, 0x16, 0x1e, 0x09, 0x19, 0x22,
  0x09, 0x1a, 0x24, 0x0a, 0x1a, 0x24, 0x08, 0x16, 0x20, 0x05, 0x17, 0x27,
  0x03, 0x1c, 0x34, 0x02, 0x1f, 0x3e, 0x01, 0x20, 0x43, 0x01, 0x21, 0x44,
  0x01, 0x1d, 0x3c, 0x01, 0x17, 0x2f, 0x00, 0x10, 0x22, 0x01, 0x12, 0x23,
  0x03, 0x14, 0x24, 0x03, 0x16, 0x2a, 0x02, 0x16, 0x2c, 0x03, 0x1a, 0x31,
  0x04, 0x17, 0x2b, 0x03, 0x11, 0x21, 0x08, 0x24, 0x3f, 0x06, 0x26, 0x47,
  0x04, 0x2e, 0x57, 0x02, 0x24, 0x46, 0x1c, 0x5c, 0x8f, 0x22, 0x6c, 0xa6,
  0x20, 0x6b, 0xa5, 0x1e, 0x66, 0xa0, 0x1c, 0x64, 0x9e, 0x20, 0x6b, 0xa6,
  0x1f, 0x68, 0xa1, 0x08, 0x2e, 0x52, 0x0e, 0x3c, 0x64, 0x08, 0x27, 0x47,
  0x02, 0x1b, 0x36, 0x07, 0x28, 0x49, 0x00, 0x19, 0x34, 0x02, 0x26, 0x4a,
  0x04, 0x31, 0x5c, 0x08, 0x3c, 0x6d, 0x09, 0x39, 0x66, 0x09, 0x3c, 0x68,
  0x0f, 0x47, 0x76, 0x0b, 0x3b, 0x64, 0x02, 0x1e, 0x3d, 0x07, 0x22, 0x3d,
  0x07, 0x21, 0x3a, 0x03, 0x27, 0x4c, 0x00, 0x1b, 0x3a, 0x13, 0x47, 0x72,
  0x22, 0x6f, 0xac, 0x1a, 0x62, 0x9d, 0x19, 0x61, 0x9b, 0x1c, 0x64, 0x9d,
  0x1a, 0x61, 0x9a, 0x19, 0x60, 0x98, 0x19, 0x5f, 0x97, 0x19, 0x5f, 0x96,
  0x1a, 0x5b, 0x90, 0x17, 0x54, 0x87, 0x18, 0x56, 0x87, 0x17, 0x56, 0x89,
  0x16, 0x54, 0x88, 0x18, 0x58, 0x8c, 0x17, 0x57, 0x8a, 0x17, 0x58, 0x8d,
  0x15, 0x55, 0x8a, 0x14, 0x53, 0x87, 0x13, 0x52, 0x86, 0x0f, 0x4a, 0x7d,
  0x0c, 0x45, 0x76, 0x0b, 0x42, 0x72, 0x0a, 0x41, 0x72, 0x0d, 0x47, 0x78,
  0x0c, 0x47, 0x79, 0x0c, 0x46, 0x78, 0x0b, 0x41, 0x71, 0x0a, 0x40, 0x70,
  0x0b, 0x43, 0x74, 0x09, 0x41, 0x72, 0x08, 0x3e, 0x6d, 0x0b, 0x40, 0x6f,
  0x0d, 0x46, 0x77, 0x0c, 0x44, 0x74, 0x0c, 0x45, 0x75, 0x0c, 0x43, 0x73,
  0x0a, 0x3f, 0x6e, 0x0a, 0x40, 0x6f, 0x0c, 0x42, 0x70, 0x0e, 0x44, 0x72,
  0x0c, 0x43, 0x72, 0x0b, 0x43, 0x73, 0x0b, 0x42, 0x72, 0x0b, 0x43, 0x74,
  0x0c, 0x45, 0x76, 0x0c, 0x44, 0x75, 0x0c, 0x3f, 0x6b, 0x0c, 0x3e, 0x69,
  0x0d, 0x40, 0x6c, 0x0c, 0x3e, 0x69, 0x0a, 0x3f, 0x6c, 0x0b, 0x41, 0x6f,
  0x0b, 0x3e, 0x6a, 0x0a, 0x3b, 0x65, 0x0b, 0x3e, 0x6b, 0x0e, 0x48, 0x79,
  0x0d, 0x46, 0x76, 0x0d, 0x42, 0x71, 0x0d, 0x43, 0x70, 0x0c, 0x3f, 0x6a,
  0x09, 0x38, 0x60, 0x0a, 0x3c, 0x66, 0x08, 0x33, 0x58, 0x07, 0x37, 0x60,
  0x08, 0x3a, 0x67, 0x07, 0x38, 0x62, 0x07, 0x36, 0x5f, 0x07, 0x35, 0x5e,
  0x08, 0x35, 0x5e, 0x0a, 0x3b, 0x66, 0x08, 0x24, 0x3c, 0x05, 0x15, 0x25,
  0x06, 0x18, 0x2a, 0x06, 0x1a, 0x2e, 0x06, 0x17, 0x25, 0x06, 0x17, 0x27,
  0x05, 0x19, 0x2c, 0x04, 0x13, 0x23, 0x08, 0x2b, 0x4b, 0x0d, 0x46, 0x76,
  0x0d, 0x45, 0x75, 0x0f, 0x49, 0x7a, 0x0f, 0x45, 0x74, 0x0d, 0x42, 0x6f,
  0x0e, 0x47, 0x76, 0x0e, 0x48, 0x78, 0x11, 0x4d, 0x7e, 0x10, 0x4c, 0x7f,
  0x0c, 0x44, 0x73, 0x0c, 0x44, 0x73, 0x0c, 0x42, 0x6f, 0x0d, 0x44, 0x72,
  0x0c, 0x43, 0x72, 0x0b, 0x43, 0x71, 0x0d, 0x4a, 0x7c, 0x0e, 0x4d, 0x81,
  0x0e, 0x4e, 0x83, 0x0a, 0x45, 0x78, 0x0d, 0x50, 0x88, 0x0c, 0x4d, 0x85,
  0x0c, 0x4d, 0x85, 0x0c, 0x4b, 0x81, 0x0d, 0x4a, 0x7f, 0x0f, 0x4e, 0x85,
  0x0f, 0x4f, 0x85, 0x0f, 0x51, 0x88, 0x0f, 0x4a, 0x7b, 0x04, 0x1b, 0x33,
  0x03, 0x18, 0x2e, 0x03, 0x17, 0x2b, 0x03, 0x14, 0x24, 0x04, 0x17, 0x2b,
  0x03, 0x1a, 0x30, 0x03, 0x17, 0x2b, 0x03, 0x14, 0x25, 0x03, 0x16, 0x2a,
  0x03, 0x17, 0x2d, 0x03, 0x16, 0x29, 0x04, 0x13, 0x23, 0x04, 0x14, 0x24,
  0x04, 0x10, 0x1e, 0x03, 0x13, 0x23, 0x03, 0x1b, 0x33, 0x03, 0x17, 0x2c,
  0x03, 0x14, 0x25, 0x03, 0x17, 0x2c, 0x04, 0x16, 0x29, 0x04, 0x13, 0x23,
  0x04, 0x11, 0x1e, 0x04, 0x11, 0x1e, 0x03, 0x18, 0x2d, 0x04, 0x12, 0x1f,
  0x04, 0x11, 0x1e, 0x04, 0x12, 0x1f, 0x04, 0x10, 0x1c, 0x04, 0x0d, 0x15,
  0x03, 0x14, 0x24, 0x04, 0x14, 0x24, 0x04, 0x0f, 0x18, 0x04, 0x10, 0x1c,
  0x04, 0x11, 0x1e, 0x06, 0x13, 0x1e, 0x06, 0x13, 0x1c, 0x07, 0x15, 0x20,
  0x08, 0x16, 0x21, 0x06, 0x13, 0x1d, 0x05, 0x16, 0x23, 0x05, 0x16, 0x23,
  0x05, 0x16, 0x25, 0x03, 0x18, 0x2c, 0x05, 0x21, 0x3b, 0x06, 0x24, 0x40,
  0x06, 0x26, 0x45, 0x09, 0x2e, 0x50, 0x0b, 0x33, 0x56, 0x0b, 0x33, 0x56,
  0x04, 0x16, 0x28, 0x03, 0x16, 0x29, 0x03, 0x19, 0x30, 0x04, 0x18, 0x2d,
  0x03, 0x16, 0x2a, 0x01, 0x10, 0x22, 0x0e, 0x3b, 0x62, 0x16, 0x53, 0x86,
  0x13, 0x4a, 0x79, 0x18, 0x57, 0x8b, 0x21, 0x6c, 0xa7, 0x1e, 0x68, 0xa2,
  0x1d, 0x66, 0xa1, 0x19, 0x61, 0x9c, 0x1c, 0x65, 0xa0, 0x1f, 0x6a, 0xa5,
  0x1e, 0x65, 0x9f, 0x05, 0x2b, 0x50, 0x00, 0x12, 0x2a, 0x00, 0x15, 0x30,
  0x09, 0x2b, 0x4d, 0x1d, 0x62, 0x98, 0x0a, 0x2c, 0x4d, 0x01, 0x15, 0x2c,
  0x03, 0x22, 0x42, 0x0a, 0x38, 0x62, 0x14, 0x51, 0x84, 0x0d, 0x44, 0x73,
  0x02, 0x25, 0x48, 0x01, 0x1b, 0x39, 0x01, 0x18, 0x30, 0x1a, 0x59, 0x8b,
  0x0f, 0x3a, 0x61, 0x02, 0x27, 0x4b, 0x02, 0x22, 0x43, 0x14, 0x4e, 0x7f,
  0x18, 0x5f, 0x9a, 0x18, 0x5e, 0x97, 0x15, 0x5a, 0x94, 0x16, 0x5c, 0x95,
  0x18, 0x5c, 0x95, 0x17, 0x5a, 0x92, 0x1a, 0x5f, 0x97, 0x18, 0x5b, 0x91,
  0x18, 0x57, 0x8b, 0x16, 0x52, 0x84, 0x15, 0x50, 0x82, 0x17, 0x54, 0x86,
  0x17, 0x54, 0x86, 0x17, 0x54, 0x86, 0x16, 0x53, 0x85, 0x14, 0x52, 0x84,
  0x15, 0x55, 0x89, 0x16, 0x57, 0x8d, 0x12, 0x52, 0x86, 0x11, 0x50, 0x85,
  0x0e, 0x4a, 0x7d, 0x0c, 0x44, 0x75, 0x0d, 0x46, 0x77, 0x0d, 0x44, 0x74,
  0x0c, 0x45, 0x74, 0x0a, 0x42, 0x72, 0x0b, 0x41, 0x71, 0x0b, 0x42, 0x70,
  0x0a, 0x41, 0x6f, 0x0a, 0x40, 0x6e, 0x09, 0x3d, 0x6b, 0x0a, 0x3e, 0x6b,
  0x0b, 0x3f, 0x6b, 0x0c, 0x40, 0x6d, 0x0e, 0x43, 0x71, 0x0c, 0x42, 0x70,
  0x0b, 0x41, 0x6f, 0x0c, 0x42, 0x70, 0x0d, 0x42, 0x6f, 0x0f, 0x45, 0x73,
  0x0d, 0x44, 0x73, 0x0c, 0x42, 0x71, 0x0b, 0x40, 0x6e, 0x0c, 0x42, 0x72,
  0x0c, 0x44, 0x74, 0x0d, 0x46, 0x76, 0x0b, 0x3e, 0x6a, 0x0d, 0x40, 0x6b,
  0x0d, 0x3f, 0x6a, 0x0c, 0x3d, 0x67, 0x0c, 0x40, 0x6d, 0x0c, 0x3f, 0x6b,
  0x0c, 0x3d, 0x67, 0x0b, 0x3a, 0x62, 0x0b, 0x3b, 0x64, 0x0d, 0x44, 0x72,
  0x0f, 0x48, 0x79, 0x0e, 0x46, 0x75, 0x0e, 0x45, 0x73, 0x0c, 0x3f, 0x6a,
  0x0a, 0x39, 0x61, 0x09, 0x39, 0x61, 0x07, 0x34, 0x59, 0x08, 0x35, 0x5d,
  0x08, 0x39, 0x65, 0x08, 0x39, 0x62, 0x09, 0x38, 0x61, 0x08, 0x35, 0x5d,
  0x07, 0x35, 0x5c, 0x09, 0x36, 0x5d, 0x06, 0x1b, 0x2e, 0x06, 0x18, 0x2a,
  0x06, 0x19, 0x2a, 0x06, 0x18, 0x29, 0x06, 0x17, 0x26, 0x06, 0x1a, 0x2d,
  0x05, 0x15, 0x26, 0x06, 0x21, 0x3b, 0x0c, 0x41, 0x70, 0x0d, 0x44, 0x74,
  0x0e, 0x46, 0x76, 0x10, 0x4a, 0x7b, 0x0e, 0x47, 0x76, 0x0e, 0x47, 0x76,
  0x0f, 0x48, 0x78, 0x0e, 0x47, 0x77, 0x0e, 0x47, 0x78, 0x0e, 0x48, 0x79,
  0x0c, 0x44, 0x75, 0x0c, 0x45, 0x74, 0x0b, 0x3f, 0x6b, 0x0b, 0x40, 0x6c,
  0x0c, 0x42, 0x70, 0x0b, 0x42, 0x72, 0x0a, 0x44, 0x75, 0x0b, 0x46, 0x77,
  0x0b, 0x44, 0x75, 0x0b, 0x45, 0x76, 0x0b, 0x48, 0x7d, 0x0b, 0x4a, 0x80,
  0x0c, 0x4c, 0x82, 0x0c, 0x4d, 0x84, 0x11, 0x54, 0x8b, 0x12, 0x52, 0x87,
  0x0f, 0x4d, 0x82, 0x0f, 0x4d, 0x82, 0x10, 0x50, 0x85, 0x06, 0x23, 0x3f,
  0x02, 0x11, 0x22, 0x02, 0x13, 0x24, 0x03, 0x1b, 0x33, 0x03, 0x1a, 0x31,
  0x03, 0x17, 0x2c, 0x03, 0x18, 0x2e, 0x03, 0x18, 0x2f, 0x03, 0x17, 0x2c,
  0x03, 0x17, 0x2c, 0x04, 0x16, 0x2a, 0x04, 0x13, 0x22, 0x04, 0x10, 0x1c,
  0x03, 0x15, 0x27, 0x03, 0x1a, 0x32, 0x03, 0x15, 0x28, 0x03, 0x15, 0x27,
  0x04, 0x16, 0x2b, 0x04, 0x19, 0x2d, 0x04, 0x13, 0x23, 0x04, 0x11, 0x1f,
  0x04, 0x10, 0x1c, 0x03, 0x1b, 0x35, 0x04, 0x15, 0x26, 0x04, 0x13, 0x23,
  0x04, 0x15, 0x29, 0x04, 0x13, 0x23, 0x04, 0x0f, 0x1b, 0x03, 0x11, 0x1f,
  0x04, 0x1d, 0x37, 0x04, 0x10, 0x1d, 0x03, 0x14, 0x26, 0x02, 0x16, 0x2b,
  0x02, 0x12, 0x24, 0x03, 0x11, 0x1f, 0x03, 0x11, 0x1f, 0x02, 0x16, 0x2b,
  0x04, 0x17, 0x2a, 0x0d, 0x3b, 0x63, 0x11, 0x4a, 0x7b, 0x12, 0x50, 0x83,
  0x0f, 0x4b, 0x7e, 0x11, 0x50, 0x85, 0x14, 0x58, 0x8f, 0x16, 0x5a, 0x92,
  0x19, 0x5f, 0x98, 0x1a, 0x61, 0x9b, 0x1c, 0x67, 0xa4, 0x10, 0x3f, 0x67,
  0x00, 0x11, 0x27, 0x02, 0x1f, 0x3d, 0x03, 0x25, 0x47, 0x04, 0x24, 0x46,
  0x02, 0x1a, 0x36, 0x01, 0x1b, 0x38, 0x04, 0x1f, 0x3b, 0x1d, 0x66, 0xa0,
  0x1e, 0x69, 0xa5, 0x1d, 0x69, 0xa5, 0x1b, 0x64, 0x9f, 0x1b, 0x65, 0xa0,
  0x19, 0x63, 0x9f, 0x17, 0x60, 0x9c, 0x19, 0x63, 0x9f, 0x1c, 0x67, 0xa3,
  0x1d, 0x69, 0xa6, 0x14, 0x54, 0x88, 0x08, 0x34, 0x5d, 0x06, 0x2c, 0x51,
  0x19, 0x56, 0x88, 0x23, 0x72, 0xb0, 0x18, 0x56, 0x88, 0x02, 0x12, 0x24,
  0x02, 0x14, 0x28, 0x04, 0x1d, 0x37, 0x0a, 0x2e, 0x4f, 0x0c, 0x31, 0x52,
  0x06, 0x28, 0x49, 0x02, 0x19, 0x32, 0x05, 0x1d, 0x35, 0x18, 0x5c, 0x93,
  0x1c, 0x60, 0x98, 0x12, 0x49, 0x76, 0x17, 0x55, 0x88, 0x19, 0x5f, 0x99,
  0x14, 0x59, 0x92, 0x16, 0x5d, 0x96, 0x15, 0x5d, 0x98, 0x17, 0x5f, 0x9a,
  0x19, 0x61, 0x9b, 0x1a, 0x62, 0x9b, 0x1a, 0x5f, 0x97, 0x14, 0x51, 0x84,
  0x14, 0x4f, 0x81, 0x14, 0x4f, 0x80, 0x15, 0x51, 0x82, 0x17, 0x53, 0x83,
  0x14, 0x4e, 0x7d, 0x14, 0x4f, 0x7f, 0x16, 0x54, 0x86, 0x14, 0x52, 0x84,
  0x13, 0x51, 0x85, 0x13, 0x54, 0x8a, 0x12, 0x52, 0x88, 0x10, 0x4f, 0x85,
  0x0f, 0x4e, 0x83, 0x0e, 0x46, 0x75, 0x0d, 0x46, 0x75, 0x0c, 0x44, 0x74,
  0x0b, 0x42, 0x72, 0x09, 0x3f, 0x6e, 0x0a, 0x41, 0x71, 0x0a, 0x40, 0x70,
  0x09, 0x3f, 0x6e, 0x09, 0x3c, 0x69, 0x0b, 0x3e, 0x6a, 0x0c, 0x40, 0x6d,
  0x0b, 0x3d, 0x68, 0x0a, 0x3c, 0x66, 0x0b, 0x3e, 0x69, 0x0b, 0x3f, 0x6b,
  0x0c, 0x40, 0x6c, 0x0b, 0x3f, 0x6b, 0x0c, 0x3d, 0x68, 0x0f, 0x45, 0x73,
  0x0d, 0x44, 0x72, 0x0b, 0x3f, 0x6b, 0x0b, 0x3f, 0x6c, 0x0a, 0x3e, 0x6c,
  0x0c, 0x43, 0x72, 0x0d, 0x44, 0x73, 0x0c, 0x40, 0x6c, 0x0c, 0x3e, 0x68,
  0x0c, 0x3f, 0x69, 0x0b, 0x3c, 0x66, 0x0b, 0x3d, 0x67, 0x0c, 0x40, 0x6b,
  0x0c, 0x3e, 0x67, 0x0a, 0x39, 0x61, 0x0a, 0x3a, 0x63, 0x0a, 0x3b, 0x65,
  0x0c, 0x3f, 0x6b, 0x0d, 0x41, 0x6e, 0x0e, 0x44, 0x71, 0x0b, 0x3b, 0x65,
  0x0a, 0x38, 0x60, 0x09, 0x37, 0x5d, 0x08, 0x34, 0x5a, 0x08, 0x35, 0x5d,
  0x07, 0x34, 0x5d, 0x07, 0x36, 0x5f, 0x09, 0x38, 0x62, 0x07, 0x35, 0x5d,
  0x08, 0x36, 0x5d, 0x08, 0x32, 0x57, 0x06, 0x1a, 0x2e, 0x06, 0x17, 0x27,
  0x06, 0x17, 0x28, 0x06, 0x18, 0x29, 0x06, 0x18, 0x29, 0x06, 0x18, 0x29,
  0x05, 0x1a, 0x2d, 0x09, 0x39, 0x64, 0x0c, 0x45, 0x76, 0x0d, 0x45, 0x74,
  0x0d, 0x46, 0x77, 0x0e, 0x46, 0x77, 0x0e, 0x48, 0x79, 0x0d, 0x47, 0x79,
  0x0d, 0x44, 0x73, 0x0c, 0x42, 0x6f, 0x0b, 0x42, 0x71, 0x0c, 0x44, 0x73,
  0x0c, 0x44, 0x74, 0x0c, 0x43, 0x72, 0x0a, 0x3e, 0x69, 0x0a, 0x3b, 0x65,
  0x0a, 0x3d, 0x68, 0x0a, 0x40, 0x6d, 0x0a, 0x42, 0x71, 0x09, 0x42, 0x71,
  0x0a, 0x41, 0x70, 0x0a, 0x42, 0x72, 0x09, 0x42, 0x74, 0x0b, 0x46, 0x79,
  0x0c, 0x4a, 0x7f, 0x0d, 0x4d, 0x83, 0x11, 0x54, 0x8c, 0x12, 0x54, 0x8c,
  0x13, 0x52, 0x87, 0x12, 0x51, 0x86, 0x0f, 0x4a, 0x7d, 0x07, 0x29, 0x49,
  0x08, 0x2a, 0x49, 0x07, 0x27, 0x46, 0x02, 0x17, 0x2c, 0x03, 0x1c, 0x36,
  0x02, 0x1b, 0x36, 0x02, 0x1a, 0x34, 0x03, 0x18, 0x2f, 0x03, 0x17, 0x2c,
  0x03, 0x17, 0x2b, 0x04, 0x12, 0x20, 0x04, 0x11, 0x1d, 0x04, 0x19, 0x2f,
  0x03, 0x1a, 0x33, 0x03, 0x14, 0x25, 0x04, 0x1a, 0x30, 0x04, 0x1b, 0x33,
  0x04, 0x1f, 0x3a, 0x04, 0x19, 0x2d, 0x04, 0x13, 0x22, 0x04, 0x10, 0x1d,
  0x03, 0x1c, 0x36, 0x03, 0x15, 0x28, 0x04, 0x13, 0x24, 0x03, 0x18, 0x30,
  0x03, 0x16, 0x29, 0x04, 0x13, 0x24, 0x04, 0x0f, 0x19, 0x03, 0x1a, 0x32,
  0x03, 0x15, 0x27, 0x03, 0x11, 0x21, 0x02, 0x19, 0x33, 0x03, 0x17, 0x2d,
  0x04, 0x12, 0x22, 0x04, 0x10, 0x1b, 0x04, 0x19, 0x30, 0x02, 0x1d, 0x39,
  0x0b, 0x39, 0x60, 0x17, 0x63, 0xa1, 0x16, 0x5f, 0x9b, 0x14, 0x5c, 0x99,
  0x13, 0x5a, 0x95, 0x16, 0x5e, 0x9a, 0x18, 0x61, 0x9c, 0x19, 0x62, 0x9d,
  0x19, 0x62, 0x9d, 0x16, 0x5a, 0x92, 0x19, 0x61, 0x9b, 0x15, 0x50, 0x80,
  0x03, 0x1e, 0x39, 0x02, 0x1a, 0x34, 0x06, 0x25, 0x46, 0x07, 0x29, 0x49,
  0x03, 0x1f, 0x3c, 0x02, 0x1a, 0x34, 0x0e, 0x3e, 0x68, 0x1b, 0x66, 0xa2,
  0x19, 0x61, 0x9c, 0x18, 0x62, 0x9e, 0x19, 0x63, 0x9f, 0x18, 0x60, 0x9b,
  0x16, 0x5e, 0x99, 0x13, 0x5b, 0x97, 0x10, 0x59, 0x95, 0x13, 0x5e, 0x9b,
  0x1a, 0x67, 0xa4, 0x1d, 0x6a, 0xa7, 0x1d, 0x66, 0xa0, 0x1f, 0x69, 0xa2,
  0x1b, 0x66, 0xa2, 0x1a, 0x64, 0xa1, 0x0c, 0x37, 0x5c, 0x00, 0x0f, 0x23,
  0x02, 0x1b, 0x36, 0x01, 0x1d, 0x3a, 0x02, 0x20, 0x3e, 0x04, 0x21, 0x3d,
  0x05, 0x21, 0x3d, 0x02, 0x1a, 0x33, 0x00, 0x14, 0x2c, 0x14, 0x4f, 0x80,
  0x1b, 0x66, 0xa2, 0x19, 0x63, 0x9f, 0x1b, 0x66, 0xa1, 0x16, 0x5e, 0x98,
  0x14, 0x59, 0x93, 0x13, 0x57, 0x90, 0x15, 0x5c, 0x96, 0x16, 0x5f, 0x9a,
  0x19, 0x62, 0x9d, 0x16, 0x5c, 0x97, 0x17, 0x5d, 0x97, 0x14, 0x53, 0x88,
  0x12, 0x4f, 0x81, 0x13, 0x4d, 0x7d, 0x15, 0x50, 0x80, 0x14, 0x4e, 0x7d,
  0x13, 0x4b, 0x78, 0x13, 0x4d, 0x7c, 0x14, 0x4f, 0x7f, 0x13, 0x4e, 0x7f,
  0x11, 0x4d, 0x7f, 0x11, 0x50, 0x85, 0x10, 0x4e, 0x83, 0x0f, 0x4c, 0x80,
  0x0d, 0x48, 0x7a, 0x0c, 0x40, 0x6d, 0x0c, 0x44, 0x73, 0x0c, 0x46, 0x77,
  0x0c, 0x43, 0x73, 0x0b, 0x42, 0x73, 0x0b, 0x40, 0x6e, 0x09, 0x3e, 0x6c,
  0x08, 0x3d, 0x6b, 0x09, 0x3e, 0x6b, 0x0b, 0x40, 0x6d, 0x09, 0x3c, 0x67,
  0x09, 0x3b, 0x66, 0x0a, 0x3b, 0x65, 0x0a, 0x3b, 0x64, 0x09, 0x3a, 0x64,
  0x09, 0x3b, 0x64, 0x0a, 0x39, 0x63, 0x09, 0x3a, 0x64, 0x0a, 0x3d, 0x68,
  0x0a, 0x3e, 0x6a, 0x0a, 0x3c, 0x67, 0x0b, 0x3d, 0x69, 0x0a, 0x3e, 0x6b,
  0x0b, 0x3e, 0x6a, 0x0c, 0x3e, 0x6a, 0x0c, 0x3f, 0x6b, 0x0b, 0x3c, 0x66,
  0x0b, 0x3b, 0x65, 0x0a, 0x3b, 0x65, 0x0b, 0x3b, 0x65, 0x0c, 0x3e, 0x69,
  0x0c, 0x3e, 0x68, 0x0a, 0x3b, 0x64, 0x0a, 0x38, 0x60, 0x0a, 0x3a, 0x62,
  0x0a, 0x3b, 0x65, 0x0b, 0x3f, 0x6d, 0x0b, 0x40, 0x6e, 0x0b, 0x3b, 0x65,
  0x0a, 0x3a, 0x63, 0x09, 0x38, 0x60, 0x07, 0x32, 0x57, 0x07, 0x33, 0x58,
  0x07, 0x35, 0x5d, 0x07, 0x33, 0x5b, 0x08, 0x36, 0x5e, 0x09, 0x37, 0x5f,
  0x09, 0x37, 0x5f, 0x09, 0x37, 0x5e, 0x05, 0x1a, 0x2d, 0x05, 0x16, 0x25,
  0x05, 0x18, 0x2a, 0x06, 0x16, 0x24, 0x06, 0x19, 0x2b, 0x05, 0x19, 0x2d,
  0x07, 0x2f, 0x52, 0x0a, 0x42, 0x72, 0x0a, 0x40, 0x6f, 0x0c, 0x46, 0x77,
  0x0c, 0x43, 0x73, 0x0e, 0x48, 0x79, 0x10, 0x4d, 0x80, 0x0f, 0x4a, 0x7c,
  0x0d, 0x43, 0x72, 0x0b, 0x3f, 0x6b, 0x0b, 0x3f, 0x6c, 0x0b, 0x41, 0x70,
  0x0b, 0x42, 0x70, 0x0b, 0x41, 0x6f, 0x0b, 0x40, 0x6d, 0x0a, 0x3c, 0x67,
  0x09, 0x3a, 0x65, 0x08, 0x3b, 0x66, 0x09, 0x3d, 0x6a, 0x09, 0x3e, 0x6d,
  0x0b, 0x43, 0x73, 0x0b, 0x43, 0x73, 0x0b, 0x43, 0x73, 0x0d, 0x46, 0x76,
  0x0d, 0x47, 0x79, 0x0d, 0x48, 0x7a, 0x0e, 0x4c, 0x80, 0x11, 0x51, 0x86,
  0x12, 0x51, 0x86, 0x11, 0x4f, 0x83, 0x12, 0x50, 0x83, 0x10, 0x4e, 0x82,
  0x0f, 0x4f, 0x85, 0x0f, 0x4f, 0x84, 0x0b, 0x3b, 0x65, 0x03, 0x1a, 0x32,
  0x03, 0x1a, 0x33, 0x03, 0x1a, 0x31, 0x03, 0x17, 0x2c, 0x03, 0x16, 0x29,
  0x04, 0x12, 0x21, 0x04, 0x13, 0x23, 0x03, 0x1b, 0x33, 0x03, 0x18, 0x2e,
  0x04, 0x15, 0x27, 0x04, 0x1c, 0x32, 0x06, 0x1f, 0x37, 0x05, 0x1d, 0x34,
  0x05, 0x20, 0x3b, 0x04, 0x18, 0x2b, 0x04, 0x11, 0x1e, 0x04, 0x1a, 0x30,
  0x03, 0x1a, 0x32, 0x04, 0x15, 0x27, 0x03, 0x1b, 0x35, 0x03, 0x18, 0x2e,
  0x04, 0x15, 0x28, 0x04, 0x10, 0x1d, 0x04, 0x15, 0x26, 0x03, 0x1b, 0x32,
  0x03, 0x10, 0x1d, 0x02, 0x1b, 0x36, 0x02, 0x19, 0x33, 0x04, 0x14, 0x25,
  0x04, 0x12, 0x22, 0x04, 0x10, 0x1d, 0x03, 0x24, 0x44, 0x04, 0x22, 0x3f,
  0x12, 0x50, 0x84, 0x15, 0x5d, 0x99, 0x12, 0x5a, 0x94, 0x13, 0x5a, 0x96,
  0x14, 0x5d, 0x9a, 0x14, 0x5d, 0x99, 0x19, 0x63, 0x9f, 0x18, 0x61, 0x9c,
  0x13, 0x59, 0x93, 0x13, 0x59, 0x93, 0x17, 0x5c, 0x96, 0x1a, 0x65, 0xa1,
  0x0c, 0x32, 0x54, 0x02, 0x0e, 0x1c, 0x03, 0x15, 0x29, 0x02, 0x12, 0x24,
  0x02, 0x15, 0x2a, 0x05, 0x23, 0x3f, 0x16, 0x5f, 0x9a, 0x19, 0x64, 0xa0,
  0x15, 0x5d, 0x98, 0x15, 0x5e, 0x9a, 0x1a, 0x65, 0xa1, 0x15, 0x5c, 0x97,
  0x14, 0x5a, 0x94, 0x12, 0x5b, 0x98, 0x10, 0x58, 0x95, 0x10, 0x58, 0x95,
  0x12, 0x5b, 0x99, 0x16, 0x61, 0x9d, 0x18, 0x64, 0xa1, 0x16, 0x60, 0x9d,
  0x14, 0x5b, 0x96, 0x17, 0x60, 0x9c, 0x16, 0x53, 0x86, 0x08, 0x2a, 0x4b,
  0x02, 0x1d, 0x3b, 0x05, 0x2f, 0x57, 0x0f, 0x46, 0x75, 0x0d, 0x46, 0x77,
  0x03, 0x2e, 0x56, 0x02, 0x1f, 0x3d, 0x0b, 0x31, 0x54, 0x19, 0x5b, 0x90,
  0x16, 0x5c, 0x95, 0x15, 0x5c, 0x95, 0x14, 0x5c, 0x97, 0x15, 0x5c, 0x96,
  0x13, 0x57, 0x91, 0x13, 0x59, 0x93, 0x12, 0x57, 0x91, 0x11, 0x57, 0x91,
  0x15, 0x5b, 0x96, 0x17, 0x5e, 0x99, 0x16, 0x5e, 0x98, 0x18, 0x5f, 0x98,
  0x15, 0x55, 0x8a, 0x12, 0x4d, 0x7d, 0x12, 0x4d, 0x7c, 0x12, 0x4c, 0x7a,
  0x13, 0x4c, 0x7a, 0x11, 0x4a, 0x78, 0x12, 0x4a, 0x78, 0x12, 0x4c, 0x7c,
  0x12, 0x4e, 0x80, 0x0e, 0x46, 0x76, 0x0e, 0x45, 0x75, 0x0d, 0x46, 0x77,
  0x0b, 0x42, 0x71, 0x0c, 0x41, 0x6e, 0x0c, 0x41, 0x6e, 0x0c, 0x44, 0x74,
  0x0d, 0x45, 0x76, 0x0b, 0x41, 0x70, 0x09, 0x3c, 0x68, 0x08, 0x3b, 0x67,
  0x09, 0x3c, 0x69, 0x0b, 0x41, 0x6f, 0x0b, 0x40, 0x6d, 0x09, 0x3b, 0x68,
  0x08, 0x39, 0x64, 0x09, 0x3a, 0x65, 0x09, 0x39, 0x62, 0x0a, 0x3b, 0x64,
  0x0a, 0x39, 0x61, 0x09, 0x38, 0x60, 0x09, 0x38, 0x61, 0x09, 0x39, 0x63,
  0x09, 0x3a, 0x64, 0x09, 0x39, 0x63, 0x0b, 0x3b, 0x64, 0x0a, 0x3b, 0x65,
  0x0a, 0x3a, 0x63, 0x0a, 0x39, 0x61, 0x0b, 0x3c, 0x66, 0x0c, 0x40, 0x6c,
  0x0a, 0x3c, 0x67, 0x09, 0x3a, 0x64, 0x0a, 0x3a, 0x64, 0x0a, 0x3c, 0x68,
  0x09, 0x39, 0x63, 0x0a, 0x3b, 0x66, 0x09, 0x39, 0x62, 0x09, 0x37, 0x60,
  0x0a, 0x3a, 0x64, 0x09, 0x3c, 0x67, 0x0a, 0x3f, 0x6c, 0x09, 0x39, 0x65,
  0x09, 0x39, 0x63, 0x09, 0x37, 0x5f, 0x06, 0x2e, 0x52, 0x07, 0x33, 0x5a,
  0x07, 0x36, 0x5f, 0x06, 0x32, 0x59, 0x07, 0x35, 0x5c, 0x09, 0x38, 0x61,
  0x0a, 0x3a, 0x64, 0x09, 0x32, 0x56, 0x05, 0x15, 0x24, 0x05, 0x19, 0x2d,
  0x06, 0x17, 0x27, 0x06, 0x15, 0x23, 0x05, 0x19, 0x2c, 0x06, 0x26, 0x44,
  0x09, 0x40, 0x70, 0x0a, 0x41, 0x71, 0x0c, 0x48, 0x7b, 0x0d, 0x49, 0x7d,
  0x0d, 0x47, 0x79, 0x10, 0x4c, 0x7f, 0x10, 0x4c, 0x80, 0x0f, 0x49, 0x7a,
  0x0c, 0x43, 0x72, 0x0c, 0x41, 0x6d, 0x0b, 0x3f, 0x6b, 0x0c, 0x42, 0x6f,
  0x0b, 0x40, 0x6e, 0x0a, 0x3f, 0x6d, 0x0b, 0x3e, 0x69, 0x09, 0x3b, 0x65,
  0x09, 0x3b, 0x66, 0x08, 0x3b, 0x66, 0x07, 0x3b, 0x68, 0x08, 0x3d, 0x6b,
  0x0b, 0x43, 0x73, 0x0c, 0x45, 0x75, 0x0c, 0x45, 0x75, 0x0d, 0x45, 0x76,
  0x0e, 0x48, 0x79, 0x0d, 0x47, 0x77, 0x0c, 0x47, 0x7a, 0x10, 0x4e, 0x82,
  0x11, 0x4f, 0x84, 0x0e, 0x4c, 0x80, 0x13, 0x54, 0x8a, 0x12, 0x54, 0x8a,
  0x10, 0x53, 0x8a, 0x11, 0x54, 0x8c, 0x12, 0x59, 0x94, 0x08, 0x2f, 0x52,
  0x02, 0x15, 0x29, 0x04, 0x17, 0x2b, 0x04, 0x13, 0x22, 0x04, 0x12, 0x1f,
  0x04, 0x15, 0x27, 0x03, 0x19, 0x31, 0x03, 0x15, 0x29, 0x04, 0x1a, 0x32,
  0x04, 0x1d, 0x36, 0x05, 0x21, 0x3b, 0x06, 0x20, 0x37, 0x04, 0x16, 0x28,
  0x04, 0x16, 0x28, 0x04, 0x12, 0x20, 0x04, 0x18, 0x2e, 0x03, 0x1c, 0x36,
  0x03, 0x15, 0x26, 0x03, 0x1c, 0x35, 0x03, 0x1c, 0x36, 0x04, 0x17, 0x2b,
  0x04, 0x14, 0x24, 0x04, 0x11, 0x1e, 0x03, 0x1d, 0x38, 0x03, 0x13, 0x23,
  0x03, 0x17, 0x2d, 0x02, 0x1b, 0x38, 0x02, 0x18, 0x31, 0x03, 0x14, 0x26,
  0x04, 0x11, 0x1f, 0x03, 0x18, 0x2e, 0x02, 0x23, 0x44, 0x0a, 0x34, 0x5a,
  0x15, 0x5e, 0x99, 0x17, 0x61, 0x9e, 0x15, 0x60, 0x9d, 0x14, 0x5d, 0x9a,
  0x13, 0x5d, 0x9a, 0x15, 0x61, 0x9f, 0x19, 0x63, 0xa0, 0x17, 0x5d, 0x97,
  0x13, 0x59, 0x93, 0x16, 0x5d, 0x98, 0x17, 0x5e, 0x97, 0x18, 0x5b, 0x91,
  0x05, 0x1f, 0x39, 0x01, 0x17, 0x31, 0x03, 0x1d, 0x38, 0x03, 0x1b, 0x36,
  0x02, 0x1a, 0x36, 0x01, 0x19, 0x35, 0x12, 0x53, 0x8a, 0x17, 0x63, 0xa0,
  0x12, 0x59, 0x94, 0x16, 0x60, 0x9c, 0x16, 0x5f, 0x9b, 0x16, 0x5e, 0x99,
  0x16, 0x60, 0x9c, 0x10, 0x5a, 0x98, 0x10, 0x5a, 0x98, 0x0f, 0x57, 0x94,
  0x10, 0x59, 0x97, 0x15, 0x63, 0xa0, 0x15, 0x61, 0x9e, 0x16, 0x60, 0x9d,
  0x19, 0x64, 0xa1, 0x16, 0x5d, 0x98, 0x18, 0x64, 0xa2, 0x16, 0x51, 0x83,
  0x02, 0x12, 0x24, 0x03, 0x1e, 0x3b, 0x0a, 0x3a, 0x65, 0x0a, 0x3c, 0x68,
  0x01, 0x1d, 0x39, 0x16, 0x4b, 0x77, 0x1f, 0x6a, 0xa6, 0x16, 0x5b, 0x94,
  0x14, 0x5a, 0x92, 0x16, 0x5e, 0x99, 0x14, 0x5c, 0x97, 0x13, 0x5b, 0x95,
  0x15, 0x5d, 0x98, 0x14, 0x5b, 0x95, 0x11, 0x56, 0x91, 0x12, 0x5a, 0x94,
  0x13, 0x5c, 0x97, 0x17, 0x60, 0x9a, 0x16, 0x5e, 0x98, 0x15, 0x5b, 0x95,
  0x14, 0x57, 0x8e, 0x13, 0x51, 0x85, 0x11, 0x4b, 0x7b, 0x10, 0x49, 0x77,
  0x10, 0x4a, 0x79, 0x12, 0x4c, 0x7b, 0x11, 0x49, 0x77, 0x11, 0x4a, 0x79,
  0x11, 0x4c, 0x7d, 0x0e, 0x45, 0x74, 0x0d, 0x43, 0x71, 0x0d, 0x41, 0x6f,
  0x0c, 0x3f, 0x6c, 0x0c, 0x40, 0x6c, 0x0c, 0x3f, 0x6b, 0x0c, 0x42, 0x6f,
  0x0e, 0x46, 0x76, 0x0d, 0x45, 0x75, 0x0b, 0x41, 0x71, 0x0b, 0x41, 0x6f,
  0x0b, 0x3f, 0x6c, 0x0c, 0x43, 0x71, 0x0e, 0x45, 0x74, 0x0d, 0x42, 0x6f,
  0x0b, 0x3e, 0x6a, 0x09, 0x3a, 0x64, 0x0a, 0x39, 0x63, 0x0a, 0x39, 0x62,
  0x09, 0x3a, 0x63, 0x09, 0x38, 0x60, 0x09, 0x39, 0x62, 0x09, 0x39, 0x62,
  0x08, 0x38, 0x62, 0x08, 0x38, 0x62, 0x0a, 0x39, 0x61, 0x0a, 0x3b, 0x64,
  0x0a, 0x39, 0x63, 0x09, 0x38, 0x62, 0x0a, 0x3a, 0x63, 0x0a, 0x3b, 0x65,
  0x09, 0x3b, 0x67, 0x08, 0x3a, 0x64, 0x0a, 0x3c, 0x66, 0x0a, 0x3d, 0x6b,
  0x0a, 0x3e, 0x6b, 0x0a, 0x3d, 0x69, 0x09, 0x3c, 0x68, 0x09, 0x37, 0x61,
  0x09, 0x39, 0x62, 0x09, 0x39, 0x62, 0x09, 0x3d, 0x69, 0x08, 0x3a, 0x67,
  0x09, 0x39, 0x64, 0x08, 0x36, 0x5d, 0x06, 0x2e, 0x50, 0x07, 0x35, 0x5d,
  0x07, 0x36, 0x5f, 0x06, 0x33, 0x5b, 0x08, 0x35, 0x5d, 0x0a, 0x39, 0x61,
  0x0a, 0x3c, 0x66, 0x09, 0x2d, 0x4d, 0x05, 0x16, 0x26, 0x05, 0x1a, 0x2e,
  0x06, 0x15, 0x23, 0x06, 0x17, 0x28, 0x05, 0x20, 0x38, 0x0a, 0x3e, 0x6c,
  0x0a, 0x44, 0x78, 0x0b, 0x46, 0x78, 0x0c, 0x46, 0x78, 0x0b, 0x45, 0x77,
  0x0d, 0x4a, 0x7d, 0x0f, 0x4c, 0x7f, 0x10, 0x4c, 0x7e, 0x0e, 0x48, 0x7a,
  0x0f, 0x49, 0x7a, 0x0b, 0x3e, 0x6a, 0x09, 0x3b, 0x66, 0x08, 0x3a, 0x65,
  0x09, 0x3c, 0x69, 0x0a, 0x3e, 0x6b, 0x0a, 0x3e, 0x6b, 0x09, 0x3c, 0x68,
  0x09, 0x3b, 0x66, 0x07, 0x39, 0x63, 0x08, 0x3c, 0x68, 0x07, 0x3d, 0x6c,
  0x09, 0x40, 0x71, 0x0c, 0x46, 0x77, 0x0c, 0x44, 0x75, 0x0c, 0x44, 0x74,
  0x0e, 0x48, 0x7a, 0x0e, 0x47, 0x79, 0x0d, 0x48, 0x7a, 0x0f, 0x4b, 0x7e,
  0x11, 0x50, 0x83, 0x10, 0x4d, 0x81, 0x12, 0x52, 0x89, 0x10, 0x52, 0x89,
  0x10, 0x55, 0x8e, 0x13, 0x58, 0x91, 0x11, 0x58, 0x93, 0x0c, 0x42, 0x70,
  0x04, 0x15, 0x26, 0x04, 0x15, 0x25, 0x04, 0x15, 0x26, 0x03, 0x18, 0x2c,
  0x03, 0x17, 0x2b, 0x03, 0x18, 0x2d, 0x03, 0x1b, 0x35, 0x04, 0x1e, 0x3a,
  0x04, 0x1b, 0x33, 0x05, 0x1c, 0x33, 0x05, 0x1a, 0x2e, 0x05, 0x16, 0x27,
  0x04, 0x12, 0x20, 0x04, 0x18, 0x2e, 0x03, 0x1d, 0x38, 0x03, 0x17, 0x2b,
  0x03, 0x18, 0x2e, 0x03, 0x1a, 0x31, 0x03, 0x19, 0x31, 0x04, 0x16, 0x2a,
  0x04, 0x12, 0x1f, 0x04, 0x1b, 0x32, 0x03, 0x19, 0x2f, 0x03, 0x13, 0x25,
  0x02, 0x19, 0x32, 0x02, 0x1b, 0x36, 0x02, 0x16, 0x2d, 0x03, 0x14, 0x27,
  0x03, 0x11, 0x1f, 0x03, 0x22, 0x42, 0x04, 0x23, 0x42, 0x14, 0x53, 0x88,
  0x16, 0x60, 0x9c, 0x16, 0x62, 0x9f, 0x14, 0x5d, 0x9b, 0x15, 0x5f, 0x9c,
  0x16, 0x61, 0x9d, 0x14, 0x5b, 0x96, 0x15, 0x5b, 0x96, 0x17, 0x5e, 0x99,
  0x17, 0x5f, 0x99, 0x18, 0x60, 0x9b, 0x14, 0x59, 0x92, 0x19, 0x61, 0x9b,
  0x0e, 0x40, 0x6a, 0x03, 0x22, 0x41, 0x03, 0x23, 0x45, 0x03, 0x25, 0x48,
  0x02, 0x1e, 0x3e, 0x0d, 0x3e, 0x69, 0x17, 0x63, 0x9f, 0x17, 0x64, 0xa1,
  0x15, 0x60, 0x9d, 0x1a, 0x67, 0xa4, 0x19, 0x64, 0xa1, 0x1b, 0x68, 0xa6,
  0x17, 0x64, 0xa1, 0x14, 0x60, 0x9e, 0x13, 0x5f, 0x9c, 0x12, 0x5d, 0x9b,
  0x0f, 0x59, 0x96, 0x15, 0x61, 0x9f, 0x15, 0x60, 0x9e, 0x16, 0x62, 0x9f,
  0x14, 0x5b, 0x96, 0x11, 0x55, 0x8f, 0x12, 0x57, 0x90, 0x06, 0x28, 0x48,
  0x02, 0x0e, 0x1b, 0x03, 0x18, 0x2e, 0x07, 0x2c, 0x4f, 0x05, 0x2d, 0x53,
  0x01, 0x1a, 0x35, 0x10, 0x42, 0x6b, 0x19, 0x61, 0x9b, 0x16, 0x5c, 0x95,
  0x16, 0x5d, 0x97, 0x17, 0x5f, 0x99, 0x15, 0x5c, 0x95, 0x13, 0x5a, 0x94,
  0x14, 0x5a, 0x94, 0x12, 0x56, 0x8f, 0x15, 0x5a, 0x93, 0x15, 0x5c, 0x96,
  0x14, 0x5b, 0x96, 0x13, 0x5a, 0x94, 0x15, 0x5d, 0x97, 0x14, 0x5a, 0x94,
  0x13, 0x56, 0x8f, 0x11, 0x52, 0x88, 0x10, 0x4c, 0x7e, 0x11, 0x4c, 0x7e,
  0x0f, 0x48, 0x78, 0x10, 0x48, 0x77, 0x11, 0x4a, 0x7a, 0x10, 0x46, 0x74,
  0x0f, 0x48, 0x78, 0x0f, 0x47, 0x76, 0x0d, 0x43, 0x6f, 0x0d, 0x41, 0x6c,
  0x0c, 0x3f, 0x6b, 0x0c, 0x3f, 0x6a, 0x0c, 0x40, 0x6b, 0x0d, 0x41, 0x6d,
  0x0f, 0x45, 0x73, 0x0e, 0x46, 0x75, 0x0d, 0x45, 0x74, 0x0c, 0x42, 0x71,
  0x0b, 0x40, 0x6d, 0x0b, 0x41, 0x6e, 0x0d, 0x44, 0x72, 0x0c, 0x41, 0x6e,
  0x0b, 0x3e, 0x6a, 0x0a, 0x3b, 0x66, 0x0a, 0x3b, 0x65, 0x0a, 0x3b, 0x64,
  0x09, 0x38, 0x61, 0x08, 0x37, 0x5f, 0x09, 0x3a, 0x64, 0x08, 0x38, 0x61,
  0x08, 0x37, 0x61, 0x08, 0x39, 0x63, 0x09, 0x38, 0x61, 0x09, 0x39, 0x63,
  0x09, 0x39, 0x64, 0x09, 0x39, 0x63, 0x09, 0x39, 0x61, 0x09, 0x39, 0x62,
  0x09, 0x39, 0x63, 0x09, 0x3b, 0x66, 0x0a, 0x3c, 0x69, 0x0a, 0x3e, 0x6b,
  0x0b, 0x40, 0x6e, 0x0a, 0x3f, 0x6e, 0x09, 0x3e, 0x6b, 0x08, 0x3a, 0x64,
  0x08, 0x37, 0x61, 0x08, 0x37, 0x60, 0x09, 0x3b, 0x67, 0x0a, 0x3d, 0x6b,
  0x08, 0x39, 0x66, 0x06, 0x34, 0x5c, 0x06, 0x2d, 0x50, 0x05, 0x32, 0x59,
  0x06, 0x35, 0x5d, 0x07, 0x36, 0x5f, 0x07, 0x36, 0x5d, 0x07, 0x33, 0x59,
  0x0a, 0x3a, 0x64, 0x08, 0x29, 0x47, 0x05, 0x18, 0x2a, 0x05, 0x18, 0x28,
  0x05, 0x15, 0x24, 0x05, 0x1b, 0x2f, 0x09, 0x38, 0x62, 0x09, 0x41, 0x72,
  0x08, 0x3f, 0x70, 0x09, 0x40, 0x72, 0x0a, 0x42, 0x73, 0x0b, 0x43, 0x74,
  0x0d, 0x49, 0x7d, 0x0d, 0x49, 0x7c, 0x0f, 0x49, 0x7b, 0x0e, 0x47, 0x77,
  0x0c, 0x41, 0x6f, 0x0a, 0x3c, 0x68, 0x09, 0x3b, 0x67, 0x08, 0x3b, 0x67,
  0x09, 0x3d, 0x69, 0x0a, 0x40, 0x6e, 0x0a, 0x3f, 0x6e, 0x0a, 0x41, 0x70,
  0x09, 0x3f, 0x6e, 0x07, 0x39, 0x65, 0x07, 0x3b, 0x68, 0x07, 0x3d, 0x6c,
  0x07, 0x3e, 0x6f, 0x0a, 0x42, 0x72, 0x0c, 0x46, 0x78, 0x0c, 0x47, 0x7a,
  0x0e, 0x4b, 0x7f, 0x0d, 0x49, 0x7c, 0x0d, 0x4a, 0x7e, 0x0e, 0x4a, 0x7e,
  0x0f, 0x4c, 0x7f, 0x0e, 0x4b, 0x7e, 0x0e, 0x4b, 0x80, 0x0c, 0x4c, 0x82,
  0x0e, 0x52, 0x8b, 0x0f, 0x55, 0x8f, 0x0d, 0x50, 0x8b, 0x07, 0x30, 0x55,
  0x03, 0x10, 0x1e, 0x03, 0x18, 0x2d, 0x03, 0x1b, 0x33, 0x03, 0x1e, 0x38,
  0x03, 0x1f, 0x3a, 0x03, 0x1d, 0x38, 0x03, 0x1d, 0x38, 0x03, 0x1c, 0x35,
  0x04, 0x1a, 0x2f, 0x05, 0x18, 0x2c, 0x05, 0x16, 0x28, 0x04, 0x12, 0x20,
  0x04, 0x1a, 0x2f, 0x03, 0x1b, 0x33, 0x03, 0x18, 0x2f, 0x03, 0x1b, 0x36,
  0x03, 0x1d, 0x37, 0x03, 0x19, 0x2e, 0x04, 0x16, 0x29, 0x04, 0x14, 0x23,
  0x04, 0x17, 0x2c, 0x05, 0x21, 0x3c, 0x03, 0x15, 0x28, 0x02, 0x1b, 0x36,
  0x02, 0x1a, 0x35, 0x02, 0x19, 0x32, 0x02, 0x15, 0x2a, 0x03, 0x10, 0x1f,
  0x04, 0x1c, 0x35, 0x01, 0x20, 0x3f, 0x0a, 0x35, 0x5b, 0x16, 0x5f, 0x9b,
  0x14, 0x5e, 0x9a, 0x12, 0x5b, 0x98, 0x12, 0x5c, 0x99, 0x12, 0x5a, 0x96,
  0x12, 0x5a, 0x96, 0x0e, 0x52, 0x8c, 0x10, 0x54, 0x8f, 0x14, 0x5d, 0x98,
  0x16, 0x5d, 0x96, 0x15, 0x5b, 0x95, 0x16, 0x5c, 0x96, 0x15, 0x58, 0x90,
  0x1a, 0x62, 0x9c, 0x11, 0x41, 0x69, 0x00, 0x17, 0x32, 0x02, 0x1a, 0x36,
  0x04, 0x1f, 0x3c, 0x18, 0x5f, 0x99, 0x16, 0x61, 0x9d, 0x11, 0x5b, 0x98,
  0x13, 0x5c, 0x99, 0x17, 0x62, 0x9f, 0x16, 0x62, 0xa0, 0x15, 0x61, 0x9f,
  0x14, 0x60, 0x9f, 0x13, 0x5f, 0x9e, 0x10, 0x58, 0x95, 0x10, 0x58, 0x94,
  0x0f, 0x56, 0x93, 0x12, 0x5a, 0x97, 0x15, 0x60, 0x9e, 0x12, 0x5b, 0x97,
  0x12, 0x57, 0x90, 0x14, 0x57, 0x90, 0x13, 0x58, 0x91, 0x0b, 0x33, 0x59,
  0x01, 0x16, 0x2e, 0x02, 0x17, 0x2f, 0x01, 0x15, 0x2b, 0x03, 0x17, 0x2e,
  0x01, 0x11, 0x26, 0x0b, 0x2e, 0x4f, 0x1a, 0x64, 0x9e, 0x15, 0x59, 0x92,
  0x16, 0x5b, 0x94, 0x16, 0x5b, 0x95, 0x15, 0x5a, 0x94, 0x17, 0x5c, 0x95,
  0x14, 0x58, 0x90, 0x14, 0x59, 0x93, 0x16, 0x5b, 0x93, 0x16, 0x5a, 0x92,
  0x14, 0x57, 0x8f, 0x15, 0x5a, 0x94, 0x14, 0x5a, 0x94, 0x16, 0x5e, 0x99,
  0x14, 0x59, 0x93, 0x11, 0x54, 0x8c, 0x0e, 0x4d, 0x83, 0x11, 0x50, 0x86,
  0x10, 0x4f, 0x83, 0x0f, 0x47, 0x77, 0x0f, 0x46, 0x75, 0x0f, 0x46, 0x74,
  0x0f, 0x46, 0x73, 0x0e, 0x45, 0x71, 0x0d, 0x41, 0x6e, 0x0b, 0x3f, 0x6b,
  0x0b, 0x3f, 0x6c, 0x0c, 0x42, 0x6f, 0x0c, 0x3f, 0x6a, 0x0d, 0x42, 0x6d,
  0x0e, 0x42, 0x6f, 0x0d, 0x42, 0x70, 0x0c, 0x41, 0x70, 0x0c, 0x41, 0x6f,
  0x0b, 0x3f, 0x6d, 0x0a, 0x3e, 0x6b, 0x0d, 0x42, 0x6f, 0x0c, 0x41, 0x6e,
  0x0b, 0x3e, 0x6b, 0x0a, 0x3c, 0x67, 0x0a, 0x3b, 0x64, 0x0a, 0x3b, 0x64,
  0x0a, 0x38, 0x5f, 0x09, 0x37, 0x5e, 0x09, 0x37, 0x5f, 0x08, 0x37, 0x60,
  0x08, 0x38, 0x61, 0x09, 0x3a, 0x65, 0x09, 0x3a, 0x65, 0x09, 0x3a, 0x64,
  0x0a, 0x3b, 0x67, 0x09, 0x38, 0x60, 0x09, 0x38, 0x61, 0x09, 0x39, 0x63,
  0x08, 0x38, 0x63, 0x0a, 0x3d, 0x6a, 0x0a, 0x3c, 0x69, 0x09, 0x3c, 0x68,
  0x0a, 0x3d, 0x69, 0x0a, 0x3f, 0x6d, 0x0a, 0x3e, 0x6d, 0x07, 0x37, 0x62,
  0x07, 0x37, 0x62, 0x07, 0x35, 0x5e, 0x08, 0x37, 0x63, 0x07, 0x38, 0x64,
  0x05, 0x34, 0x60, 0x05, 0x31, 0x59, 0x07, 0x30, 0x55, 0x06, 0x33, 0x5b,
  0x06, 0x34, 0x5c, 0x07, 0x34, 0x5d, 0x07, 0x34, 0x5b, 0x08, 0x35, 0x5c,
  0x0a, 0x39, 0x60, 0x07, 0x1e, 0x33, 0x05, 0x17, 0x28, 0x05, 0x16, 0x25,
  0x05, 0x18, 0x2a, 0x07, 0x32, 0x58, 0x09, 0x3e, 0x6d, 0x07, 0x39, 0x66,
  0x06, 0x3a, 0x6a, 0x0a, 0x41, 0x71, 0x0b, 0x42, 0x73, 0x0a, 0x41, 0x72,
  0x0c, 0x46, 0x78, 0x0d, 0x47, 0x7a, 0x0e, 0x48, 0x7a, 0x0c, 0x43, 0x71,
  0x0b, 0x3f, 0x6d, 0x0a, 0x3c, 0x68, 0x09, 0x3a, 0x64, 0x09, 0x39, 0x63,
  0x09, 0x3b, 0x67, 0x0a, 0x3e, 0x6b, 0x0a, 0x3f, 0x6c, 0x0a, 0x41, 0x70,
  0x08, 0x3b, 0x68, 0x07, 0x39, 0x66, 0x08, 0x3c, 0x6a, 0x08, 0x3f, 0x6e,
  0x09, 0x3e, 0x6e, 0x09, 0x40, 0x70, 0x0b, 0x45, 0x77, 0x0d, 0x4a, 0x7f,
  0x0e, 0x4a, 0x7f, 0x0d, 0x4b, 0x7f, 0x0e, 0x4d, 0x81, 0x0f, 0x4c, 0x80,
  0x0f, 0x4b, 0x7e, 0x0e, 0x4b, 0x7e, 0x0c, 0x47, 0x7a, 0x0a, 0x47, 0x7c,
  0x0a, 0x4a, 0x82, 0x0c, 0x4f, 0x89, 0x0c, 0x4d, 0x85, 0x08, 0x35, 0x5d,
  0x0c, 0x3b, 0x64, 0x0c, 0x3d, 0x66, 0x06, 0x2a, 0x4a, 0x03, 0x1d, 0x39,
  0x03, 0x1d, 0x36, 0x05, 0x1c, 0x33, 0x05, 0x1b, 0x31, 0x04, 0x1a, 0x30,
  0x04, 0x17, 0x29, 0x04, 0x15, 0x25, 0x04, 0x12, 0x20, 0x04, 0x1c, 0x33,
  0x04, 0x1b, 0x33, 0x02, 0x1a, 0x32, 0x02, 0x21, 0x42, 0x03, 0x20, 0x3e,
  0x03, 0x1b, 0x36, 0x03, 0x17, 0x2c, 0x04, 0x14, 0x23, 0x04, 0x15, 0x27,
  0x05, 0x1d, 0x36, 0x03, 0x15, 0x27, 0x02, 0x1f, 0x3e, 0x02, 0x1c, 0x39,
  0x02, 0x1a, 0x35, 0x02, 0x18, 0x2f, 0x03, 0x13, 0x26, 0x03, 0x13, 0x22,
  0x02, 0x23, 0x44, 0x04, 0x21, 0x3e, 0x12, 0x53, 0x89, 0x13, 0x5b, 0x97,
  0x12, 0x5b, 0x98, 0x12, 0x5c, 0x98, 0x13, 0x5d, 0x9a, 0x12, 0x5a, 0x97,
  0x10, 0x57, 0x92, 0x11, 0x56, 0x90, 0x0f, 0x54, 0x8f, 0x13, 0x5a, 0x94,
  0x15, 0x5c, 0x96, 0x14, 0x59, 0x93, 0x19, 0x60, 0x9a, 0x18, 0x5e, 0x96,
  0x17, 0x5e, 0x96, 0x12, 0x4a, 0x79, 0x01, 0x23, 0x48, 0x02, 0x1e, 0x3e,
  0x00, 0x17, 0x31, 0x11, 0x4c, 0x7d, 0x15, 0x60, 0x9d, 0x11, 0x58, 0x93,
  0x15, 0x60, 0x9d, 0x14, 0x5f, 0x9d, 0x11, 0x5d, 0x9b, 0x0f, 0x5a, 0x98,
  0x0f, 0x5a, 0x98, 0x0f, 0x59, 0x97, 0x0f, 0x56, 0x93, 0x0f, 0x56, 0x93,
  0x11, 0x56, 0x91, 0x11, 0x56, 0x92, 0x16, 0x5f, 0x9b, 0x16, 0x5e, 0x9a,
  0x16, 0x5d, 0x97, 0x13, 0x57, 0x8f, 0x1a, 0x63, 0x9f, 0x14, 0x4d, 0x7c,
  0x00, 0x1a, 0x38, 0x04, 0x33, 0x61, 0x10, 0x54, 0x8e, 0x07, 0x3a, 0x6a,
  0x00, 0x17, 0x35, 0x15, 0x4f, 0x7f, 0x1c, 0x66, 0xa1, 0x17, 0x5d, 0x95,
  0x15, 0x5a, 0x93, 0x16, 0x5b, 0x93, 0x18, 0x5d, 0x95, 0x17, 0x5c, 0x94,
  0x15, 0x59, 0x91, 0x16, 0x5b, 0x94, 0x12, 0x54, 0x8b, 0x10, 0x4f, 0x83,
  0x0f, 0x4c, 0x80, 0x12, 0x53, 0x88, 0x16, 0x5a, 0x91, 0x17, 0x5e, 0x97,
  0x17, 0x5e, 0x97, 0x11, 0x54, 0x8c, 0x0e, 0x4d, 0x84, 0x0f, 0x4f, 0x84,
  0x0d, 0x49, 0x7d, 0x10, 0x4c, 0x7e, 0x11, 0x4c, 0x7d, 0x0f, 0x45, 0x73,
  0x0f, 0x46, 0x72, 0x0e, 0x43, 0x6f, 0x0e, 0x41, 0x6d, 0x0e, 0x43, 0x6f,
  0x0d, 0x41, 0x6d, 0x0b, 0x3e, 0x69, 0x0d, 0x41, 0x6d, 0x0e, 0x43, 0x6f,
  0x0e, 0x42, 0x6e, 0x0d, 0x40, 0x6c, 0x0c, 0x41, 0x6e, 0x0d, 0x42, 0x6f,
  0x0b, 0x40, 0x6d, 0x0a, 0x3e, 0x6b, 0x0a, 0x3d, 0x69, 0x0b, 0x3e, 0x6a,
  0x0b, 0x3f, 0x6c, 0x0a, 0x3b, 0x66, 0x09, 0x38, 0x61, 0x09, 0x39, 0x62,
  0x09, 0x38, 0x61, 0x0a, 0x37, 0x5e, 0x09, 0x37, 0x5e, 0x08, 0x36, 0x5f,
  0x08, 0x37, 0x5f, 0x09, 0x39, 0x62, 0x0a, 0x3c, 0x68, 0x0a, 0x3e, 0x6b,
  0x0a, 0x3d, 0x69, 0x0a, 0x3b, 0x65, 0x0a, 0x39, 0x62, 0x0a, 0x3b, 0x64,
  0x09, 0x3a, 0x65, 0x08, 0x38, 0x61, 0x09, 0x38, 0x63, 0x09, 0x3a, 0x65,
  0x09, 0x3a, 0x64, 0x09, 0x3b, 0x67, 0x08, 0x3c, 0x6a, 0x06, 0x35, 0x60,
  0x07, 0x37, 0x62, 0x07, 0x36, 0x5f, 0x06, 0x36, 0x62, 0x05, 0x34, 0x60,
  0x04, 0x32, 0x5c, 0x03, 0x2c, 0x53, 0x08, 0x33, 0x59, 0x07, 0x35, 0x5d,
  0x06, 0x32, 0x59, 0x07, 0x35, 0x5e, 0x08, 0x35, 0x5d, 0x09, 0x37, 0x5e,
  0x09, 0x31, 0x53, 0x05, 0x18, 0x2b, 0x05, 0x16, 0x27, 0x05, 0x18, 0x29,
  0x07, 0x30, 0x55, 0x08, 0x3d, 0x6b, 0x08, 0x3a, 0x68, 0x08, 0x3a, 0x67,
  0x0a, 0x40, 0x70, 0x0c, 0x43, 0x73, 0x0b, 0x41, 0x6f, 0x0c, 0x40, 0x6e,
  0x0c, 0x42, 0x70, 0x0d, 0x45, 0x74, 0x0d, 0x47, 0x78, 0x0d, 0x45, 0x75,
  0x0c, 0x42, 0x70, 0x09, 0x3a, 0x65, 0x09, 0x3a, 0x64, 0x09, 0x38, 0x62,
  0x08, 0x37, 0x61, 0x08, 0x38, 0x61, 0x09, 0x3d, 0x69, 0x09, 0x3d, 0x6a,
  0x09, 0x3d, 0x69, 0x07, 0x39, 0x65, 0x09, 0x3e, 0x6c, 0x0a, 0x41, 0x71,
  0x09, 0x3e, 0x6d, 0x0a, 0x41, 0x70, 0x0d, 0x49, 0x7b, 0x0d, 0x49, 0x7c,
  0x0c, 0x45, 0x78, 0x0c, 0x47, 0x7a, 0x0b, 0x46, 0x78, 0x0e, 0x4a, 0x7e,
  0x0f, 0x4e, 0x82, 0x0c, 0x4a, 0x7e, 0x0b, 0x47, 0x7b, 0x0b, 0x47, 0x7a,
  0x0b, 0x49, 0x7e, 0x0b, 0x4b, 0x83, 0x0c, 0x4e, 0x86, 0x0e, 0x51, 0x8b,
  0x0f, 0x50, 0x88, 0x0e, 0x4e, 0x85, 0x11, 0x4e, 0x82, 0x0a, 0x2f, 0x50,
  0x03, 0x18, 0x2e, 0x05, 0x1b, 0x2f, 0x06, 0x1b, 0x2f, 0x06, 0x1d, 0x32,
  0x04, 0x14, 0x22, 0x04, 0x13, 0x23, 0x04, 0x1e, 0x38, 0x04, 0x1e, 0x37,
  0x03, 0x1f, 0x3c, 0x02, 0x25, 0x49, 0x02, 0x1e, 0x3d, 0x03, 0x1c, 0x35,
  0x03, 0x18, 0x2f, 0x04, 0x14, 0x26, 0x03, 0x11, 0x1f, 0x06, 0x21, 0x3b,
  0x04, 0x17, 0x2b, 0x02, 0x1c, 0x38, 0x02, 0x1e, 0x3d, 0x02, 0x19, 0x34,
  0x02, 0x1a, 0x34, 0x03, 0x15, 0x29, 0x03, 0x0f, 0x1d, 0x03, 0x1d, 0x37,
  0x01, 0x1f, 0x3d, 0x0d, 0x3c, 0x66, 0x14, 0x5b, 0x96, 0x11, 0x56, 0x91,
  0x10, 0x59, 0x96, 0x14, 0x5f, 0x9c, 0x14, 0x5d, 0x99, 0x14, 0x5e, 0x99,
  0x14, 0x5b, 0x96, 0x12, 0x57, 0x90, 0x14, 0x5c, 0x97, 0x16, 0x5e, 0x99,
  0x16, 0x5d, 0x98, 0x16, 0x5c, 0x96, 0x18, 0x5e, 0x96, 0x19, 0x60, 0x99,
  0x18, 0x5f, 0x99, 0x13, 0x50, 0x82, 0x03, 0x25, 0x48, 0x02, 0x22, 0x45,
  0x01, 0x18, 0x34, 0x06, 0x29, 0x4a, 0x17, 0x60, 0x9a, 0x15, 0x5f, 0x9a,
  0x12, 0x5a, 0x95, 0x12, 0x59, 0x95, 0x0f, 0x56, 0x92, 0x0e, 0x58, 0x96,
  0x0d, 0x56, 0x94, 0x0f, 0x58, 0x95, 0x0e, 0x56, 0x94, 0x0e, 0x55, 0x92,
  0x0e, 0x52, 0x8c, 0x0e, 0x51, 0x8b, 0x12, 0x57, 0x91, 0x15, 0x5a, 0x93,
  0x15, 0x59, 0x91, 0x11, 0x51, 0x87, 0x16, 0x5c, 0x96, 0x0d, 0x3b, 0x64,
  0x01, 0x15, 0x2d, 0x04, 0x26, 0x48, 0x0d, 0x3e, 0x6a, 0x02, 0x23, 0x46,
  0x0b, 0x34, 0x5b, 0x1b, 0x61, 0x99, 0x19, 0x5d, 0x95, 0x18, 0x5d, 0x96,
  0x19, 0x5f, 0x98, 0x17, 0x5b, 0x93, 0x18, 0x5d, 0x96, 0x15, 0x5a, 0x93,
  0x14, 0x59, 0x91, 0x11, 0x52, 0x88, 0x0e, 0x4b, 0x7e, 0x0e, 0x4c, 0x7f,
  0x0f, 0x4d, 0x81, 0x10, 0x4d, 0x7f, 0x12, 0x51, 0x85, 0x15, 0x5a, 0x91,
  0x15, 0x5a, 0x92, 0x10, 0x53, 0x8a, 0x0f, 0x50, 0x86, 0x0e, 0x4f, 0x85,
  0x0d, 0x4c, 0x82, 0x0f, 0x4e, 0x82, 0x11, 0x4a, 0x7a, 0x0f, 0x44, 0x70,
  0x0f, 0x43, 0x6d, 0x0f, 0x42, 0x6d, 0x0f, 0x44, 0x70, 0x0e, 0x43, 0x6f,
  0x0d, 0x42, 0x6f, 0x0b, 0x3f, 0x6c, 0x0c, 0x40, 0x6c, 0x0e, 0x41, 0x6c,
  0x0d, 0x40, 0x6b, 0x0c, 0x3d, 0x68, 0x0c, 0x3e, 0x69, 0x0b, 0x3d, 0x68,
  0x0b, 0x40, 0x6d, 0x0b, 0x41, 0x70, 0x0a, 0x3d, 0x6a, 0x0a, 0x3c, 0x67,
  0x0a, 0x3a, 0x64, 0x09, 0x37, 0x5f, 0x09, 0x37, 0x60, 0x0a, 0x3c, 0x66,
  0x0a, 0x3a, 0x63, 0x0a, 0x38, 0x60, 0x0a, 0x38, 0x5f, 0x09, 0x37, 0x5f,
  0x09, 0x38, 0x60, 0x09, 0x38, 0x61, 0x0a, 0x3c, 0x67, 0x0b, 0x3d, 0x68,
  0x0b, 0x3c, 0x67, 0x0b, 0x3a, 0x63, 0x0b, 0x3b, 0x64, 0x0a, 0x3a, 0x63,
  0x09, 0x38, 0x60, 0x09, 0x38, 0x61, 0x0a, 0x3a, 0x63, 0x0a, 0x3b, 0x65,
  0x09, 0x3b, 0x65, 0x08, 0x38, 0x62, 0x08, 0x39, 0x66, 0x06, 0x35, 0x5f,
  0x07, 0x35, 0x5f, 0x07, 0x36, 0x60, 0x05, 0x35, 0x61, 0x05, 0x34, 0x61,
  0x05, 0x35, 0x60, 0x03, 0x2c, 0x53, 0x07, 0x30, 0x54, 0x07, 0x33, 0x5a,
  0x06, 0x32, 0x59, 0x07, 0x34, 0x5b, 0x09, 0x37, 0x5f, 0x09, 0x37, 0x5e,
  0x08, 0x24, 0x3d, 0x05, 0x16, 0x26, 0x06, 0x1f, 0x35, 0x09, 0x34, 0x59,
  0x08, 0x3b, 0x67, 0x08, 0x3b, 0x67, 0x08, 0x3b, 0x68, 0x09, 0x3b, 0x67,
  0x0a, 0x3b, 0x66, 0x0a, 0x3d, 0x69, 0x0b, 0x3e, 0x6b, 0x0a, 0x3d, 0x69,
  0x0a, 0x3e, 0x6b, 0x0d, 0x42, 0x70, 0x0d, 0x45, 0x73, 0x0c, 0x41, 0x6f,
  0x0a, 0x3b, 0x65, 0x09, 0x37, 0x61, 0x0a, 0x3b, 0x65, 0x0a, 0x3b, 0x65,
  0x08, 0x39, 0x63, 0x08, 0x38, 0x62, 0x09, 0x3a, 0x65, 0x09, 0x3a, 0x65,
  0x09, 0x3c, 0x67, 0x08, 0x3a, 0x66, 0x08, 0x3a, 0x67, 0x09, 0x3d, 0x6a,
  0x09, 0x3c, 0x68, 0x0b, 0x3e, 0x6a, 0x0d, 0x42, 0x71, 0x0b, 0x41, 0x70,
  0x0b, 0x42, 0x71, 0x0b, 0x44, 0x74, 0x0c, 0x46, 0x77, 0x0d, 0x49, 0x7c,
  0x0e, 0x4d, 0x82, 0x0e, 0x4c, 0x81, 0x0c, 0x49, 0x7c, 0x0d, 0x4a, 0x7e,
  0x0c, 0x49, 0x7e, 0x0a, 0x4b, 0x82, 0x0c, 0x4d, 0x85, 0x0b, 0x4a, 0x80,
  0x0c, 0x4a, 0x80, 0x0c, 0x4b, 0x81, 0x0d, 0x4b, 0x80, 0x0f, 0x46, 0x75,
  0x05, 0x1a, 0x30, 0x04, 0x17, 0x29, 0x05, 0x1a, 0x2f, 0x05, 0x16, 0x26,
  0x04, 0x18, 0x2c, 0x03, 0x20, 0x3d, 0x04, 0x1d, 0x35, 0x03, 0x1f, 0x3c,
  0x02, 0x26, 0x4b, 0x02, 0x21, 0x42, 0x03, 0x1f, 0x3e, 0x03, 0x1c, 0x36,
  0x03, 0x15, 0x28, 0x03, 0x11, 0x1e, 0x06, 0x20, 0x3a, 0x06, 0x1f, 0x39,
  0x02, 0x1a, 0x35, 0x02, 0x1e, 0x3d, 0x02, 0x19, 0x34, 0x02, 0x19, 0x33,
  0x03, 0x18, 0x2e, 0x03, 0x14, 0x25, 0x04, 0x13, 0x21, 0x02, 0x21, 0x41,
  0x06, 0x27, 0x46, 0x12, 0x51, 0x87, 0x13, 0x58, 0x91, 0x12, 0x58, 0x93,
  0x12, 0x5a, 0x95, 0x10, 0x56, 0x91, 0x13, 0x5a, 0x95, 0x14, 0x5c, 0x96,
  0x15, 0x5d, 0x97, 0x14, 0x5b, 0x95, 0x17, 0x61, 0x9c, 0x13, 0x5c, 0x97,
  0x11, 0x57, 0x90, 0x12, 0x55, 0x8c, 0x15, 0x5a, 0x92, 0x17, 0x5d, 0x95,
  0x16, 0x5b, 0x94, 0x16, 0x5a, 0x91, 0x08, 0x2f, 0x55, 0x01, 0x26, 0x4d,
  0x03, 0x17, 0x2e, 0x01, 0x12, 0x28, 0x09, 0x2e, 0x52, 0x15, 0x5e, 0x98,
  0x14, 0x5a, 0x94, 0x13, 0x57, 0x90, 0x0f, 0x53, 0x8c, 0x0c, 0x51, 0x8e,
  0x0c, 0x51, 0x8d, 0x0b, 0x50, 0x8b, 0x0e, 0x55, 0x91, 0x11, 0x57, 0x92,
  0x13, 0x56, 0x8f, 0x13, 0x58, 0x91, 0x12, 0x54, 0x8b, 0x13, 0x51, 0x86,
  0x14, 0x55, 0x8c, 0x13, 0x57, 0x8f, 0x0f, 0x49, 0x7b, 0x04, 0x1b, 0x34,
  0x00, 0x22, 0x46, 0x09, 0x41, 0x73, 0x08, 0x37, 0x62, 0x01, 0x1d, 0x3b,
  0x15, 0x55, 0x88, 0x18, 0x5e, 0x95, 0x16, 0x59, 0x8f, 0x16, 0x59, 0x90,
  0x16, 0x5b, 0x93, 0x14, 0x5a, 0x94, 0x15, 0x5c, 0x95, 0x11, 0x51, 0x87,
  0x0e, 0x4d, 0x82, 0x0f, 0x4d, 0x82, 0x0f, 0x4e, 0x82, 0x0d, 0x4a, 0x7d,
  0x0d, 0x4a, 0x7d, 0x0f, 0x4c, 0x7f, 0x10, 0x4e, 0x82, 0x13, 0x54, 0x8a,
  0x13, 0x56, 0x8c, 0x13, 0x55, 0x8c, 0x13, 0x57, 0x90, 0x11, 0x55, 0x8d,
  0x11, 0x54, 0x8c, 0x10, 0x50, 0x85, 0x0f, 0x46, 0x74, 0x0f, 0x43, 0x6e,
  0x0f, 0x43, 0x6e, 0x0f, 0x43, 0x6e, 0x0f, 0x45, 0x71, 0x0e, 0x44, 0x71,
  0x0c, 0x40, 0x6c, 0x0c, 0x3f, 0x6c, 0x0d, 0x40, 0x6c, 0x0d, 0x41, 0x6c,
  0x0d, 0x41, 0x6d, 0x0b, 0x3f, 0x6b, 0x0a, 0x3b, 0x64, 0x0a, 0x3b, 0x65,
  0x0c, 0x3e, 0x6a, 0x0c, 0x3d, 0x68, 0x0e, 0x42, 0x6e, 0x0d, 0x40, 0x6b,
  0x0c, 0x3d, 0x67, 0x0b, 0x3c, 0x65, 0x0a, 0x39, 0x61, 0x0a, 0x39, 0x61,
  0x0a, 0x39, 0x61, 0x09, 0x37, 0x5e, 0x0a, 0x37, 0x5e, 0x0a, 0x38, 0x5f,
  0x0b, 0x3a, 0x62, 0x09, 0x36, 0x5d, 0x09, 0x3a, 0x63, 0x0a, 0x3c, 0x67,
  0x0c, 0x3b, 0x64, 0x0c, 0x3c, 0x64, 0x0c, 0x3c, 0x64, 0x0b, 0x3a, 0x62,
  0x0b, 0x3a, 0x62, 0x0c, 0x3a, 0x62, 0x0b, 0x3a, 0x62, 0x0a, 0x39, 0x61,
  0x08, 0x36, 0x5e, 0x08, 0x38, 0x62, 0x08, 0x37, 0x60, 0x06, 0x33, 0x5c,
  0x07, 0x34, 0x5c, 0x07, 0x34, 0x5d, 0x06, 0x35, 0x60, 0x05, 0x35, 0x62,
  0x05, 0x36, 0x64, 0x04, 0x30, 0x5a, 0x07, 0x2f, 0x53, 0x06, 0x31, 0x56,
  0x06, 0x31, 0x57, 0x07, 0x32, 0x58, 0x09, 0x37, 0x5e, 0x08, 0x2f, 0x50,
  0x06, 0x1f, 0x35, 0x08, 0x2a, 0x47, 0x08, 0x36, 0x5f, 0x09, 0x39, 0x64,
  0x07, 0x35, 0x60, 0x07, 0x39, 0x65, 0x08, 0x3a, 0x66, 0x09, 0x39, 0x63,
  0x09, 0x38, 0x61, 0x0a, 0x3c, 0x68, 0x0b, 0x3c, 0x67, 0x09, 0x3a, 0x64,
  0x0a, 0x3e, 0x6b, 0x0d, 0x41, 0x6f, 0x0c, 0x40, 0x6d, 0x0b, 0x3e, 0x6a,
  0x0a, 0x39, 0x62, 0x0a, 0x39, 0x63, 0x0a, 0x3a, 0x65, 0x0a, 0x3c, 0x68,
  0x09, 0x3a, 0x66, 0x09, 0x38, 0x61, 0x09, 0x39, 0x63, 0x09, 0x39, 0x63,
  0x08, 0x39, 0x64, 0x08, 0x3a, 0x67, 0x08, 0x3c, 0x69, 0x09, 0x3d, 0x6a,
  0x09, 0x3d, 0x6a, 0x0b, 0x3e, 0x6b, 0x0c, 0x43, 0x71, 0x0a, 0x40, 0x6e,
  0x0a, 0x41, 0x70, 0x08, 0x3e, 0x6c, 0x0a, 0x41, 0x71, 0x0b, 0x44, 0x75,
  0x0c, 0x49, 0x7d, 0x0e, 0x4e, 0x84, 0x0e, 0x4c, 0x81, 0x0c, 0x4a, 0x7f,
  0x0c, 0x49, 0x7e, 0x0a, 0x48, 0x7e, 0x0a, 0x49, 0x80, 0x0b, 0x4a, 0x81,
  0x10, 0x50, 0x87, 0x10, 0x50, 0x85, 0x0f, 0x4c, 0x81, 0x0f, 0x48, 0x7a,
  0x05, 0x1c, 0x31, 0x04, 0x15, 0x26, 0x04, 0x14, 0x23, 0x04, 0x1b, 0x32,
  0x04, 0x1e, 0x38, 0x03, 0x1d, 0x36, 0x03, 0x23, 0x44, 0x03, 0x22, 0x42,
  0x02, 0x20, 0x3f, 0x02, 0x1f, 0x3e, 0x03, 0x1d, 0x38, 0x04, 0x19, 0x2e,
  0x03, 0x12, 0x20, 0x04, 0x1a, 0x31, 0x05, 0x21, 0x3d, 0x02, 0x19, 0x31,
  0x02, 0x1e, 0x3d, 0x02, 0x1a, 0x34, 0x02, 0x18, 0x30, 0x03, 0x16, 0x29,
  0x04, 0x16, 0x28, 0x04, 0x11, 0x20, 0x03, 0x1b, 0x33, 0x03, 0x21, 0x3f,
  0x0f, 0x44, 0x72, 0x14, 0x58, 0x92, 0x14, 0x59, 0x93, 0x13, 0x5a, 0x93,
  0x12, 0x56, 0x8f, 0x11, 0x56, 0x90, 0x11, 0x55, 0x8f, 0x12, 0x57, 0x91,
  0x15, 0x5a, 0x93, 0x14, 0x5a, 0x94, 0x11, 0x56, 0x90, 0x11, 0x58, 0x92,
  0x0e, 0x53, 0x8e, 0x10, 0x55, 0x90, 0x13, 0x59, 0x94, 0x15, 0x5b, 0x94,
  0x14, 0x58, 0x90, 0x18, 0x5f, 0x98, 0x12, 0x4a, 0x7a, 0x01, 0x1a, 0x37,
  0x02, 0x22, 0x43, 0x03, 0x1b, 0x36, 0x01, 0x12, 0x26, 0x08, 0x2d, 0x50,
  0x13, 0x56, 0x8d, 0x15, 0x5b, 0x95, 0x12, 0x58, 0x93, 0x10, 0x55, 0x90,
  0x0f, 0x52, 0x8b, 0x0d, 0x4e, 0x86, 0x0f, 0x54, 0x8d, 0x11, 0x57, 0x90,
  0x13, 0x58, 0x90, 0x15, 0x59, 0x91, 0x15, 0x56, 0x8c, 0x16, 0x5a, 0x92,
  0x10, 0x4a, 0x7b, 0x0c, 0x39, 0x62, 0x04, 0x1f, 0x3a, 0x01, 0x16, 0x2d,
  0x03, 0x2f, 0x59, 0x13, 0x60, 0xa0, 0x06, 0x36, 0x62, 0x09, 0x33, 0x59,
  0x17, 0x5e, 0x97, 0x16, 0x59, 0x8f, 0x15, 0x57, 0x8d, 0x15, 0x57, 0x8e,
  0x14, 0x58, 0x90, 0x16, 0x5b, 0x94, 0x11, 0x50, 0x84, 0x0e, 0x4c, 0x82,
  0x0c, 0x48, 0x7d, 0x0d, 0x49, 0x7c, 0x0f, 0x4c, 0x81, 0x0d, 0x4b, 0x7f,
  0x0d, 0x4a, 0x7c, 0x13, 0x56, 0x8d, 0x13, 0x56, 0x8d, 0x12, 0x54, 0x8b,
  0x13, 0x55, 0x8c, 0x10, 0x4f, 0x85, 0x11, 0x53, 0x89, 0x10, 0x52, 0x8a,
  0x0f, 0x52, 0x8a, 0x0d, 0x4e, 0x87, 0x0e, 0x4d, 0x83, 0x0e, 0x45, 0x73,
  0x0e, 0x43, 0x6e, 0x0e, 0x43, 0x6f, 0x0e, 0x42, 0x6f, 0x0d, 0x41, 0x6d,
  0x0b, 0x3f, 0x6b, 0x0c, 0x3f, 0x6b, 0x0d, 0x42, 0x6e, 0x0c, 0x40, 0x6c,
  0x0d, 0x42, 0x6f, 0x0c, 0x42, 0x70, 0x09, 0x3b, 0x66, 0x0a, 0x3b, 0x65,
  0x0b, 0x3c, 0x66, 0x0c, 0x3c, 0x65, 0x0d, 0x41, 0x6c, 0x0e, 0x42, 0x6e,
  0x0e, 0x41, 0x6c, 0x0d, 0x3f, 0x6a, 0x0b, 0x3c, 0x66, 0x09, 0x39, 0x62,
  0x0a, 0x39, 0x62, 0x0c, 0x3d, 0x67, 0x0c, 0x3d, 0x67, 0x0c, 0x3c, 0x66,
  0x0c, 0x3b, 0x63, 0x0a, 0x39, 0x62, 0x0a, 0x3c, 0x67, 0x09, 0x3d, 0x6a,
  0x0a, 0x38, 0x60, 0x0d, 0x3b, 0x62, 0x0c, 0x3b, 0x63, 0x0b, 0x3b, 0x63,
  0x0b, 0x3b, 0x63, 0x0b, 0x3a, 0x62, 0x0b, 0x3c, 0x65, 0x0a, 0x38, 0x5f,
  0x09, 0x36, 0x5d, 0x09, 0x39, 0x63, 0x09, 0x37, 0x5f, 0x08, 0x36, 0x5e,
  0x08, 0x33, 0x5a, 0x07, 0x33, 0x5a, 0x07, 0x37, 0x63, 0x05, 0x35, 0x61,
  0x04, 0x33, 0x5f, 0x04, 0x32, 0x5d, 0x06, 0x2d, 0x4e, 0x05, 0x2f, 0x54,
  0x06, 0x31, 0x57, 0x07, 0x31, 0x56, 0x08, 0x33, 0x59, 0x08, 0x33, 0x58,
  0x09, 0x36, 0x5d, 0x09, 0x37, 0x5f, 0x08, 0x36, 0x5d, 0x07, 0x36, 0x60,
  0x06, 0x36, 0x60, 0x07, 0x37, 0x63, 0x07, 0x38, 0x65, 0x08, 0x38, 0x62,
  0x09, 0x37, 0x5f, 0x09, 0x39, 0x62, 0x0a, 0x3c, 0x67, 0x09, 0x39, 0x62,
  0x09, 0x3a, 0x66, 0x0b, 0x3e, 0x6a, 0x0a, 0x3c, 0x67, 0x0a, 0x3b, 0x65,
  0x09, 0x3a, 0x64, 0x0a, 0x3a, 0x64, 0x0a, 0x3b, 0x65, 0x09, 0x39, 0x63,
  0x09, 0x3a, 0x64, 0x09, 0x39, 0x63, 0x09, 0x39, 0x63, 0x08, 0x39, 0x64,
  0x06, 0x36, 0x61, 0x07, 0x38, 0x64, 0x08, 0x3b, 0x68, 0x08, 0x3e, 0x6c,
  0x09, 0x3f, 0x6e, 0x09, 0x3e, 0x6c, 0x0a, 0x41, 0x71, 0x0a, 0x40, 0x70,
  0x09, 0x40, 0x70, 0x09, 0x3e, 0x6e, 0x0a, 0x42, 0x71, 0x0b, 0x43, 0x73,
  0x0a, 0x46, 0x7a, 0x0d, 0x4d, 0x84, 0x0d, 0x4d, 0x83, 0x0c, 0x4a, 0x80,
  0x0c, 0x4b, 0x80, 0x0d, 0x4e, 0x86, 0x0b, 0x4a, 0x82, 0x0b, 0x4a, 0x81,
  0x0c, 0x4c, 0x82, 0x0e, 0x4b, 0x7f, 0x12, 0x51, 0x87, 0x10, 0x4a, 0x7c,
  0x03, 0x16, 0x29, 0x03, 0x10, 0x1f, 0x02, 0x18, 0x2d, 0x03, 0x1c, 0x35,
  0x03, 0x1e, 0x39, 0x02, 0x26, 0x49, 0x03, 0x22, 0x42, 0x02, 0x1a, 0x33,
  0x02, 0x1a, 0x33, 0x03, 0x1b, 0x35, 0x03, 0x19, 0x2f, 0x05, 0x16, 0x26,
  0x04, 0x18, 0x2d, 0x04, 0x21, 0x3e, 0x02, 0x18, 0x2f, 0x02, 0x1b, 0x37,
  0x02, 0x1b, 0x37, 0x02, 0x19, 0x31, 0x03, 0x16, 0x29, 0x04, 0x13, 0x23,
  0x03, 0x14, 0x26, 0x04, 0x15, 0x27, 0x01, 0x1c, 0x39, 0x0a, 0x34, 0x59,
  0x12, 0x55, 0x8d, 0x11, 0x53, 0x8b, 0x13, 0x58, 0x92, 0x13, 0x58, 0x92,
  0x15, 0x5b, 0x95, 0x14, 0x5b, 0x95, 0x12, 0x57, 0x91, 0x10, 0x54, 0x8e,
  0x12, 0x56, 0x8e, 0x11, 0x56, 0x8f, 0x0f, 0x52, 0x8c, 0x0e, 0x56, 0x92,
  0x0f, 0x59, 0x96, 0x13, 0x5e, 0x9b, 0x14, 0x5d, 0x99, 0x14, 0x5a, 0x94,
  0x18, 0x5e, 0x98, 0x1b, 0x64, 0x9d, 0x1b, 0x62, 0x9c, 0x09, 0x31, 0x57,
  0x04, 0x38, 0x69, 0x04, 0x1f, 0x3c, 0x02, 0x18, 0x31, 0x01, 0x14, 0x2a,
  0x04, 0x1b, 0x32, 0x0b, 0x34, 0x59, 0x0b, 0x39, 0x62, 0x07, 0x2b, 0x4e,
  0x0b, 0x3f, 0x6c, 0x11, 0x55, 0x8c, 0x13, 0x57, 0x8f, 0x15, 0x5a, 0x93,
  0x14, 0x58, 0x90, 0x13, 0x56, 0x8e, 0x14, 0x57, 0x8e, 0x0d, 0x3d, 0x67,
  0x02, 0x17, 0x2c, 0x01, 0x0f, 0x1f, 0x01, 0x1b, 0x37, 0x04, 0x31, 0x5d,
  0x0a, 0x38, 0x61, 0x0b, 0x40, 0x6f, 0x01, 0x1e, 0x3e, 0x11, 0x4b, 0x7a,
  0x15, 0x59, 0x91, 0x14, 0x55, 0x8b, 0x14, 0x55, 0x8b, 0x14, 0x57, 0x8e,
  0x13, 0x56, 0x8d, 0x13, 0x54, 0x8a, 0x0e, 0x49, 0x7c, 0x0e, 0x4a, 0x7e,
  0x0d, 0x4a, 0x7d, 0x0d, 0x48, 0x79, 0x0d, 0x46, 0x77, 0x0d, 0x47, 0x78,
  0x0d, 0x46, 0x75, 0x11, 0x51, 0x86, 0x13, 0x57, 0x90, 0x11, 0x53, 0x8a,
  0x12, 0x56, 0x8e, 0x10, 0x53, 0x8b, 0x10, 0x52, 0x89, 0x0d, 0x4c, 0x82,
  0x0c, 0x4d, 0x85, 0x0b, 0x4d, 0x85, 0x0b, 0x4b, 0x81, 0x0c, 0x48, 0x7b,
  0x0b, 0x42, 0x71, 0x0d, 0x45, 0x73, 0x0c, 0x42, 0x6f, 0x0c, 0x40, 0x6c,
  0x0b, 0x3d, 0x69, 0x0a, 0x3c, 0x65, 0x0c, 0x40, 0x6c, 0x0c, 0x3f, 0x6a,
  0x0c, 0x3f, 0x6a, 0x0d, 0x43, 0x71, 0x0c, 0x41, 0x6e, 0x0b, 0x3e, 0x6b,
  0x0b, 0x3d, 0x67, 0x0c, 0x3d, 0x66, 0x0d, 0x3f, 0x69, 0x0c, 0x3e, 0x67,
  0x0d, 0x40, 0x6a, 0x0e, 0x41, 0x6b, 0x0b, 0x3d, 0x68, 0x0a, 0x3b, 0x64,
  0x0b, 0x3d, 0x67, 0x0c, 0x40, 0x6c, 0x0d, 0x40, 0x6b, 0x0d, 0x3f, 0x69,
  0x0c, 0x3d, 0x66, 0x0b, 0x3c, 0x66, 0x0a, 0x3c, 0x68, 0x09, 0x40, 0x6f,
  0x0a, 0x38, 0x60, 0x0c, 0x39, 0x5e, 0x0c, 0x3b, 0x62, 0x0b, 0x3a, 0x62,
  0x0b, 0x39, 0x61, 0x0b, 0x3a, 0x62, 0x0b, 0x3b, 0x62, 0x0b, 0x39, 0x5f,
  0x0a, 0x39, 0x61, 0x0a, 0x37, 0x5e, 0x0a, 0x38, 0x5f, 0x0a, 0x37, 0x5e,
  0x09, 0x36, 0x5d, 0x07, 0x34, 0x5b, 0x07, 0x37, 0x63, 0x06, 0x36, 0x62,
  0x04, 0x32, 0x5d, 0x05, 0x31, 0x5a, 0x05, 0x29, 0x4a, 0x05, 0x2c, 0x4e,
  0x06, 0x2f, 0x54, 0x05, 0x2d, 0x51, 0x07, 0x30, 0x56, 0x07, 0x34, 0x5a,
  0x07, 0x34, 0x5b, 0x08, 0x36, 0x5d, 0x08, 0x35, 0x5d, 0x07, 0x35, 0x5e,
  0x07, 0x37, 0x62, 0x08, 0x39, 0x65, 0x07, 0x38, 0x63, 0x08, 0x37, 0x61,
  0x09, 0x37, 0x60, 0x09, 0x36, 0x5e, 0x0a, 0x3b, 0x66, 0x0a, 0x3b, 0x66,
  0x0a, 0x3c, 0x68, 0x0a, 0x3b, 0x66, 0x0a, 0x3b, 0x67, 0x09, 0x38, 0x62,
  0x0a, 0x3a, 0x64, 0x09, 0x3a, 0x64, 0x08, 0x37, 0x61, 0x09, 0x38, 0x63,
  0x09, 0x39, 0x63, 0x09, 0x3b, 0x65, 0x08, 0x39, 0x64, 0x07, 0x38, 0x64,
  0x07, 0x38, 0x63, 0x08, 0x3b, 0x68, 0x08, 0x3e, 0x6d, 0x09, 0x3d, 0x6b,
  0x0a, 0x3f, 0x6d, 0x0a, 0x40, 0x6e, 0x0b, 0x43, 0x74, 0x0c, 0x45, 0x76,
  0x09, 0x40, 0x70, 0x09, 0x41, 0x71, 0x0c, 0x46, 0x78, 0x0b, 0x45, 0x76,
  0x0a, 0x43, 0x76, 0x0c, 0x49, 0x7e, 0x0c, 0x49, 0x7e, 0x0c, 0x49, 0x7e,
  0x0c, 0x48, 0x7d, 0x0d, 0x4e, 0x85, 0x0d, 0x4e, 0x86, 0x0b, 0x4a, 0x80,
  0x0a, 0x47, 0x7d, 0x0d, 0x4c, 0x82, 0x11, 0x53, 0x8a, 0x09, 0x2c, 0x4c,
  0x03, 0x18, 0x2e, 0x07, 0x2b, 0x4d, 0x08, 0x2f, 0x53, 0x04, 0x20, 0x3b,
  0x02, 0x1d, 0x39, 0x03, 0x1c, 0x35, 0x03, 0x1c, 0x36, 0x03, 0x20, 0x3e,
  0x03, 0x19, 0x30, 0x03, 0x18, 0x2e, 0x04, 0x15, 0x27, 0x04, 0x18, 0x2e,
  0x04, 0x20, 0x3e, 0x03, 0x16, 0x2c, 0x02, 0x19, 0x33, 0x02, 0x1b, 0x37,
  0x02, 0x1a, 0x35, 0x02, 0x16, 0x2c, 0x03, 0x14, 0x26, 0x03, 0x15, 0x26,
  0x03, 0x11, 0x1f, 0x02, 0x1a, 0x34, 0x05, 0x24, 0x44, 0x12, 0x51, 0x87,
  0x10, 0x51, 0x88, 0x0f, 0x51, 0x89, 0x0d, 0x4f, 0x86, 0x11, 0x55, 0x8e,
  0x13, 0x58, 0x93, 0x10, 0x56, 0x90, 0x12, 0x56, 0x90, 0x11, 0x55, 0x8d,
  0x11, 0x55, 0x8c, 0x11, 0x55, 0x8d, 0x0f, 0x54, 0x8e, 0x0f, 0x55, 0x91,
  0x10, 0x5a, 0x98, 0x10, 0x5c, 0x9b, 0x0d, 0x54, 0x91, 0x10, 0x55, 0x8f,
  0x1b, 0x66, 0xa2, 0x19, 0x63, 0x9d, 0x18, 0x61, 0x9c, 0x13, 0x53, 0x89,
  0x05, 0x28, 0x4b, 0x02, 0x25, 0x4a, 0x02, 0x28, 0x4e, 0x02, 0x1b, 0x37,
  0x01, 0x17, 0x32, 0x02, 0x0f, 0x1f, 0x01, 0x14, 0x29, 0x01, 0x14, 0x2b,
  0x02, 0x17, 0x2c, 0x0b, 0x37, 0x5e, 0x0e, 0x43, 0x70, 0x13, 0x50, 0x83,
  0x13, 0x4f, 0x81, 0x0e, 0x40, 0x6b, 0x07, 0x2a, 0x49, 0x01, 0x11, 0x23,
  0x02, 0x17, 0x2e, 0x03, 0x23, 0x44, 0x00, 0x19, 0x33, 0x0c, 0x4e, 0x86,
  0x11, 0x58, 0x94, 0x00, 0x1c, 0x3e, 0x0b, 0x36, 0x5e, 0x14, 0x57, 0x8e,
  0x13, 0x55, 0x8b, 0x12, 0x56, 0x8e, 0x10, 0x4f, 0x85, 0x11, 0x52, 0x88,
  0x10, 0x50, 0x85, 0x11, 0x51, 0x87, 0x0e, 0x4b, 0x7e, 0x0d, 0x48, 0x7b,
  0x0c, 0x47, 0x78, 0x0c, 0x44, 0x73, 0x0d, 0x45, 0x75, 0x0d, 0x44, 0x73,
  0x0d, 0x43, 0x71, 0x0e, 0x46, 0x77, 0x0f, 0x49, 0x7b, 0x0e, 0x4a, 0x7d,
  0x10, 0x50, 0x86, 0x10, 0x51, 0x87, 0x0e, 0x4b, 0x80, 0x0d, 0x4a, 0x7e,
  0x0e, 0x4f, 0x86, 0x0d, 0x4f, 0x87, 0x0d, 0x4d, 0x83, 0x0c, 0x47, 0x79,
  0x0b, 0x43, 0x72, 0x0f, 0x48, 0x78, 0x0e, 0x45, 0x73, 0x0b, 0x41, 0x6d,
  0x0b, 0x3d, 0x67, 0x0a, 0x3a, 0x64, 0x0b, 0x3d, 0x68, 0x0c, 0x40, 0x6c,
  0x0b, 0x3e, 0x6a, 0x0b, 0x3f, 0x6c, 0x0c, 0x41, 0x6e, 0x0d, 0x42, 0x6f,
  0x0c, 0x40, 0x6c, 0x0c, 0x40, 0x6c, 0x0c, 0x40, 0x6c, 0x0c, 0x3d, 0x67,
  0x0c, 0x3c, 0x65, 0x0c, 0x3c, 0x64, 0x0b, 0x3c, 0x65, 0x0b, 0x3c, 0x65,
  0x0a, 0x3b, 0x65, 0x0b, 0x3d, 0x67, 0x0b, 0x3c, 0x65, 0x0b, 0x3c, 0x65,
  0x0c, 0x3d, 0x67, 0x0a, 0x39, 0x63, 0x0a, 0x3b, 0x65, 0x0a, 0x3e, 0x6a,
  0x0a, 0x3b, 0x66, 0x0b, 0x38, 0x5f, 0x0c, 0x3b, 0x62, 0x0b, 0x39, 0x60,
  0x0b, 0x39, 0x60, 0x0a, 0x38, 0x5e, 0x0a, 0x38, 0x5f, 0x0b, 0x38, 0x60,
  0x0a, 0x37, 0x5d, 0x0a, 0x37, 0x5d, 0x09, 0x36, 0x5c, 0x09, 0x36, 0x5c,
  0x09, 0x35, 0x5b, 0x08, 0x35, 0x5c, 0x07, 0x36, 0x60, 0x06, 0x36, 0x63,
  0x05, 0x35, 0x61, 0x04, 0x30, 0x59, 0x06, 0x2b, 0x4b, 0x06, 0x2e, 0x51,
  0x06, 0x2e, 0x51, 0x06, 0x2e, 0x52, 0x06, 0x2e, 0x53, 0x05, 0x30, 0x56,
  0x06, 0x30, 0x57, 0x07, 0x34, 0x5b, 0x06, 0x2f, 0x55, 0x06, 0x2f, 0x55,
  0x07, 0x36, 0x60, 0x07, 0x36, 0x61, 0x09, 0x39, 0x65, 0x09, 0x3a, 0x65,
  0x08, 0x37, 0x61, 0x08, 0x35, 0x5e, 0x09, 0x3a, 0x64, 0x0a, 0x39, 0x63,
  0x0a, 0x3b, 0x65, 0x09, 0x3a, 0x65, 0x0a, 0x39, 0x64, 0x0a, 0x39, 0x63,
  0x09, 0x38, 0x63, 0x09, 0x38, 0x62, 0x0a, 0x3a, 0x64, 0x08, 0x38, 0x62,
  0x08, 0x37, 0x61, 0x09, 0x39, 0x63, 0x08, 0x39, 0x64, 0x07, 0x37, 0x62,
  0x09, 0x3c, 0x69, 0x09, 0x3d, 0x6a, 0x08, 0x3b, 0x67, 0x08, 0x3b, 0x67,
  0x0a, 0x3f, 0x6d, 0x0a, 0x3f, 0x6e, 0x09, 0x3f, 0x6e, 0x09, 0x3f, 0x6f,
  0x08, 0x3d, 0x6c, 0x09, 0x3e, 0x6e, 0x0a, 0x43, 0x74, 0x0a, 0x41, 0x72,
  0x09, 0x3f, 0x6f, 0x0a, 0x43, 0x76, 0x0c, 0x48, 0x7b, 0x0b, 0x44, 0x76,
  0x0a, 0x43, 0x75, 0x0b, 0x48, 0x7d, 0x09, 0x47, 0x7d, 0x09, 0x48, 0x7e,
  0x0c, 0x4d, 0x84, 0x0f, 0x4f, 0x86, 0x0d, 0x47, 0x78, 0x09, 0x36, 0x5f,
  0x0e, 0x4b, 0x80, 0x0f, 0x50, 0x87, 0x0e, 0x4e, 0x84, 0x0e, 0x49, 0x7b,
  0x06, 0x24, 0x41, 0x02, 0x16, 0x2b, 0x03, 0x1e, 0x3a, 0x03, 0x1d, 0x36,
  0x04, 0x18, 0x2d, 0x04, 0x13, 0x23, 0x04, 0x17, 0x2c, 0x04, 0x23, 0x41,
  0x03, 0x16, 0x2b, 0x02, 0x17, 0x30, 0x02, 0x1c, 0x3b, 0x02, 0x1c, 0x3a,
  0x02, 0x18, 0x30, 0x03, 0x15, 0x28, 0x03, 0x17, 0x2b, 0x04, 0x12, 0x20,
  0x03, 0x17, 0x2d, 0x02, 0x1a, 0x34, 0x0c, 0x41, 0x6f, 0x0f, 0x51, 0x8a,
  0x0d, 0x4c, 0x84, 0x0d, 0x4e, 0x87, 0x10, 0x53, 0x8c, 0x12, 0x57, 0x90,
  0x10, 0x55, 0x8e, 0x0e, 0x50, 0x89, 0x0f, 0x52, 0x8c, 0x11, 0x54, 0x8d,
  0x12, 0x54, 0x8c, 0x11, 0x54, 0x8b, 0x0f, 0x53, 0x8c, 0x0f, 0x57, 0x93,
  0x0f, 0x59, 0x97, 0x0e, 0x57, 0x95, 0x0b, 0x4f, 0x8a, 0x0e, 0x51, 0x8b,
  0x16, 0x5c, 0x96, 0x15, 0x5a, 0x92, 0x12, 0x56, 0x8e, 0x14, 0x5b, 0x94,
  0x12, 0x4c, 0x7c, 0x03, 0x25, 0x48, 0x04, 0x30, 0x5b, 0x03, 0x26, 0x4c,
  0x02, 0x20, 0x42, 0x03, 0x1b, 0x37, 0x03, 0x25, 0x48, 0x03, 0x15, 0x29,
  0x02, 0x16, 0x2c, 0x01, 0x12, 0x27, 0x01, 0x12, 0x26, 0x03, 0x14, 0x26,
  0x03, 0x15, 0x27, 0x02, 0x10, 0x21, 0x01, 0x0f, 0x20, 0x03, 0x1d, 0x39,
  0x01, 0x1c, 0x39, 0x03, 0x32, 0x5f, 0x0f, 0x47, 0x74, 0x08, 0x35, 0x5b,
  0x02, 0x24, 0x46, 0x0b, 0x38, 0x60, 0x14, 0x58, 0x90, 0x13, 0x55, 0x8b,
  0x12, 0x55, 0x8c, 0x10, 0x50, 0x87, 0x0e, 0x4d, 0x82, 0x11, 0x50, 0x85,
  0x12, 0x52, 0x87, 0x12, 0x52, 0x87, 0x0f, 0x4c, 0x80, 0x0d, 0x47, 0x79,
  0x0b, 0x43, 0x75, 0x0b, 0x41, 0x71, 0x0e, 0x47, 0x78, 0x0e, 0x48, 0x78,
  0x0c, 0x43, 0x72, 0x0a, 0x3f, 0x6c, 0x0a, 0x3f, 0x6c, 0x0c, 0x41, 0x6f,
  0x0d, 0x44, 0x73, 0x0d, 0x46, 0x76, 0x0c, 0x45, 0x76, 0x0d, 0x45, 0x75,
  0x0e, 0x49, 0x7a, 0x0e, 0x4b, 0x7e, 0x0d, 0x49, 0x7c, 0x0c, 0x44, 0x73,
  0x0c, 0x41, 0x6f, 0x0f, 0x45, 0x73, 0x0d, 0x43, 0x71, 0x0b, 0x3f, 0x6b,
  0x0b, 0x3d, 0x68, 0x0a, 0x3a, 0x64, 0x0b, 0x3e, 0x69, 0x0d, 0x42, 0x6f,
  0x0b, 0x3d, 0x68, 0x0b, 0x3e, 0x69, 0x0b, 0x3f, 0x6c, 0x0b, 0x40, 0x6d,
  0x0a, 0x3e, 0x6a, 0x0b, 0x3e, 0x69, 0x0b, 0x3d, 0x69, 0x0c, 0x3c, 0x66,
  0x0b, 0x3a, 0x62, 0x0b, 0x39, 0x61, 0x0b, 0x39, 0x61, 0x0c, 0x3c, 0x64,
  0x0b, 0x3c, 0x66, 0x0a, 0x3a, 0x64, 0x09, 0x39, 0x63, 0x0a, 0x3a, 0x64,
  0x0a, 0x3b, 0x65, 0x0a, 0x3a, 0x64, 0x09, 0x3a, 0x63, 0x0a, 0x3b, 0x66,
  0x0a, 0x3e, 0x6a, 0x0b, 0x41, 0x6e, 0x0c, 0x3f, 0x6b, 0x0c, 0x3b, 0x64,
  0x0b, 0x39, 0x60, 0x0b, 0x39, 0x60, 0x0a, 0x35, 0x5c, 0x09, 0x36, 0x5d,
  0x09, 0x36, 0x5c, 0x09, 0x36, 0x5d, 0x09, 0x34, 0x5a, 0x08, 0x34, 0x5a,
  0x09, 0x35, 0x5b, 0x08, 0x37, 0x5f, 0x06, 0x35, 0x5f, 0x06, 0x33, 0x5c,
  0x05, 0x33, 0x5d, 0x05, 0x31, 0x59, 0x05, 0x29, 0x49, 0x06, 0x2e, 0x51,
  0x05, 0x2b, 0x4e, 0x05, 0x2c, 0x4f, 0x04, 0x2c, 0x50, 0x05, 0x2d, 0x52,
  0x05, 0x2f, 0x55, 0x06, 0x2f, 0x53, 0x05, 0x2d, 0x51, 0x06, 0x30, 0x56,
  0x06, 0x33, 0x5c, 0x06, 0x34, 0x5d, 0x08, 0x37, 0x62, 0x08, 0x37, 0x62,
  0x08, 0x38, 0x61, 0x08, 0x36, 0x5e, 0x09, 0x39, 0x63, 0x08, 0x36, 0x5e,
  0x08, 0x34, 0x5c, 0x09, 0x38, 0x62, 0x08, 0x38, 0x61, 0x08, 0x37, 0x61,
  0x08, 0x38, 0x61, 0x08, 0x36, 0x5f, 0x09, 0x39, 0x62, 0x07, 0x37, 0x60,
  0x08, 0x38, 0x62, 0x08, 0x37, 0x60, 0x08, 0x38, 0x62, 0x07, 0x37, 0x61,
  0x08, 0x3a, 0x65, 0x08, 0x39, 0x65, 0x08, 0x39, 0x64, 0x08, 0x3a, 0x65,
  0x08, 0x3c, 0x69, 0x09, 0x3d, 0x6a, 0x09, 0x3d, 0x6a, 0x08, 0x3c, 0x6b,
  0x09, 0x3e, 0x6d, 0x08, 0x3d, 0x6b, 0x09, 0x3f, 0x6d, 0x0a, 0x41, 0x71,
  0x0b, 0x43, 0x74, 0x09, 0x3f, 0x6f, 0x0b, 0x43, 0x72, 0x0b, 0x44, 0x74,
  0x0b, 0x42, 0x73, 0x0c, 0x4a, 0x7f, 0x09, 0x46, 0x7b, 0x08, 0x45, 0x7b,
  0x0b, 0x4a, 0x81, 0x0d, 0x4d, 0x84, 0x0e, 0x4d, 0x82, 0x0f, 0x53, 0x8b,
  0x0e, 0x4f, 0x85, 0x0d, 0x4b, 0x80, 0x0c, 0x48, 0x7d, 0x0c, 0x4c, 0x83,
  0x09, 0x3d, 0x6b, 0x03, 0x16, 0x2a, 0x03, 0x1a, 0x33, 0x03, 0x18, 0x2e,
  0x03, 0x12, 0x22, 0x04, 0x1c, 0x34, 0x03, 0x23, 0x42, 0x03, 0x18, 0x2f,
  0x02, 0x1a, 0x33, 0x02, 0x1d, 0x3b, 0x02, 0x1c, 0x39, 0x02, 0x1c, 0x3a,
  0x02, 0x16, 0x2c, 0x03, 0x16, 0x2b, 0x03, 0x12, 0x22, 0x03, 0x14, 0x25,
  0x02, 0x1b, 0x37, 0x09, 0x31, 0x56, 0x0f, 0x50, 0x88, 0x0c, 0x4b, 0x82,
  0x0e, 0x50, 0x88, 0x10, 0x56, 0x90, 0x11, 0x56, 0x8f, 0x10, 0x51, 0x87,
  0x11, 0x53, 0x8a, 0x11, 0x54, 0x8d, 0x0f, 0x52, 0x8b, 0x12, 0x56, 0x8f,
  0x11, 0x53, 0x8a, 0x10, 0x4f, 0x84, 0x0f, 0x4e, 0x83, 0x0f, 0x4f, 0x85,
  0x0e, 0x50, 0x89, 0x0d, 0x52, 0x8d, 0x0b, 0x4d, 0x86, 0x10, 0x55, 0x8f,
  0x13, 0x57, 0x8e, 0x11, 0x51, 0x86, 0x10, 0x4f, 0x85, 0x11, 0x52, 0x88,
  0x14, 0x58, 0x90, 0x0e, 0x47, 0x77, 0x05, 0x27, 0x4b, 0x01, 0x23, 0x48,
  0x05, 0x31, 0x5b, 0x03, 0x28, 0x4b, 0x03, 0x28, 0x4d, 0x02, 0x18, 0x31,
  0x02, 0x1a, 0x36, 0x02, 0x17, 0x2e, 0x02, 0x15, 0x2b, 0x02, 0x14, 0x2a,
  0x01, 0x16, 0x2f, 0x02, 0x19, 0x33, 0x02, 0x1f, 0x3e, 0x02, 0x21, 0x41,
  0x0c, 0x46, 0x78, 0x07, 0x2f, 0x53, 0x0b, 0x46, 0x7a, 0x03, 0x2a, 0x50,
  0x05, 0x25, 0x43, 0x13, 0x56, 0x8c, 0x11, 0x53, 0x8a, 0x0f, 0x4f, 0x85,
  0x10, 0x50, 0x87, 0x0f, 0x4f, 0x85, 0x0e, 0x4b, 0x7f, 0x10, 0x4f, 0x83,
  0x13, 0x53, 0x88, 0x12, 0x52, 0x87, 0x10, 0x4e, 0x83, 0x0e, 0x4a, 0x7c,
  0x0d, 0x48, 0x7a, 0x0d, 0x46, 0x77, 0x0e, 0x46, 0x76, 0x0e, 0x44, 0x73,
  0x0c, 0x42, 0x70, 0x0a, 0x3f, 0x6d, 0x0b, 0x41, 0x6e, 0x0d, 0x42, 0x70,
  0x0d, 0x46, 0x75, 0x0d, 0x45, 0x74, 0x0d, 0x42, 0x70, 0x0c, 0x43, 0x72,
  0x0c, 0x45, 0x75, 0x0c, 0x45, 0x75, 0x0d, 0x46, 0x76, 0x0c, 0x45, 0x74,
  0x0d, 0x44, 0x72, 0x0d, 0x44, 0x72, 0x0d, 0x44, 0x72, 0x0d, 0x41, 0x6e,
  0x0b, 0x3e, 0x6a, 0x0a, 0x3b, 0x66, 0x0a, 0x3c, 0x67, 0x0b, 0x3e, 0x6b,
  0x0a, 0x3b, 0x66, 0x0a, 0x3c, 0x68, 0x0a, 0x3e, 0x6a, 0x0b, 0x3d, 0x69,
  0x0a, 0x3c, 0x67, 0x0a, 0x3d, 0x68, 0x0b, 0x3d, 0x67, 0x0b, 0x3c, 0x66,
  0x0c, 0x3c, 0x65, 0x0a, 0x38, 0x60, 0x0b, 0x39, 0x62, 0x0b, 0x3a, 0x63,
  0x0a, 0x3c, 0x66, 0x09, 0x3b, 0x65, 0x09, 0x38, 0x61, 0x09, 0x38, 0x61,
  0x0a, 0x39, 0x61, 0x09, 0x38, 0x62, 0x08, 0x38, 0x62, 0x09, 0x3b, 0x67,
  0x08, 0x3a, 0x67, 0x08, 0x3c, 0x69, 0x09, 0x3f, 0x6d, 0x09, 0x3b, 0x66,
  0x0a, 0x38, 0x61, 0x0b, 0x3b, 0x64, 0x0a, 0x37, 0x5e, 0x09, 0x36, 0x5d,
  0x09, 0x36, 0x5d, 0x09, 0x35, 0x5c, 0x08, 0x35, 0x5b, 0x09, 0x35, 0x5b,
  0x09, 0x35, 0x5b, 0x07, 0x35, 0x5c, 0x06, 0x34, 0x5d, 0x06, 0x34, 0x5d,
  0x05, 0x32, 0x5b, 0x05, 0x2f, 0x56, 0x05, 0x27, 0x46, 0x05, 0x2b, 0x4c,
  0x05, 0x2c, 0x4f, 0x05, 0x2c, 0x4f, 0x04, 0x2b, 0x4e, 0x05, 0x2e, 0x53,
  0x05, 0x2e, 0x54, 0x05, 0x2d, 0x50, 0x07, 0x30, 0x55, 0x07, 0x33, 0x58,
  0x06, 0x32, 0x58, 0x07, 0x33, 0x5b, 0x07, 0x34, 0x5c, 0x06, 0x33, 0x5b,
  0x07, 0x33, 0x5b, 0x08, 0x35, 0x5d, 0x09, 0x36, 0x5f, 0x09, 0x39, 0x62,
  0x08, 0x38, 0x61, 0x08, 0x38, 0x62, 0x08, 0x38, 0x63, 0x08, 0x36, 0x5f,
  0x08, 0x36, 0x5e, 0x07, 0x35, 0x5e, 0x07, 0x35, 0x5e, 0x08, 0x38, 0x62,
  0x08, 0x37, 0x61, 0x08, 0x37, 0x61, 0x07, 0x36, 0x5e, 0x08, 0x3a, 0x64,
  0x09, 0x3c, 0x68, 0x09, 0x3b, 0x67, 0x09, 0x3a, 0x65, 0x08, 0x39, 0x65,
  0x09, 0x3c, 0x69, 0x09, 0x3a, 0x67, 0x09, 0x3c, 0x68, 0x08, 0x3c, 0x69,
  0x08, 0x3a, 0x68, 0x09, 0x3c, 0x68, 0x0a, 0x3f, 0x6d, 0x09, 0x3e, 0x6b,
  0x09, 0x3e, 0x6c, 0x09, 0x3f, 0x6e, 0x0b, 0x41, 0x71, 0x09, 0x41, 0x71,
  0x0a, 0x43, 0x74, 0x0d, 0x4d, 0x83, 0x0a, 0x48, 0x7e, 0x0a, 0x47, 0x7c,
  0x0c, 0x48, 0x7c, 0x0d, 0x4b, 0x80, 0x0c, 0x4a, 0x7f, 0x0b, 0x49, 0x7e,
  0x0b, 0x48, 0x7d, 0x0a, 0x47, 0x7b, 0x0c, 0x48, 0x7d, 0x0b, 0x48, 0x7c,
  0x0b, 0x45, 0x78, 0x04, 0x1f, 0x3a, 0x03, 0x16, 0x2a, 0x04, 0x13, 0x24,
  0x03, 0x1c, 0x35, 0x02, 0x1f, 0x3c, 0x03, 0x17, 0x2d, 0x02, 0x1c, 0x3a,
  0x02, 0x1c, 0x39, 0x02, 0x18, 0x31, 0x02, 0x19, 0x33, 0x02, 0x19, 0x32,
  0x03, 0x17, 0x2d, 0x03, 0x15, 0x28, 0x03, 0x12, 0x21, 0x02, 0x18, 0x31,
  0x06, 0x2a, 0x4d, 0x0e, 0x4b, 0x80, 0x0d, 0x4b, 0x80, 0x0e, 0x4f, 0x87,
  0x10, 0x51, 0x88, 0x0e, 0x4f, 0x86, 0x0c, 0x49, 0x7f, 0x0e, 0x4d, 0x83,
  0x0f, 0x4f, 0x86, 0x0f, 0x52, 0x8a, 0x11, 0x57, 0x91, 0x0f, 0x52, 0x8a,
  0x0f, 0x4c, 0x80, 0x0f, 0x4c, 0x80, 0x11, 0x52, 0x87, 0x11, 0x50, 0x85,
  0x0e, 0x4d, 0x81, 0x10, 0x53, 0x8b, 0x0f, 0x52, 0x8a, 0x0f, 0x53, 0x8b,
  0x12, 0x56, 0x8e, 0x11, 0x52, 0x88, 0x0f, 0x4d, 0x82, 0x11, 0x53, 0x88,
  0x10, 0x50, 0x86, 0x10, 0x51, 0x88, 0x15, 0x57, 0x8d, 0x0b, 0x38, 0x60,
  0x02, 0x1d, 0x39, 0x06, 0x34, 0x5f, 0x08, 0x37, 0x62, 0x01, 0x27, 0x4d,
  0x03, 0x28, 0x4d, 0x02, 0x25, 0x49, 0x04, 0x26, 0x48, 0x04, 0x2a, 0x4f,
  0x04, 0x2a, 0x4e, 0x05, 0x37, 0x65, 0x03, 0x27, 0x49, 0x07, 0x39, 0x67,
  0x08, 0x31, 0x57, 0x06, 0x35, 0x60, 0x00, 0x16, 0x2e, 0x07, 0x2c, 0x50,
  0x10, 0x4d, 0x82, 0x0f, 0x50, 0x88, 0x0d, 0x4c, 0x82, 0x0d, 0x4c, 0x82,
  0x0e, 0x4f, 0x86, 0x0f, 0x51, 0x89, 0x10, 0x52, 0x8a, 0x0f, 0x4d, 0x81,
  0x0e, 0x4b, 0x7e, 0x0e, 0x4b, 0x7f, 0x0f, 0x4d, 0x82, 0x0d, 0x4b, 0x7f,
  0x0b, 0x47, 0x7c, 0x0d, 0x4b, 0x80, 0x0e, 0x49, 0x7b, 0x0d, 0x43, 0x70,
  0x0b, 0x40, 0x6c, 0x0b, 0x3f, 0x6c, 0x0b, 0x3f, 0x6c, 0x0b, 0x42, 0x70,
  0x0c, 0x45, 0x75, 0x0d, 0x43, 0x72, 0x0e, 0x44, 0x71, 0x0e, 0x46, 0x74,
  0x0c, 0x46, 0x77, 0x0c, 0x45, 0x75, 0x0d, 0x46, 0x77, 0x0e, 0x47, 0x76,
  0x0d, 0x44, 0x71, 0x0b, 0x40, 0x6c, 0x0a, 0x3c, 0x68, 0x0b, 0x3e, 0x6a,
  0x0b, 0x3e, 0x6a, 0x0a, 0x3c, 0x67, 0x09, 0x3a, 0x64, 0x09, 0x3b, 0x66,
  0x0a, 0x3b, 0x65, 0x09, 0x3a, 0x64, 0x09, 0x3a, 0x65, 0x09, 0x3a, 0x66,
  0x0a, 0x3c, 0x67, 0x0a, 0x3b, 0x67, 0x0a, 0x3c, 0x67, 0x0b, 0x3c, 0x66,
  0x0b, 0x3b, 0x63, 0x0a, 0x3a, 0x63, 0x0a, 0x39, 0x63, 0x0a, 0x3a, 0x63,
  0x0a, 0x3b, 0x65, 0x09, 0x39, 0x62, 0x09, 0x38, 0x61, 0x09, 0x37, 0x60,
  0x09, 0x38, 0x61, 0x09, 0x38, 0x62, 0x08, 0x3a, 0x65, 0x09, 0x3c, 0x67,
  0x0a, 0x3d, 0x69, 0x06, 0x37, 0x61, 0x07, 0x39, 0x66, 0x08, 0x3b, 0x68,
  0x08, 0x38, 0x62, 0x09, 0x3a, 0x63, 0x0b, 0x3b, 0x64, 0x09, 0x39, 0x61,
  0x08, 0x35, 0x5b, 0x08, 0x34, 0x5b, 0x09, 0x35, 0x5d, 0x09, 0x37, 0x5f,
  0x0a, 0x37, 0x5e, 0x07, 0x34, 0x5c, 0x06, 0x33, 0x5c, 0x06, 0x33, 0x5d,
  0x05, 0x34, 0x5e, 0x05, 0x31, 0x58, 0x05, 0x26, 0x45, 0x05, 0x2c, 0x4f,
  0x05, 0x2b, 0x4d, 0x05, 0x2c, 0x4f, 0x05, 0x2b, 0x4e, 0x05, 0x2c, 0x4f,
  0x05, 0x2e, 0x53, 0x06, 0x2d, 0x51, 0x06, 0x2e, 0x52, 0x06, 0x31, 0x57,
  0x06, 0x30, 0x57, 0x06, 0x30, 0x56, 0x07, 0x33, 0x59, 0x07, 0x33, 0x5a,
  0x06, 0x32, 0x5a, 0x07, 0x34, 0x5b, 0x08, 0x36, 0x5e, 0x08, 0x34, 0x5c,
  0x09, 0x3b, 0x66, 0x08, 0x39, 0x64, 0x08, 0x36, 0x5f, 0x08, 0x37, 0x60,
  0x07, 0x36, 0x60, 0x07, 0x37, 0x60, 0x07, 0x36, 0x5f, 0x08, 0x37, 0x60,
  0x07, 0x35, 0x5e, 0x07, 0x37, 0x60, 0x08, 0x39, 0x63, 0x08, 0x39, 0x64,
  0x07, 0x37, 0x61, 0x08, 0x38, 0x63, 0x08, 0x39, 0x63, 0x08, 0x38, 0x63,
  0x09, 0x3c, 0x68, 0x09, 0x3b, 0x66, 0x0a, 0x3c, 0x67, 0x0a, 0x3b, 0x67,
  0x09, 0x3b, 0x67, 0x08, 0x3a, 0x66, 0x08, 0x39, 0x63, 0x09, 0x3b, 0x66,
  0x09, 0x3d, 0x6a, 0x09, 0x3e, 0x6b, 0x09, 0x3f, 0x6e, 0x08, 0x3c, 0x6b,
  0x0a, 0x40, 0x70, 0x0d, 0x49, 0x7c, 0x0c, 0x46, 0x79, 0x0a, 0x45, 0x78,
  0x0a, 0x44, 0x75, 0x0a, 0x44, 0x76, 0x0a, 0x46, 0x79, 0x0c, 0x48, 0x7b,
  0x0c, 0x47, 0x79, 0x0b, 0x46, 0x79, 0x0c, 0x48, 0x7c, 0x0c, 0x47, 0x7c,
  0x0b, 0x46, 0x79, 0x05, 0x20, 0x3b, 0x02, 0x14, 0x26, 0x02, 0x19, 0x32,
  0x03, 0x1d, 0x37, 0x05, 0x1e, 0x37, 0x03, 0x1c, 0x36, 0x02, 0x1c, 0x38,
  0x02, 0x1a, 0x34, 0x02, 0x19, 0x32, 0x02, 0x1b, 0x35, 0x03, 0x16, 0x2b,
  0x03, 0x13, 0x25, 0x03, 0x12, 0x22, 0x02, 0x19, 0x32, 0x05, 0x24, 0x43,
  0x0c, 0x46, 0x77, 0x0e, 0x49, 0x7c, 0x0e, 0x49, 0x7c, 0x10, 0x4d, 0x81,
  0x0d, 0x49, 0x7d, 0x0d, 0x4c, 0x81, 0x0d, 0x4a, 0x7e, 0x0b, 0x49, 0x7e,
  0x0d, 0x4d, 0x84, 0x0e, 0x4e, 0x85, 0x0e, 0x52, 0x8b, 0x0d, 0x4b, 0x80,
  0x0f, 0x4c, 0x7f, 0x10, 0x4d, 0x80, 0x10, 0x4e, 0x82, 0x10, 0x4e, 0x81,
  0x0d, 0x48, 0x7a, 0x0c, 0x48, 0x7b, 0x0c, 0x49, 0x7c, 0x0e, 0x4c, 0x81,
  0x0f, 0x50, 0x86, 0x12, 0x54, 0x8b, 0x12, 0x52, 0x88, 0x10, 0x4e, 0x81,
  0x12, 0x54, 0x8a, 0x10, 0x4f, 0x84, 0x14, 0x57, 0x8d, 0x14, 0x58, 0x90,
  0x10, 0x48, 0x76, 0x07, 0x2d, 0x52, 0x02, 0x25, 0x49, 0x01, 0x19, 0x35,
  0x05, 0x31, 0x5c, 0x03, 0x27, 0x4c, 0x07, 0x3d, 0x6d, 0x05, 0x2e, 0x55,
  0x05, 0x2d, 0x53, 0x02, 0x28, 0x4d, 0x02, 0x2a, 0x51, 0x02, 0x20, 0x40,
  0x02, 0x1b, 0x36, 0x08, 0x2f, 0x52, 0x10, 0x4c, 0x7e, 0x11, 0x52, 0x89,
  0x0f, 0x4f, 0x84, 0x0e, 0x4d, 0x82, 0x0f, 0x4e, 0x84, 0x11, 0x53, 0x89,
  0x0d, 0x4d, 0x83, 0x0d, 0x4f, 0x86, 0x10, 0x54, 0x8c, 0x0f, 0x51, 0x87,
  0x0c, 0x49, 0x7d, 0x0d, 0x4a, 0x7f, 0x10, 0x50, 0x86, 0x0e, 0x4c, 0x81,
  0x0a, 0x48, 0x7e, 0x0c, 0x4a, 0x7f, 0x0d, 0x47, 0x79, 0x0c, 0x40, 0x6b,
  0x0b, 0x3f, 0x6a, 0x0c, 0x40, 0x6d, 0x0c, 0x40, 0x6d, 0x0a, 0x40, 0x6e,
  0x0b, 0x45, 0x76, 0x0b, 0x41, 0x6e, 0x0c, 0x3e, 0x69, 0x0c, 0x41, 0x6e,
  0x0b, 0x42, 0x71, 0x0a, 0x41, 0x70, 0x0c, 0x43, 0x71, 0x0c, 0x42, 0x6f,
  0x0b, 0x3f, 0x6a, 0x0a, 0x3b, 0x65, 0x09, 0x37, 0x5f, 0x09, 0x39, 0x62,
  0x0a, 0x3c, 0x68, 0x0a, 0x3d, 0x68, 0x0a, 0x3e, 0x6a, 0x09, 0x3d, 0x69,
  0x09, 0x3b, 0x65, 0x08, 0x37, 0x60, 0x08, 0x3b, 0x66, 0x08, 0x39, 0x64,
  0x08, 0x38, 0x62, 0x09, 0x39, 0x63, 0x0a, 0x3a, 0x63, 0x0a, 0x39, 0x62,
  0x0a, 0x3a, 0x62, 0x0a, 0x39, 0x61, 0x09, 0x38, 0x60, 0x09, 0x38, 0x60,
  0x0a, 0x39, 0x63, 0x09, 0x38, 0x62, 0x09, 0x38, 0x61, 0x09, 0x38, 0x60,
  0x09, 0x38, 0x60, 0x08, 0x37, 0x60, 0x08, 0x37, 0x60, 0x09, 0x3c, 0x68,
  0x09, 0x3d, 0x6a, 0x08, 0x39, 0x65, 0x07, 0x38, 0x65, 0x08, 0x3b, 0x66,
  0x08, 0x39, 0x63, 0x0a, 0x3b, 0x66, 0x0a, 0x3b, 0x65, 0x09, 0x38, 0x60,
  0x09, 0x37, 0x60, 0x08, 0x36, 0x5d, 0x09, 0x35, 0x5b, 0x09, 0x36, 0x5e,
  0x09, 0x37, 0x60, 0x08, 0x35, 0x5c, 0x06, 0x32, 0x5a, 0x06, 0x31, 0x59,
  0x06, 0x35, 0x60, 0x05, 0x30, 0x58, 0x05, 0x28, 0x48, 0x05, 0x2b, 0x4d,
  0x05, 0x2a, 0x4b, 0x04, 0x2a, 0x4b, 0x04, 0x29, 0x4b, 0x05, 0x2a, 0x4c,
  0x05, 0x2d, 0x50, 0x05, 0x2c, 0x4f, 0x05, 0x2b, 0x4f, 0x06, 0x2e, 0x53,
  0x05, 0x2d, 0x51, 0x05, 0x2d, 0x51, 0x06, 0x32, 0x58, 0x06, 0x32, 0x58,
  0x06, 0x31, 0x57, 0x06, 0x30, 0x55, 0x07, 0x33, 0x5b, 0x06, 0x33, 0x5a,
  0x07, 0x35, 0x5e, 0x08, 0x38, 0x63, 0x07, 0x36, 0x60, 0x07, 0x35, 0x5e,
  0x07, 0x34, 0x5c, 0x07, 0x35, 0x5e, 0x07, 0x35, 0x5d, 0x07, 0x36, 0x5f,
  0x07, 0x35, 0x5e, 0x08, 0x37, 0x60, 0x08, 0x39, 0x63, 0x08, 0x39, 0x63,
  0x06, 0x35, 0x5e, 0x07, 0x35, 0x5e, 0x07, 0x37, 0x61, 0x08, 0x37, 0x61,
  0x08, 0x39, 0x64, 0x07, 0x37, 0x62, 0x09, 0x39, 0x64, 0x09, 0x3b, 0x66,
  0x0a, 0x3d, 0x69, 0x08, 0x3b, 0x66, 0x08, 0x38, 0x63, 0x09, 0x3b, 0x67,
  0x0a, 0x3d, 0x69, 0x0a, 0x3d, 0x69, 0x09, 0x3c, 0x69, 0x09, 0x3e, 0x6b,
  0x09, 0x3d, 0x6a, 0x0b, 0x43, 0x74, 0x0c, 0x44, 0x75, 0x0b, 0x43, 0x75,
  0x0b, 0x46, 0x78, 0x0b, 0x45, 0x77, 0x0a, 0x43, 0x75, 0x0c, 0x47, 0x78,
  0x0c, 0x47, 0x79, 0x0a, 0x44, 0x77, 0x0c, 0x47, 0x7a, 0x0c, 0x49, 0x7e,
  0x0a, 0x40, 0x70, 0x03, 0x18, 0x2d, 0x03, 0x1a, 0x33, 0x06, 0x29, 0x4d,
  0x09, 0x3a, 0x67, 0x0b, 0x47, 0x7c, 0x09, 0x3c, 0x69, 0x03, 0x1b, 0x36,
  0x02, 0x18, 0x32, 0x02, 0x1b, 0x36, 0x02, 0x18, 0x31, 0x02, 0x16, 0x2c,
  0x03, 0x13, 0x24, 0x02, 0x16, 0x2c, 0x04, 0x1f, 0x3c, 0x0d, 0x43, 0x71,
  0x0e, 0x4b, 0x7f, 0x0d, 0x46, 0x78, 0x0e, 0x49, 0x7c, 0x0f, 0x49, 0x7c,
  0x0d, 0x47, 0x7a, 0x0d, 0x48, 0x7b, 0x0d, 0x4a, 0x7e, 0x0b, 0x49, 0x7e,
  0x0c, 0x49, 0x7f, 0x0a, 0x48, 0x7e, 0x0d, 0x4c, 0x83, 0x0d, 0x4a, 0x7d,
  0x0e, 0x4a, 0x7c, 0x0f, 0x4b, 0x7d, 0x0f, 0x4a, 0x7d, 0x0f, 0x49, 0x7a,
  0x0d, 0x45, 0x76, 0x0b, 0x43, 0x74, 0x0c, 0x45, 0x76, 0x10, 0x4d, 0x80,
  0x0f, 0x4e, 0x83, 0x10, 0x51, 0x87, 0x0f, 0x4c, 0x7f, 0x10, 0x4f, 0x82,
  0x11, 0x51, 0x86, 0x12, 0x54, 0x89, 0x10, 0x4f, 0x84, 0x11, 0x50, 0x84,
  0x0f, 0x4e, 0x83, 0x0f, 0x4a, 0x7c, 0x0b, 0x3d, 0x69, 0x0c, 0x37, 0x5e,
  0x0a, 0x35, 0x5c, 0x05, 0x28, 0x4a, 0x04, 0x28, 0x4a, 0x05, 0x28, 0x4a,
  0x07, 0x2c, 0x4f, 0x0b, 0x36, 0x5b, 0x0c, 0x39, 0x61, 0x0e, 0x3d, 0x66,
  0x10, 0x49, 0x78, 0x12, 0x50, 0x83, 0x10, 0x4d, 0x81, 0x0e, 0x49, 0x7c,
  0x0d, 0x46, 0x78, 0x0f, 0x4a, 0x7c, 0x10, 0x4e, 0x81, 0x0f, 0x4c, 0x7f,
  0x0e, 0x4c, 0x80, 0x0e, 0x4c, 0x81, 0x10, 0x51, 0x87, 0x0f, 0x4f, 0x85,
  0x0d, 0x4d, 0x83, 0x0d, 0x4d, 0x83, 0x0e, 0x4c, 0x81, 0x0d, 0x49, 0x7d,
  0x0c, 0x48, 0x7c, 0x0b, 0x47, 0x79, 0x0c, 0x44, 0x74, 0x0c, 0x40, 0x6c,
  0x0c, 0x3f, 0x6a, 0x0c, 0x40, 0x6b, 0x0e, 0x45, 0x73, 0x0c, 0x42, 0x71,
  0x0a, 0x42, 0x70, 0x0b, 0x43, 0x72, 0x08, 0x3d, 0x6a, 0x08, 0x3d, 0x6a,
  0x09, 0x40, 0x6f, 0x0b, 0x42, 0x72, 0x0a, 0x3f, 0x6c, 0x0a, 0x3c, 0x67,
  0x09, 0x3a, 0x65, 0x09, 0x3a, 0x63, 0x09, 0x3a, 0x64, 0x09, 0x3b, 0x66,
  0x09, 0x3d, 0x69, 0x0a, 0x3c, 0x68, 0x08, 0x39, 0x63, 0x08, 0x38, 0x63,
  0x09, 0x39, 0x63, 0x09, 0x39, 0x63, 0x08, 0x37, 0x61, 0x08, 0x37, 0x60,
  0x08, 0x37, 0x5f, 0x09, 0x38, 0x61, 0x09, 0x38, 0x62, 0x0a, 0x3a, 0x63,
  0x09, 0x38, 0x61, 0x0a, 0x37, 0x5f, 0x0a, 0x38, 0x61, 0x09, 0x37, 0x60,
  0x09, 0x39, 0x61, 0x09, 0x37, 0x5f, 0x09, 0x38, 0x61, 0x09, 0x38, 0x61,
  0x09, 0x39, 0x63, 0x08, 0x37, 0x60, 0x08, 0x38, 0x62, 0x08, 0x39, 0x65,
  0x07, 0x39, 0x66, 0x06, 0x37, 0x62, 0x07, 0x38, 0x63, 0x08, 0x38, 0x63,
  0x08, 0x38, 0x62, 0x09, 0x38, 0x62, 0x09, 0x39, 0x62, 0x09, 0x37, 0x5f,
  0x08, 0x36, 0x5d, 0x09, 0x36, 0x5c, 0x08, 0x34, 0x5a, 0x08, 0x33, 0x59,
  0x08, 0x35, 0x5c, 0x08, 0x35, 0x5d, 0x06, 0x33, 0x5b, 0x05, 0x32, 0x5b,
  0x05, 0x34, 0x5f, 0x05, 0x31, 0x59, 0x05, 0x28, 0x47, 0x04, 0x29, 0x4b,
  0x05, 0x29, 0x4a, 0x05, 0x2a, 0x4b, 0x04, 0x2a, 0x4c, 0x04, 0x2a, 0x4c,
  0x05, 0x2d, 0x50, 0x05, 0x2c, 0x4f, 0x05, 0x2c, 0x4f, 0x05, 0x2c, 0x4e,
  0x04, 0x2a, 0x4d, 0x05, 0x2c, 0x4e, 0x07, 0x30, 0x55, 0x06, 0x2e, 0x53,
  0x06, 0x2e, 0x52, 0x05, 0x2e, 0x52, 0x06, 0x31, 0x58, 0x07, 0x33, 0x5a,
  0x07, 0x34, 0x5c, 0x07, 0x34, 0x5d, 0x07, 0x35, 0x5d, 0x07, 0x33, 0x5c,
  0x07, 0x34, 0x5d, 0x07, 0x34, 0x5c, 0x06, 0x33, 0x5b, 0x07, 0x35, 0x5e,
  0x07, 0x35, 0x5e, 0x07, 0x35, 0x5d, 0x08, 0x37, 0x60, 0x08, 0x39, 0x64,
  0x07, 0x35, 0x5f, 0x06, 0x34, 0x5c, 0x06, 0x35, 0x5e, 0x07, 0x35, 0x5f,
  0x07, 0x35, 0x5e, 0x07, 0x35, 0x5d, 0x07, 0x35, 0x5e, 0x08, 0x38, 0x62,
  0x08, 0x38, 0x63, 0x08, 0x38, 0x64, 0x07, 0x37, 0x62, 0x07, 0x39, 0x64,
  0x09, 0x3a, 0x65, 0x0a, 0x3c, 0x68, 0x09, 0x3c, 0x68, 0x0a, 0x3d, 0x6b,
  0x0a, 0x3f, 0x6d, 0x0a, 0x3f, 0x6d, 0x0a, 0x43, 0x74, 0x0b, 0x45, 0x77,
  0x0b, 0x45, 0x77, 0x0a, 0x42, 0x72, 0x0a, 0x41, 0x6f, 0x0c, 0x45, 0x75,
  0x0b, 0x44, 0x74, 0x0b, 0x44, 0x76, 0x0c, 0x47, 0x7a, 0x0b, 0x47, 0x7c,
  0x05, 0x2a, 0x4c, 0x05, 0x28, 0x4a, 0x09, 0x3c, 0x6a, 0x09, 0x43, 0x76,
  0x07, 0x3f, 0x71, 0x06, 0x3b, 0x6c, 0x08, 0x42, 0x76, 0x06, 0x2b, 0x50,
  0x01, 0x16, 0x2e, 0x02, 0x19, 0x33, 0x02, 0x18, 0x30, 0x03, 0x14, 0x26,
  0x02, 0x15, 0x2a, 0x03, 0x20, 0x3c, 0x0b, 0x42, 0x72, 0x0d, 0x4a, 0x7f,
  0x0b, 0x45, 0x78, 0x0a, 0x43, 0x75, 0x0c, 0x45, 0x78, 0x0d, 0x47, 0x79,
  0x0d, 0x48, 0x7b, 0x0c, 0x47, 0x7a, 0x0a, 0x46, 0x79, 0x0b, 0x49, 0x80,
  0x0b, 0x49, 0x7f, 0x0a, 0x48, 0x7e, 0x0b, 0x48, 0x7d, 0x0b, 0x45, 0x76,
  0x0c, 0x45, 0x74, 0x0e, 0x46, 0x76, 0x0e, 0x46, 0x76, 0x0d, 0x44, 0x74,
  0x0d, 0x46, 0x77, 0x0e, 0x47, 0x77, 0x0c, 0x46, 0x77, 0x0d, 0x49, 0x7b,
  0x0d, 0x49, 0x7b, 0x0c, 0x46, 0x76, 0x0b, 0x42, 0x70, 0x0c, 0x45, 0x74,
  0x0e, 0x4c, 0x80, 0x11, 0x55, 0x8c, 0x0f, 0x4e, 0x83, 0x11, 0x50, 0x85,
  0x0f, 0x4d, 0x82, 0x0c, 0x48, 0x7c, 0x0d, 0x48, 0x7a, 0x12, 0x4f, 0x82,
  0x11, 0x4b, 0x7b, 0x11, 0x4b, 0x7c, 0x13, 0x4d, 0x7c, 0x12, 0x4c, 0x7d,
  0x12, 0x4e, 0x80, 0x12, 0x4e, 0x80, 0x11, 0x4c, 0x7d, 0x11, 0x4c, 0x7d,
  0x10, 0x4b, 0x7b, 0x11, 0x4b, 0x7c, 0x11, 0x4f, 0x82, 0x0f, 0x4b, 0x7d,
  0x0f, 0x4b, 0x7e, 0x0f, 0x48, 0x79, 0x0e, 0x46, 0x75, 0x0f, 0x4b, 0x7c,
  0x10, 0x4f, 0x83, 0x0f, 0x4c, 0x80, 0x0e, 0x4b, 0x7f, 0x0f, 0x4e, 0x83,
  0x0e, 0x4d, 0x82, 0x0c, 0x4b, 0x7f, 0x0d, 0x4a, 0x7e, 0x0d, 0x49, 0x7c,
  0x0d, 0x49, 0x7c, 0x0e, 0x49, 0x7b, 0x0d, 0x45, 0x74, 0x0c, 0x3f, 0x6a,
  0x0c, 0x3f, 0x6a, 0x0c, 0x41, 0x6e, 0x0c, 0x43, 0x71, 0x0b, 0x42, 0x71,
  0x0b, 0x43, 0x73, 0x0a, 0x44, 0x75, 0x09, 0x42, 0x73, 0x09, 0x40, 0x70,
  0x09, 0x40, 0x6e, 0x0b, 0x41, 0x70, 0x0a, 0x3f, 0x6c, 0x09, 0x3b, 0x66,
  0x09, 0x3a, 0x65, 0x08, 0x39, 0x63, 0x09, 0x39, 0x63, 0x0a, 0x3d, 0x69,
  0x09, 0x3c, 0x67, 0x09, 0x3b, 0x65, 0x08, 0x3a, 0x64, 0x08, 0x3a, 0x64,
  0x08, 0x39, 0x64, 0x08, 0x39, 0x63, 0x07, 0x36, 0x60, 0x08, 0x37, 0x60,
  0x08, 0x37, 0x60, 0x07, 0x34, 0x5b, 0x08, 0x35, 0x5e, 0x09, 0x3a, 0x64,
  0x09, 0x3a, 0x63, 0x0a, 0x39, 0x61, 0x0a, 0x39, 0x61, 0x0a, 0x38, 0x61,
  0x09, 0x38, 0x60, 0x09, 0x37, 0x5f, 0x0a, 0x3a, 0x64, 0x09, 0x3b, 0x66,
  0x09, 0x39, 0x63, 0x08, 0x37, 0x5f, 0x08, 0x36, 0x5f, 0x08, 0x38, 0x63,
  0x08, 0x38, 0x63, 0x06, 0x36, 0x61, 0x06, 0x37, 0x63, 0x08, 0x39, 0x65,
  0x08, 0x39, 0x64, 0x08, 0x38, 0x62, 0x09, 0x37, 0x60, 0x09, 0x37, 0x5f,
  0x09, 0x35, 0x5c, 0x08, 0x35, 0x5c, 0x08, 0x35, 0x5c, 0x07, 0x31, 0x57,
  0x09, 0x35, 0x5c, 0x0a, 0x39, 0x62, 0x07, 0x34, 0x5d, 0x05, 0x32, 0x5b,
  0x05, 0x33, 0x5d, 0x05, 0x30, 0x57, 0x04, 0x27, 0x46, 0x04, 0x29, 0x4a,
  0x04, 0x29, 0x4a, 0x05, 0x29, 0x4a, 0x05, 0x28, 0x49, 0x04, 0x27, 0x48,
  0x04, 0x28, 0x49, 0x05, 0x2a, 0x4d, 0x05, 0x2b, 0x4e, 0x06, 0x2d, 0x4f,
  0x05, 0x2c, 0x50, 0x05, 0x2b, 0x4d, 0x06, 0x2e, 0x52, 0x06, 0x2f, 0x53,
  0x05, 0x2d, 0x51, 0x05, 0x2e, 0x52, 0x06, 0x2f, 0x54, 0x06, 0x31, 0x59,
  0x07, 0x33, 0x5c, 0x06, 0x30, 0x57, 0x06, 0x32, 0x58, 0x06, 0x32, 0x59,
  0x06, 0x33, 0x5c, 0x07, 0x34, 0x5c, 0x06, 0x32, 0x59, 0x07, 0x34, 0x5d,
  0x07, 0x34, 0x5b, 0x07, 0x34, 0x5b, 0x06, 0x32, 0x5a, 0x06, 0x34, 0x5c,
  0x06, 0x34, 0x5d, 0x06, 0x33, 0x5b, 0x06, 0x33, 0x5b, 0x06, 0x32, 0x5b,
  0x06, 0x34, 0x5d, 0x08, 0x37, 0x5f, 0x08, 0x35, 0x5e, 0x07, 0x36, 0x60,
  0x06, 0x36, 0x61, 0x07, 0x38, 0x63, 0x07, 0x36, 0x61, 0x06, 0x36, 0x60,
  0x07, 0x39, 0x66, 0x09, 0x3d, 0x6a, 0x0a, 0x3c, 0x69, 0x0a, 0x3b, 0x67,
  0x0a, 0x3e, 0x6b, 0x09, 0x3b, 0x68, 0x09, 0x3e, 0x6d, 0x09, 0x3e, 0x6c,
  0x09, 0x3d, 0x6b, 0x0a, 0x40, 0x6f, 0x0a, 0x3f, 0x6d, 0x09, 0x3e, 0x6d,
  0x0b, 0x45, 0x76, 0x0a, 0x42, 0x73, 0x0b, 0x46, 0x79, 0x0c, 0x47, 0x7a,
  0x08, 0x3b, 0x68, 0x09, 0x42, 0x74, 0x09, 0x45, 0x79, 0x09, 0x42, 0x75,
  0x09, 0x41, 0x73, 0x09, 0x41, 0x73, 0x0a, 0x44, 0x78, 0x08, 0x36, 0x60,
  0x02, 0x1a, 0x34, 0x02, 0x1e, 0x3c, 0x02, 0x15, 0x28, 0x02, 0x13, 0x27,
  0x05, 0x23, 0x40, 0x0b, 0x42, 0x73, 0x0b, 0x47, 0x7b, 0x0b, 0x43, 0x76,
  0x0b, 0x44, 0x76, 0x0b, 0x46, 0x7a, 0x0b, 0x46, 0x7a, 0x0d, 0x48, 0x7c,
  0x0b, 0x46, 0x79, 0x07, 0x41, 0x75, 0x09, 0x43, 0x77, 0x0a, 0x46, 0x7b,
  0x0a, 0x47, 0x7d, 0x0b, 0x48, 0x7e, 0x0a, 0x44, 0x75, 0x0c, 0x43, 0x72,
  0x0b, 0x40, 0x6c, 0x0c, 0x41, 0x6f, 0x0c, 0x42, 0x70, 0x0d, 0x44, 0x71,
  0x0e, 0x46, 0x75, 0x0d, 0x44, 0x73, 0x0d, 0x46, 0x77, 0x0a, 0x43, 0x74,
  0x0a, 0x44, 0x75, 0x0b, 0x42, 0x71, 0x0b, 0x41, 0x6e, 0x0a, 0x3f, 0x6c,
  0x0c, 0x42, 0x70, 0x0e, 0x4d, 0x81, 0x11, 0x52, 0x89, 0x0e, 0x4d, 0x82,
  0x0c, 0x4a, 0x7f, 0x0c, 0x48, 0x7c, 0x0e, 0x49, 0x7b, 0x0f, 0x47, 0x77,
  0x0e, 0x43, 0x71, 0x10, 0x46, 0x74, 0x12, 0x4d, 0x7e, 0x12, 0x4c, 0x7c,
  0x10, 0x47, 0x75, 0x0e, 0x44, 0x71, 0x0f, 0x45, 0x73, 0x0d, 0x43, 0x70,
  0x0d, 0x43, 0x71, 0x0f, 0x49, 0x7a, 0x11, 0x4e, 0x81, 0x0f, 0x49, 0x7b,
  0x0d, 0x47, 0x78, 0x0f, 0x48, 0x79, 0x0e, 0x48, 0x79, 0x0e, 0x47, 0x78,
  0x0c, 0x45, 0x76, 0x0e, 0x49, 0x7b, 0x0e, 0x4a, 0x7b, 0x0f, 0x4c, 0x7f,
  0x11, 0x4f, 0x84, 0x0e, 0x4b, 0x7f, 0x0c, 0x48, 0x7c, 0x0e, 0x4a, 0x7d,
  0x0f, 0x4c, 0x80, 0x0d, 0x46, 0x76, 0x0a, 0x3d, 0x6a, 0x0c, 0x41, 0x6e,
  0x0d, 0x44, 0x72, 0x0c, 0x42, 0x70, 0x0b, 0x40, 0x6e, 0x09, 0x3e, 0x6d,
  0x09, 0x3e, 0x6d, 0x09, 0x40, 0x70, 0x0a, 0x41, 0x71, 0x0a, 0x40, 0x6e,
  0x09, 0x3c, 0x68, 0x0a, 0x40, 0x6e, 0x0a, 0x3f, 0x6d, 0x09, 0x3c, 0x67,
  0x0a, 0x3e, 0x6b, 0x09, 0x3c, 0x68, 0x08, 0x37, 0x60, 0x09, 0x3b, 0x67,
  0x0a, 0x3e, 0x6b, 0x09, 0x3b, 0x66, 0x08, 0x3a, 0x66, 0x08, 0x3b, 0x67,
  0x07, 0x38, 0x63, 0x08, 0x38, 0x62, 0x08, 0x37, 0x60, 0x08, 0x36, 0x5f,
  0x09, 0x37, 0x5f, 0x09, 0x37, 0x5f, 0x08, 0x36, 0x5d, 0x08, 0x37, 0x60,
  0x0a, 0x39, 0x63, 0x09, 0x39, 0x62, 0x09, 0x37, 0x5f, 0x09, 0x37, 0x61,
  0x09, 0x37, 0x5f, 0x08, 0x36, 0x5f, 0x09, 0x3b, 0x67, 0x08, 0x3b, 0x67,
  0x07, 0x36, 0x5f, 0x06, 0x31, 0x58, 0x07, 0x32, 0x5a, 0x08, 0x36, 0x60,
  0x07, 0x36, 0x61, 0x07, 0x37, 0x62, 0x07, 0x39, 0x66, 0x07, 0x39, 0x67,
  0x07, 0x37, 0x62, 0x07, 0x35, 0x5f, 0x08, 0x36, 0x5e, 0x09, 0x36, 0x5e,
  0x08, 0x34, 0x5b, 0x08, 0x35, 0x5c, 0x07, 0x34, 0x5b, 0x07, 0x33, 0x59,
  0x07, 0x31, 0x56, 0x09, 0x37, 0x60, 0x07, 0x34, 0x5d, 0x05, 0x34, 0x5f,
  0x05, 0x34, 0x5e, 0x05, 0x2f, 0x56, 0x04, 0x2a, 0x4b, 0x03, 0x27, 0x48,
  0x04, 0x27, 0x48, 0x05, 0x29, 0x4a, 0x04, 0x28, 0x48, 0x03, 0x25, 0x43,
  0x04, 0x27, 0x46, 0x05, 0x2a, 0x4b, 0x05, 0x2c, 0x4e, 0x06, 0x2f, 0x53,
  0x06, 0x2f, 0x53, 0x05, 0x2c, 0x4f, 0x05, 0x2d, 0x51, 0x06, 0x31, 0x57,
  0x06, 0x31, 0x56, 0x06, 0x30, 0x56, 0x05, 0x2e, 0x53, 0x05, 0x30, 0x56,
  0x06, 0x32, 0x5a, 0x06, 0x31, 0x57, 0x06, 0x32, 0x59, 0x06, 0x32, 0x59,
  0x06, 0x32, 0x58, 0x06, 0x33, 0x5a, 0x05, 0x30, 0x57, 0x05, 0x30, 0x56,
  0x05, 0x30, 0x57, 0x06, 0x32, 0x59, 0x06, 0x31, 0x58, 0x06, 0x32, 0x59,
  0x06, 0x31, 0x59, 0x05, 0x30, 0x56, 0x05, 0x30, 0x57, 0x05, 0x32, 0x5a,
  0x06, 0x33, 0x5b, 0x07, 0x35, 0x5c, 0x08, 0x35, 0x5d, 0x08, 0x38, 0x62,
  0x07, 0x36, 0x61, 0x06, 0x35, 0x5f, 0x05, 0x33, 0x5c, 0x06, 0x34, 0x5e,
  0x06, 0x37, 0x62, 0x08, 0x39, 0x65, 0x0a, 0x3c, 0x68, 0x0a, 0x3b, 0x65,
  0x09, 0x3b, 0x66, 0x09, 0x3b, 0x67, 0x09, 0x3c, 0x68, 0x09, 0x3b, 0x66,
  0x0a, 0x3c, 0x68, 0x0b, 0x3f, 0x6c, 0x0b, 0x40, 0x6e, 0x0a, 0x40, 0x6f,
  0x0b, 0x44, 0x76, 0x0a, 0x43, 0x75, 0x0a, 0x42, 0x74, 0x0c, 0x46, 0x78,
  0x0d, 0x4a, 0x7f, 0x0a, 0x47, 0x7c, 0x08, 0x40, 0x72, 0x0a, 0x45, 0x79,
  0x0c, 0x49, 0x7d, 0x0b, 0x45, 0x78, 0x0a, 0x44, 0x78, 0x08, 0x39, 0x66,
  0x03, 0x19, 0x31, 0x03, 0x15, 0x2a, 0x02, 0x15, 0x2a, 0x07, 0x2d, 0x51,
  0x0e, 0x48, 0x7c, 0x0d, 0x49, 0x7e, 0x0b, 0x43, 0x75, 0x09, 0x3f, 0x6f,
  0x0b, 0x43, 0x74, 0x0c, 0x49, 0x7d, 0x0b, 0x46, 0x7b, 0x0a, 0x45, 0x79,
  0x0a, 0x44, 0x76, 0x09, 0x41, 0x73, 0x0b, 0x46, 0x79, 0x09, 0x45, 0x7a,
  0x09, 0x46, 0x7b, 0x0a, 0x45, 0x79, 0x0a, 0x40, 0x6f, 0x0a, 0x3e, 0x6b,
  0x0a, 0x3b, 0x66, 0x0a, 0x3d, 0x69, 0x0b, 0x3f, 0x6a, 0x0b, 0x3f, 0x6a,
  0x0b, 0x40, 0x6d, 0x0b, 0x41, 0x6e, 0x0b, 0x41, 0x70, 0x0a, 0x41, 0x72,
  0x0a, 0x41, 0x70, 0x0b, 0x40, 0x6d, 0x0b, 0x3f, 0x6a, 0x0b, 0x3f, 0x6b,
  0x0b, 0x3e, 0x6a, 0x09, 0x3c, 0x68, 0x0b, 0x47, 0x7a, 0x0b, 0x49, 0x7f,
  0x0b, 0x48, 0x7c, 0x0e, 0x4c, 0x81, 0x0d, 0x48, 0x7b, 0x0c, 0x44, 0x74,
  0x10, 0x4a, 0x7a, 0x10, 0x49, 0x79, 0x10, 0x47, 0x76, 0x0f, 0x44, 0x70,
  0x0e, 0x43, 0x70, 0x0d, 0x40, 0x6c, 0x0c, 0x3e, 0x69, 0x0d, 0x41, 0x6c,
  0x0d, 0x42, 0x6e, 0x0c, 0x41, 0x6d, 0x0c, 0x45, 0x75, 0x0c, 0x45, 0x76,
  0x0e, 0x49, 0x7a, 0x0e, 0x48, 0x7a, 0x0e, 0x49, 0x7b, 0x0d, 0x47, 0x77,
  0x0c, 0x45, 0x76, 0x0c, 0x47, 0x79, 0x0d, 0x48, 0x7b, 0x0f, 0x4c, 0x7f,
  0x12, 0x51, 0x85, 0x0f, 0x4b, 0x7d, 0x0d, 0x47, 0x79, 0x0d, 0x48, 0x7a,
  0x10, 0x4b, 0x7e, 0x0d, 0x44, 0x73, 0x0a, 0x3b, 0x67, 0x0d, 0x42, 0x6f,
  0x0c, 0x42, 0x70, 0x0b, 0x41, 0x70, 0x09, 0x3d, 0x6a, 0x08, 0x3d, 0x6b,
  0x09, 0x3e, 0x6c, 0x09, 0x3f, 0x6e, 0x0a, 0x40, 0x6f, 0x0a, 0x40, 0x6f,
  0x08, 0x3d, 0x6a, 0x0a, 0x3f, 0x6c, 0x0a, 0x40, 0x6d, 0x0a, 0x3e, 0x6a,
  0x0b, 0x41, 0x6f, 0x0a, 0x3f, 0x6c, 0x08, 0x39, 0x65, 0x08, 0x39, 0x64,
  0x0a, 0x3d, 0x6a, 0x09, 0x3b, 0x67, 0x08, 0x3a, 0x66, 0x09, 0x3b, 0x68,
  0x07, 0x38, 0x63, 0x08, 0x39, 0x64, 0x08, 0x38, 0x62, 0x08, 0x37, 0x61,
  0x08, 0x38, 0x62, 0x09, 0x38, 0x61, 0x07, 0x37, 0x5f, 0x08, 0x35, 0x5c,
  0x0a, 0x38, 0x60, 0x0a, 0x3a, 0x64, 0x0a, 0x3a, 0x65, 0x09, 0x39, 0x63,
  0x0a, 0x39, 0x63, 0x08, 0x3a, 0x66, 0x08, 0x3a, 0x67, 0x09, 0x3c, 0x6a,
  0x07, 0x37, 0x61, 0x07, 0x34, 0x5c, 0x07, 0x34, 0x5c, 0x07, 0x36, 0x61,
  0x07, 0x38, 0x64, 0x07, 0x36, 0x61, 0x07, 0x39, 0x66, 0x06, 0x37, 0x63,
  0x06, 0x37, 0x63, 0x06, 0x33, 0x5c, 0x07, 0x35, 0x5e, 0x08, 0x35, 0x5d,
  0x08, 0x32, 0x59, 0x07, 0x34, 0x5b, 0x07, 0x34, 0x5a, 0x07, 0x33, 0x59,
  0x07, 0x33, 0x59, 0x07, 0x32, 0x57, 0x06, 0x31, 0x59, 0x06, 0x34, 0x5f,
  0x06, 0x34, 0x5d, 0x05, 0x30, 0x57, 0x05, 0x28, 0x47, 0x04, 0x27, 0x47,
  0x04, 0x28, 0x48, 0x04, 0x28, 0x49, 0x04, 0x27, 0x47, 0x04, 0x28, 0x48,
  0x05, 0x28, 0x49, 0x04, 0x29, 0x4b, 0x05, 0x2b, 0x4d, 0x06, 0x2c, 0x4f,
  0x07, 0x2f, 0x53, 0x06, 0x2d, 0x50, 0x06, 0x30, 0x56, 0x07, 0x35, 0x5d,
  0x06, 0x32, 0x58, 0x05, 0x30, 0x56, 0x05, 0x2e, 0x53, 0x04, 0x2c, 0x51,
  0x05, 0x2f, 0x56, 0x06, 0x31, 0x58, 0x06, 0x31, 0x57, 0x06, 0x31, 0x58,
  0x05, 0x30, 0x57, 0x05, 0x2d, 0x51, 0x05, 0x2e, 0x55, 0x05, 0x2d, 0x52,
  0x05, 0x2e, 0x52, 0x05, 0x30, 0x56, 0x06, 0x2f, 0x55, 0x06, 0x30, 0x56,
  0x05, 0x31, 0x58, 0x06, 0x30, 0x56, 0x06, 0x31, 0x57, 0x07, 0x33, 0x5a,
  0x07, 0x33, 0x5a, 0x06, 0x30, 0x56, 0x06, 0x30, 0x56, 0x07, 0x34, 0x5b,
  0x07, 0x34, 0x5d, 0x06, 0x33, 0x5a, 0x06, 0x33, 0x5b, 0x07, 0x36, 0x60,
  0x06, 0x32, 0x5b, 0x07, 0x34, 0x5d, 0x08, 0x37, 0x60, 0x09, 0x3a, 0x65,
  0x09, 0x39, 0x63, 0x08, 0x39, 0x63, 0x09, 0x3a, 0x64, 0x09, 0x3b, 0x66,
  0x0b, 0x40, 0x6d, 0x0b, 0x3f, 0x6c, 0x0b, 0x3f, 0x6b, 0x09, 0x3c, 0x69,
  0x0a, 0x41, 0x70, 0x0b, 0x43, 0x75, 0x09, 0x42, 0x73, 0x0a, 0x43, 0x75,
  0x0a, 0x46, 0x7a, 0x06, 0x3f, 0x71, 0x06, 0x3d, 0x6e, 0x08, 0x40, 0x73,
  0x09, 0x42, 0x75, 0x07, 0x3f, 0x70, 0x08, 0x44, 0x79, 0x06, 0x30, 0x58,
  0x01, 0x13, 0x27, 0x04, 0x1a, 0x31, 0x08, 0x34, 0x5c, 0x0e, 0x4c, 0x81,
  0x0c, 0x48, 0x7d, 0x09, 0x41, 0x72, 0x0a, 0x43, 0x75, 0x09, 0x3f, 0x6f,
  0x09, 0x3f, 0x6f, 0x09, 0x42, 0x74, 0x0a, 0x42, 0x75, 0x0a, 0x42, 0x74,
  0x09, 0x40, 0x70, 0x09, 0x3d, 0x6a, 0x09, 0x3d, 0x6c, 0x08, 0x42, 0x74,
  0x07, 0x42, 0x77, 0x08, 0x3d, 0x6b, 0x09, 0x3a, 0x65, 0x09, 0x3b, 0x66,
  0x0a, 0x3b, 0x65, 0x0a, 0x3b, 0x65, 0x0a, 0x3b, 0x64, 0x0b, 0x3c, 0x66,
  0x0b, 0x3e, 0x6a, 0x0b, 0x40, 0x6b, 0x0b, 0x3f, 0x6a, 0x0a, 0x3f, 0x6c,
  0x0a, 0x3e, 0x69, 0x0b, 0x3e, 0x69, 0x0b, 0x3f, 0x6b, 0x0a, 0x3f, 0x6b,
  0x0a, 0x3c, 0x67, 0x09, 0x3b, 0x65, 0x0c, 0x44, 0x74, 0x0c, 0x48, 0x7d,
  0x09, 0x40, 0x70, 0x0a, 0x44, 0x75, 0x09, 0x41, 0x73, 0x0a, 0x41, 0x6f,
  0x0d, 0x45, 0x75, 0x0d, 0x48, 0x7a, 0x0e, 0x43, 0x6f, 0x0c, 0x3e, 0x68,
  0x0b, 0x3f, 0x6a, 0x0b, 0x3e, 0x6a, 0x0b, 0x3c, 0x65, 0x0b, 0x3c, 0x66,
  0x0c, 0x3f, 0x69, 0x0b, 0x3f, 0x6a, 0x0a, 0x3e, 0x6b, 0x0d, 0x46, 0x75,
  0x0c, 0x44, 0x74, 0x0e, 0x47, 0x77, 0x0e, 0x49, 0x7b, 0x0e, 0x48, 0x7a,
  0x0c, 0x47, 0x78, 0x0c, 0x46, 0x77, 0x0c, 0x47, 0x78, 0x0f, 0x4c, 0x7f,
  0x10, 0x4d, 0x80, 0x10, 0x4e, 0x82, 0x10, 0x4b, 0x7d, 0x0d, 0x48, 0x79,
  0x0e, 0x48, 0x79, 0x0d, 0x45, 0x74, 0x0a, 0x3d, 0x69, 0x0a, 0x3c, 0x68,
  0x0b, 0x41, 0x6f, 0x0a, 0x3e, 0x6c, 0x08, 0x3b, 0x69, 0x07, 0x3b, 0x68,
  0x08, 0x3d, 0x6c, 0x07, 0x3a, 0x68, 0x0a, 0x41, 0x71, 0x0a, 0x3f, 0x6f,
  0x09, 0x3e, 0x6c, 0x0a, 0x3f, 0x6d, 0x0b, 0x40, 0x6e, 0x0a, 0x3e, 0x6b,
  0x0b, 0x40, 0x6d, 0x0a, 0x3e, 0x6a, 0x08, 0x39, 0x65, 0x08, 0x39, 0x65,
  0x08, 0x3a, 0x65, 0x08, 0x36, 0x60, 0x07, 0x36, 0x60, 0x09, 0x3b, 0x66,
  0x09, 0x39, 0x63, 0x08, 0x39, 0x64, 0x08, 0x39, 0x64, 0x08, 0x39, 0x64,
  0x07, 0x36, 0x5f, 0x07, 0x36, 0x5f, 0x08, 0x36, 0x5e, 0x08, 0x35, 0x5d,
  0x08, 0x36, 0x5d, 0x09, 0x37, 0x5f, 0x0a, 0x39, 0x61, 0x0b, 0x3b, 0x65,
  0x0a, 0x3b, 0x65, 0x09, 0x3c, 0x68, 0x08, 0x39, 0x65, 0x08, 0x3a, 0x67,
  0x08, 0x39, 0x64, 0x08, 0x36, 0x5e, 0x08, 0x37, 0x61, 0x07, 0x36, 0x5f,
  0x07, 0x36, 0x60, 0x08, 0x37, 0x61, 0x06, 0x35, 0x60, 0x05, 0x34, 0x5e,
  0x05, 0x34, 0x5e, 0x06, 0x34, 0x5d, 0x06, 0x34, 0x5c, 0x07, 0x33, 0x5a,
  0x08, 0x33, 0x5a, 0x07, 0x32, 0x57, 0x07, 0x32, 0x58, 0x07, 0x31, 0x57,
  0x07, 0x31, 0x56, 0x07, 0x32, 0x58, 0x06, 0x31, 0x57, 0x06, 0x30, 0x57,
  0x06, 0x33, 0x5c, 0x05, 0x2f, 0x55, 0x04, 0x24, 0x42, 0x04, 0x26, 0x46,
  0x04, 0x26, 0x46, 0x03, 0x26, 0x45, 0x04, 0x27, 0x48, 0x05, 0x28, 0x49,
  0x05, 0x2a, 0x4c, 0x04, 0x2a, 0x4c, 0x05, 0x2c, 0x4e, 0x05, 0x2b, 0x4d,
  0x05, 0x2c, 0x4f, 0x06, 0x2d, 0x50, 0x06, 0x31, 0x56, 0x07, 0x34, 0x5c,
  0x06, 0x30, 0x57, 0x05, 0x2f, 0x55, 0x05, 0x2f, 0x54, 0x06, 0x31, 0x57,
  0x05, 0x2e, 0x53, 0x05, 0x30, 0x57, 0x05, 0x2f, 0x54, 0x06, 0x2f, 0x54,
  0x05, 0x2f, 0x55, 0x05, 0x2e, 0x53, 0x05, 0x2d, 0x51, 0x05, 0x2e, 0x52,
  0x05, 0x2e, 0x53, 0x06, 0x30, 0x55, 0x06, 0x30, 0x56, 0x06, 0x2f, 0x54,
  0x06, 0x31, 0x56, 0x06, 0x2f, 0x55, 0x06, 0x30, 0x56, 0x06, 0x31, 0x56,
  0x07, 0x32, 0x58, 0x07, 0x32, 0x59, 0x07, 0x34, 0x5c, 0x07, 0x34, 0x5c,
  0x07, 0x36, 0x5e, 0x07, 0x35, 0x5e, 0x06, 0x32, 0x59, 0x07, 0x34, 0x5d,
  0x06, 0x32, 0x5a, 0x07, 0x33, 0x5a, 0x07, 0x35, 0x5e, 0x08, 0x38, 0x62,
  0x08, 0x38, 0x62, 0x09, 0x3a, 0x65, 0x0a, 0x3c, 0x68, 0x0a, 0x3c, 0x67,
  0x0a, 0x3d, 0x6a, 0x0a, 0x3d, 0x6a, 0x09, 0x3d, 0x6a, 0x08, 0x3c, 0x69,
  0x09, 0x3f, 0x6d, 0x09, 0x3f, 0x6e, 0x09, 0x40, 0x71, 0x0a, 0x42, 0x74,
  0x09, 0x43, 0x75, 0x08, 0x3f, 0x70, 0x07, 0x3e, 0x6f, 0x06, 0x3d, 0x6e,
  0x07, 0x3e, 0x6f, 0x06, 0x3d, 0x6f, 0x06, 0x37, 0x66, 0x03, 0x1c, 0x35,
  0x05, 0x23, 0x41, 0x09, 0x3a, 0x66, 0x0b, 0x45, 0x78, 0x0b, 0x45, 0x76,
  0x09, 0x42, 0x74, 0x07, 0x3c, 0x6d, 0x08, 0x3f, 0x70, 0x07, 0x3c, 0x6c,
  0x08, 0x3f, 0x70, 0x08, 0x42, 0x75, 0x08, 0x41, 0x73, 0x07, 0x3d, 0x6f,
  0x09, 0x40, 0x70, 0x0a, 0x41, 0x71, 0x08, 0x3a, 0x67, 0x07, 0x3b, 0x68,
  0x08, 0x3f, 0x70, 0x08, 0x38, 0x62, 0x09, 0x38, 0x60, 0x09, 0x38, 0x60,
  0x0a, 0x3a, 0x64, 0x09, 0x39, 0x62, 0x0a, 0x3a, 0x62, 0x0a, 0x3a, 0x64,
  0x0b, 0x3c, 0x67, 0x0b, 0x3d, 0x68, 0x0a, 0x3b, 0x65, 0x09, 0x3b, 0x65,
  0x09, 0x3a, 0x65, 0x09, 0x3a, 0x65, 0x0a, 0x3d, 0x69, 0x0a, 0x3d, 0x68,
  0x09, 0x3b, 0x66, 0x09, 0x3b, 0x66, 0x09, 0x3e, 0x6b, 0x09, 0x40, 0x70,
  0x08, 0x3c, 0x6a, 0x09, 0x41, 0x72, 0x0a, 0x42, 0x73, 0x08, 0x3c, 0x69,
  0x0a, 0x42, 0x72, 0x0c, 0x46, 0x78, 0x0d, 0x45, 0x73, 0x0b, 0x3b, 0x64,
  0x0a, 0x3a, 0x63, 0x0a, 0x3b, 0x64, 0x0a, 0x3a, 0x62, 0x0a, 0x39, 0x60,
  0x0a, 0x3c, 0x66, 0x0a, 0x3d, 0x69, 0x0a, 0x3d, 0x69, 0x0b, 0x41, 0x6f,
  0x0b, 0x43, 0x72, 0x0b, 0x44, 0x74, 0x0c, 0x44, 0x75, 0x0b, 0x46, 0x77,
  0x0c, 0x45, 0x76, 0x0b, 0x43, 0x73, 0x0e, 0x4a, 0x7d, 0x0f, 0x4e, 0x82,
  0x0f, 0x4e, 0x82, 0x0e, 0x49, 0x7c, 0x0c, 0x45, 0x76, 0x0c, 0x46, 0x77,
  0x0b, 0x42, 0x72, 0x0b, 0x41, 0x70, 0x0b, 0x40, 0x6e, 0x09, 0x3e, 0x6c,
  0x08, 0x3e, 0x6c, 0x09, 0x3e, 0x6d, 0x08, 0x3c, 0x6a, 0x06, 0x37, 0x63,
  0x08, 0x3e, 0x6c, 0x08, 0x3d, 0x6b, 0x08, 0x3e, 0x6e, 0x09, 0x3f, 0x6e,
  0x09, 0x3d, 0x6a, 0x09, 0x3b, 0x67, 0x09, 0x3c, 0x68, 0x0b, 0x40, 0x6d,
  0x09, 0x3c, 0x67, 0x09, 0x3c, 0x67, 0x08, 0x39, 0x64, 0x07, 0x39, 0x66,
  0x07, 0x38, 0x64, 0x06, 0x34, 0x5d, 0x07, 0x36, 0x60, 0x08, 0x38, 0x62,
  0x08, 0x39, 0x63, 0x08, 0x38, 0x63, 0x09, 0x3a, 0x65, 0x09, 0x3b, 0x66,
  0x08, 0x38, 0x62, 0x07, 0x36, 0x60, 0x07, 0x35, 0x5d, 0x08, 0x35, 0x5d,
  0x08, 0x35, 0x5d, 0x08, 0x36, 0x5e, 0x08, 0x35, 0x5d, 0x08, 0x38, 0x62,
  0x09, 0x3a, 0x65, 0x08, 0x39, 0x63, 0x08, 0x38, 0x63, 0x07, 0x38, 0x63,
  0x07, 0x36, 0x60, 0x08, 0x36, 0x5f, 0x08, 0x36, 0x5f, 0x06, 0x32, 0x59,
  0x06, 0x32, 0x59, 0x06, 0x33, 0x5a, 0x07, 0x33, 0x5b, 0x07, 0x33, 0x5a,
  0x06, 0x30, 0x55, 0x06, 0x31, 0x58, 0x07, 0x34, 0x5c, 0x08, 0x36, 0x5e,
  0x08, 0x35, 0x5b, 0x07, 0x32, 0x59, 0x07, 0x33, 0x5a, 0x07, 0x33, 0x59,
  0x08, 0x34, 0x5b, 0x07, 0x34, 0x5c, 0x06, 0x31, 0x58, 0x06, 0x2e, 0x54,
  0x06, 0x32, 0x5a, 0x06, 0x2f, 0x55, 0x04, 0x26, 0x44, 0x04, 0x26, 0x46,
  0x04, 0x2a, 0x4c, 0x04, 0x28, 0x49, 0x04, 0x27, 0x47, 0x05, 0x29, 0x4a,
  0x05, 0x2b, 0x4d, 0x05, 0x2b, 0x4d, 0x04, 0x2c, 0x50, 0x05, 0x2e, 0x53,
  0x05, 0x2e, 0x54, 0x05, 0x2e, 0x53, 0x05, 0x2c, 0x50, 0x05, 0x2c, 0x4f,
  0x06, 0x2e, 0x52, 0x05, 0x2e, 0x52, 0x05, 0x2d, 0x52, 0x06, 0x30, 0x56,
  0x05, 0x2d, 0x51, 0x05, 0x2d, 0x52, 0x05, 0x2f, 0x54, 0x05, 0x30, 0x56,
  0x05, 0x2e, 0x52, 0x05, 0x2d, 0x52, 0x05, 0x2d, 0x52, 0x04, 0x2d, 0x51,
  0x05, 0x30, 0x56, 0x06, 0x2f, 0x55, 0x06, 0x30, 0x54, 0x05, 0x2f, 0x54,
  0x06, 0x2e, 0x53, 0x05, 0x30, 0x55, 0x06, 0x31, 0x56, 0x06, 0x31, 0x57,
  0x06, 0x31, 0x56, 0x06, 0x31, 0x57, 0x06, 0x31, 0x57, 0x07, 0x32, 0x59,
  0x06, 0x33, 0x5b, 0x07, 0x34, 0x5b, 0x06, 0x31, 0x56, 0x06, 0x32, 0x59,
  0x07, 0x34, 0x5b, 0x08, 0x35, 0x5c, 0x08, 0x36, 0x5e, 0x07, 0x34, 0x5c,
  0x07, 0x36, 0x5f, 0x09, 0x3a, 0x65, 0x09, 0x39, 0x63, 0x08, 0x39, 0x63,
  0x07, 0x37, 0x62, 0x08, 0x3b, 0x67, 0x08, 0x3a, 0x66, 0x07, 0x3a, 0x67,
  0x07, 0x3a, 0x68, 0x07, 0x3c, 0x6a, 0x07, 0x3d, 0x6c, 0x09, 0x40, 0x70,
  0x09, 0x42, 0x73, 0x09, 0x41, 0x72, 0x07, 0x3d, 0x6e, 0x07, 0x3d, 0x6e,
  0x07, 0x3e, 0x6f, 0x07, 0x40, 0x73, 0x07, 0x37, 0x63, 0x08, 0x36, 0x60,
  0x0a, 0x43, 0x75, 0x09, 0x42, 0x73, 0x09, 0x40, 0x70, 0x09, 0x3f, 0x70,
  0x08, 0x3e, 0x6e, 0x0a, 0x43, 0x75, 0x09, 0x43, 0x75, 0x08, 0x3e, 0x6e,
  0x06, 0x3e, 0x70, 0x06, 0x3e, 0x70, 0x06, 0x3d, 0x70, 0x06, 0x3c, 0x6d,
  0x08, 0x3d, 0x6d, 0x09, 0x3e, 0x6d, 0x08, 0x3b, 0x69, 0x07, 0x38, 0x63,
  0x06, 0x34, 0x5d, 0x07, 0x35, 0x5f, 0x08, 0x38, 0x62, 0x07, 0x36, 0x5e,
  0x08, 0x37, 0x60, 0x09, 0x37, 0x5f, 0x09, 0x37, 0x5e, 0x09, 0x37, 0x5e,
  0x09, 0x37, 0x5f, 0x09, 0x39, 0x62, 0x09, 0x3a, 0x64, 0x09, 0x39, 0x63,
  0x08, 0x39, 0x63, 0x08, 0x38, 0x60, 0x09, 0x38, 0x61, 0x08, 0x3b, 0x65,
  0x09, 0x3d, 0x6a, 0x09, 0x3e, 0x6b, 0x09, 0x3f, 0x6c, 0x09, 0x3f, 0x6d,
  0x08, 0x3c, 0x6a, 0x09, 0x3f, 0x6e, 0x08, 0x3d, 0x6b, 0x07, 0x3c, 0x69,
  0x08, 0x3f, 0x70, 0x0a, 0x43, 0x74, 0x0b, 0x42, 0x71, 0x09, 0x3a, 0x62,
  0x0a, 0x38, 0x60, 0x0a, 0x38, 0x5f, 0x09, 0x36, 0x5d, 0x09, 0x35, 0x5b,
  0x09, 0x38, 0x62, 0x09, 0x3c, 0x67, 0x09, 0x3e, 0x6b, 0x09, 0x3f, 0x6d,
  0x09, 0x40, 0x6f, 0x0c, 0x45, 0x77, 0x0b, 0x44, 0x75, 0x0b, 0x43, 0x74,
  0x0a, 0x43, 0x74, 0x0b, 0x43, 0x74, 0x0b, 0x45, 0x77, 0x0b, 0x46, 0x78,
  0x0b, 0x45, 0x78, 0x0b, 0x44, 0x76, 0x0a, 0x43, 0x75, 0x0a, 0x43, 0x73,
  0x0b, 0x43, 0x73, 0x0a, 0x40, 0x6f, 0x0a, 0x41, 0x72, 0x0a, 0x44, 0x76,
  0x08, 0x3e, 0x6d, 0x08, 0x3d, 0x6b, 0x08, 0x3d, 0x6c, 0x07, 0x3b, 0x69,
  0x08, 0x3d, 0x6b, 0x08, 0x3f, 0x6e, 0x07, 0x39, 0x67, 0x07, 0x3b, 0x69,
  0x08, 0x3b, 0x69, 0x07, 0x39, 0x66, 0x07, 0x39, 0x65, 0x08, 0x3a, 0x66,
  0x08, 0x38, 0x63, 0x07, 0x38, 0x64, 0x08, 0x39, 0x65, 0x06, 0x35, 0x60,
  0x05, 0x33, 0x5d, 0x05, 0x33, 0x5d, 0x06, 0x33, 0x5d, 0x07, 0x36, 0x5f,
  0x07, 0x36, 0x5f, 0x09, 0x38, 0x61, 0x09, 0x38, 0x62, 0x08, 0x39, 0x63,
  0x08, 0x37, 0x61, 0x06, 0x34, 0x5d, 0x07, 0x37, 0x60, 0x08, 0x39, 0x63,
  0x09, 0x37, 0x60, 0x09, 0x38, 0x61, 0x08, 0x37, 0x60, 0x09, 0x39, 0x64,
  0x0a, 0x3d, 0x69, 0x08, 0x37, 0x62, 0x07, 0x36, 0x60, 0x07, 0x37, 0x61,
  0x07, 0x35, 0x5e, 0x07, 0x34, 0x5b, 0x08, 0x35, 0x5d, 0x06, 0x34, 0x5c,
  0x06, 0x32, 0x5a, 0x06, 0x31, 0x58, 0x07, 0x33, 0x5a, 0x06, 0x33, 0x5a,
  0x07, 0x32, 0x59, 0x05, 0x2f, 0x54, 0x06, 0x30, 0x56, 0x06, 0x30, 0x56,
  0x06, 0x32, 0x58, 0x06, 0x31, 0x57, 0x06, 0x31, 0x57, 0x07, 0x33, 0x59,
  0x07, 0x34, 0x5b, 0x08, 0x36, 0x5c, 0x07, 0x34, 0x5c, 0x06, 0x32, 0x59,
  0x07, 0x33, 0x5a, 0x06, 0x30, 0x55, 0x04, 0x26, 0x46, 0x03, 0x27, 0x47,
  0x04, 0x28, 0x49, 0x04, 0x29, 0x4a, 0x04, 0x28, 0x48, 0x04, 0x29, 0x4a,
  0x05, 0x2b, 0x4d, 0x05, 0x2b, 0x4f, 0x05, 0x2d, 0x52, 0x05, 0x30, 0x56,
  0x05, 0x2f, 0x55, 0x05, 0x30, 0x57, 0x05, 0x2e, 0x53, 0x05, 0x2c, 0x50,
  0x05, 0x2d, 0x52, 0x05, 0x2d, 0x50, 0x05, 0x2c, 0x50, 0x06, 0x2e, 0x52,
  0x06, 0x2f, 0x54, 0x05, 0x2f, 0x55, 0x05, 0x2e, 0x53, 0x05, 0x2e, 0x53,
  0x04, 0x2b, 0x4e, 0x04, 0x2b, 0x4f, 0x05, 0x2e, 0x53, 0x05, 0x2f, 0x54,
  0x05, 0x2f, 0x54, 0x05, 0x2d, 0x51, 0x05, 0x2e, 0x52, 0x05, 0x2d, 0x51,
  0x04, 0x2b, 0x4f, 0x05, 0x2d, 0x52, 0x05, 0x2e, 0x53, 0x05, 0x2d, 0x50,
  0x05, 0x2e, 0x52, 0x04, 0x2c, 0x51, 0x05, 0x2d, 0x51, 0x05, 0x30, 0x55,
  0x06, 0x30, 0x56, 0x06, 0x31, 0x59, 0x06, 0x31, 0x57, 0x07, 0x33, 0x5a,
  0x06, 0x32, 0x59, 0x06, 0x33, 0x59, 0x07, 0x33, 0x5a, 0x07, 0x34, 0x5c,
  0x07, 0x35, 0x5e, 0x08, 0x39, 0x63, 0x09, 0x39, 0x62, 0x08, 0x39, 0x62,
  0x08, 0x38, 0x63, 0x07, 0x36, 0x5f, 0x07, 0x37, 0x61, 0x06, 0x39, 0x67,
  0x07, 0x39, 0x65, 0x07, 0x3a, 0x68, 0x06, 0x3b, 0x69, 0x06, 0x3a, 0x69,
  0x09, 0x3f, 0x6f, 0x08, 0x40, 0x70, 0x09, 0x41, 0x71, 0x08, 0x3f, 0x6f,
  0x08, 0x3e, 0x6f, 0x07, 0x3c, 0x6d, 0x07, 0x3e, 0x6f, 0x08, 0x3e, 0x6e,
  0x08, 0x3d, 0x6d, 0x07, 0x3e, 0x6f, 0x07, 0x3c, 0x6c, 0x08, 0x3f, 0x70,
  0x08, 0x3e, 0x6d, 0x08, 0x41, 0x72, 0x09, 0x42, 0x75, 0x08, 0x40, 0x72,
  0x07, 0x3f, 0x71, 0x05, 0x3b, 0x6c, 0x05, 0x3c, 0x6d, 0x07, 0x3d, 0x6e,
  0x08, 0x3f, 0x70, 0x07, 0x3c, 0x6a, 0x07, 0x3b, 0x69, 0x06, 0x3a, 0x67,
  0x07, 0x38, 0x63, 0x07, 0x36, 0x60, 0x07, 0x37, 0x60, 0x07, 0x35, 0x5d,
  0x07, 0x34, 0x5c, 0x07, 0x34, 0x5b, 0x08, 0x35, 0x5c, 0x08, 0x36, 0x5d,
  0x08, 0x35, 0x5d, 0x08, 0x35, 0x5d, 0x08, 0x36, 0x5f, 0x08, 0x37, 0x5f,
  0x08, 0x37, 0x61, 0x08, 0x36, 0x5f, 0x08, 0x37, 0x5f, 0x08, 0x3a, 0x63,
  0x08, 0x39, 0x63, 0x08, 0x3b, 0x66, 0x09, 0x3d, 0x69, 0x08, 0x3b, 0x67,
  0x07, 0x38, 0x62, 0x06, 0x38, 0x63, 0x07, 0x38, 0x63, 0x08, 0x3e, 0x6b,
  0x09, 0x42, 0x72, 0x0a, 0x41, 0x71, 0x09, 0x3c, 0x68, 0x07, 0x36, 0x5f,
  0x09, 0x37, 0x5e, 0x08, 0x36, 0x5d, 0x08, 0x37, 0x5e, 0x09, 0x36, 0x5d,
  0x09, 0x38, 0x61, 0x09, 0x3b, 0x65, 0x09, 0x3c, 0x68, 0x09, 0x3d, 0x6b,
  0x09, 0x42, 0x72, 0x09, 0x41, 0x73, 0x08, 0x40, 0x72, 0x09, 0x41, 0x72,
  0x09, 0x40, 0x70, 0x08, 0x3e, 0x6e, 0x08, 0x3c, 0x6b, 0x08, 0x3e, 0x6e,
  0x08, 0x3e, 0x6e, 0x09, 0x3f, 0x6f, 0x09, 0x40, 0x70, 0x0b, 0x43, 0x73,
  0x0c, 0x43, 0x72, 0x0c, 0x43, 0x72, 0x09, 0x3f, 0x6f, 0x09, 0x42, 0x72,
  0x0b, 0x43, 0x74, 0x09, 0x3f, 0x6f, 0x07, 0x3b, 0x68, 0x08, 0x3c, 0x6b,
  0x08, 0x3c, 0x6b, 0x07, 0x3c, 0x6c, 0x06, 0x3b, 0x6a, 0x07, 0x39, 0x66,
  0x07, 0x39, 0x65, 0x07, 0x37, 0x62, 0x07, 0x37, 0x62, 0x07, 0x39, 0x64,
  0x07, 0x37, 0x62, 0x07, 0x38, 0x63, 0x07, 0x3a, 0x66, 0x07, 0x38, 0x64,
  0x07, 0x38, 0x64, 0x07, 0x38, 0x64, 0x08, 0x37, 0x61, 0x06, 0x35, 0x5e,
  0x07, 0x35, 0x5e, 0x07, 0x36, 0x60, 0x08, 0x37, 0x61, 0x08, 0x37, 0x60,
  0x08, 0x37, 0x60, 0x07, 0x36, 0x5e, 0x07, 0x33, 0x5b, 0x08, 0x36, 0x5e,
  0x06, 0x32, 0x5a, 0x07, 0x35, 0x5d, 0x08, 0x38, 0x61, 0x08, 0x39, 0x63,
  0x09, 0x39, 0x63, 0x08, 0x36, 0x5f, 0x07, 0x34, 0x5d, 0x06, 0x34, 0x5c,
  0x06, 0x35, 0x5f, 0x07, 0x34, 0x5d, 0x07, 0x35, 0x5e, 0x06, 0x35, 0x5f,
  0x05, 0x32, 0x5a, 0x06, 0x32, 0x59, 0x06, 0x32, 0x59, 0x06, 0x33, 0x5b,
  0x07, 0x34, 0x5b, 0x06, 0x32, 0x59, 0x06, 0x30, 0x57, 0x06, 0x31, 0x58,
  0x06, 0x30, 0x57, 0x06, 0x30, 0x56, 0x06, 0x33, 0x5b, 0x07, 0x33, 0x59,
  0x07, 0x33, 0x59, 0x08, 0x35, 0x5b, 0x07, 0x33, 0x5a, 0x07, 0x33, 0x59,
  0x06, 0x31, 0x57, 0x06, 0x2e, 0x51, 0x04, 0x26, 0x44, 0x03, 0x24, 0x42,
  0x03, 0x25, 0x45, 0x04, 0x27, 0x47, 0x04, 0x28, 0x48, 0x04, 0x29, 0x49,
  0x05, 0x2a, 0x4c, 0x05, 0x2a, 0x4b, 0x05, 0x2b, 0x4d, 0x05, 0x2c, 0x4f,
  0x04, 0x2b, 0x4d, 0x04, 0x2b, 0x4d, 0x04, 0x2c, 0x50, 0x04, 0x2d, 0x51,
  0x05, 0x2e, 0x52, 0x05, 0x2e, 0x52, 0x05, 0x2c, 0x4f, 0x06, 0x2d, 0x51,
  0x06, 0x2f, 0x55, 0x06, 0x33, 0x5c, 0x05, 0x2f, 0x55, 0x05, 0x2e, 0x52,
  0x05, 0x2d, 0x51, 0x04, 0x2d, 0x52, 0x04, 0x2c, 0x51, 0x05, 0x2d, 0x52,
  0x04, 0x2c, 0x50, 0x04, 0x2a, 0x4d, 0x04, 0x2a, 0x4d, 0x05, 0x2b, 0x4f,
  0x04, 0x2c, 0x50, 0x05, 0x2d, 0x51, 0x05, 0x2d, 0x51, 0x05, 0x2c, 0x4f,
  0x04, 0x2b, 0x4d, 0x05, 0x2c, 0x4f, 0x05, 0x2d, 0x51, 0x05, 0x2e, 0x53,
  0x06, 0x31, 0x57, 0x05, 0x2f, 0x55, 0x05, 0x32, 0x58, 0x05, 0x32, 0x59,
  0x06, 0x32, 0x59, 0x07, 0x33, 0x5a, 0x06, 0x32, 0x58, 0x06, 0x32, 0x59,
  0x06, 0x33, 0x5b, 0x08, 0x36, 0x5f, 0x07, 0x36, 0x5e, 0x07, 0x36, 0x5f,
  0x06, 0x34, 0x5e, 0x07, 0x35, 0x5e, 0x07, 0x37, 0x61, 0x07, 0x38, 0x64,
  0x06, 0x37, 0x63, 0x07, 0x3a, 0x67, 0x08, 0x3c, 0x6a, 0x08, 0x3c, 0x6a,
  0x08, 0x3c, 0x6a, 0x07, 0x3c, 0x6b, 0x07, 0x3b, 0x69, 0x08, 0x3c, 0x6a,
  0x08, 0x3c, 0x6a, 0x08, 0x3b, 0x69, 0x07, 0x3a, 0x68, 0x06, 0x39, 0x66,
  0x06, 0x38, 0x64, 0x08, 0x3d, 0x6a, 0x07, 0x3b, 0x69, 0x06, 0x39, 0x67,
  0x07, 0x3b, 0x6a, 0x09, 0x3d, 0x6c, 0x08, 0x3d, 0x6d, 0x07, 0x3b, 0x6b,
  0x08, 0x3c, 0x6b, 0x07, 0x3b, 0x6a, 0x07, 0x3b, 0x6a, 0x07, 0x3c, 0x6b,
  0x08, 0x3b, 0x6a, 0x07, 0x3a, 0x68, 0x06, 0x3b, 0x6a, 0x07, 0x3b, 0x6a,
  0x08, 0x3b, 0x69, 0x07, 0x38, 0x65, 0x07, 0x35, 0x5d, 0x07, 0x35, 0x5e,
  0x07, 0x34, 0x5d, 0x06, 0x34, 0x5b, 0x07, 0x34, 0x5b, 0x07, 0x34, 0x5b,
  0x07, 0x35, 0x5d, 0x06, 0x33, 0x5b, 0x06, 0x33, 0x5c, 0x06, 0x34, 0x5d,
  0x07, 0x35, 0x5e, 0x07, 0x37, 0x61, 0x07, 0x37, 0x60, 0x07, 0x36, 0x5f,
  0x07, 0x34, 0x5b, 0x07, 0x36, 0x5e, 0x08, 0x37, 0x60, 0x08, 0x39, 0x64,
  0x08, 0x3a, 0x65, 0x07, 0x39, 0x65, 0x08, 0x39, 0x65, 0x07, 0x3a, 0x66,
  0x09, 0x3d, 0x6b, 0x09, 0x3b, 0x67, 0x07, 0x35, 0x5e, 0x07, 0x34, 0x5c,
  0x07, 0x34, 0x5b, 0x07, 0x34, 0x5b, 0x08, 0x37, 0x5e, 0x08, 0x38, 0x61,
  0x08, 0x3a, 0x64, 0x08, 0x3b, 0x67, 0x09, 0x3c, 0x68, 0x09, 0x3d, 0x6a,
  0x09, 0x3e, 0x6b, 0x09, 0x3f, 0x6e, 0x08, 0x3c, 0x6a, 0x07, 0x3c, 0x6a,
  0x08, 0x3d, 0x6b, 0x09, 0x3e, 0x6d, 0x09, 0x3d, 0x6b, 0x09, 0x3c, 0x6a,
  0x09, 0x3e, 0x6c, 0x08, 0x3a, 0x67, 0x08, 0x3b, 0x69, 0x08, 0x3b, 0x68,
  0x08, 0x39, 0x64, 0x0a, 0x3d, 0x69, 0x0b, 0x40, 0x6d, 0x0a, 0x3f, 0x6c,
  0x0a, 0x3f, 0x6d, 0x09, 0x3c, 0x68, 0x08, 0x39, 0x64, 0x08, 0x3a, 0x66,
  0x07, 0x39, 0x64, 0x07, 0x38, 0x64, 0x07, 0x39, 0x65, 0x07, 0x37, 0x61,
  0x07, 0x37, 0x62, 0x07, 0x36, 0x5f, 0x07, 0x36, 0x60, 0x06, 0x35, 0x5e,
  0x06, 0x32, 0x5b, 0x06, 0x34, 0x5d, 0x07, 0x38, 0x64, 0x07, 0x38, 0x63,
  0x07, 0x37, 0x62, 0x07, 0x37, 0x61, 0x07, 0x36, 0x60, 0x07, 0x34, 0x5d,
  0x08, 0x35, 0x5e, 0x08, 0x37, 0x5f, 0x08, 0x37, 0x5f, 0x07, 0x35, 0x5d,
  0x08, 0x37, 0x5e, 0x07, 0x34, 0x5b, 0x07, 0x33, 0x5a, 0x07, 0x33, 0x5a,
  0x06, 0x30, 0x57, 0x07, 0x31, 0x57, 0x07, 0x32, 0x58, 0x07, 0x34, 0x5b,
  0x07, 0x34, 0x5d, 0x07, 0x33, 0x5a, 0x07, 0x34, 0x5c, 0x06, 0x32, 0x5a,
  0x05, 0x32, 0x5a, 0x06, 0x33, 0x5a, 0x06, 0x32, 0x58, 0x06, 0x32, 0x59,
  0x06, 0x31, 0x59, 0x06, 0x32, 0x5a, 0x06, 0x31, 0x58, 0x06, 0x31, 0x57,
  0x06, 0x32, 0x58, 0x06, 0x31, 0x58, 0x06, 0x30, 0x55, 0x06, 0x2f, 0x53,
  0x05, 0x2f, 0x55, 0x05, 0x2e, 0x53, 0x06, 0x2f, 0x53, 0x06, 0x30, 0x56,
  0x06, 0x2f, 0x54, 0x06, 0x2e, 0x53, 0x06, 0x31, 0x56, 0x05, 0x2d, 0x50,
  0x05, 0x2d, 0x50, 0x05, 0x2c, 0x4e, 0x04, 0x25, 0x43, 0x03, 0x23, 0x40,
  0x03, 0x25, 0x44, 0x03, 0x23, 0x41, 0x03, 0x24, 0x42, 0x04, 0x26, 0x44,
  0x03, 0x25, 0x43, 0x03, 0x25, 0x43, 0x03, 0x27, 0x47, 0x04, 0x29, 0x4b,
  0x04, 0x29, 0x4a, 0x04, 0x28, 0x48, 0x04, 0x28, 0x49, 0x04, 0x28, 0x48,
  0x04, 0x28, 0x48, 0x05, 0x2a, 0x4d, 0x05, 0x29, 0x4b, 0x04, 0x29, 0x4a,
  0x04, 0x29, 0x4a, 0x04, 0x2a, 0x4d, 0x05, 0x2e, 0x52, 0x04, 0x2a, 0x4d,
  0x04, 0x29, 0x4c, 0x04, 0x29, 0x4a, 0x04, 0x29, 0x4a, 0x03, 0x27, 0x4a,
  0x04, 0x28, 0x49, 0x04, 0x29, 0x4a, 0x04, 0x27, 0x48, 0x03, 0x27, 0x49,
  0x03, 0x27, 0x48, 0x03, 0x27, 0x48, 0x03, 0x27, 0x48, 0x03, 0x29, 0x4c,
  0x03, 0x2a, 0x4d, 0x04, 0x2a, 0x4d, 0x03, 0x28, 0x4b, 0x04, 0x29, 0x4b,
  0x04, 0x2b, 0x4e, 0x04, 0x2a, 0x4e, 0x04, 0x2b, 0x4f, 0x04, 0x2d, 0x52,
  0x05, 0x2d, 0x52, 0x05, 0x2d, 0x51, 0x05, 0x2d, 0x51, 0x04, 0x2d, 0x52,
  0x05, 0x2e, 0x53, 0x05, 0x30, 0x56, 0x05, 0x2f, 0x55, 0x05, 0x30, 0x57,
  0x05, 0x31, 0x59, 0x05, 0x31, 0x58, 0x05, 0x31, 0x58, 0x05, 0x31, 0x59,
  0x05, 0x33, 0x5c, 0x06, 0x34, 0x5c, 0x05, 0x34, 0x5e, 0x07, 0x38, 0x63,
  0x07, 0x36, 0x60, 0x05, 0x35, 0x60, 0x05, 0x33, 0x5c, 0x06, 0x35, 0x5f,
  0x05, 0x34, 0x5e, 0x05, 0x34, 0x5f, 0x05, 0x34, 0x5f, 0x05, 0x32, 0x5c,
  0x05, 0x33, 0x5e, 0x05, 0x33, 0x5d, 0x05, 0x34, 0x5e, 0x05, 0x32, 0x5b,
  0x05, 0x33, 0x5c, 0x05, 0x34, 0x5e, 0x05, 0x33, 0x5d, 0x05, 0x34, 0x5e,
  0x06, 0x33, 0x5c, 0x06, 0x33, 0x5c, 0x05, 0x33, 0x5c, 0x05, 0x33, 0x5c,
  0x06, 0x33, 0x5d, 0x06, 0x35, 0x61, 0x06, 0x35, 0x5f, 0x05, 0x32, 0x5b,
  0x06, 0x33, 0x5c, 0x07, 0x36, 0x60, 0x07, 0x33, 0x5b, 0x07, 0x33, 0x5b,
  0x06, 0x32, 0x58, 0x06, 0x32, 0x58, 0x07, 0x32, 0x58, 0x07, 0x34, 0x5b,
  0x06, 0x32, 0x58, 0x07, 0x33, 0x5a, 0x06, 0x32, 0x59, 0x06, 0x34, 0x5b,
  0x06, 0x33, 0x5b, 0x06, 0x32, 0x5a, 0x06, 0x33, 0x5a, 0x06, 0x33, 0x5c,
  0x07, 0x35, 0x5e, 0x08, 0x36, 0x5e, 0x08, 0x38, 0x61, 0x08, 0x38, 0x63,
  0x07, 0x38, 0x63, 0x07, 0x38, 0x62, 0x07, 0x39, 0x64, 0x07, 0x38, 0x63,
  0x06, 0x33, 0x5b, 0x07, 0x38, 0x62, 0x07, 0x34, 0x5c, 0x06, 0x30, 0x56,
  0x06, 0x30, 0x56, 0x07, 0x31, 0x57, 0x07, 0x34, 0x5a, 0x07, 0x34, 0x5b,
  0x07, 0x34, 0x5b, 0x06, 0x35, 0x5e, 0x06, 0x35, 0x5e, 0x07, 0x37, 0x61,
  0x07, 0x35, 0x5e, 0x06, 0x33, 0x5b, 0x07, 0x35, 0x5d, 0x07, 0x35, 0x5d,
  0x06, 0x33, 0x5b, 0x07, 0x34, 0x5d, 0x07, 0x34, 0x5d, 0x07, 0x36, 0x5e,
  0x08, 0x36, 0x5f, 0x06, 0x35, 0x5e, 0x06, 0x34, 0x5d, 0x08, 0x37, 0x61,
  0x07, 0x37, 0x60, 0x07, 0x36, 0x5e, 0x08, 0x37, 0x5f, 0x07, 0x37, 0x61,
  0x08, 0x37, 0x60, 0x07, 0x36, 0x5e, 0x07, 0x37, 0x61, 0x07, 0x36, 0x5f,
  0x06, 0x32, 0x5a, 0x05, 0x32, 0x5a, 0x05, 0x31, 0x58, 0x05, 0x31, 0x59,
  0x05, 0x31, 0x59, 0x06, 0x32, 0x5a, 0x05, 0x30, 0x57, 0x05, 0x30, 0x57,
  0x05, 0x31, 0x58, 0x06, 0x32, 0x5b, 0x05, 0x30, 0x57, 0x05, 0x2f, 0x55,
  0x05, 0x30, 0x55, 0x05, 0x30, 0x56, 0x06, 0x32, 0x58, 0x07, 0x31, 0x57,
  0x07, 0x32, 0x58, 0x07, 0x32, 0x57, 0x07, 0x34, 0x5c, 0x06, 0x33, 0x5a,
  0x06, 0x32, 0x58, 0x06, 0x31, 0x56, 0x08, 0x33, 0x59, 0x07, 0x32, 0x58,
  0x07, 0x33, 0x5a, 0x06, 0x31, 0x57, 0x06, 0x30, 0x56, 0x06, 0x31, 0x57,
  0x07, 0x32, 0x58, 0x07, 0x33, 0x5b, 0x07, 0x34, 0x5b, 0x07, 0x33, 0x5a,
  0x05, 0x2f, 0x54, 0x05, 0x2f, 0x54, 0x05, 0x2c, 0x52, 0x06, 0x30, 0x55,
  0x06, 0x30, 0x56, 0x06, 0x2f, 0x55, 0x05, 0x2e, 0x53, 0x05, 0x2e, 0x53,
  0x05, 0x2e, 0x53, 0x05, 0x2e, 0x53, 0x05, 0x2e, 0x52, 0x05, 0x2c, 0x50,
  0x05, 0x2d, 0x51, 0x05, 0x2c, 0x50, 0x05, 0x2c, 0x4f, 0x05, 0x2b, 0x4e,
  0x06, 0x2c, 0x4f, 0x05, 0x2b, 0x4e, 0x05, 0x2c, 0x50, 0x04, 0x2b, 0x4e,
  0x05, 0x2a, 0x4b, 0x05, 0x2b, 0x4d
};

#endif // NAMEBREAK_GUI_WIN32_RESOURCES_LOGO_BMP_H
